Copyright 1986-2018 Xilinx, Inc. All Rights Reserved.
--------------------------------------------------------------------------------------------------------------------------------------------------------------------------------------------------------------------------------
| Tool Version : Vivado v.2018.3 (win64) Build 2405991 Thu Dec  6 23:38:27 MST 2018
| Date         : Sun May 25 04:18:48 2025
| Host         : ukp66482 running 64-bit major release  (build 9200)
| Command      : report_timing_summary -max_paths 10 -file conv_design_wrapper_timing_summary_routed.rpt -pb conv_design_wrapper_timing_summary_routed.pb -rpx conv_design_wrapper_timing_summary_routed.rpx -warn_on_violation
| Design       : conv_design_wrapper
| Device       : 7z020-clg400
| Speed File   : -1  PRODUCTION 1.11 2014-09-11
--------------------------------------------------------------------------------------------------------------------------------------------------------------------------------------------------------------------------------

Timing Summary Report

------------------------------------------------------------------------------------------------
| Timer Settings
| --------------
------------------------------------------------------------------------------------------------

  Enable Multi Corner Analysis               :  Yes
  Enable Pessimism Removal                   :  Yes
  Pessimism Removal Resolution               :  Nearest Common Node
  Enable Input Delay Default Clock           :  No
  Enable Preset / Clear Arcs                 :  No
  Disable Flight Delays                      :  No
  Ignore I/O Paths                           :  No
  Timing Early Launch at Borrowing Latches   :  false

  Corner  Analyze    Analyze    
  Name    Max Paths  Min Paths  
  ------  ---------  ---------  
  Slow    Yes        Yes        
  Fast    Yes        Yes        



check_timing report

Table of Contents
-----------------
1. checking no_clock
2. checking constant_clock
3. checking pulse_width_clock
4. checking unconstrained_internal_endpoints
5. checking no_input_delay
6. checking no_output_delay
7. checking multiple_clock
8. checking generated_clocks
9. checking loops
10. checking partial_input_delay
11. checking partial_output_delay
12. checking latch_loops

1. checking no_clock
--------------------
 There are 0 register/latch pins with no clock.


2. checking constant_clock
--------------------------
 There are 0 register/latch pins with constant_clock.


3. checking pulse_width_clock
-----------------------------
 There are 0 register/latch pins which need pulse_width check


4. checking unconstrained_internal_endpoints
--------------------------------------------
 There are 0 pins that are not constrained for maximum delay.

 There are 0 pins that are not constrained for maximum delay due to constant clock.


5. checking no_input_delay
--------------------------
 There are 0 input ports with no input delay specified.

 There are 0 input ports with no input delay but user has a false path constraint.


6. checking no_output_delay
---------------------------
 There are 0 ports with no output delay specified.

 There are 0 ports with no output delay but user has a false path constraint

 There are 0 ports with no output delay but with a timing clock defined on it or propagating through it


7. checking multiple_clock
--------------------------
 There are 0 register/latch pins with multiple clocks.


8. checking generated_clocks
----------------------------
 There are 0 generated clocks that are not connected to a clock source.


9. checking loops
-----------------
 There are 0 combinational loops in the design.


10. checking partial_input_delay
--------------------------------
 There are 0 input ports with partial input delay specified.


11. checking partial_output_delay
---------------------------------
 There are 0 ports with partial output delay specified.


12. checking latch_loops
------------------------
 There are 0 combinational latch loops in the design through latch input



------------------------------------------------------------------------------------------------
| Design Timing Summary
| ---------------------
------------------------------------------------------------------------------------------------

    WNS(ns)      TNS(ns)  TNS Failing Endpoints  TNS Total Endpoints      WHS(ns)      THS(ns)  THS Failing Endpoints  THS Total Endpoints     WPWS(ns)     TPWS(ns)  TPWS Failing Endpoints  TPWS Total Endpoints  
    -------      -------  ---------------------  -------------------      -------      -------  ---------------------  -------------------     --------     --------  ----------------------  --------------------  
     -3.480      -94.332                     32                27714        0.023        0.000                      0                27714        3.750        0.000                       0                  9030  


Timing constraints are not met.


------------------------------------------------------------------------------------------------
| Clock Summary
| -------------
------------------------------------------------------------------------------------------------

Clock       Waveform(ns)       Period(ns)      Frequency(MHz)
-----       ------------       ----------      --------------
clk_fpga_0  {0.000 5.000}      10.000          100.000         


------------------------------------------------------------------------------------------------
| Intra Clock Table
| -----------------
------------------------------------------------------------------------------------------------

Clock             WNS(ns)      TNS(ns)  TNS Failing Endpoints  TNS Total Endpoints      WHS(ns)      THS(ns)  THS Failing Endpoints  THS Total Endpoints     WPWS(ns)     TPWS(ns)  TPWS Failing Endpoints  TPWS Total Endpoints  
-----             -------      -------  ---------------------  -------------------      -------      -------  ---------------------  -------------------     --------     --------  ----------------------  --------------------  
clk_fpga_0         -3.480      -94.332                     32                27710        0.023        0.000                      0                27710        3.750        0.000                       0                  9030  


------------------------------------------------------------------------------------------------
| Inter Clock Table
| -----------------
------------------------------------------------------------------------------------------------

From Clock    To Clock          WNS(ns)      TNS(ns)  TNS Failing Endpoints  TNS Total Endpoints      WHS(ns)      THS(ns)  THS Failing Endpoints  THS Total Endpoints  
----------    --------          -------      -------  ---------------------  -------------------      -------      -------  ---------------------  -------------------  


------------------------------------------------------------------------------------------------
| Other Path Groups Table
| -----------------------
------------------------------------------------------------------------------------------------

Path Group         From Clock         To Clock               WNS(ns)      TNS(ns)  TNS Failing Endpoints  TNS Total Endpoints      WHS(ns)      THS(ns)  THS Failing Endpoints  THS Total Endpoints  
----------         ----------         --------               -------      -------  ---------------------  -------------------      -------      -------  ---------------------  -------------------  
**async_default**  clk_fpga_0         clk_fpga_0               6.450        0.000                      0                    4        0.421        0.000                      0                    4  


------------------------------------------------------------------------------------------------
| Timing Details
| --------------
------------------------------------------------------------------------------------------------


---------------------------------------------------------------------------------------------------
From Clock:  clk_fpga_0
  To Clock:  clk_fpga_0

Setup :           32  Failing Endpoints,  Worst Slack       -3.480ns,  Total Violation      -94.332ns
Hold  :            0  Failing Endpoints,  Worst Slack        0.023ns,  Total Violation        0.000ns
PW    :            0  Failing Endpoints,  Worst Slack        3.750ns,  Total Violation        0.000ns
---------------------------------------------------------------------------------------------------


Max Delay Paths
--------------------------------------------------------------------------------------
Slack (VIOLATED) :        -3.480ns  (required time - arrival time)
  Source:                 conv_design_i/axi_bram_ctrl_0_bram/U0/inst_blk_mem_gen/gnbram.gnative_mem_map_bmg.native_mem_map_blk_mem_gen/valid.cstr/ramloop[0].ram.r/prim_noinit.ram/DEVICE_7SERIES.WITH_BMM_INFO.TRUE_DP.SIMPLE_PRIM36.TDP_SP36_NO_ECC_ATTR.ram/CLKBWRCLK
                            (rising edge-triggered cell RAMB36E1 clocked by clk_fpga_0  {rise@0.000ns fall@5.000ns period=10.000ns})
  Destination:            conv_design_i/CONV_0/inst/mul_result_reg[46]/D
                            (rising edge-triggered cell FDRE clocked by clk_fpga_0  {rise@0.000ns fall@5.000ns period=10.000ns})
  Path Group:             clk_fpga_0
  Path Type:              Setup (Max at Slow Process Corner)
  Requirement:            10.000ns  (clk_fpga_0 rise@10.000ns - clk_fpga_0 rise@0.000ns)
  Data Path Delay:        13.181ns  (logic 7.211ns (54.709%)  route 5.970ns (45.291%))
  Logic Levels:           19  (CARRY4=12 LUT1=1 LUT3=2 LUT4=2 LUT5=1 LUT6=1)
  Clock Path Skew:        -0.177ns (DCD - SCD + CPR)
    Destination Clock Delay (DCD):    2.668ns = ( 12.668 - 10.000 ) 
    Source Clock Delay      (SCD):    3.075ns
    Clock Pessimism Removal (CPR):    0.230ns
  Clock Uncertainty:      0.154ns  ((TSJ^2 + TIJ^2)^1/2 + DJ) / 2 + PE
    Total System Jitter     (TSJ):    0.071ns
    Total Input Jitter      (TIJ):    0.300ns
    Discrete Jitter          (DJ):    0.000ns
    Phase Error              (PE):    0.000ns

    Location             Delay type                Incr(ns)  Path(ns)    Netlist Resource(s)
  -------------------------------------------------------------------    -------------------
                         (clock clk_fpga_0 rise edge)
                                                      0.000     0.000 r  
    PS7_X0Y0             PS7                          0.000     0.000 r  conv_design_i/processing_system7_0/inst/PS7_i/FCLKCLK[0]
                         net (fo=1, routed)           1.193     1.193    conv_design_i/processing_system7_0/inst/FCLK_CLK_unbuffered[0]
    BUFGCTRL_X0Y16       BUFG (Prop_bufg_I_O)         0.101     1.294 r  conv_design_i/processing_system7_0/inst/buffer_fclk_clk_0.FCLK_CLK_0_BUFG/O
                         net (fo=9031, routed)        1.781     3.075    conv_design_i/axi_bram_ctrl_0_bram/U0/inst_blk_mem_gen/gnbram.gnative_mem_map_bmg.native_mem_map_blk_mem_gen/valid.cstr/ramloop[0].ram.r/prim_noinit.ram/clka
    RAMB36_X1Y4          RAMB36E1                                     r  conv_design_i/axi_bram_ctrl_0_bram/U0/inst_blk_mem_gen/gnbram.gnative_mem_map_bmg.native_mem_map_blk_mem_gen/valid.cstr/ramloop[0].ram.r/prim_noinit.ram/DEVICE_7SERIES.WITH_BMM_INFO.TRUE_DP.SIMPLE_PRIM36.TDP_SP36_NO_ECC_ATTR.ram/CLKBWRCLK
  -------------------------------------------------------------------    -------------------
    RAMB36_X1Y4          RAMB36E1 (Prop_ramb36e1_CLKBWRCLK_DOBDO[1])
                                                      2.454     5.529 f  conv_design_i/axi_bram_ctrl_0_bram/U0/inst_blk_mem_gen/gnbram.gnative_mem_map_bmg.native_mem_map_blk_mem_gen/valid.cstr/ramloop[0].ram.r/prim_noinit.ram/DEVICE_7SERIES.WITH_BMM_INFO.TRUE_DP.SIMPLE_PRIM36.TDP_SP36_NO_ECC_ATTR.ram/DOBDO[1]
                         net (fo=108, routed)         1.469     6.999    conv_design_i/CONV_0/data_r[1]
    SLICE_X32Y14         LUT1 (Prop_lut1_I0_O)        0.124     7.123 r  conv_design_i/CONV_0/mul_result[19]_i_243/O
                         net (fo=1, routed)           0.000     7.123    conv_design_i/CONV_0/mul_result[19]_i_243_n_0
    SLICE_X32Y14         CARRY4 (Prop_carry4_S[1]_CO[3])
                                                      0.533     7.656 r  conv_design_i/CONV_0/mul_result_reg[19]_i_172/CO[3]
                         net (fo=1, routed)           0.000     7.656    conv_design_i/CONV_0/mul_result_reg[19]_i_172_n_0
    SLICE_X32Y15         CARRY4 (Prop_carry4_CI_CO[3])
                                                      0.117     7.773 r  conv_design_i/CONV_0/mul_result_reg[19]_i_244/CO[3]
                         net (fo=1, routed)           0.000     7.773    conv_design_i/CONV_0/mul_result_reg[19]_i_244_n_0
    SLICE_X32Y16         CARRY4 (Prop_carry4_CI_CO[3])
                                                      0.117     7.890 r  conv_design_i/CONV_0/mul_result_reg[19]_i_190/CO[3]
                         net (fo=1, routed)           0.000     7.890    conv_design_i/CONV_0/mul_result_reg[19]_i_190_n_0
    SLICE_X32Y17         CARRY4 (Prop_carry4_CI_CO[3])
                                                      0.117     8.007 r  conv_design_i/CONV_0/mul_result_reg[23]_i_99/CO[3]
                         net (fo=1, routed)           0.000     8.007    conv_design_i/CONV_0/mul_result_reg[23]_i_99_n_0
    SLICE_X32Y18         CARRY4 (Prop_carry4_CI_CO[3])
                                                      0.117     8.124 r  conv_design_i/CONV_0/mul_result_reg[27]_i_100/CO[3]
                         net (fo=1, routed)           0.000     8.124    conv_design_i/CONV_0/mul_result_reg[27]_i_100_n_0
    SLICE_X32Y19         CARRY4 (Prop_carry4_CI_CO[3])
                                                      0.117     8.241 r  conv_design_i/CONV_0/mul_result_reg[31]_i_100/CO[3]
                         net (fo=1, routed)           0.000     8.241    conv_design_i/CONV_0/mul_result_reg[31]_i_100_n_0
    SLICE_X32Y20         CARRY4 (Prop_carry4_CI_O[3])
                                                      0.315     8.556 r  conv_design_i/CONV_0/mul_result_reg[35]_i_102/O[3]
                         net (fo=2, routed)           0.828     9.384    conv_design_i/CONV_0/mul_result_reg[35]_i_102_n_4
    SLICE_X33Y21         LUT3 (Prop_lut3_I1_O)        0.336     9.720 r  conv_design_i/CONV_0/mul_result[35]_i_68/O
                         net (fo=2, routed)           0.690    10.410    conv_design_i/CONV_0/mul_result[35]_i_68_n_0
    SLICE_X33Y21         LUT4 (Prop_lut4_I3_O)        0.327    10.737 r  conv_design_i/CONV_0/mul_result[35]_i_72/O
                         net (fo=1, routed)           0.000    10.737    conv_design_i/CONV_0/mul_result[35]_i_72_n_0
    SLICE_X33Y21         CARRY4 (Prop_carry4_S[3]_CO[3])
                                                      0.401    11.138 r  conv_design_i/CONV_0/mul_result_reg[35]_i_44/CO[3]
                         net (fo=1, routed)           0.000    11.138    conv_design_i/CONV_0/mul_result_reg[35]_i_44_n_0
    SLICE_X33Y22         CARRY4 (Prop_carry4_CI_O[3])
                                                      0.313    11.451 r  conv_design_i/CONV_0/mul_result_reg[39]_i_44/O[3]
                         net (fo=2, routed)           1.132    12.583    conv_design_i/CONV_0/mul_result_reg[39]_i_44_n_4
    SLICE_X38Y26         LUT3 (Prop_lut3_I0_O)        0.335    12.918 r  conv_design_i/CONV_0/mul_result[39]_i_17/O
                         net (fo=2, routed)           0.674    13.592    conv_design_i/CONV_0/mul_result[39]_i_17_n_0
    SLICE_X38Y26         LUT4 (Prop_lut4_I3_O)        0.331    13.923 r  conv_design_i/CONV_0/mul_result[39]_i_21/O
                         net (fo=1, routed)           0.000    13.923    conv_design_i/CONV_0/mul_result[39]_i_21_n_0
    SLICE_X38Y26         CARRY4 (Prop_carry4_S[3]_CO[3])
                                                      0.376    14.299 r  conv_design_i/CONV_0/mul_result_reg[39]_i_5/CO[3]
                         net (fo=1, routed)           0.000    14.299    conv_design_i/CONV_0/mul_result_reg[39]_i_5_n_0
    SLICE_X38Y27         CARRY4 (Prop_carry4_CI_CO[3])
                                                      0.117    14.416 r  conv_design_i/CONV_0/mul_result_reg[43]_i_5/CO[3]
                         net (fo=1, routed)           0.000    14.416    conv_design_i/CONV_0/mul_result_reg[43]_i_5_n_0
    SLICE_X38Y28         CARRY4 (Prop_carry4_CI_O[2])
                                                      0.239    14.655 r  conv_design_i/CONV_0/mul_result_reg[47]_i_8/O[2]
                         net (fo=1, routed)           0.765    15.420    conv_design_i/CONV_0/inst/mul_result_reg[47]_1[2]
    SLICE_X35Y35         LUT6 (Prop_lut6_I1_O)        0.301    15.721 r  conv_design_i/CONV_0/inst/mul_result[46]_i_3/O
                         net (fo=1, routed)           0.411    16.132    conv_design_i/CONV_0/inst/mul_result[46]_i_3_n_0
    SLICE_X33Y34         LUT5 (Prop_lut5_I2_O)        0.124    16.256 r  conv_design_i/CONV_0/inst/mul_result[46]_i_1/O
                         net (fo=1, routed)           0.000    16.256    conv_design_i/CONV_0/inst/mul_result[46]
    SLICE_X33Y34         FDRE                                         r  conv_design_i/CONV_0/inst/mul_result_reg[46]/D
  -------------------------------------------------------------------    -------------------

                         (clock clk_fpga_0 rise edge)
                                                     10.000    10.000 r  
    PS7_X0Y0             PS7                          0.000    10.000 r  conv_design_i/processing_system7_0/inst/PS7_i/FCLKCLK[0]
                         net (fo=1, routed)           1.088    11.088    conv_design_i/processing_system7_0/inst/FCLK_CLK_unbuffered[0]
    BUFGCTRL_X0Y16       BUFG (Prop_bufg_I_O)         0.091    11.179 r  conv_design_i/processing_system7_0/inst/buffer_fclk_clk_0.FCLK_CLK_0_BUFG/O
                         net (fo=9031, routed)        1.489    12.668    conv_design_i/CONV_0/inst/clk
    SLICE_X33Y34         FDRE                                         r  conv_design_i/CONV_0/inst/mul_result_reg[46]/C
                         clock pessimism              0.230    12.898    
                         clock uncertainty           -0.154    12.744    
    SLICE_X33Y34         FDRE (Setup_fdre_C_D)        0.032    12.776    conv_design_i/CONV_0/inst/mul_result_reg[46]
  -------------------------------------------------------------------
                         required time                         12.776    
                         arrival time                         -16.256    
  -------------------------------------------------------------------
                         slack                                 -3.480    

Slack (VIOLATED) :        -3.433ns  (required time - arrival time)
  Source:                 conv_design_i/axi_bram_ctrl_0_bram/U0/inst_blk_mem_gen/gnbram.gnative_mem_map_bmg.native_mem_map_blk_mem_gen/valid.cstr/ramloop[0].ram.r/prim_noinit.ram/DEVICE_7SERIES.WITH_BMM_INFO.TRUE_DP.SIMPLE_PRIM36.TDP_SP36_NO_ECC_ATTR.ram/CLKBWRCLK
                            (rising edge-triggered cell RAMB36E1 clocked by clk_fpga_0  {rise@0.000ns fall@5.000ns period=10.000ns})
  Destination:            conv_design_i/CONV_0/inst/mul_result_reg[45]/D
                            (rising edge-triggered cell FDRE clocked by clk_fpga_0  {rise@0.000ns fall@5.000ns period=10.000ns})
  Path Group:             clk_fpga_0
  Path Type:              Setup (Max at Slow Process Corner)
  Requirement:            10.000ns  (clk_fpga_0 rise@10.000ns - clk_fpga_0 rise@0.000ns)
  Data Path Delay:        13.182ns  (logic 7.300ns (55.379%)  route 5.882ns (44.621%))
  Logic Levels:           19  (CARRY4=12 LUT1=1 LUT3=2 LUT4=2 LUT5=1 LUT6=1)
  Clock Path Skew:        -0.178ns (DCD - SCD + CPR)
    Destination Clock Delay (DCD):    2.667ns = ( 12.667 - 10.000 ) 
    Source Clock Delay      (SCD):    3.075ns
    Clock Pessimism Removal (CPR):    0.230ns
  Clock Uncertainty:      0.154ns  ((TSJ^2 + TIJ^2)^1/2 + DJ) / 2 + PE
    Total System Jitter     (TSJ):    0.071ns
    Total Input Jitter      (TIJ):    0.300ns
    Discrete Jitter          (DJ):    0.000ns
    Phase Error              (PE):    0.000ns

    Location             Delay type                Incr(ns)  Path(ns)    Netlist Resource(s)
  -------------------------------------------------------------------    -------------------
                         (clock clk_fpga_0 rise edge)
                                                      0.000     0.000 r  
    PS7_X0Y0             PS7                          0.000     0.000 r  conv_design_i/processing_system7_0/inst/PS7_i/FCLKCLK[0]
                         net (fo=1, routed)           1.193     1.193    conv_design_i/processing_system7_0/inst/FCLK_CLK_unbuffered[0]
    BUFGCTRL_X0Y16       BUFG (Prop_bufg_I_O)         0.101     1.294 r  conv_design_i/processing_system7_0/inst/buffer_fclk_clk_0.FCLK_CLK_0_BUFG/O
                         net (fo=9031, routed)        1.781     3.075    conv_design_i/axi_bram_ctrl_0_bram/U0/inst_blk_mem_gen/gnbram.gnative_mem_map_bmg.native_mem_map_blk_mem_gen/valid.cstr/ramloop[0].ram.r/prim_noinit.ram/clka
    RAMB36_X1Y4          RAMB36E1                                     r  conv_design_i/axi_bram_ctrl_0_bram/U0/inst_blk_mem_gen/gnbram.gnative_mem_map_bmg.native_mem_map_blk_mem_gen/valid.cstr/ramloop[0].ram.r/prim_noinit.ram/DEVICE_7SERIES.WITH_BMM_INFO.TRUE_DP.SIMPLE_PRIM36.TDP_SP36_NO_ECC_ATTR.ram/CLKBWRCLK
  -------------------------------------------------------------------    -------------------
    RAMB36_X1Y4          RAMB36E1 (Prop_ramb36e1_CLKBWRCLK_DOBDO[1])
                                                      2.454     5.529 f  conv_design_i/axi_bram_ctrl_0_bram/U0/inst_blk_mem_gen/gnbram.gnative_mem_map_bmg.native_mem_map_blk_mem_gen/valid.cstr/ramloop[0].ram.r/prim_noinit.ram/DEVICE_7SERIES.WITH_BMM_INFO.TRUE_DP.SIMPLE_PRIM36.TDP_SP36_NO_ECC_ATTR.ram/DOBDO[1]
                         net (fo=108, routed)         1.469     6.999    conv_design_i/CONV_0/data_r[1]
    SLICE_X32Y14         LUT1 (Prop_lut1_I0_O)        0.124     7.123 r  conv_design_i/CONV_0/mul_result[19]_i_243/O
                         net (fo=1, routed)           0.000     7.123    conv_design_i/CONV_0/mul_result[19]_i_243_n_0
    SLICE_X32Y14         CARRY4 (Prop_carry4_S[1]_CO[3])
                                                      0.533     7.656 r  conv_design_i/CONV_0/mul_result_reg[19]_i_172/CO[3]
                         net (fo=1, routed)           0.000     7.656    conv_design_i/CONV_0/mul_result_reg[19]_i_172_n_0
    SLICE_X32Y15         CARRY4 (Prop_carry4_CI_CO[3])
                                                      0.117     7.773 r  conv_design_i/CONV_0/mul_result_reg[19]_i_244/CO[3]
                         net (fo=1, routed)           0.000     7.773    conv_design_i/CONV_0/mul_result_reg[19]_i_244_n_0
    SLICE_X32Y16         CARRY4 (Prop_carry4_CI_CO[3])
                                                      0.117     7.890 r  conv_design_i/CONV_0/mul_result_reg[19]_i_190/CO[3]
                         net (fo=1, routed)           0.000     7.890    conv_design_i/CONV_0/mul_result_reg[19]_i_190_n_0
    SLICE_X32Y17         CARRY4 (Prop_carry4_CI_CO[3])
                                                      0.117     8.007 r  conv_design_i/CONV_0/mul_result_reg[23]_i_99/CO[3]
                         net (fo=1, routed)           0.000     8.007    conv_design_i/CONV_0/mul_result_reg[23]_i_99_n_0
    SLICE_X32Y18         CARRY4 (Prop_carry4_CI_CO[3])
                                                      0.117     8.124 r  conv_design_i/CONV_0/mul_result_reg[27]_i_100/CO[3]
                         net (fo=1, routed)           0.000     8.124    conv_design_i/CONV_0/mul_result_reg[27]_i_100_n_0
    SLICE_X32Y19         CARRY4 (Prop_carry4_CI_CO[3])
                                                      0.117     8.241 r  conv_design_i/CONV_0/mul_result_reg[31]_i_100/CO[3]
                         net (fo=1, routed)           0.000     8.241    conv_design_i/CONV_0/mul_result_reg[31]_i_100_n_0
    SLICE_X32Y20         CARRY4 (Prop_carry4_CI_O[3])
                                                      0.315     8.556 r  conv_design_i/CONV_0/mul_result_reg[35]_i_102/O[3]
                         net (fo=2, routed)           0.828     9.384    conv_design_i/CONV_0/mul_result_reg[35]_i_102_n_4
    SLICE_X33Y21         LUT3 (Prop_lut3_I1_O)        0.336     9.720 r  conv_design_i/CONV_0/mul_result[35]_i_68/O
                         net (fo=2, routed)           0.690    10.410    conv_design_i/CONV_0/mul_result[35]_i_68_n_0
    SLICE_X33Y21         LUT4 (Prop_lut4_I3_O)        0.327    10.737 r  conv_design_i/CONV_0/mul_result[35]_i_72/O
                         net (fo=1, routed)           0.000    10.737    conv_design_i/CONV_0/mul_result[35]_i_72_n_0
    SLICE_X33Y21         CARRY4 (Prop_carry4_S[3]_CO[3])
                                                      0.401    11.138 r  conv_design_i/CONV_0/mul_result_reg[35]_i_44/CO[3]
                         net (fo=1, routed)           0.000    11.138    conv_design_i/CONV_0/mul_result_reg[35]_i_44_n_0
    SLICE_X33Y22         CARRY4 (Prop_carry4_CI_O[3])
                                                      0.313    11.451 r  conv_design_i/CONV_0/mul_result_reg[39]_i_44/O[3]
                         net (fo=2, routed)           1.132    12.583    conv_design_i/CONV_0/mul_result_reg[39]_i_44_n_4
    SLICE_X38Y26         LUT3 (Prop_lut3_I0_O)        0.335    12.918 r  conv_design_i/CONV_0/mul_result[39]_i_17/O
                         net (fo=2, routed)           0.674    13.592    conv_design_i/CONV_0/mul_result[39]_i_17_n_0
    SLICE_X38Y26         LUT4 (Prop_lut4_I3_O)        0.331    13.923 r  conv_design_i/CONV_0/mul_result[39]_i_21/O
                         net (fo=1, routed)           0.000    13.923    conv_design_i/CONV_0/mul_result[39]_i_21_n_0
    SLICE_X38Y26         CARRY4 (Prop_carry4_S[3]_CO[3])
                                                      0.376    14.299 r  conv_design_i/CONV_0/mul_result_reg[39]_i_5/CO[3]
                         net (fo=1, routed)           0.000    14.299    conv_design_i/CONV_0/mul_result_reg[39]_i_5_n_0
    SLICE_X38Y27         CARRY4 (Prop_carry4_CI_CO[3])
                                                      0.117    14.416 r  conv_design_i/CONV_0/mul_result_reg[43]_i_5/CO[3]
                         net (fo=1, routed)           0.000    14.416    conv_design_i/CONV_0/mul_result_reg[43]_i_5_n_0
    SLICE_X38Y28         CARRY4 (Prop_carry4_CI_O[1])
                                                      0.323    14.739 r  conv_design_i/CONV_0/mul_result_reg[47]_i_8/O[1]
                         net (fo=1, routed)           0.652    15.391    conv_design_i/CONV_0/inst/mul_result_reg[47]_1[1]
    SLICE_X33Y33         LUT6 (Prop_lut6_I1_O)        0.306    15.697 r  conv_design_i/CONV_0/inst/mul_result[45]_i_2/O
                         net (fo=1, routed)           0.436    16.133    conv_design_i/CONV_0/inst/mul_result[45]_i_2_n_0
    SLICE_X32Y33         LUT5 (Prop_lut5_I2_O)        0.124    16.257 r  conv_design_i/CONV_0/inst/mul_result[45]_i_1/O
                         net (fo=1, routed)           0.000    16.257    conv_design_i/CONV_0/inst/mul_result[45]
    SLICE_X32Y33         FDRE                                         r  conv_design_i/CONV_0/inst/mul_result_reg[45]/D
  -------------------------------------------------------------------    -------------------

                         (clock clk_fpga_0 rise edge)
                                                     10.000    10.000 r  
    PS7_X0Y0             PS7                          0.000    10.000 r  conv_design_i/processing_system7_0/inst/PS7_i/FCLKCLK[0]
                         net (fo=1, routed)           1.088    11.088    conv_design_i/processing_system7_0/inst/FCLK_CLK_unbuffered[0]
    BUFGCTRL_X0Y16       BUFG (Prop_bufg_I_O)         0.091    11.179 r  conv_design_i/processing_system7_0/inst/buffer_fclk_clk_0.FCLK_CLK_0_BUFG/O
                         net (fo=9031, routed)        1.488    12.667    conv_design_i/CONV_0/inst/clk
    SLICE_X32Y33         FDRE                                         r  conv_design_i/CONV_0/inst/mul_result_reg[45]/C
                         clock pessimism              0.230    12.897    
                         clock uncertainty           -0.154    12.743    
    SLICE_X32Y33         FDRE (Setup_fdre_C_D)        0.081    12.824    conv_design_i/CONV_0/inst/mul_result_reg[45]
  -------------------------------------------------------------------
                         required time                         12.824    
                         arrival time                         -16.257    
  -------------------------------------------------------------------
                         slack                                 -3.433    

Slack (VIOLATED) :        -3.335ns  (required time - arrival time)
  Source:                 conv_design_i/axi_bram_ctrl_0_bram/U0/inst_blk_mem_gen/gnbram.gnative_mem_map_bmg.native_mem_map_blk_mem_gen/valid.cstr/ramloop[0].ram.r/prim_noinit.ram/DEVICE_7SERIES.WITH_BMM_INFO.TRUE_DP.SIMPLE_PRIM36.TDP_SP36_NO_ECC_ATTR.ram/CLKBWRCLK
                            (rising edge-triggered cell RAMB36E1 clocked by clk_fpga_0  {rise@0.000ns fall@5.000ns period=10.000ns})
  Destination:            conv_design_i/CONV_0/inst/mul_result_reg[41]/D
                            (rising edge-triggered cell FDRE clocked by clk_fpga_0  {rise@0.000ns fall@5.000ns period=10.000ns})
  Path Group:             clk_fpga_0
  Path Type:              Setup (Max at Slow Process Corner)
  Requirement:            10.000ns  (clk_fpga_0 rise@10.000ns - clk_fpga_0 rise@0.000ns)
  Data Path Delay:        13.036ns  (logic 7.183ns (55.101%)  route 5.853ns (44.899%))
  Logic Levels:           18  (CARRY4=11 LUT1=1 LUT3=2 LUT4=2 LUT5=1 LUT6=1)
  Clock Path Skew:        -0.176ns (DCD - SCD + CPR)
    Destination Clock Delay (DCD):    2.669ns = ( 12.670 - 10.000 ) 
    Source Clock Delay      (SCD):    3.075ns
    Clock Pessimism Removal (CPR):    0.230ns
  Clock Uncertainty:      0.154ns  ((TSJ^2 + TIJ^2)^1/2 + DJ) / 2 + PE
    Total System Jitter     (TSJ):    0.071ns
    Total Input Jitter      (TIJ):    0.300ns
    Discrete Jitter          (DJ):    0.000ns
    Phase Error              (PE):    0.000ns

    Location             Delay type                Incr(ns)  Path(ns)    Netlist Resource(s)
  -------------------------------------------------------------------    -------------------
                         (clock clk_fpga_0 rise edge)
                                                      0.000     0.000 r  
    PS7_X0Y0             PS7                          0.000     0.000 r  conv_design_i/processing_system7_0/inst/PS7_i/FCLKCLK[0]
                         net (fo=1, routed)           1.193     1.193    conv_design_i/processing_system7_0/inst/FCLK_CLK_unbuffered[0]
    BUFGCTRL_X0Y16       BUFG (Prop_bufg_I_O)         0.101     1.294 r  conv_design_i/processing_system7_0/inst/buffer_fclk_clk_0.FCLK_CLK_0_BUFG/O
                         net (fo=9031, routed)        1.781     3.075    conv_design_i/axi_bram_ctrl_0_bram/U0/inst_blk_mem_gen/gnbram.gnative_mem_map_bmg.native_mem_map_blk_mem_gen/valid.cstr/ramloop[0].ram.r/prim_noinit.ram/clka
    RAMB36_X1Y4          RAMB36E1                                     r  conv_design_i/axi_bram_ctrl_0_bram/U0/inst_blk_mem_gen/gnbram.gnative_mem_map_bmg.native_mem_map_blk_mem_gen/valid.cstr/ramloop[0].ram.r/prim_noinit.ram/DEVICE_7SERIES.WITH_BMM_INFO.TRUE_DP.SIMPLE_PRIM36.TDP_SP36_NO_ECC_ATTR.ram/CLKBWRCLK
  -------------------------------------------------------------------    -------------------
    RAMB36_X1Y4          RAMB36E1 (Prop_ramb36e1_CLKBWRCLK_DOBDO[1])
                                                      2.454     5.529 f  conv_design_i/axi_bram_ctrl_0_bram/U0/inst_blk_mem_gen/gnbram.gnative_mem_map_bmg.native_mem_map_blk_mem_gen/valid.cstr/ramloop[0].ram.r/prim_noinit.ram/DEVICE_7SERIES.WITH_BMM_INFO.TRUE_DP.SIMPLE_PRIM36.TDP_SP36_NO_ECC_ATTR.ram/DOBDO[1]
                         net (fo=108, routed)         1.469     6.999    conv_design_i/CONV_0/data_r[1]
    SLICE_X32Y14         LUT1 (Prop_lut1_I0_O)        0.124     7.123 r  conv_design_i/CONV_0/mul_result[19]_i_243/O
                         net (fo=1, routed)           0.000     7.123    conv_design_i/CONV_0/mul_result[19]_i_243_n_0
    SLICE_X32Y14         CARRY4 (Prop_carry4_S[1]_CO[3])
                                                      0.533     7.656 r  conv_design_i/CONV_0/mul_result_reg[19]_i_172/CO[3]
                         net (fo=1, routed)           0.000     7.656    conv_design_i/CONV_0/mul_result_reg[19]_i_172_n_0
    SLICE_X32Y15         CARRY4 (Prop_carry4_CI_CO[3])
                                                      0.117     7.773 r  conv_design_i/CONV_0/mul_result_reg[19]_i_244/CO[3]
                         net (fo=1, routed)           0.000     7.773    conv_design_i/CONV_0/mul_result_reg[19]_i_244_n_0
    SLICE_X32Y16         CARRY4 (Prop_carry4_CI_CO[3])
                                                      0.117     7.890 r  conv_design_i/CONV_0/mul_result_reg[19]_i_190/CO[3]
                         net (fo=1, routed)           0.000     7.890    conv_design_i/CONV_0/mul_result_reg[19]_i_190_n_0
    SLICE_X32Y17         CARRY4 (Prop_carry4_CI_CO[3])
                                                      0.117     8.007 r  conv_design_i/CONV_0/mul_result_reg[23]_i_99/CO[3]
                         net (fo=1, routed)           0.000     8.007    conv_design_i/CONV_0/mul_result_reg[23]_i_99_n_0
    SLICE_X32Y18         CARRY4 (Prop_carry4_CI_CO[3])
                                                      0.117     8.124 r  conv_design_i/CONV_0/mul_result_reg[27]_i_100/CO[3]
                         net (fo=1, routed)           0.000     8.124    conv_design_i/CONV_0/mul_result_reg[27]_i_100_n_0
    SLICE_X32Y19         CARRY4 (Prop_carry4_CI_CO[3])
                                                      0.117     8.241 r  conv_design_i/CONV_0/mul_result_reg[31]_i_100/CO[3]
                         net (fo=1, routed)           0.000     8.241    conv_design_i/CONV_0/mul_result_reg[31]_i_100_n_0
    SLICE_X32Y20         CARRY4 (Prop_carry4_CI_O[3])
                                                      0.315     8.556 r  conv_design_i/CONV_0/mul_result_reg[35]_i_102/O[3]
                         net (fo=2, routed)           0.828     9.384    conv_design_i/CONV_0/mul_result_reg[35]_i_102_n_4
    SLICE_X33Y21         LUT3 (Prop_lut3_I1_O)        0.336     9.720 r  conv_design_i/CONV_0/mul_result[35]_i_68/O
                         net (fo=2, routed)           0.690    10.410    conv_design_i/CONV_0/mul_result[35]_i_68_n_0
    SLICE_X33Y21         LUT4 (Prop_lut4_I3_O)        0.327    10.737 r  conv_design_i/CONV_0/mul_result[35]_i_72/O
                         net (fo=1, routed)           0.000    10.737    conv_design_i/CONV_0/mul_result[35]_i_72_n_0
    SLICE_X33Y21         CARRY4 (Prop_carry4_S[3]_CO[3])
                                                      0.401    11.138 r  conv_design_i/CONV_0/mul_result_reg[35]_i_44/CO[3]
                         net (fo=1, routed)           0.000    11.138    conv_design_i/CONV_0/mul_result_reg[35]_i_44_n_0
    SLICE_X33Y22         CARRY4 (Prop_carry4_CI_O[3])
                                                      0.313    11.451 r  conv_design_i/CONV_0/mul_result_reg[39]_i_44/O[3]
                         net (fo=2, routed)           1.132    12.583    conv_design_i/CONV_0/mul_result_reg[39]_i_44_n_4
    SLICE_X38Y26         LUT3 (Prop_lut3_I0_O)        0.335    12.918 r  conv_design_i/CONV_0/mul_result[39]_i_17/O
                         net (fo=2, routed)           0.674    13.592    conv_design_i/CONV_0/mul_result[39]_i_17_n_0
    SLICE_X38Y26         LUT4 (Prop_lut4_I3_O)        0.331    13.923 r  conv_design_i/CONV_0/mul_result[39]_i_21/O
                         net (fo=1, routed)           0.000    13.923    conv_design_i/CONV_0/mul_result[39]_i_21_n_0
    SLICE_X38Y26         CARRY4 (Prop_carry4_S[3]_CO[3])
                                                      0.376    14.299 r  conv_design_i/CONV_0/mul_result_reg[39]_i_5/CO[3]
                         net (fo=1, routed)           0.000    14.299    conv_design_i/CONV_0/mul_result_reg[39]_i_5_n_0
    SLICE_X38Y27         CARRY4 (Prop_carry4_CI_O[1])
                                                      0.323    14.622 r  conv_design_i/CONV_0/mul_result_reg[43]_i_5/O[1]
                         net (fo=1, routed)           0.490    15.112    conv_design_i/CONV_0/inst/mul_result_reg[43]_2[1]
    SLICE_X36Y33         LUT6 (Prop_lut6_I1_O)        0.306    15.418 r  conv_design_i/CONV_0/inst/mul_result[41]_i_2/O
                         net (fo=1, routed)           0.569    15.987    conv_design_i/CONV_0/inst/mul_result[41]_i_2_n_0
    SLICE_X35Y34         LUT5 (Prop_lut5_I2_O)        0.124    16.111 r  conv_design_i/CONV_0/inst/mul_result[41]_i_1/O
                         net (fo=1, routed)           0.000    16.111    conv_design_i/CONV_0/inst/mul_result[41]
    SLICE_X35Y34         FDRE                                         r  conv_design_i/CONV_0/inst/mul_result_reg[41]/D
  -------------------------------------------------------------------    -------------------

                         (clock clk_fpga_0 rise edge)
                                                     10.000    10.000 r  
    PS7_X0Y0             PS7                          0.000    10.000 r  conv_design_i/processing_system7_0/inst/PS7_i/FCLKCLK[0]
                         net (fo=1, routed)           1.088    11.088    conv_design_i/processing_system7_0/inst/FCLK_CLK_unbuffered[0]
    BUFGCTRL_X0Y16       BUFG (Prop_bufg_I_O)         0.091    11.179 r  conv_design_i/processing_system7_0/inst/buffer_fclk_clk_0.FCLK_CLK_0_BUFG/O
                         net (fo=9031, routed)        1.490    12.670    conv_design_i/CONV_0/inst/clk
    SLICE_X35Y34         FDRE                                         r  conv_design_i/CONV_0/inst/mul_result_reg[41]/C
                         clock pessimism              0.230    12.899    
                         clock uncertainty           -0.154    12.745    
    SLICE_X35Y34         FDRE (Setup_fdre_C_D)        0.032    12.777    conv_design_i/CONV_0/inst/mul_result_reg[41]
  -------------------------------------------------------------------
                         required time                         12.777    
                         arrival time                         -16.111    
  -------------------------------------------------------------------
                         slack                                 -3.335    

Slack (VIOLATED) :        -3.324ns  (required time - arrival time)
  Source:                 conv_design_i/axi_bram_ctrl_0_bram/U0/inst_blk_mem_gen/gnbram.gnative_mem_map_bmg.native_mem_map_blk_mem_gen/valid.cstr/ramloop[0].ram.r/prim_noinit.ram/DEVICE_7SERIES.WITH_BMM_INFO.TRUE_DP.SIMPLE_PRIM36.TDP_SP36_NO_ECC_ATTR.ram/CLKBWRCLK
                            (rising edge-triggered cell RAMB36E1 clocked by clk_fpga_0  {rise@0.000ns fall@5.000ns period=10.000ns})
  Destination:            conv_design_i/CONV_0/inst/mul_result_reg[44]/D
                            (rising edge-triggered cell FDRE clocked by clk_fpga_0  {rise@0.000ns fall@5.000ns period=10.000ns})
  Path Group:             clk_fpga_0
  Path Type:              Setup (Max at Slow Process Corner)
  Requirement:            10.000ns  (clk_fpga_0 rise@10.000ns - clk_fpga_0 rise@0.000ns)
  Data Path Delay:        13.026ns  (logic 7.185ns (55.160%)  route 5.841ns (44.840%))
  Logic Levels:           19  (CARRY4=12 LUT1=1 LUT3=2 LUT4=2 LUT5=1 LUT6=1)
  Clock Path Skew:        -0.175ns (DCD - SCD + CPR)
    Destination Clock Delay (DCD):    2.670ns = ( 12.670 - 10.000 ) 
    Source Clock Delay      (SCD):    3.075ns
    Clock Pessimism Removal (CPR):    0.230ns
  Clock Uncertainty:      0.154ns  ((TSJ^2 + TIJ^2)^1/2 + DJ) / 2 + PE
    Total System Jitter     (TSJ):    0.071ns
    Total Input Jitter      (TIJ):    0.300ns
    Discrete Jitter          (DJ):    0.000ns
    Phase Error              (PE):    0.000ns

    Location             Delay type                Incr(ns)  Path(ns)    Netlist Resource(s)
  -------------------------------------------------------------------    -------------------
                         (clock clk_fpga_0 rise edge)
                                                      0.000     0.000 r  
    PS7_X0Y0             PS7                          0.000     0.000 r  conv_design_i/processing_system7_0/inst/PS7_i/FCLKCLK[0]
                         net (fo=1, routed)           1.193     1.193    conv_design_i/processing_system7_0/inst/FCLK_CLK_unbuffered[0]
    BUFGCTRL_X0Y16       BUFG (Prop_bufg_I_O)         0.101     1.294 r  conv_design_i/processing_system7_0/inst/buffer_fclk_clk_0.FCLK_CLK_0_BUFG/O
                         net (fo=9031, routed)        1.781     3.075    conv_design_i/axi_bram_ctrl_0_bram/U0/inst_blk_mem_gen/gnbram.gnative_mem_map_bmg.native_mem_map_blk_mem_gen/valid.cstr/ramloop[0].ram.r/prim_noinit.ram/clka
    RAMB36_X1Y4          RAMB36E1                                     r  conv_design_i/axi_bram_ctrl_0_bram/U0/inst_blk_mem_gen/gnbram.gnative_mem_map_bmg.native_mem_map_blk_mem_gen/valid.cstr/ramloop[0].ram.r/prim_noinit.ram/DEVICE_7SERIES.WITH_BMM_INFO.TRUE_DP.SIMPLE_PRIM36.TDP_SP36_NO_ECC_ATTR.ram/CLKBWRCLK
  -------------------------------------------------------------------    -------------------
    RAMB36_X1Y4          RAMB36E1 (Prop_ramb36e1_CLKBWRCLK_DOBDO[1])
                                                      2.454     5.529 f  conv_design_i/axi_bram_ctrl_0_bram/U0/inst_blk_mem_gen/gnbram.gnative_mem_map_bmg.native_mem_map_blk_mem_gen/valid.cstr/ramloop[0].ram.r/prim_noinit.ram/DEVICE_7SERIES.WITH_BMM_INFO.TRUE_DP.SIMPLE_PRIM36.TDP_SP36_NO_ECC_ATTR.ram/DOBDO[1]
                         net (fo=108, routed)         1.469     6.999    conv_design_i/CONV_0/data_r[1]
    SLICE_X32Y14         LUT1 (Prop_lut1_I0_O)        0.124     7.123 r  conv_design_i/CONV_0/mul_result[19]_i_243/O
                         net (fo=1, routed)           0.000     7.123    conv_design_i/CONV_0/mul_result[19]_i_243_n_0
    SLICE_X32Y14         CARRY4 (Prop_carry4_S[1]_CO[3])
                                                      0.533     7.656 r  conv_design_i/CONV_0/mul_result_reg[19]_i_172/CO[3]
                         net (fo=1, routed)           0.000     7.656    conv_design_i/CONV_0/mul_result_reg[19]_i_172_n_0
    SLICE_X32Y15         CARRY4 (Prop_carry4_CI_CO[3])
                                                      0.117     7.773 r  conv_design_i/CONV_0/mul_result_reg[19]_i_244/CO[3]
                         net (fo=1, routed)           0.000     7.773    conv_design_i/CONV_0/mul_result_reg[19]_i_244_n_0
    SLICE_X32Y16         CARRY4 (Prop_carry4_CI_CO[3])
                                                      0.117     7.890 r  conv_design_i/CONV_0/mul_result_reg[19]_i_190/CO[3]
                         net (fo=1, routed)           0.000     7.890    conv_design_i/CONV_0/mul_result_reg[19]_i_190_n_0
    SLICE_X32Y17         CARRY4 (Prop_carry4_CI_CO[3])
                                                      0.117     8.007 r  conv_design_i/CONV_0/mul_result_reg[23]_i_99/CO[3]
                         net (fo=1, routed)           0.000     8.007    conv_design_i/CONV_0/mul_result_reg[23]_i_99_n_0
    SLICE_X32Y18         CARRY4 (Prop_carry4_CI_CO[3])
                                                      0.117     8.124 r  conv_design_i/CONV_0/mul_result_reg[27]_i_100/CO[3]
                         net (fo=1, routed)           0.000     8.124    conv_design_i/CONV_0/mul_result_reg[27]_i_100_n_0
    SLICE_X32Y19         CARRY4 (Prop_carry4_CI_CO[3])
                                                      0.117     8.241 r  conv_design_i/CONV_0/mul_result_reg[31]_i_100/CO[3]
                         net (fo=1, routed)           0.000     8.241    conv_design_i/CONV_0/mul_result_reg[31]_i_100_n_0
    SLICE_X32Y20         CARRY4 (Prop_carry4_CI_O[3])
                                                      0.315     8.556 r  conv_design_i/CONV_0/mul_result_reg[35]_i_102/O[3]
                         net (fo=2, routed)           0.828     9.384    conv_design_i/CONV_0/mul_result_reg[35]_i_102_n_4
    SLICE_X33Y21         LUT3 (Prop_lut3_I1_O)        0.336     9.720 r  conv_design_i/CONV_0/mul_result[35]_i_68/O
                         net (fo=2, routed)           0.690    10.410    conv_design_i/CONV_0/mul_result[35]_i_68_n_0
    SLICE_X33Y21         LUT4 (Prop_lut4_I3_O)        0.327    10.737 r  conv_design_i/CONV_0/mul_result[35]_i_72/O
                         net (fo=1, routed)           0.000    10.737    conv_design_i/CONV_0/mul_result[35]_i_72_n_0
    SLICE_X33Y21         CARRY4 (Prop_carry4_S[3]_CO[3])
                                                      0.401    11.138 r  conv_design_i/CONV_0/mul_result_reg[35]_i_44/CO[3]
                         net (fo=1, routed)           0.000    11.138    conv_design_i/CONV_0/mul_result_reg[35]_i_44_n_0
    SLICE_X33Y22         CARRY4 (Prop_carry4_CI_O[3])
                                                      0.313    11.451 r  conv_design_i/CONV_0/mul_result_reg[39]_i_44/O[3]
                         net (fo=2, routed)           1.132    12.583    conv_design_i/CONV_0/mul_result_reg[39]_i_44_n_4
    SLICE_X38Y26         LUT3 (Prop_lut3_I0_O)        0.335    12.918 r  conv_design_i/CONV_0/mul_result[39]_i_17/O
                         net (fo=2, routed)           0.674    13.592    conv_design_i/CONV_0/mul_result[39]_i_17_n_0
    SLICE_X38Y26         LUT4 (Prop_lut4_I3_O)        0.331    13.923 r  conv_design_i/CONV_0/mul_result[39]_i_21/O
                         net (fo=1, routed)           0.000    13.923    conv_design_i/CONV_0/mul_result[39]_i_21_n_0
    SLICE_X38Y26         CARRY4 (Prop_carry4_S[3]_CO[3])
                                                      0.376    14.299 r  conv_design_i/CONV_0/mul_result_reg[39]_i_5/CO[3]
                         net (fo=1, routed)           0.000    14.299    conv_design_i/CONV_0/mul_result_reg[39]_i_5_n_0
    SLICE_X38Y27         CARRY4 (Prop_carry4_CI_CO[3])
                                                      0.117    14.416 r  conv_design_i/CONV_0/mul_result_reg[43]_i_5/CO[3]
                         net (fo=1, routed)           0.000    14.416    conv_design_i/CONV_0/mul_result_reg[43]_i_5_n_0
    SLICE_X38Y28         CARRY4 (Prop_carry4_CI_O[0])
                                                      0.219    14.635 r  conv_design_i/CONV_0/mul_result_reg[47]_i_8/O[0]
                         net (fo=1, routed)           0.784    15.419    conv_design_i/CONV_0/inst/mul_result_reg[47]_1[0]
    SLICE_X35Y35         LUT6 (Prop_lut6_I1_O)        0.295    15.714 r  conv_design_i/CONV_0/inst/mul_result[44]_i_2/O
                         net (fo=1, routed)           0.263    15.977    conv_design_i/CONV_0/inst/mul_result[44]_i_2_n_0
    SLICE_X35Y35         LUT5 (Prop_lut5_I2_O)        0.124    16.101 r  conv_design_i/CONV_0/inst/mul_result[44]_i_1/O
                         net (fo=1, routed)           0.000    16.101    conv_design_i/CONV_0/inst/mul_result[44]
    SLICE_X35Y35         FDRE                                         r  conv_design_i/CONV_0/inst/mul_result_reg[44]/D
  -------------------------------------------------------------------    -------------------

                         (clock clk_fpga_0 rise edge)
                                                     10.000    10.000 r  
    PS7_X0Y0             PS7                          0.000    10.000 r  conv_design_i/processing_system7_0/inst/PS7_i/FCLKCLK[0]
                         net (fo=1, routed)           1.088    11.088    conv_design_i/processing_system7_0/inst/FCLK_CLK_unbuffered[0]
    BUFGCTRL_X0Y16       BUFG (Prop_bufg_I_O)         0.091    11.179 r  conv_design_i/processing_system7_0/inst/buffer_fclk_clk_0.FCLK_CLK_0_BUFG/O
                         net (fo=9031, routed)        1.491    12.670    conv_design_i/CONV_0/inst/clk
    SLICE_X35Y35         FDRE                                         r  conv_design_i/CONV_0/inst/mul_result_reg[44]/C
                         clock pessimism              0.230    12.900    
                         clock uncertainty           -0.154    12.746    
    SLICE_X35Y35         FDRE (Setup_fdre_C_D)        0.031    12.777    conv_design_i/CONV_0/inst/mul_result_reg[44]
  -------------------------------------------------------------------
                         required time                         12.777    
                         arrival time                         -16.101    
  -------------------------------------------------------------------
                         slack                                 -3.324    

Slack (VIOLATED) :        -3.295ns  (required time - arrival time)
  Source:                 conv_design_i/axi_bram_ctrl_0_bram/U0/inst_blk_mem_gen/gnbram.gnative_mem_map_bmg.native_mem_map_blk_mem_gen/valid.cstr/ramloop[0].ram.r/prim_noinit.ram/DEVICE_7SERIES.WITH_BMM_INFO.TRUE_DP.SIMPLE_PRIM36.TDP_SP36_NO_ECC_ATTR.ram/CLKBWRCLK
                            (rising edge-triggered cell RAMB36E1 clocked by clk_fpga_0  {rise@0.000ns fall@5.000ns period=10.000ns})
  Destination:            conv_design_i/CONV_0/inst/mul_result_reg[47]/D
                            (rising edge-triggered cell FDRE clocked by clk_fpga_0  {rise@0.000ns fall@5.000ns period=10.000ns})
  Path Group:             clk_fpga_0
  Path Type:              Setup (Max at Slow Process Corner)
  Requirement:            10.000ns  (clk_fpga_0 rise@10.000ns - clk_fpga_0 rise@0.000ns)
  Data Path Delay:        12.992ns  (logic 7.293ns (56.135%)  route 5.699ns (43.865%))
  Logic Levels:           19  (CARRY4=12 LUT1=1 LUT3=2 LUT4=2 LUT5=1 LUT6=1)
  Clock Path Skew:        -0.177ns (DCD - SCD + CPR)
    Destination Clock Delay (DCD):    2.668ns = ( 12.668 - 10.000 ) 
    Source Clock Delay      (SCD):    3.075ns
    Clock Pessimism Removal (CPR):    0.230ns
  Clock Uncertainty:      0.154ns  ((TSJ^2 + TIJ^2)^1/2 + DJ) / 2 + PE
    Total System Jitter     (TSJ):    0.071ns
    Total Input Jitter      (TIJ):    0.300ns
    Discrete Jitter          (DJ):    0.000ns
    Phase Error              (PE):    0.000ns

    Location             Delay type                Incr(ns)  Path(ns)    Netlist Resource(s)
  -------------------------------------------------------------------    -------------------
                         (clock clk_fpga_0 rise edge)
                                                      0.000     0.000 r  
    PS7_X0Y0             PS7                          0.000     0.000 r  conv_design_i/processing_system7_0/inst/PS7_i/FCLKCLK[0]
                         net (fo=1, routed)           1.193     1.193    conv_design_i/processing_system7_0/inst/FCLK_CLK_unbuffered[0]
    BUFGCTRL_X0Y16       BUFG (Prop_bufg_I_O)         0.101     1.294 r  conv_design_i/processing_system7_0/inst/buffer_fclk_clk_0.FCLK_CLK_0_BUFG/O
                         net (fo=9031, routed)        1.781     3.075    conv_design_i/axi_bram_ctrl_0_bram/U0/inst_blk_mem_gen/gnbram.gnative_mem_map_bmg.native_mem_map_blk_mem_gen/valid.cstr/ramloop[0].ram.r/prim_noinit.ram/clka
    RAMB36_X1Y4          RAMB36E1                                     r  conv_design_i/axi_bram_ctrl_0_bram/U0/inst_blk_mem_gen/gnbram.gnative_mem_map_bmg.native_mem_map_blk_mem_gen/valid.cstr/ramloop[0].ram.r/prim_noinit.ram/DEVICE_7SERIES.WITH_BMM_INFO.TRUE_DP.SIMPLE_PRIM36.TDP_SP36_NO_ECC_ATTR.ram/CLKBWRCLK
  -------------------------------------------------------------------    -------------------
    RAMB36_X1Y4          RAMB36E1 (Prop_ramb36e1_CLKBWRCLK_DOBDO[1])
                                                      2.454     5.529 f  conv_design_i/axi_bram_ctrl_0_bram/U0/inst_blk_mem_gen/gnbram.gnative_mem_map_bmg.native_mem_map_blk_mem_gen/valid.cstr/ramloop[0].ram.r/prim_noinit.ram/DEVICE_7SERIES.WITH_BMM_INFO.TRUE_DP.SIMPLE_PRIM36.TDP_SP36_NO_ECC_ATTR.ram/DOBDO[1]
                         net (fo=108, routed)         1.469     6.999    conv_design_i/CONV_0/data_r[1]
    SLICE_X32Y14         LUT1 (Prop_lut1_I0_O)        0.124     7.123 r  conv_design_i/CONV_0/mul_result[19]_i_243/O
                         net (fo=1, routed)           0.000     7.123    conv_design_i/CONV_0/mul_result[19]_i_243_n_0
    SLICE_X32Y14         CARRY4 (Prop_carry4_S[1]_CO[3])
                                                      0.533     7.656 r  conv_design_i/CONV_0/mul_result_reg[19]_i_172/CO[3]
                         net (fo=1, routed)           0.000     7.656    conv_design_i/CONV_0/mul_result_reg[19]_i_172_n_0
    SLICE_X32Y15         CARRY4 (Prop_carry4_CI_CO[3])
                                                      0.117     7.773 r  conv_design_i/CONV_0/mul_result_reg[19]_i_244/CO[3]
                         net (fo=1, routed)           0.000     7.773    conv_design_i/CONV_0/mul_result_reg[19]_i_244_n_0
    SLICE_X32Y16         CARRY4 (Prop_carry4_CI_CO[3])
                                                      0.117     7.890 r  conv_design_i/CONV_0/mul_result_reg[19]_i_190/CO[3]
                         net (fo=1, routed)           0.000     7.890    conv_design_i/CONV_0/mul_result_reg[19]_i_190_n_0
    SLICE_X32Y17         CARRY4 (Prop_carry4_CI_CO[3])
                                                      0.117     8.007 r  conv_design_i/CONV_0/mul_result_reg[23]_i_99/CO[3]
                         net (fo=1, routed)           0.000     8.007    conv_design_i/CONV_0/mul_result_reg[23]_i_99_n_0
    SLICE_X32Y18         CARRY4 (Prop_carry4_CI_CO[3])
                                                      0.117     8.124 r  conv_design_i/CONV_0/mul_result_reg[27]_i_100/CO[3]
                         net (fo=1, routed)           0.000     8.124    conv_design_i/CONV_0/mul_result_reg[27]_i_100_n_0
    SLICE_X32Y19         CARRY4 (Prop_carry4_CI_CO[3])
                                                      0.117     8.241 r  conv_design_i/CONV_0/mul_result_reg[31]_i_100/CO[3]
                         net (fo=1, routed)           0.000     8.241    conv_design_i/CONV_0/mul_result_reg[31]_i_100_n_0
    SLICE_X32Y20         CARRY4 (Prop_carry4_CI_O[3])
                                                      0.315     8.556 r  conv_design_i/CONV_0/mul_result_reg[35]_i_102/O[3]
                         net (fo=2, routed)           0.828     9.384    conv_design_i/CONV_0/mul_result_reg[35]_i_102_n_4
    SLICE_X33Y21         LUT3 (Prop_lut3_I1_O)        0.336     9.720 r  conv_design_i/CONV_0/mul_result[35]_i_68/O
                         net (fo=2, routed)           0.690    10.410    conv_design_i/CONV_0/mul_result[35]_i_68_n_0
    SLICE_X33Y21         LUT4 (Prop_lut4_I3_O)        0.327    10.737 r  conv_design_i/CONV_0/mul_result[35]_i_72/O
                         net (fo=1, routed)           0.000    10.737    conv_design_i/CONV_0/mul_result[35]_i_72_n_0
    SLICE_X33Y21         CARRY4 (Prop_carry4_S[3]_CO[3])
                                                      0.401    11.138 r  conv_design_i/CONV_0/mul_result_reg[35]_i_44/CO[3]
                         net (fo=1, routed)           0.000    11.138    conv_design_i/CONV_0/mul_result_reg[35]_i_44_n_0
    SLICE_X33Y22         CARRY4 (Prop_carry4_CI_O[3])
                                                      0.313    11.451 r  conv_design_i/CONV_0/mul_result_reg[39]_i_44/O[3]
                         net (fo=2, routed)           1.132    12.583    conv_design_i/CONV_0/mul_result_reg[39]_i_44_n_4
    SLICE_X38Y26         LUT3 (Prop_lut3_I0_O)        0.335    12.918 r  conv_design_i/CONV_0/mul_result[39]_i_17/O
                         net (fo=2, routed)           0.674    13.592    conv_design_i/CONV_0/mul_result[39]_i_17_n_0
    SLICE_X38Y26         LUT4 (Prop_lut4_I3_O)        0.331    13.923 r  conv_design_i/CONV_0/mul_result[39]_i_21/O
                         net (fo=1, routed)           0.000    13.923    conv_design_i/CONV_0/mul_result[39]_i_21_n_0
    SLICE_X38Y26         CARRY4 (Prop_carry4_S[3]_CO[3])
                                                      0.376    14.299 r  conv_design_i/CONV_0/mul_result_reg[39]_i_5/CO[3]
                         net (fo=1, routed)           0.000    14.299    conv_design_i/CONV_0/mul_result_reg[39]_i_5_n_0
    SLICE_X38Y27         CARRY4 (Prop_carry4_CI_CO[3])
                                                      0.117    14.416 r  conv_design_i/CONV_0/mul_result_reg[43]_i_5/CO[3]
                         net (fo=1, routed)           0.000    14.416    conv_design_i/CONV_0/mul_result_reg[43]_i_5_n_0
    SLICE_X38Y28         CARRY4 (Prop_carry4_CI_O[3])
                                                      0.315    14.731 r  conv_design_i/CONV_0/mul_result_reg[47]_i_8/O[3]
                         net (fo=1, routed)           0.503    15.234    conv_design_i/CONV_0/inst/mul_result_reg[47]_1[3]
    SLICE_X35Y32         LUT6 (Prop_lut6_I1_O)        0.307    15.541 r  conv_design_i/CONV_0/inst/mul_result[47]_i_4/O
                         net (fo=1, routed)           0.402    15.943    conv_design_i/CONV_0/inst/mul_result[47]_i_4_n_0
    SLICE_X35Y33         LUT5 (Prop_lut5_I2_O)        0.124    16.067 r  conv_design_i/CONV_0/inst/mul_result[47]_i_2/O
                         net (fo=1, routed)           0.000    16.067    conv_design_i/CONV_0/inst/mul_result[47]
    SLICE_X35Y33         FDRE                                         r  conv_design_i/CONV_0/inst/mul_result_reg[47]/D
  -------------------------------------------------------------------    -------------------

                         (clock clk_fpga_0 rise edge)
                                                     10.000    10.000 r  
    PS7_X0Y0             PS7                          0.000    10.000 r  conv_design_i/processing_system7_0/inst/PS7_i/FCLKCLK[0]
                         net (fo=1, routed)           1.088    11.088    conv_design_i/processing_system7_0/inst/FCLK_CLK_unbuffered[0]
    BUFGCTRL_X0Y16       BUFG (Prop_bufg_I_O)         0.091    11.179 r  conv_design_i/processing_system7_0/inst/buffer_fclk_clk_0.FCLK_CLK_0_BUFG/O
                         net (fo=9031, routed)        1.489    12.668    conv_design_i/CONV_0/inst/clk
    SLICE_X35Y33         FDRE                                         r  conv_design_i/CONV_0/inst/mul_result_reg[47]/C
                         clock pessimism              0.230    12.898    
                         clock uncertainty           -0.154    12.744    
    SLICE_X35Y33         FDRE (Setup_fdre_C_D)        0.029    12.773    conv_design_i/CONV_0/inst/mul_result_reg[47]
  -------------------------------------------------------------------
                         required time                         12.773    
                         arrival time                         -16.067    
  -------------------------------------------------------------------
                         slack                                 -3.295    

Slack (VIOLATED) :        -3.272ns  (required time - arrival time)
  Source:                 conv_design_i/axi_bram_ctrl_0_bram/U0/inst_blk_mem_gen/gnbram.gnative_mem_map_bmg.native_mem_map_blk_mem_gen/valid.cstr/ramloop[0].ram.r/prim_noinit.ram/DEVICE_7SERIES.WITH_BMM_INFO.TRUE_DP.SIMPLE_PRIM36.TDP_SP36_NO_ECC_ATTR.ram/CLKBWRCLK
                            (rising edge-triggered cell RAMB36E1 clocked by clk_fpga_0  {rise@0.000ns fall@5.000ns period=10.000ns})
  Destination:            conv_design_i/CONV_0/inst/mul_result_reg[43]/D
                            (rising edge-triggered cell FDRE clocked by clk_fpga_0  {rise@0.000ns fall@5.000ns period=10.000ns})
  Path Group:             clk_fpga_0
  Path Type:              Setup (Max at Slow Process Corner)
  Requirement:            10.000ns  (clk_fpga_0 rise@10.000ns - clk_fpga_0 rise@0.000ns)
  Data Path Delay:        13.022ns  (logic 7.176ns (55.105%)  route 5.846ns (44.895%))
  Logic Levels:           18  (CARRY4=11 LUT1=1 LUT3=2 LUT4=2 LUT5=1 LUT6=1)
  Clock Path Skew:        -0.176ns (DCD - SCD + CPR)
    Destination Clock Delay (DCD):    2.669ns = ( 12.670 - 10.000 ) 
    Source Clock Delay      (SCD):    3.075ns
    Clock Pessimism Removal (CPR):    0.230ns
  Clock Uncertainty:      0.154ns  ((TSJ^2 + TIJ^2)^1/2 + DJ) / 2 + PE
    Total System Jitter     (TSJ):    0.071ns
    Total Input Jitter      (TIJ):    0.300ns
    Discrete Jitter          (DJ):    0.000ns
    Phase Error              (PE):    0.000ns

    Location             Delay type                Incr(ns)  Path(ns)    Netlist Resource(s)
  -------------------------------------------------------------------    -------------------
                         (clock clk_fpga_0 rise edge)
                                                      0.000     0.000 r  
    PS7_X0Y0             PS7                          0.000     0.000 r  conv_design_i/processing_system7_0/inst/PS7_i/FCLKCLK[0]
                         net (fo=1, routed)           1.193     1.193    conv_design_i/processing_system7_0/inst/FCLK_CLK_unbuffered[0]
    BUFGCTRL_X0Y16       BUFG (Prop_bufg_I_O)         0.101     1.294 r  conv_design_i/processing_system7_0/inst/buffer_fclk_clk_0.FCLK_CLK_0_BUFG/O
                         net (fo=9031, routed)        1.781     3.075    conv_design_i/axi_bram_ctrl_0_bram/U0/inst_blk_mem_gen/gnbram.gnative_mem_map_bmg.native_mem_map_blk_mem_gen/valid.cstr/ramloop[0].ram.r/prim_noinit.ram/clka
    RAMB36_X1Y4          RAMB36E1                                     r  conv_design_i/axi_bram_ctrl_0_bram/U0/inst_blk_mem_gen/gnbram.gnative_mem_map_bmg.native_mem_map_blk_mem_gen/valid.cstr/ramloop[0].ram.r/prim_noinit.ram/DEVICE_7SERIES.WITH_BMM_INFO.TRUE_DP.SIMPLE_PRIM36.TDP_SP36_NO_ECC_ATTR.ram/CLKBWRCLK
  -------------------------------------------------------------------    -------------------
    RAMB36_X1Y4          RAMB36E1 (Prop_ramb36e1_CLKBWRCLK_DOBDO[1])
                                                      2.454     5.529 f  conv_design_i/axi_bram_ctrl_0_bram/U0/inst_blk_mem_gen/gnbram.gnative_mem_map_bmg.native_mem_map_blk_mem_gen/valid.cstr/ramloop[0].ram.r/prim_noinit.ram/DEVICE_7SERIES.WITH_BMM_INFO.TRUE_DP.SIMPLE_PRIM36.TDP_SP36_NO_ECC_ATTR.ram/DOBDO[1]
                         net (fo=108, routed)         1.469     6.999    conv_design_i/CONV_0/data_r[1]
    SLICE_X32Y14         LUT1 (Prop_lut1_I0_O)        0.124     7.123 r  conv_design_i/CONV_0/mul_result[19]_i_243/O
                         net (fo=1, routed)           0.000     7.123    conv_design_i/CONV_0/mul_result[19]_i_243_n_0
    SLICE_X32Y14         CARRY4 (Prop_carry4_S[1]_CO[3])
                                                      0.533     7.656 r  conv_design_i/CONV_0/mul_result_reg[19]_i_172/CO[3]
                         net (fo=1, routed)           0.000     7.656    conv_design_i/CONV_0/mul_result_reg[19]_i_172_n_0
    SLICE_X32Y15         CARRY4 (Prop_carry4_CI_CO[3])
                                                      0.117     7.773 r  conv_design_i/CONV_0/mul_result_reg[19]_i_244/CO[3]
                         net (fo=1, routed)           0.000     7.773    conv_design_i/CONV_0/mul_result_reg[19]_i_244_n_0
    SLICE_X32Y16         CARRY4 (Prop_carry4_CI_CO[3])
                                                      0.117     7.890 r  conv_design_i/CONV_0/mul_result_reg[19]_i_190/CO[3]
                         net (fo=1, routed)           0.000     7.890    conv_design_i/CONV_0/mul_result_reg[19]_i_190_n_0
    SLICE_X32Y17         CARRY4 (Prop_carry4_CI_CO[3])
                                                      0.117     8.007 r  conv_design_i/CONV_0/mul_result_reg[23]_i_99/CO[3]
                         net (fo=1, routed)           0.000     8.007    conv_design_i/CONV_0/mul_result_reg[23]_i_99_n_0
    SLICE_X32Y18         CARRY4 (Prop_carry4_CI_CO[3])
                                                      0.117     8.124 r  conv_design_i/CONV_0/mul_result_reg[27]_i_100/CO[3]
                         net (fo=1, routed)           0.000     8.124    conv_design_i/CONV_0/mul_result_reg[27]_i_100_n_0
    SLICE_X32Y19         CARRY4 (Prop_carry4_CI_CO[3])
                                                      0.117     8.241 r  conv_design_i/CONV_0/mul_result_reg[31]_i_100/CO[3]
                         net (fo=1, routed)           0.000     8.241    conv_design_i/CONV_0/mul_result_reg[31]_i_100_n_0
    SLICE_X32Y20         CARRY4 (Prop_carry4_CI_O[3])
                                                      0.315     8.556 r  conv_design_i/CONV_0/mul_result_reg[35]_i_102/O[3]
                         net (fo=2, routed)           0.828     9.384    conv_design_i/CONV_0/mul_result_reg[35]_i_102_n_4
    SLICE_X33Y21         LUT3 (Prop_lut3_I1_O)        0.336     9.720 r  conv_design_i/CONV_0/mul_result[35]_i_68/O
                         net (fo=2, routed)           0.690    10.410    conv_design_i/CONV_0/mul_result[35]_i_68_n_0
    SLICE_X33Y21         LUT4 (Prop_lut4_I3_O)        0.327    10.737 r  conv_design_i/CONV_0/mul_result[35]_i_72/O
                         net (fo=1, routed)           0.000    10.737    conv_design_i/CONV_0/mul_result[35]_i_72_n_0
    SLICE_X33Y21         CARRY4 (Prop_carry4_S[3]_CO[3])
                                                      0.401    11.138 r  conv_design_i/CONV_0/mul_result_reg[35]_i_44/CO[3]
                         net (fo=1, routed)           0.000    11.138    conv_design_i/CONV_0/mul_result_reg[35]_i_44_n_0
    SLICE_X33Y22         CARRY4 (Prop_carry4_CI_O[3])
                                                      0.313    11.451 r  conv_design_i/CONV_0/mul_result_reg[39]_i_44/O[3]
                         net (fo=2, routed)           1.132    12.583    conv_design_i/CONV_0/mul_result_reg[39]_i_44_n_4
    SLICE_X38Y26         LUT3 (Prop_lut3_I0_O)        0.335    12.918 r  conv_design_i/CONV_0/mul_result[39]_i_17/O
                         net (fo=2, routed)           0.674    13.592    conv_design_i/CONV_0/mul_result[39]_i_17_n_0
    SLICE_X38Y26         LUT4 (Prop_lut4_I3_O)        0.331    13.923 r  conv_design_i/CONV_0/mul_result[39]_i_21/O
                         net (fo=1, routed)           0.000    13.923    conv_design_i/CONV_0/mul_result[39]_i_21_n_0
    SLICE_X38Y26         CARRY4 (Prop_carry4_S[3]_CO[3])
                                                      0.376    14.299 r  conv_design_i/CONV_0/mul_result_reg[39]_i_5/CO[3]
                         net (fo=1, routed)           0.000    14.299    conv_design_i/CONV_0/mul_result_reg[39]_i_5_n_0
    SLICE_X38Y27         CARRY4 (Prop_carry4_CI_O[3])
                                                      0.315    14.614 r  conv_design_i/CONV_0/mul_result_reg[43]_i_5/O[3]
                         net (fo=1, routed)           0.766    15.381    conv_design_i/CONV_0/inst/mul_result_reg[43]_2[3]
    SLICE_X34Y34         LUT6 (Prop_lut6_I1_O)        0.307    15.688 r  conv_design_i/CONV_0/inst/mul_result[43]_i_2/O
                         net (fo=1, routed)           0.286    15.974    conv_design_i/CONV_0/inst/mul_result[43]_i_2_n_0
    SLICE_X34Y34         LUT5 (Prop_lut5_I2_O)        0.124    16.098 r  conv_design_i/CONV_0/inst/mul_result[43]_i_1/O
                         net (fo=1, routed)           0.000    16.098    conv_design_i/CONV_0/inst/mul_result[43]
    SLICE_X34Y34         FDRE                                         r  conv_design_i/CONV_0/inst/mul_result_reg[43]/D
  -------------------------------------------------------------------    -------------------

                         (clock clk_fpga_0 rise edge)
                                                     10.000    10.000 r  
    PS7_X0Y0             PS7                          0.000    10.000 r  conv_design_i/processing_system7_0/inst/PS7_i/FCLKCLK[0]
                         net (fo=1, routed)           1.088    11.088    conv_design_i/processing_system7_0/inst/FCLK_CLK_unbuffered[0]
    BUFGCTRL_X0Y16       BUFG (Prop_bufg_I_O)         0.091    11.179 r  conv_design_i/processing_system7_0/inst/buffer_fclk_clk_0.FCLK_CLK_0_BUFG/O
                         net (fo=9031, routed)        1.490    12.670    conv_design_i/CONV_0/inst/clk
    SLICE_X34Y34         FDRE                                         r  conv_design_i/CONV_0/inst/mul_result_reg[43]/C
                         clock pessimism              0.230    12.899    
                         clock uncertainty           -0.154    12.745    
    SLICE_X34Y34         FDRE (Setup_fdre_C_D)        0.081    12.826    conv_design_i/CONV_0/inst/mul_result_reg[43]
  -------------------------------------------------------------------
                         required time                         12.826    
                         arrival time                         -16.098    
  -------------------------------------------------------------------
                         slack                                 -3.272    

Slack (VIOLATED) :        -3.257ns  (required time - arrival time)
  Source:                 conv_design_i/axi_bram_ctrl_0_bram/U0/inst_blk_mem_gen/gnbram.gnative_mem_map_bmg.native_mem_map_blk_mem_gen/valid.cstr/ramloop[0].ram.r/prim_noinit.ram/DEVICE_7SERIES.WITH_BMM_INFO.TRUE_DP.SIMPLE_PRIM36.TDP_SP36_NO_ECC_ATTR.ram/CLKBWRCLK
                            (rising edge-triggered cell RAMB36E1 clocked by clk_fpga_0  {rise@0.000ns fall@5.000ns period=10.000ns})
  Destination:            conv_design_i/CONV_0/inst/mul_result_reg[39]/D
                            (rising edge-triggered cell FDRE clocked by clk_fpga_0  {rise@0.000ns fall@5.000ns period=10.000ns})
  Path Group:             clk_fpga_0
  Path Type:              Setup (Max at Slow Process Corner)
  Requirement:            10.000ns  (clk_fpga_0 rise@10.000ns - clk_fpga_0 rise@0.000ns)
  Data Path Delay:        12.954ns  (logic 7.218ns (55.718%)  route 5.736ns (44.282%))
  Logic Levels:           17  (CARRY4=10 LUT1=1 LUT3=2 LUT4=2 LUT5=1 LUT6=1)
  Clock Path Skew:        -0.177ns (DCD - SCD + CPR)
    Destination Clock Delay (DCD):    2.668ns = ( 12.668 - 10.000 ) 
    Source Clock Delay      (SCD):    3.075ns
    Clock Pessimism Removal (CPR):    0.230ns
  Clock Uncertainty:      0.154ns  ((TSJ^2 + TIJ^2)^1/2 + DJ) / 2 + PE
    Total System Jitter     (TSJ):    0.071ns
    Total Input Jitter      (TIJ):    0.300ns
    Discrete Jitter          (DJ):    0.000ns
    Phase Error              (PE):    0.000ns

    Location             Delay type                Incr(ns)  Path(ns)    Netlist Resource(s)
  -------------------------------------------------------------------    -------------------
                         (clock clk_fpga_0 rise edge)
                                                      0.000     0.000 r  
    PS7_X0Y0             PS7                          0.000     0.000 r  conv_design_i/processing_system7_0/inst/PS7_i/FCLKCLK[0]
                         net (fo=1, routed)           1.193     1.193    conv_design_i/processing_system7_0/inst/FCLK_CLK_unbuffered[0]
    BUFGCTRL_X0Y16       BUFG (Prop_bufg_I_O)         0.101     1.294 r  conv_design_i/processing_system7_0/inst/buffer_fclk_clk_0.FCLK_CLK_0_BUFG/O
                         net (fo=9031, routed)        1.781     3.075    conv_design_i/axi_bram_ctrl_0_bram/U0/inst_blk_mem_gen/gnbram.gnative_mem_map_bmg.native_mem_map_blk_mem_gen/valid.cstr/ramloop[0].ram.r/prim_noinit.ram/clka
    RAMB36_X1Y4          RAMB36E1                                     r  conv_design_i/axi_bram_ctrl_0_bram/U0/inst_blk_mem_gen/gnbram.gnative_mem_map_bmg.native_mem_map_blk_mem_gen/valid.cstr/ramloop[0].ram.r/prim_noinit.ram/DEVICE_7SERIES.WITH_BMM_INFO.TRUE_DP.SIMPLE_PRIM36.TDP_SP36_NO_ECC_ATTR.ram/CLKBWRCLK
  -------------------------------------------------------------------    -------------------
    RAMB36_X1Y4          RAMB36E1 (Prop_ramb36e1_CLKBWRCLK_DOBDO[1])
                                                      2.454     5.529 f  conv_design_i/axi_bram_ctrl_0_bram/U0/inst_blk_mem_gen/gnbram.gnative_mem_map_bmg.native_mem_map_blk_mem_gen/valid.cstr/ramloop[0].ram.r/prim_noinit.ram/DEVICE_7SERIES.WITH_BMM_INFO.TRUE_DP.SIMPLE_PRIM36.TDP_SP36_NO_ECC_ATTR.ram/DOBDO[1]
                         net (fo=108, routed)         1.469     6.999    conv_design_i/CONV_0/data_r[1]
    SLICE_X32Y14         LUT1 (Prop_lut1_I0_O)        0.124     7.123 r  conv_design_i/CONV_0/mul_result[19]_i_243/O
                         net (fo=1, routed)           0.000     7.123    conv_design_i/CONV_0/mul_result[19]_i_243_n_0
    SLICE_X32Y14         CARRY4 (Prop_carry4_S[1]_CO[3])
                                                      0.533     7.656 r  conv_design_i/CONV_0/mul_result_reg[19]_i_172/CO[3]
                         net (fo=1, routed)           0.000     7.656    conv_design_i/CONV_0/mul_result_reg[19]_i_172_n_0
    SLICE_X32Y15         CARRY4 (Prop_carry4_CI_O[3])
                                                      0.315     7.971 r  conv_design_i/CONV_0/mul_result_reg[19]_i_244/O[3]
                         net (fo=2, routed)           0.835     8.806    conv_design_i/CONV_0/mul_result_reg[19]_i_244_n_4
    SLICE_X33Y16         LUT3 (Prop_lut3_I1_O)        0.336     9.142 r  conv_design_i/CONV_0/mul_result[19]_i_174/O
                         net (fo=2, routed)           0.593     9.735    conv_design_i/CONV_0/mul_result[19]_i_174_n_0
    SLICE_X33Y16         LUT4 (Prop_lut4_I3_O)        0.327    10.062 r  conv_design_i/CONV_0/mul_result[19]_i_178/O
                         net (fo=1, routed)           0.000    10.062    conv_design_i/CONV_0/mul_result[19]_i_178_n_0
    SLICE_X33Y16         CARRY4 (Prop_carry4_S[3]_CO[3])
                                                      0.401    10.463 r  conv_design_i/CONV_0/mul_result_reg[19]_i_111/CO[3]
                         net (fo=1, routed)           0.000    10.463    conv_design_i/CONV_0/mul_result_reg[19]_i_111_n_0
    SLICE_X33Y17         CARRY4 (Prop_carry4_CI_CO[3])
                                                      0.114    10.577 r  conv_design_i/CONV_0/mul_result_reg[19]_i_65/CO[3]
                         net (fo=1, routed)           0.000    10.577    conv_design_i/CONV_0/mul_result_reg[19]_i_65_n_0
    SLICE_X33Y18         CARRY4 (Prop_carry4_CI_CO[3])
                                                      0.114    10.691 r  conv_design_i/CONV_0/mul_result_reg[23]_i_43/CO[3]
                         net (fo=1, routed)           0.000    10.691    conv_design_i/CONV_0/mul_result_reg[23]_i_43_n_0
    SLICE_X33Y19         CARRY4 (Prop_carry4_CI_O[1])
                                                      0.334    11.025 r  conv_design_i/CONV_0/mul_result_reg[27]_i_43/O[1]
                         net (fo=2, routed)           1.018    12.043    conv_design_i/CONV_0/mul_result_reg[27]_i_43_n_6
    SLICE_X38Y23         LUT3 (Prop_lut3_I0_O)        0.325    12.368 r  conv_design_i/CONV_0/mul_result[27]_i_19/O
                         net (fo=2, routed)           0.490    12.858    conv_design_i/CONV_0/mul_result[27]_i_19_n_0
    SLICE_X38Y23         LUT4 (Prop_lut4_I3_O)        0.328    13.186 r  conv_design_i/CONV_0/mul_result[27]_i_23/O
                         net (fo=1, routed)           0.000    13.186    conv_design_i/CONV_0/mul_result[27]_i_23_n_0
    SLICE_X38Y23         CARRY4 (Prop_carry4_S[1]_CO[3])
                                                      0.533    13.719 r  conv_design_i/CONV_0/mul_result_reg[27]_i_5/CO[3]
                         net (fo=1, routed)           0.000    13.719    conv_design_i/CONV_0/mul_result_reg[27]_i_5_n_0
    SLICE_X38Y24         CARRY4 (Prop_carry4_CI_CO[3])
                                                      0.117    13.836 r  conv_design_i/CONV_0/mul_result_reg[31]_i_5/CO[3]
                         net (fo=1, routed)           0.009    13.845    conv_design_i/CONV_0/mul_result_reg[31]_i_5_n_0
    SLICE_X38Y25         CARRY4 (Prop_carry4_CI_CO[3])
                                                      0.117    13.962 r  conv_design_i/CONV_0/mul_result_reg[35]_i_5/CO[3]
                         net (fo=1, routed)           0.000    13.962    conv_design_i/CONV_0/mul_result_reg[35]_i_5_n_0
    SLICE_X38Y26         CARRY4 (Prop_carry4_CI_O[3])
                                                      0.315    14.277 r  conv_design_i/CONV_0/mul_result_reg[39]_i_5/O[3]
                         net (fo=1, routed)           0.919    15.196    conv_design_i/CONV_0/inst/mul_result_reg[39]_2[3]
    SLICE_X32Y34         LUT6 (Prop_lut6_I1_O)        0.307    15.503 r  conv_design_i/CONV_0/inst/mul_result[39]_i_2/O
                         net (fo=1, routed)           0.403    15.906    conv_design_i/CONV_0/inst/mul_result[39]_i_2_n_0
    SLICE_X33Y34         LUT5 (Prop_lut5_I2_O)        0.124    16.030 r  conv_design_i/CONV_0/inst/mul_result[39]_i_1/O
                         net (fo=1, routed)           0.000    16.030    conv_design_i/CONV_0/inst/mul_result[39]
    SLICE_X33Y34         FDRE                                         r  conv_design_i/CONV_0/inst/mul_result_reg[39]/D
  -------------------------------------------------------------------    -------------------

                         (clock clk_fpga_0 rise edge)
                                                     10.000    10.000 r  
    PS7_X0Y0             PS7                          0.000    10.000 r  conv_design_i/processing_system7_0/inst/PS7_i/FCLKCLK[0]
                         net (fo=1, routed)           1.088    11.088    conv_design_i/processing_system7_0/inst/FCLK_CLK_unbuffered[0]
    BUFGCTRL_X0Y16       BUFG (Prop_bufg_I_O)         0.091    11.179 r  conv_design_i/processing_system7_0/inst/buffer_fclk_clk_0.FCLK_CLK_0_BUFG/O
                         net (fo=9031, routed)        1.489    12.668    conv_design_i/CONV_0/inst/clk
    SLICE_X33Y34         FDRE                                         r  conv_design_i/CONV_0/inst/mul_result_reg[39]/C
                         clock pessimism              0.230    12.898    
                         clock uncertainty           -0.154    12.744    
    SLICE_X33Y34         FDRE (Setup_fdre_C_D)        0.029    12.773    conv_design_i/CONV_0/inst/mul_result_reg[39]
  -------------------------------------------------------------------
                         required time                         12.773    
                         arrival time                         -16.030    
  -------------------------------------------------------------------
                         slack                                 -3.257    

Slack (VIOLATED) :        -3.234ns  (required time - arrival time)
  Source:                 conv_design_i/axi_bram_ctrl_0_bram/U0/inst_blk_mem_gen/gnbram.gnative_mem_map_bmg.native_mem_map_blk_mem_gen/valid.cstr/ramloop[0].ram.r/prim_noinit.ram/DEVICE_7SERIES.WITH_BMM_INFO.TRUE_DP.SIMPLE_PRIM36.TDP_SP36_NO_ECC_ATTR.ram/CLKBWRCLK
                            (rising edge-triggered cell RAMB36E1 clocked by clk_fpga_0  {rise@0.000ns fall@5.000ns period=10.000ns})
  Destination:            conv_design_i/CONV_0/inst/mul_result_reg[42]/D
                            (rising edge-triggered cell FDRE clocked by clk_fpga_0  {rise@0.000ns fall@5.000ns period=10.000ns})
  Path Group:             clk_fpga_0
  Path Type:              Setup (Max at Slow Process Corner)
  Requirement:            10.000ns  (clk_fpga_0 rise@10.000ns - clk_fpga_0 rise@0.000ns)
  Data Path Delay:        12.984ns  (logic 7.094ns (54.637%)  route 5.890ns (45.363%))
  Logic Levels:           18  (CARRY4=11 LUT1=1 LUT3=2 LUT4=2 LUT5=1 LUT6=1)
  Clock Path Skew:        -0.177ns (DCD - SCD + CPR)
    Destination Clock Delay (DCD):    2.668ns = ( 12.668 - 10.000 ) 
    Source Clock Delay      (SCD):    3.075ns
    Clock Pessimism Removal (CPR):    0.230ns
  Clock Uncertainty:      0.154ns  ((TSJ^2 + TIJ^2)^1/2 + DJ) / 2 + PE
    Total System Jitter     (TSJ):    0.071ns
    Total Input Jitter      (TIJ):    0.300ns
    Discrete Jitter          (DJ):    0.000ns
    Phase Error              (PE):    0.000ns

    Location             Delay type                Incr(ns)  Path(ns)    Netlist Resource(s)
  -------------------------------------------------------------------    -------------------
                         (clock clk_fpga_0 rise edge)
                                                      0.000     0.000 r  
    PS7_X0Y0             PS7                          0.000     0.000 r  conv_design_i/processing_system7_0/inst/PS7_i/FCLKCLK[0]
                         net (fo=1, routed)           1.193     1.193    conv_design_i/processing_system7_0/inst/FCLK_CLK_unbuffered[0]
    BUFGCTRL_X0Y16       BUFG (Prop_bufg_I_O)         0.101     1.294 r  conv_design_i/processing_system7_0/inst/buffer_fclk_clk_0.FCLK_CLK_0_BUFG/O
                         net (fo=9031, routed)        1.781     3.075    conv_design_i/axi_bram_ctrl_0_bram/U0/inst_blk_mem_gen/gnbram.gnative_mem_map_bmg.native_mem_map_blk_mem_gen/valid.cstr/ramloop[0].ram.r/prim_noinit.ram/clka
    RAMB36_X1Y4          RAMB36E1                                     r  conv_design_i/axi_bram_ctrl_0_bram/U0/inst_blk_mem_gen/gnbram.gnative_mem_map_bmg.native_mem_map_blk_mem_gen/valid.cstr/ramloop[0].ram.r/prim_noinit.ram/DEVICE_7SERIES.WITH_BMM_INFO.TRUE_DP.SIMPLE_PRIM36.TDP_SP36_NO_ECC_ATTR.ram/CLKBWRCLK
  -------------------------------------------------------------------    -------------------
    RAMB36_X1Y4          RAMB36E1 (Prop_ramb36e1_CLKBWRCLK_DOBDO[1])
                                                      2.454     5.529 f  conv_design_i/axi_bram_ctrl_0_bram/U0/inst_blk_mem_gen/gnbram.gnative_mem_map_bmg.native_mem_map_blk_mem_gen/valid.cstr/ramloop[0].ram.r/prim_noinit.ram/DEVICE_7SERIES.WITH_BMM_INFO.TRUE_DP.SIMPLE_PRIM36.TDP_SP36_NO_ECC_ATTR.ram/DOBDO[1]
                         net (fo=108, routed)         1.469     6.999    conv_design_i/CONV_0/data_r[1]
    SLICE_X32Y14         LUT1 (Prop_lut1_I0_O)        0.124     7.123 r  conv_design_i/CONV_0/mul_result[19]_i_243/O
                         net (fo=1, routed)           0.000     7.123    conv_design_i/CONV_0/mul_result[19]_i_243_n_0
    SLICE_X32Y14         CARRY4 (Prop_carry4_S[1]_CO[3])
                                                      0.533     7.656 r  conv_design_i/CONV_0/mul_result_reg[19]_i_172/CO[3]
                         net (fo=1, routed)           0.000     7.656    conv_design_i/CONV_0/mul_result_reg[19]_i_172_n_0
    SLICE_X32Y15         CARRY4 (Prop_carry4_CI_CO[3])
                                                      0.117     7.773 r  conv_design_i/CONV_0/mul_result_reg[19]_i_244/CO[3]
                         net (fo=1, routed)           0.000     7.773    conv_design_i/CONV_0/mul_result_reg[19]_i_244_n_0
    SLICE_X32Y16         CARRY4 (Prop_carry4_CI_CO[3])
                                                      0.117     7.890 r  conv_design_i/CONV_0/mul_result_reg[19]_i_190/CO[3]
                         net (fo=1, routed)           0.000     7.890    conv_design_i/CONV_0/mul_result_reg[19]_i_190_n_0
    SLICE_X32Y17         CARRY4 (Prop_carry4_CI_CO[3])
                                                      0.117     8.007 r  conv_design_i/CONV_0/mul_result_reg[23]_i_99/CO[3]
                         net (fo=1, routed)           0.000     8.007    conv_design_i/CONV_0/mul_result_reg[23]_i_99_n_0
    SLICE_X32Y18         CARRY4 (Prop_carry4_CI_CO[3])
                                                      0.117     8.124 r  conv_design_i/CONV_0/mul_result_reg[27]_i_100/CO[3]
                         net (fo=1, routed)           0.000     8.124    conv_design_i/CONV_0/mul_result_reg[27]_i_100_n_0
    SLICE_X32Y19         CARRY4 (Prop_carry4_CI_CO[3])
                                                      0.117     8.241 r  conv_design_i/CONV_0/mul_result_reg[31]_i_100/CO[3]
                         net (fo=1, routed)           0.000     8.241    conv_design_i/CONV_0/mul_result_reg[31]_i_100_n_0
    SLICE_X32Y20         CARRY4 (Prop_carry4_CI_O[3])
                                                      0.315     8.556 r  conv_design_i/CONV_0/mul_result_reg[35]_i_102/O[3]
                         net (fo=2, routed)           0.828     9.384    conv_design_i/CONV_0/mul_result_reg[35]_i_102_n_4
    SLICE_X33Y21         LUT3 (Prop_lut3_I1_O)        0.336     9.720 r  conv_design_i/CONV_0/mul_result[35]_i_68/O
                         net (fo=2, routed)           0.690    10.410    conv_design_i/CONV_0/mul_result[35]_i_68_n_0
    SLICE_X33Y21         LUT4 (Prop_lut4_I3_O)        0.327    10.737 r  conv_design_i/CONV_0/mul_result[35]_i_72/O
                         net (fo=1, routed)           0.000    10.737    conv_design_i/CONV_0/mul_result[35]_i_72_n_0
    SLICE_X33Y21         CARRY4 (Prop_carry4_S[3]_CO[3])
                                                      0.401    11.138 r  conv_design_i/CONV_0/mul_result_reg[35]_i_44/CO[3]
                         net (fo=1, routed)           0.000    11.138    conv_design_i/CONV_0/mul_result_reg[35]_i_44_n_0
    SLICE_X33Y22         CARRY4 (Prop_carry4_CI_O[3])
                                                      0.313    11.451 r  conv_design_i/CONV_0/mul_result_reg[39]_i_44/O[3]
                         net (fo=2, routed)           1.132    12.583    conv_design_i/CONV_0/mul_result_reg[39]_i_44_n_4
    SLICE_X38Y26         LUT3 (Prop_lut3_I0_O)        0.335    12.918 r  conv_design_i/CONV_0/mul_result[39]_i_17/O
                         net (fo=2, routed)           0.674    13.592    conv_design_i/CONV_0/mul_result[39]_i_17_n_0
    SLICE_X38Y26         LUT4 (Prop_lut4_I3_O)        0.331    13.923 r  conv_design_i/CONV_0/mul_result[39]_i_21/O
                         net (fo=1, routed)           0.000    13.923    conv_design_i/CONV_0/mul_result[39]_i_21_n_0
    SLICE_X38Y26         CARRY4 (Prop_carry4_S[3]_CO[3])
                                                      0.376    14.299 r  conv_design_i/CONV_0/mul_result_reg[39]_i_5/CO[3]
                         net (fo=1, routed)           0.000    14.299    conv_design_i/CONV_0/mul_result_reg[39]_i_5_n_0
    SLICE_X38Y27         CARRY4 (Prop_carry4_CI_O[2])
                                                      0.239    14.538 r  conv_design_i/CONV_0/mul_result_reg[43]_i_5/O[2]
                         net (fo=1, routed)           0.667    15.206    conv_design_i/CONV_0/inst/mul_result_reg[43]_2[2]
    SLICE_X34Y31         LUT6 (Prop_lut6_I1_O)        0.301    15.507 r  conv_design_i/CONV_0/inst/mul_result[42]_i_3/O
                         net (fo=1, routed)           0.429    15.935    conv_design_i/CONV_0/inst/mul_result[42]_i_3_n_0
    SLICE_X34Y33         LUT5 (Prop_lut5_I2_O)        0.124    16.059 r  conv_design_i/CONV_0/inst/mul_result[42]_i_1/O
                         net (fo=1, routed)           0.000    16.059    conv_design_i/CONV_0/inst/mul_result[42]
    SLICE_X34Y33         FDRE                                         r  conv_design_i/CONV_0/inst/mul_result_reg[42]/D
  -------------------------------------------------------------------    -------------------

                         (clock clk_fpga_0 rise edge)
                                                     10.000    10.000 r  
    PS7_X0Y0             PS7                          0.000    10.000 r  conv_design_i/processing_system7_0/inst/PS7_i/FCLKCLK[0]
                         net (fo=1, routed)           1.088    11.088    conv_design_i/processing_system7_0/inst/FCLK_CLK_unbuffered[0]
    BUFGCTRL_X0Y16       BUFG (Prop_bufg_I_O)         0.091    11.179 r  conv_design_i/processing_system7_0/inst/buffer_fclk_clk_0.FCLK_CLK_0_BUFG/O
                         net (fo=9031, routed)        1.489    12.668    conv_design_i/CONV_0/inst/clk
    SLICE_X34Y33         FDRE                                         r  conv_design_i/CONV_0/inst/mul_result_reg[42]/C
                         clock pessimism              0.230    12.898    
                         clock uncertainty           -0.154    12.744    
    SLICE_X34Y33         FDRE (Setup_fdre_C_D)        0.081    12.825    conv_design_i/CONV_0/inst/mul_result_reg[42]
  -------------------------------------------------------------------
                         required time                         12.825    
                         arrival time                         -16.059    
  -------------------------------------------------------------------
                         slack                                 -3.234    

Slack (VIOLATED) :        -3.205ns  (required time - arrival time)
  Source:                 conv_design_i/axi_bram_ctrl_0_bram/U0/inst_blk_mem_gen/gnbram.gnative_mem_map_bmg.native_mem_map_blk_mem_gen/valid.cstr/ramloop[0].ram.r/prim_noinit.ram/DEVICE_7SERIES.WITH_BMM_INFO.TRUE_DP.SIMPLE_PRIM36.TDP_SP36_NO_ECC_ATTR.ram/CLKBWRCLK
                            (rising edge-triggered cell RAMB36E1 clocked by clk_fpga_0  {rise@0.000ns fall@5.000ns period=10.000ns})
  Destination:            conv_design_i/CONV_0/inst/mul_result_reg[31]/D
                            (rising edge-triggered cell FDRE clocked by clk_fpga_0  {rise@0.000ns fall@5.000ns period=10.000ns})
  Path Group:             clk_fpga_0
  Path Type:              Setup (Max at Slow Process Corner)
  Requirement:            10.000ns  (clk_fpga_0 rise@10.000ns - clk_fpga_0 rise@0.000ns)
  Data Path Delay:        12.893ns  (logic 6.984ns (54.167%)  route 5.909ns (45.833%))
  Logic Levels:           15  (CARRY4=8 LUT1=1 LUT3=2 LUT4=2 LUT5=1 LUT6=1)
  Clock Path Skew:        -0.188ns (DCD - SCD + CPR)
    Destination Clock Delay (DCD):    2.657ns = ( 12.657 - 10.000 ) 
    Source Clock Delay      (SCD):    3.075ns
    Clock Pessimism Removal (CPR):    0.230ns
  Clock Uncertainty:      0.154ns  ((TSJ^2 + TIJ^2)^1/2 + DJ) / 2 + PE
    Total System Jitter     (TSJ):    0.071ns
    Total Input Jitter      (TIJ):    0.300ns
    Discrete Jitter          (DJ):    0.000ns
    Phase Error              (PE):    0.000ns

    Location             Delay type                Incr(ns)  Path(ns)    Netlist Resource(s)
  -------------------------------------------------------------------    -------------------
                         (clock clk_fpga_0 rise edge)
                                                      0.000     0.000 r  
    PS7_X0Y0             PS7                          0.000     0.000 r  conv_design_i/processing_system7_0/inst/PS7_i/FCLKCLK[0]
                         net (fo=1, routed)           1.193     1.193    conv_design_i/processing_system7_0/inst/FCLK_CLK_unbuffered[0]
    BUFGCTRL_X0Y16       BUFG (Prop_bufg_I_O)         0.101     1.294 r  conv_design_i/processing_system7_0/inst/buffer_fclk_clk_0.FCLK_CLK_0_BUFG/O
                         net (fo=9031, routed)        1.781     3.075    conv_design_i/axi_bram_ctrl_0_bram/U0/inst_blk_mem_gen/gnbram.gnative_mem_map_bmg.native_mem_map_blk_mem_gen/valid.cstr/ramloop[0].ram.r/prim_noinit.ram/clka
    RAMB36_X1Y4          RAMB36E1                                     r  conv_design_i/axi_bram_ctrl_0_bram/U0/inst_blk_mem_gen/gnbram.gnative_mem_map_bmg.native_mem_map_blk_mem_gen/valid.cstr/ramloop[0].ram.r/prim_noinit.ram/DEVICE_7SERIES.WITH_BMM_INFO.TRUE_DP.SIMPLE_PRIM36.TDP_SP36_NO_ECC_ATTR.ram/CLKBWRCLK
  -------------------------------------------------------------------    -------------------
    RAMB36_X1Y4          RAMB36E1 (Prop_ramb36e1_CLKBWRCLK_DOBDO[1])
                                                      2.454     5.529 f  conv_design_i/axi_bram_ctrl_0_bram/U0/inst_blk_mem_gen/gnbram.gnative_mem_map_bmg.native_mem_map_blk_mem_gen/valid.cstr/ramloop[0].ram.r/prim_noinit.ram/DEVICE_7SERIES.WITH_BMM_INFO.TRUE_DP.SIMPLE_PRIM36.TDP_SP36_NO_ECC_ATTR.ram/DOBDO[1]
                         net (fo=108, routed)         1.469     6.999    conv_design_i/CONV_0/data_r[1]
    SLICE_X32Y14         LUT1 (Prop_lut1_I0_O)        0.124     7.123 r  conv_design_i/CONV_0/mul_result[19]_i_243/O
                         net (fo=1, routed)           0.000     7.123    conv_design_i/CONV_0/mul_result[19]_i_243_n_0
    SLICE_X32Y14         CARRY4 (Prop_carry4_S[1]_CO[3])
                                                      0.533     7.656 r  conv_design_i/CONV_0/mul_result_reg[19]_i_172/CO[3]
                         net (fo=1, routed)           0.000     7.656    conv_design_i/CONV_0/mul_result_reg[19]_i_172_n_0
    SLICE_X32Y15         CARRY4 (Prop_carry4_CI_O[3])
                                                      0.315     7.971 r  conv_design_i/CONV_0/mul_result_reg[19]_i_244/O[3]
                         net (fo=2, routed)           0.835     8.806    conv_design_i/CONV_0/mul_result_reg[19]_i_244_n_4
    SLICE_X33Y16         LUT3 (Prop_lut3_I1_O)        0.336     9.142 r  conv_design_i/CONV_0/mul_result[19]_i_174/O
                         net (fo=2, routed)           0.593     9.735    conv_design_i/CONV_0/mul_result[19]_i_174_n_0
    SLICE_X33Y16         LUT4 (Prop_lut4_I3_O)        0.327    10.062 r  conv_design_i/CONV_0/mul_result[19]_i_178/O
                         net (fo=1, routed)           0.000    10.062    conv_design_i/CONV_0/mul_result[19]_i_178_n_0
    SLICE_X33Y16         CARRY4 (Prop_carry4_S[3]_CO[3])
                                                      0.401    10.463 r  conv_design_i/CONV_0/mul_result_reg[19]_i_111/CO[3]
                         net (fo=1, routed)           0.000    10.463    conv_design_i/CONV_0/mul_result_reg[19]_i_111_n_0
    SLICE_X33Y17         CARRY4 (Prop_carry4_CI_CO[3])
                                                      0.114    10.577 r  conv_design_i/CONV_0/mul_result_reg[19]_i_65/CO[3]
                         net (fo=1, routed)           0.000    10.577    conv_design_i/CONV_0/mul_result_reg[19]_i_65_n_0
    SLICE_X33Y18         CARRY4 (Prop_carry4_CI_CO[3])
                                                      0.114    10.691 r  conv_design_i/CONV_0/mul_result_reg[23]_i_43/CO[3]
                         net (fo=1, routed)           0.000    10.691    conv_design_i/CONV_0/mul_result_reg[23]_i_43_n_0
    SLICE_X33Y19         CARRY4 (Prop_carry4_CI_O[1])
                                                      0.334    11.025 r  conv_design_i/CONV_0/mul_result_reg[27]_i_43/O[1]
                         net (fo=2, routed)           1.018    12.043    conv_design_i/CONV_0/mul_result_reg[27]_i_43_n_6
    SLICE_X38Y23         LUT3 (Prop_lut3_I0_O)        0.325    12.368 r  conv_design_i/CONV_0/mul_result[27]_i_19/O
                         net (fo=2, routed)           0.490    12.858    conv_design_i/CONV_0/mul_result[27]_i_19_n_0
    SLICE_X38Y23         LUT4 (Prop_lut4_I3_O)        0.328    13.186 r  conv_design_i/CONV_0/mul_result[27]_i_23/O
                         net (fo=1, routed)           0.000    13.186    conv_design_i/CONV_0/mul_result[27]_i_23_n_0
    SLICE_X38Y23         CARRY4 (Prop_carry4_S[1]_CO[3])
                                                      0.533    13.719 r  conv_design_i/CONV_0/mul_result_reg[27]_i_5/CO[3]
                         net (fo=1, routed)           0.000    13.719    conv_design_i/CONV_0/mul_result_reg[27]_i_5_n_0
    SLICE_X38Y24         CARRY4 (Prop_carry4_CI_O[3])
                                                      0.315    14.034 r  conv_design_i/CONV_0/mul_result_reg[31]_i_5/O[3]
                         net (fo=1, routed)           0.741    14.775    conv_design_i/CONV_0/inst/mul_result_reg[31]_2[3]
    SLICE_X36Y22         LUT6 (Prop_lut6_I1_O)        0.307    15.082 r  conv_design_i/CONV_0/inst/mul_result[31]_i_2/O
                         net (fo=1, routed)           0.763    15.845    conv_design_i/CONV_0/inst/mul_result[31]_i_2_n_0
    SLICE_X33Y25         LUT5 (Prop_lut5_I2_O)        0.124    15.969 r  conv_design_i/CONV_0/inst/mul_result[31]_i_1/O
                         net (fo=1, routed)           0.000    15.969    conv_design_i/CONV_0/inst/mul_result[31]
    SLICE_X33Y25         FDRE                                         r  conv_design_i/CONV_0/inst/mul_result_reg[31]/D
  -------------------------------------------------------------------    -------------------

                         (clock clk_fpga_0 rise edge)
                                                     10.000    10.000 r  
    PS7_X0Y0             PS7                          0.000    10.000 r  conv_design_i/processing_system7_0/inst/PS7_i/FCLKCLK[0]
                         net (fo=1, routed)           1.088    11.088    conv_design_i/processing_system7_0/inst/FCLK_CLK_unbuffered[0]
    BUFGCTRL_X0Y16       BUFG (Prop_bufg_I_O)         0.091    11.179 r  conv_design_i/processing_system7_0/inst/buffer_fclk_clk_0.FCLK_CLK_0_BUFG/O
                         net (fo=9031, routed)        1.478    12.658    conv_design_i/CONV_0/inst/clk
    SLICE_X33Y25         FDRE                                         r  conv_design_i/CONV_0/inst/mul_result_reg[31]/C
                         clock pessimism              0.230    12.887    
                         clock uncertainty           -0.154    12.733    
    SLICE_X33Y25         FDRE (Setup_fdre_C_D)        0.031    12.764    conv_design_i/CONV_0/inst/mul_result_reg[31]
  -------------------------------------------------------------------
                         required time                         12.764    
                         arrival time                         -15.969    
  -------------------------------------------------------------------
                         slack                                 -3.205    

Slack (VIOLATED) :        -3.197ns  (required time - arrival time)
  Source:                 conv_design_i/axi_bram_ctrl_0_bram/U0/inst_blk_mem_gen/gnbram.gnative_mem_map_bmg.native_mem_map_blk_mem_gen/valid.cstr/ramloop[0].ram.r/prim_noinit.ram/DEVICE_7SERIES.WITH_BMM_INFO.TRUE_DP.SIMPLE_PRIM36.TDP_SP36_NO_ECC_ATTR.ram/CLKBWRCLK
                            (rising edge-triggered cell RAMB36E1 clocked by clk_fpga_0  {rise@0.000ns fall@5.000ns period=10.000ns})
  Destination:            conv_design_i/CONV_0/inst/mul_result_reg[40]/D
                            (rising edge-triggered cell FDRE clocked by clk_fpga_0  {rise@0.000ns fall@5.000ns period=10.000ns})
  Path Group:             clk_fpga_0
  Path Type:              Setup (Max at Slow Process Corner)
  Requirement:            10.000ns  (clk_fpga_0 rise@10.000ns - clk_fpga_0 rise@0.000ns)
  Data Path Delay:        12.897ns  (logic 7.068ns (54.805%)  route 5.829ns (45.195%))
  Logic Levels:           18  (CARRY4=11 LUT1=1 LUT3=2 LUT4=2 LUT5=1 LUT6=1)
  Clock Path Skew:        -0.177ns (DCD - SCD + CPR)
    Destination Clock Delay (DCD):    2.668ns = ( 12.668 - 10.000 ) 
    Source Clock Delay      (SCD):    3.075ns
    Clock Pessimism Removal (CPR):    0.230ns
  Clock Uncertainty:      0.154ns  ((TSJ^2 + TIJ^2)^1/2 + DJ) / 2 + PE
    Total System Jitter     (TSJ):    0.071ns
    Total Input Jitter      (TIJ):    0.300ns
    Discrete Jitter          (DJ):    0.000ns
    Phase Error              (PE):    0.000ns

    Location             Delay type                Incr(ns)  Path(ns)    Netlist Resource(s)
  -------------------------------------------------------------------    -------------------
                         (clock clk_fpga_0 rise edge)
                                                      0.000     0.000 r  
    PS7_X0Y0             PS7                          0.000     0.000 r  conv_design_i/processing_system7_0/inst/PS7_i/FCLKCLK[0]
                         net (fo=1, routed)           1.193     1.193    conv_design_i/processing_system7_0/inst/FCLK_CLK_unbuffered[0]
    BUFGCTRL_X0Y16       BUFG (Prop_bufg_I_O)         0.101     1.294 r  conv_design_i/processing_system7_0/inst/buffer_fclk_clk_0.FCLK_CLK_0_BUFG/O
                         net (fo=9031, routed)        1.781     3.075    conv_design_i/axi_bram_ctrl_0_bram/U0/inst_blk_mem_gen/gnbram.gnative_mem_map_bmg.native_mem_map_blk_mem_gen/valid.cstr/ramloop[0].ram.r/prim_noinit.ram/clka
    RAMB36_X1Y4          RAMB36E1                                     r  conv_design_i/axi_bram_ctrl_0_bram/U0/inst_blk_mem_gen/gnbram.gnative_mem_map_bmg.native_mem_map_blk_mem_gen/valid.cstr/ramloop[0].ram.r/prim_noinit.ram/DEVICE_7SERIES.WITH_BMM_INFO.TRUE_DP.SIMPLE_PRIM36.TDP_SP36_NO_ECC_ATTR.ram/CLKBWRCLK
  -------------------------------------------------------------------    -------------------
    RAMB36_X1Y4          RAMB36E1 (Prop_ramb36e1_CLKBWRCLK_DOBDO[1])
                                                      2.454     5.529 f  conv_design_i/axi_bram_ctrl_0_bram/U0/inst_blk_mem_gen/gnbram.gnative_mem_map_bmg.native_mem_map_blk_mem_gen/valid.cstr/ramloop[0].ram.r/prim_noinit.ram/DEVICE_7SERIES.WITH_BMM_INFO.TRUE_DP.SIMPLE_PRIM36.TDP_SP36_NO_ECC_ATTR.ram/DOBDO[1]
                         net (fo=108, routed)         1.469     6.999    conv_design_i/CONV_0/data_r[1]
    SLICE_X32Y14         LUT1 (Prop_lut1_I0_O)        0.124     7.123 r  conv_design_i/CONV_0/mul_result[19]_i_243/O
                         net (fo=1, routed)           0.000     7.123    conv_design_i/CONV_0/mul_result[19]_i_243_n_0
    SLICE_X32Y14         CARRY4 (Prop_carry4_S[1]_CO[3])
                                                      0.533     7.656 r  conv_design_i/CONV_0/mul_result_reg[19]_i_172/CO[3]
                         net (fo=1, routed)           0.000     7.656    conv_design_i/CONV_0/mul_result_reg[19]_i_172_n_0
    SLICE_X32Y15         CARRY4 (Prop_carry4_CI_CO[3])
                                                      0.117     7.773 r  conv_design_i/CONV_0/mul_result_reg[19]_i_244/CO[3]
                         net (fo=1, routed)           0.000     7.773    conv_design_i/CONV_0/mul_result_reg[19]_i_244_n_0
    SLICE_X32Y16         CARRY4 (Prop_carry4_CI_CO[3])
                                                      0.117     7.890 r  conv_design_i/CONV_0/mul_result_reg[19]_i_190/CO[3]
                         net (fo=1, routed)           0.000     7.890    conv_design_i/CONV_0/mul_result_reg[19]_i_190_n_0
    SLICE_X32Y17         CARRY4 (Prop_carry4_CI_CO[3])
                                                      0.117     8.007 r  conv_design_i/CONV_0/mul_result_reg[23]_i_99/CO[3]
                         net (fo=1, routed)           0.000     8.007    conv_design_i/CONV_0/mul_result_reg[23]_i_99_n_0
    SLICE_X32Y18         CARRY4 (Prop_carry4_CI_CO[3])
                                                      0.117     8.124 r  conv_design_i/CONV_0/mul_result_reg[27]_i_100/CO[3]
                         net (fo=1, routed)           0.000     8.124    conv_design_i/CONV_0/mul_result_reg[27]_i_100_n_0
    SLICE_X32Y19         CARRY4 (Prop_carry4_CI_CO[3])
                                                      0.117     8.241 r  conv_design_i/CONV_0/mul_result_reg[31]_i_100/CO[3]
                         net (fo=1, routed)           0.000     8.241    conv_design_i/CONV_0/mul_result_reg[31]_i_100_n_0
    SLICE_X32Y20         CARRY4 (Prop_carry4_CI_O[3])
                                                      0.315     8.556 r  conv_design_i/CONV_0/mul_result_reg[35]_i_102/O[3]
                         net (fo=2, routed)           0.828     9.384    conv_design_i/CONV_0/mul_result_reg[35]_i_102_n_4
    SLICE_X33Y21         LUT3 (Prop_lut3_I1_O)        0.336     9.720 r  conv_design_i/CONV_0/mul_result[35]_i_68/O
                         net (fo=2, routed)           0.690    10.410    conv_design_i/CONV_0/mul_result[35]_i_68_n_0
    SLICE_X33Y21         LUT4 (Prop_lut4_I3_O)        0.327    10.737 r  conv_design_i/CONV_0/mul_result[35]_i_72/O
                         net (fo=1, routed)           0.000    10.737    conv_design_i/CONV_0/mul_result[35]_i_72_n_0
    SLICE_X33Y21         CARRY4 (Prop_carry4_S[3]_CO[3])
                                                      0.401    11.138 r  conv_design_i/CONV_0/mul_result_reg[35]_i_44/CO[3]
                         net (fo=1, routed)           0.000    11.138    conv_design_i/CONV_0/mul_result_reg[35]_i_44_n_0
    SLICE_X33Y22         CARRY4 (Prop_carry4_CI_O[3])
                                                      0.313    11.451 r  conv_design_i/CONV_0/mul_result_reg[39]_i_44/O[3]
                         net (fo=2, routed)           1.132    12.583    conv_design_i/CONV_0/mul_result_reg[39]_i_44_n_4
    SLICE_X38Y26         LUT3 (Prop_lut3_I0_O)        0.335    12.918 r  conv_design_i/CONV_0/mul_result[39]_i_17/O
                         net (fo=2, routed)           0.674    13.592    conv_design_i/CONV_0/mul_result[39]_i_17_n_0
    SLICE_X38Y26         LUT4 (Prop_lut4_I3_O)        0.331    13.923 r  conv_design_i/CONV_0/mul_result[39]_i_21/O
                         net (fo=1, routed)           0.000    13.923    conv_design_i/CONV_0/mul_result[39]_i_21_n_0
    SLICE_X38Y26         CARRY4 (Prop_carry4_S[3]_CO[3])
                                                      0.376    14.299 r  conv_design_i/CONV_0/mul_result_reg[39]_i_5/CO[3]
                         net (fo=1, routed)           0.000    14.299    conv_design_i/CONV_0/mul_result_reg[39]_i_5_n_0
    SLICE_X38Y27         CARRY4 (Prop_carry4_CI_O[0])
                                                      0.219    14.518 r  conv_design_i/CONV_0/mul_result_reg[43]_i_5/O[0]
                         net (fo=1, routed)           0.479    14.997    conv_design_i/CONV_0/inst/mul_result_reg[43]_2[0]
    SLICE_X37Y33         LUT6 (Prop_lut6_I1_O)        0.295    15.292 r  conv_design_i/CONV_0/inst/mul_result[40]_i_2/O
                         net (fo=1, routed)           0.556    15.848    conv_design_i/CONV_0/inst/mul_result[40]_i_2_n_0
    SLICE_X35Y33         LUT5 (Prop_lut5_I2_O)        0.124    15.972 r  conv_design_i/CONV_0/inst/mul_result[40]_i_1/O
                         net (fo=1, routed)           0.000    15.972    conv_design_i/CONV_0/inst/mul_result[40]
    SLICE_X35Y33         FDRE                                         r  conv_design_i/CONV_0/inst/mul_result_reg[40]/D
  -------------------------------------------------------------------    -------------------

                         (clock clk_fpga_0 rise edge)
                                                     10.000    10.000 r  
    PS7_X0Y0             PS7                          0.000    10.000 r  conv_design_i/processing_system7_0/inst/PS7_i/FCLKCLK[0]
                         net (fo=1, routed)           1.088    11.088    conv_design_i/processing_system7_0/inst/FCLK_CLK_unbuffered[0]
    BUFGCTRL_X0Y16       BUFG (Prop_bufg_I_O)         0.091    11.179 r  conv_design_i/processing_system7_0/inst/buffer_fclk_clk_0.FCLK_CLK_0_BUFG/O
                         net (fo=9031, routed)        1.489    12.668    conv_design_i/CONV_0/inst/clk
    SLICE_X35Y33         FDRE                                         r  conv_design_i/CONV_0/inst/mul_result_reg[40]/C
                         clock pessimism              0.230    12.898    
                         clock uncertainty           -0.154    12.744    
    SLICE_X35Y33         FDRE (Setup_fdre_C_D)        0.031    12.775    conv_design_i/CONV_0/inst/mul_result_reg[40]
  -------------------------------------------------------------------
                         required time                         12.775    
                         arrival time                         -15.972    
  -------------------------------------------------------------------
                         slack                                 -3.197    





Min Delay Paths
--------------------------------------------------------------------------------------
Slack (MET) :             0.023ns  (arrival time - required time)
  Source:                 conv_design_i/axi_smc/inst/m00_exit_pipeline/m00_exit/inst/ar_reg/m_vector_i_reg[1067]/C
                            (rising edge-triggered cell FDRE clocked by clk_fpga_0  {rise@0.000ns fall@5.000ns period=10.000ns})
  Destination:            conv_design_i/axi_bram_ctrl_0/U0/gext_inst.abcv4_0_ext_inst/GEN_AXI4.I_FULL_AXI/ADDR_SNG_PORT.bram_addr_int_reg[6]/D
                            (rising edge-triggered cell FDRE clocked by clk_fpga_0  {rise@0.000ns fall@5.000ns period=10.000ns})
  Path Group:             clk_fpga_0
  Path Type:              Hold (Min at Fast Process Corner)
  Requirement:            0.000ns  (clk_fpga_0 rise@0.000ns - clk_fpga_0 rise@0.000ns)
  Data Path Delay:        0.388ns  (logic 0.186ns (47.996%)  route 0.202ns (52.004%))
  Logic Levels:           1  (LUT6=1)
  Clock Path Skew:        0.273ns (DCD - SCD - CPR)
    Destination Clock Delay (DCD):    1.192ns
    Source Clock Delay      (SCD):    0.889ns
    Clock Pessimism Removal (CPR):    0.030ns

    Location             Delay type                Incr(ns)  Path(ns)    Netlist Resource(s)
  -------------------------------------------------------------------    -------------------
                         (clock clk_fpga_0 rise edge)
                                                      0.000     0.000 r  
    PS7_X0Y0             PS7                          0.000     0.000 r  conv_design_i/processing_system7_0/inst/PS7_i/FCLKCLK[0]
                         net (fo=1, routed)           0.310     0.310    conv_design_i/processing_system7_0/inst/FCLK_CLK_unbuffered[0]
    BUFGCTRL_X0Y16       BUFG (Prop_bufg_I_O)         0.026     0.336 r  conv_design_i/processing_system7_0/inst/buffer_fclk_clk_0.FCLK_CLK_0_BUFG/O
                         net (fo=9031, routed)        0.553     0.889    conv_design_i/axi_smc/inst/m00_exit_pipeline/m00_exit/inst/ar_reg/aclk
    SLICE_X51Y51         FDRE                                         r  conv_design_i/axi_smc/inst/m00_exit_pipeline/m00_exit/inst/ar_reg/m_vector_i_reg[1067]/C
  -------------------------------------------------------------------    -------------------
    SLICE_X51Y51         FDRE (Prop_fdre_C_Q)         0.141     1.030 r  conv_design_i/axi_smc/inst/m00_exit_pipeline/m00_exit/inst/ar_reg/m_vector_i_reg[1067]/Q
                         net (fo=1, routed)           0.202     1.231    conv_design_i/axi_bram_ctrl_0/U0/gext_inst.abcv4_0_ext_inst/GEN_AXI4.I_FULL_AXI/I_RD_CHNL/GEN_NO_RD_CMD_OPT.I_WRAP_BRST/s_axi_araddr[4]
    SLICE_X52Y48         LUT6 (Prop_lut6_I0_O)        0.045     1.276 r  conv_design_i/axi_bram_ctrl_0/U0/gext_inst.abcv4_0_ext_inst/GEN_AXI4.I_FULL_AXI/I_RD_CHNL/GEN_NO_RD_CMD_OPT.I_WRAP_BRST/ADDR_SNG_PORT.bram_addr_int[6]_i_1/O
                         net (fo=1, routed)           0.000     1.276    conv_design_i/axi_bram_ctrl_0/U0/gext_inst.abcv4_0_ext_inst/GEN_AXI4.I_FULL_AXI/I_RD_CHNL_n_43
    SLICE_X52Y48         FDRE                                         r  conv_design_i/axi_bram_ctrl_0/U0/gext_inst.abcv4_0_ext_inst/GEN_AXI4.I_FULL_AXI/ADDR_SNG_PORT.bram_addr_int_reg[6]/D
  -------------------------------------------------------------------    -------------------

                         (clock clk_fpga_0 rise edge)
                                                      0.000     0.000 r  
    PS7_X0Y0             PS7                          0.000     0.000 r  conv_design_i/processing_system7_0/inst/PS7_i/FCLKCLK[0]
                         net (fo=1, routed)           0.337     0.337    conv_design_i/processing_system7_0/inst/FCLK_CLK_unbuffered[0]
    BUFGCTRL_X0Y16       BUFG (Prop_bufg_I_O)         0.029     0.366 r  conv_design_i/processing_system7_0/inst/buffer_fclk_clk_0.FCLK_CLK_0_BUFG/O
                         net (fo=9031, routed)        0.826     1.192    conv_design_i/axi_bram_ctrl_0/U0/gext_inst.abcv4_0_ext_inst/GEN_AXI4.I_FULL_AXI/s_axi_aclk
    SLICE_X52Y48         FDRE                                         r  conv_design_i/axi_bram_ctrl_0/U0/gext_inst.abcv4_0_ext_inst/GEN_AXI4.I_FULL_AXI/ADDR_SNG_PORT.bram_addr_int_reg[6]/C
                         clock pessimism             -0.030     1.162    
    SLICE_X52Y48         FDRE (Hold_fdre_C_D)         0.091     1.253    conv_design_i/axi_bram_ctrl_0/U0/gext_inst.abcv4_0_ext_inst/GEN_AXI4.I_FULL_AXI/ADDR_SNG_PORT.bram_addr_int_reg[6]
  -------------------------------------------------------------------
                         required time                         -1.253    
                         arrival time                           1.276    
  -------------------------------------------------------------------
                         slack                                  0.023    

Slack (MET) :             0.029ns  (arrival time - required time)
  Source:                 conv_design_i/axi_smc/inst/m02_exit_pipeline/m02_exit/inst/splitter_inst/gen_axi3.splitter_inst/ar_cmd_reg/m_vector_i_reg[1140]/C
                            (rising edge-triggered cell FDRE clocked by clk_fpga_0  {rise@0.000ns fall@5.000ns period=10.000ns})
  Destination:            conv_design_i/axi_smc/inst/m02_exit_pipeline/m02_exit/inst/ar_reg/skid_buffer_reg[1140]/D
                            (rising edge-triggered cell FDRE clocked by clk_fpga_0  {rise@0.000ns fall@5.000ns period=10.000ns})
  Path Group:             clk_fpga_0
  Path Type:              Hold (Min at Fast Process Corner)
  Requirement:            0.000ns  (clk_fpga_0 rise@0.000ns - clk_fpga_0 rise@0.000ns)
  Data Path Delay:        0.382ns  (logic 0.141ns (36.928%)  route 0.241ns (63.072%))
  Logic Levels:           0  
  Clock Path Skew:        0.283ns (DCD - SCD - CPR)
    Destination Clock Delay (DCD):    1.226ns
    Source Clock Delay      (SCD):    0.913ns
    Clock Pessimism Removal (CPR):    0.030ns

    Location             Delay type                Incr(ns)  Path(ns)    Netlist Resource(s)
  -------------------------------------------------------------------    -------------------
                         (clock clk_fpga_0 rise edge)
                                                      0.000     0.000 r  
    PS7_X0Y0             PS7                          0.000     0.000 r  conv_design_i/processing_system7_0/inst/PS7_i/FCLKCLK[0]
                         net (fo=1, routed)           0.310     0.310    conv_design_i/processing_system7_0/inst/FCLK_CLK_unbuffered[0]
    BUFGCTRL_X0Y16       BUFG (Prop_bufg_I_O)         0.026     0.336 r  conv_design_i/processing_system7_0/inst/buffer_fclk_clk_0.FCLK_CLK_0_BUFG/O
                         net (fo=9031, routed)        0.577     0.913    conv_design_i/axi_smc/inst/m02_exit_pipeline/m02_exit/inst/splitter_inst/gen_axi3.splitter_inst/ar_cmd_reg/aclk
    SLICE_X31Y52         FDRE                                         r  conv_design_i/axi_smc/inst/m02_exit_pipeline/m02_exit/inst/splitter_inst/gen_axi3.splitter_inst/ar_cmd_reg/m_vector_i_reg[1140]/C
  -------------------------------------------------------------------    -------------------
    SLICE_X31Y52         FDRE (Prop_fdre_C_Q)         0.141     1.054 r  conv_design_i/axi_smc/inst/m02_exit_pipeline/m02_exit/inst/splitter_inst/gen_axi3.splitter_inst/ar_cmd_reg/m_vector_i_reg[1140]/Q
                         net (fo=2, routed)           0.241     1.294    conv_design_i/axi_smc/inst/m02_exit_pipeline/m02_exit/inst/ar_reg/D[44]
    SLICE_X27Y48         FDRE                                         r  conv_design_i/axi_smc/inst/m02_exit_pipeline/m02_exit/inst/ar_reg/skid_buffer_reg[1140]/D
  -------------------------------------------------------------------    -------------------

                         (clock clk_fpga_0 rise edge)
                                                      0.000     0.000 r  
    PS7_X0Y0             PS7                          0.000     0.000 r  conv_design_i/processing_system7_0/inst/PS7_i/FCLKCLK[0]
                         net (fo=1, routed)           0.337     0.337    conv_design_i/processing_system7_0/inst/FCLK_CLK_unbuffered[0]
    BUFGCTRL_X0Y16       BUFG (Prop_bufg_I_O)         0.029     0.366 r  conv_design_i/processing_system7_0/inst/buffer_fclk_clk_0.FCLK_CLK_0_BUFG/O
                         net (fo=9031, routed)        0.860     1.226    conv_design_i/axi_smc/inst/m02_exit_pipeline/m02_exit/inst/ar_reg/aclk
    SLICE_X27Y48         FDRE                                         r  conv_design_i/axi_smc/inst/m02_exit_pipeline/m02_exit/inst/ar_reg/skid_buffer_reg[1140]/C
                         clock pessimism             -0.030     1.196    
    SLICE_X27Y48         FDRE (Hold_fdre_C_D)         0.070     1.266    conv_design_i/axi_smc/inst/m02_exit_pipeline/m02_exit/inst/ar_reg/skid_buffer_reg[1140]
  -------------------------------------------------------------------
                         required time                         -1.266    
                         arrival time                           1.294    
  -------------------------------------------------------------------
                         slack                                  0.029    

Slack (MET) :             0.035ns  (arrival time - required time)
  Source:                 conv_design_i/axi_smc/inst/m00_nodes/m00_ar_node/inst/inst_mi_handler/gen_normal_area.inst_fifo_node_payld/gen_xpm_memory_fifo.inst_fifo/gen_mem_rep[0].inst_xpm_memory/xpm_memory_base_inst/gen_rd_b.doutb_reg_reg[89]/C
                            (rising edge-triggered cell FDRE clocked by clk_fpga_0  {rise@0.000ns fall@5.000ns period=10.000ns})
  Destination:            conv_design_i/axi_smc/inst/m00_exit_pipeline/m00_exit/inst/exit_inst/gen_r_cmd_fifo.r_cmd_fifo/gen_srls[10].srl_nx1/shift_reg_reg[0]_srl16/D
                            (rising edge-triggered cell SRL16E clocked by clk_fpga_0  {rise@0.000ns fall@5.000ns period=10.000ns})
  Path Group:             clk_fpga_0
  Path Type:              Hold (Min at Fast Process Corner)
  Requirement:            0.000ns  (clk_fpga_0 rise@0.000ns - clk_fpga_0 rise@0.000ns)
  Data Path Delay:        0.409ns  (logic 0.164ns (40.090%)  route 0.245ns (59.910%))
  Logic Levels:           0  
  Clock Path Skew:        0.272ns (DCD - SCD - CPR)
    Destination Clock Delay (DCD):    1.195ns
    Source Clock Delay      (SCD):    0.893ns
    Clock Pessimism Removal (CPR):    0.030ns

    Location             Delay type                Incr(ns)  Path(ns)    Netlist Resource(s)
  -------------------------------------------------------------------    -------------------
                         (clock clk_fpga_0 rise edge)
                                                      0.000     0.000 r  
    PS7_X0Y0             PS7                          0.000     0.000 r  conv_design_i/processing_system7_0/inst/PS7_i/FCLKCLK[0]
                         net (fo=1, routed)           0.310     0.310    conv_design_i/processing_system7_0/inst/FCLK_CLK_unbuffered[0]
    BUFGCTRL_X0Y16       BUFG (Prop_bufg_I_O)         0.026     0.336 r  conv_design_i/processing_system7_0/inst/buffer_fclk_clk_0.FCLK_CLK_0_BUFG/O
                         net (fo=9031, routed)        0.557     0.893    conv_design_i/axi_smc/inst/m00_nodes/m00_ar_node/inst/inst_mi_handler/gen_normal_area.inst_fifo_node_payld/gen_xpm_memory_fifo.inst_fifo/gen_mem_rep[0].inst_xpm_memory/xpm_memory_base_inst/clka
    SLICE_X38Y50         FDRE                                         r  conv_design_i/axi_smc/inst/m00_nodes/m00_ar_node/inst/inst_mi_handler/gen_normal_area.inst_fifo_node_payld/gen_xpm_memory_fifo.inst_fifo/gen_mem_rep[0].inst_xpm_memory/xpm_memory_base_inst/gen_rd_b.doutb_reg_reg[89]/C
  -------------------------------------------------------------------    -------------------
    SLICE_X38Y50         FDRE (Prop_fdre_C_Q)         0.164     1.057 r  conv_design_i/axi_smc/inst/m00_nodes/m00_ar_node/inst/inst_mi_handler/gen_normal_area.inst_fifo_node_payld/gen_xpm_memory_fifo.inst_fifo/gen_mem_rep[0].inst_xpm_memory/xpm_memory_base_inst/gen_rd_b.doutb_reg_reg[89]/Q
                         net (fo=2, routed)           0.245     1.302    conv_design_i/axi_smc/inst/m00_exit_pipeline/m00_exit/inst/exit_inst/gen_r_cmd_fifo.r_cmd_fifo/gen_srls[10].srl_nx1/s_axi_aruser[0]
    SLICE_X38Y46         SRL16E                                       r  conv_design_i/axi_smc/inst/m00_exit_pipeline/m00_exit/inst/exit_inst/gen_r_cmd_fifo.r_cmd_fifo/gen_srls[10].srl_nx1/shift_reg_reg[0]_srl16/D
  -------------------------------------------------------------------    -------------------

                         (clock clk_fpga_0 rise edge)
                                                      0.000     0.000 r  
    PS7_X0Y0             PS7                          0.000     0.000 r  conv_design_i/processing_system7_0/inst/PS7_i/FCLKCLK[0]
                         net (fo=1, routed)           0.337     0.337    conv_design_i/processing_system7_0/inst/FCLK_CLK_unbuffered[0]
    BUFGCTRL_X0Y16       BUFG (Prop_bufg_I_O)         0.029     0.366 r  conv_design_i/processing_system7_0/inst/buffer_fclk_clk_0.FCLK_CLK_0_BUFG/O
                         net (fo=9031, routed)        0.829     1.195    conv_design_i/axi_smc/inst/m00_exit_pipeline/m00_exit/inst/exit_inst/gen_r_cmd_fifo.r_cmd_fifo/gen_srls[10].srl_nx1/aclk
    SLICE_X38Y46         SRL16E                                       r  conv_design_i/axi_smc/inst/m00_exit_pipeline/m00_exit/inst/exit_inst/gen_r_cmd_fifo.r_cmd_fifo/gen_srls[10].srl_nx1/shift_reg_reg[0]_srl16/CLK
                         clock pessimism             -0.030     1.165    
    SLICE_X38Y46         SRL16E (Hold_srl16e_CLK_D)
                                                      0.102     1.267    conv_design_i/axi_smc/inst/m00_exit_pipeline/m00_exit/inst/exit_inst/gen_r_cmd_fifo.r_cmd_fifo/gen_srls[10].srl_nx1/shift_reg_reg[0]_srl16
  -------------------------------------------------------------------
                         required time                         -1.267    
                         arrival time                           1.302    
  -------------------------------------------------------------------
                         slack                                  0.035    

Slack (MET) :             0.037ns  (arrival time - required time)
  Source:                 conv_design_i/axi_smc/inst/m00_nodes/m00_r_node/inst/inst_mi_handler/gen_normal_area.gen_upsizer.inst_upsizer/gen_r_ch.accum_reg[bytes][4][userdata][3]/C
                            (rising edge-triggered cell FDRE clocked by clk_fpga_0  {rise@0.000ns fall@5.000ns period=10.000ns})
  Destination:            conv_design_i/axi_smc/inst/m00_nodes/m00_r_node/inst/inst_mi_handler/gen_normal_area.inst_fifo_node_payld/gen_xpm_memory_fifo.inst_fifo/gen_mem_rep[0].inst_xpm_memory/xpm_memory_base_inst/gen_wr_a.gen_word_narrow.mem_reg_0_31_54_59/RAMA/I
                            (rising edge-triggered cell RAMD32 clocked by clk_fpga_0  {rise@0.000ns fall@5.000ns period=10.000ns})
  Path Group:             clk_fpga_0
  Path Type:              Hold (Min at Fast Process Corner)
  Requirement:            0.000ns  (clk_fpga_0 rise@0.000ns - clk_fpga_0 rise@0.000ns)
  Data Path Delay:        0.197ns  (logic 0.141ns (71.611%)  route 0.056ns (28.389%))
  Logic Levels:           0  
  Clock Path Skew:        0.013ns (DCD - SCD - CPR)
    Destination Clock Delay (DCD):    1.222ns
    Source Clock Delay      (SCD):    0.924ns
    Clock Pessimism Removal (CPR):    0.285ns

    Location             Delay type                Incr(ns)  Path(ns)    Netlist Resource(s)
  -------------------------------------------------------------------    -------------------
                         (clock clk_fpga_0 rise edge)
                                                      0.000     0.000 r  
    PS7_X0Y0             PS7                          0.000     0.000 r  conv_design_i/processing_system7_0/inst/PS7_i/FCLKCLK[0]
                         net (fo=1, routed)           0.310     0.310    conv_design_i/processing_system7_0/inst/FCLK_CLK_unbuffered[0]
    BUFGCTRL_X0Y16       BUFG (Prop_bufg_I_O)         0.026     0.336 r  conv_design_i/processing_system7_0/inst/buffer_fclk_clk_0.FCLK_CLK_0_BUFG/O
                         net (fo=9031, routed)        0.588     0.924    conv_design_i/axi_smc/inst/m00_nodes/m00_r_node/inst/inst_mi_handler/gen_normal_area.gen_upsizer.inst_upsizer/s_sc_aclk
    SLICE_X17Y31         FDRE                                         r  conv_design_i/axi_smc/inst/m00_nodes/m00_r_node/inst/inst_mi_handler/gen_normal_area.gen_upsizer.inst_upsizer/gen_r_ch.accum_reg[bytes][4][userdata][3]/C
  -------------------------------------------------------------------    -------------------
    SLICE_X17Y31         FDRE (Prop_fdre_C_Q)         0.141     1.065 r  conv_design_i/axi_smc/inst/m00_nodes/m00_r_node/inst/inst_mi_handler/gen_normal_area.gen_upsizer.inst_upsizer/gen_r_ch.accum_reg[bytes][4][userdata][3]/Q
                         net (fo=1, routed)           0.056     1.120    conv_design_i/axi_smc/inst/m00_nodes/m00_r_node/inst/inst_mi_handler/gen_normal_area.inst_fifo_node_payld/gen_xpm_memory_fifo.inst_fifo/gen_mem_rep[0].inst_xpm_memory/xpm_memory_base_inst/gen_wr_a.gen_word_narrow.mem_reg_0_31_54_59/DIA0
    SLICE_X16Y31         RAMD32                                       r  conv_design_i/axi_smc/inst/m00_nodes/m00_r_node/inst/inst_mi_handler/gen_normal_area.inst_fifo_node_payld/gen_xpm_memory_fifo.inst_fifo/gen_mem_rep[0].inst_xpm_memory/xpm_memory_base_inst/gen_wr_a.gen_word_narrow.mem_reg_0_31_54_59/RAMA/I
  -------------------------------------------------------------------    -------------------

                         (clock clk_fpga_0 rise edge)
                                                      0.000     0.000 r  
    PS7_X0Y0             PS7                          0.000     0.000 r  conv_design_i/processing_system7_0/inst/PS7_i/FCLKCLK[0]
                         net (fo=1, routed)           0.337     0.337    conv_design_i/processing_system7_0/inst/FCLK_CLK_unbuffered[0]
    BUFGCTRL_X0Y16       BUFG (Prop_bufg_I_O)         0.029     0.366 r  conv_design_i/processing_system7_0/inst/buffer_fclk_clk_0.FCLK_CLK_0_BUFG/O
                         net (fo=9031, routed)        0.856     1.222    conv_design_i/axi_smc/inst/m00_nodes/m00_r_node/inst/inst_mi_handler/gen_normal_area.inst_fifo_node_payld/gen_xpm_memory_fifo.inst_fifo/gen_mem_rep[0].inst_xpm_memory/xpm_memory_base_inst/gen_wr_a.gen_word_narrow.mem_reg_0_31_54_59/WCLK
    SLICE_X16Y31         RAMD32                                       r  conv_design_i/axi_smc/inst/m00_nodes/m00_r_node/inst/inst_mi_handler/gen_normal_area.inst_fifo_node_payld/gen_xpm_memory_fifo.inst_fifo/gen_mem_rep[0].inst_xpm_memory/xpm_memory_base_inst/gen_wr_a.gen_word_narrow.mem_reg_0_31_54_59/RAMA/CLK
                         clock pessimism             -0.285     0.937    
    SLICE_X16Y31         RAMD32 (Hold_ramd32_CLK_I)
                                                      0.147     1.084    conv_design_i/axi_smc/inst/m00_nodes/m00_r_node/inst/inst_mi_handler/gen_normal_area.inst_fifo_node_payld/gen_xpm_memory_fifo.inst_fifo/gen_mem_rep[0].inst_xpm_memory/xpm_memory_base_inst/gen_wr_a.gen_word_narrow.mem_reg_0_31_54_59/RAMA
  -------------------------------------------------------------------
                         required time                         -1.084    
                         arrival time                           1.120    
  -------------------------------------------------------------------
                         slack                                  0.037    

Slack (MET) :             0.037ns  (arrival time - required time)
  Source:                 conv_design_i/axi_smc/inst/m01_nodes/m01_r_node/inst/inst_mi_handler/gen_normal_area.gen_upsizer.inst_upsizer/gen_r_ch.accum_reg[bytes][5][userdata][1]/C
                            (rising edge-triggered cell FDRE clocked by clk_fpga_0  {rise@0.000ns fall@5.000ns period=10.000ns})
  Destination:            conv_design_i/axi_smc/inst/m01_nodes/m01_r_node/inst/inst_mi_handler/gen_normal_area.inst_fifo_node_payld/gen_xpm_memory_fifo.inst_fifo/gen_mem_rep[0].inst_xpm_memory/xpm_memory_base_inst/gen_wr_a.gen_word_narrow.mem_reg_0_31_60_65/RAMA/I
                            (rising edge-triggered cell RAMD32 clocked by clk_fpga_0  {rise@0.000ns fall@5.000ns period=10.000ns})
  Path Group:             clk_fpga_0
  Path Type:              Hold (Min at Fast Process Corner)
  Requirement:            0.000ns  (clk_fpga_0 rise@0.000ns - clk_fpga_0 rise@0.000ns)
  Data Path Delay:        0.197ns  (logic 0.141ns (71.611%)  route 0.056ns (28.389%))
  Logic Levels:           0  
  Clock Path Skew:        0.013ns (DCD - SCD - CPR)
    Destination Clock Delay (DCD):    1.220ns
    Source Clock Delay      (SCD):    0.923ns
    Clock Pessimism Removal (CPR):    0.284ns

    Location             Delay type                Incr(ns)  Path(ns)    Netlist Resource(s)
  -------------------------------------------------------------------    -------------------
                         (clock clk_fpga_0 rise edge)
                                                      0.000     0.000 r  
    PS7_X0Y0             PS7                          0.000     0.000 r  conv_design_i/processing_system7_0/inst/PS7_i/FCLKCLK[0]
                         net (fo=1, routed)           0.310     0.310    conv_design_i/processing_system7_0/inst/FCLK_CLK_unbuffered[0]
    BUFGCTRL_X0Y16       BUFG (Prop_bufg_I_O)         0.026     0.336 r  conv_design_i/processing_system7_0/inst/buffer_fclk_clk_0.FCLK_CLK_0_BUFG/O
                         net (fo=9031, routed)        0.587     0.923    conv_design_i/axi_smc/inst/m01_nodes/m01_r_node/inst/inst_mi_handler/gen_normal_area.gen_upsizer.inst_upsizer/s_sc_aclk
    SLICE_X11Y29         FDRE                                         r  conv_design_i/axi_smc/inst/m01_nodes/m01_r_node/inst/inst_mi_handler/gen_normal_area.gen_upsizer.inst_upsizer/gen_r_ch.accum_reg[bytes][5][userdata][1]/C
  -------------------------------------------------------------------    -------------------
    SLICE_X11Y29         FDRE (Prop_fdre_C_Q)         0.141     1.064 r  conv_design_i/axi_smc/inst/m01_nodes/m01_r_node/inst/inst_mi_handler/gen_normal_area.gen_upsizer.inst_upsizer/gen_r_ch.accum_reg[bytes][5][userdata][1]/Q
                         net (fo=1, routed)           0.056     1.119    conv_design_i/axi_smc/inst/m01_nodes/m01_r_node/inst/inst_mi_handler/gen_normal_area.inst_fifo_node_payld/gen_xpm_memory_fifo.inst_fifo/gen_mem_rep[0].inst_xpm_memory/xpm_memory_base_inst/gen_wr_a.gen_word_narrow.mem_reg_0_31_60_65/DIA0
    SLICE_X10Y29         RAMD32                                       r  conv_design_i/axi_smc/inst/m01_nodes/m01_r_node/inst/inst_mi_handler/gen_normal_area.inst_fifo_node_payld/gen_xpm_memory_fifo.inst_fifo/gen_mem_rep[0].inst_xpm_memory/xpm_memory_base_inst/gen_wr_a.gen_word_narrow.mem_reg_0_31_60_65/RAMA/I
  -------------------------------------------------------------------    -------------------

                         (clock clk_fpga_0 rise edge)
                                                      0.000     0.000 r  
    PS7_X0Y0             PS7                          0.000     0.000 r  conv_design_i/processing_system7_0/inst/PS7_i/FCLKCLK[0]
                         net (fo=1, routed)           0.337     0.337    conv_design_i/processing_system7_0/inst/FCLK_CLK_unbuffered[0]
    BUFGCTRL_X0Y16       BUFG (Prop_bufg_I_O)         0.029     0.366 r  conv_design_i/processing_system7_0/inst/buffer_fclk_clk_0.FCLK_CLK_0_BUFG/O
                         net (fo=9031, routed)        0.854     1.220    conv_design_i/axi_smc/inst/m01_nodes/m01_r_node/inst/inst_mi_handler/gen_normal_area.inst_fifo_node_payld/gen_xpm_memory_fifo.inst_fifo/gen_mem_rep[0].inst_xpm_memory/xpm_memory_base_inst/gen_wr_a.gen_word_narrow.mem_reg_0_31_60_65/WCLK
    SLICE_X10Y29         RAMD32                                       r  conv_design_i/axi_smc/inst/m01_nodes/m01_r_node/inst/inst_mi_handler/gen_normal_area.inst_fifo_node_payld/gen_xpm_memory_fifo.inst_fifo/gen_mem_rep[0].inst_xpm_memory/xpm_memory_base_inst/gen_wr_a.gen_word_narrow.mem_reg_0_31_60_65/RAMA/CLK
                         clock pessimism             -0.284     0.936    
    SLICE_X10Y29         RAMD32 (Hold_ramd32_CLK_I)
                                                      0.147     1.083    conv_design_i/axi_smc/inst/m01_nodes/m01_r_node/inst/inst_mi_handler/gen_normal_area.inst_fifo_node_payld/gen_xpm_memory_fifo.inst_fifo/gen_mem_rep[0].inst_xpm_memory/xpm_memory_base_inst/gen_wr_a.gen_word_narrow.mem_reg_0_31_60_65/RAMA
  -------------------------------------------------------------------
                         required time                         -1.083    
                         arrival time                           1.119    
  -------------------------------------------------------------------
                         slack                                  0.037    

Slack (MET) :             0.037ns  (arrival time - required time)
  Source:                 conv_design_i/axi_smc/inst/switchboards/aw_switchboard/inst/gen_mi[0].inst_opipe_payld/gen_pipe[1].pipe_reg[1][72]/C
                            (rising edge-triggered cell FDRE clocked by clk_fpga_0  {rise@0.000ns fall@5.000ns period=10.000ns})
  Destination:            conv_design_i/axi_smc/inst/m02_nodes/m02_aw_node/inst/inst_mi_handler/gen_normal_area.inst_fifo_node_payld/gen_xpm_memory_fifo.inst_fifo/gen_mem_rep[0].inst_xpm_memory/xpm_memory_base_inst/gen_wr_a.gen_word_narrow.mem_reg_0_31_72_77/RAMA/I
                            (rising edge-triggered cell RAMD32 clocked by clk_fpga_0  {rise@0.000ns fall@5.000ns period=10.000ns})
  Path Group:             clk_fpga_0
  Path Type:              Hold (Min at Fast Process Corner)
  Requirement:            0.000ns  (clk_fpga_0 rise@0.000ns - clk_fpga_0 rise@0.000ns)
  Data Path Delay:        0.197ns  (logic 0.141ns (71.611%)  route 0.056ns (28.389%))
  Logic Levels:           0  
  Clock Path Skew:        0.013ns (DCD - SCD - CPR)
    Destination Clock Delay (DCD):    1.185ns
    Source Clock Delay      (SCD):    0.888ns
    Clock Pessimism Removal (CPR):    0.284ns

    Location             Delay type                Incr(ns)  Path(ns)    Netlist Resource(s)
  -------------------------------------------------------------------    -------------------
                         (clock clk_fpga_0 rise edge)
                                                      0.000     0.000 r  
    PS7_X0Y0             PS7                          0.000     0.000 r  conv_design_i/processing_system7_0/inst/PS7_i/FCLKCLK[0]
                         net (fo=1, routed)           0.310     0.310    conv_design_i/processing_system7_0/inst/FCLK_CLK_unbuffered[0]
    BUFGCTRL_X0Y16       BUFG (Prop_bufg_I_O)         0.026     0.336 r  conv_design_i/processing_system7_0/inst/buffer_fclk_clk_0.FCLK_CLK_0_BUFG/O
                         net (fo=9031, routed)        0.552     0.888    conv_design_i/axi_smc/inst/switchboards/aw_switchboard/inst/gen_mi[0].inst_opipe_payld/aclk
    SLICE_X37Y63         FDRE                                         r  conv_design_i/axi_smc/inst/switchboards/aw_switchboard/inst/gen_mi[0].inst_opipe_payld/gen_pipe[1].pipe_reg[1][72]/C
  -------------------------------------------------------------------    -------------------
    SLICE_X37Y63         FDRE (Prop_fdre_C_Q)         0.141     1.029 r  conv_design_i/axi_smc/inst/switchboards/aw_switchboard/inst/gen_mi[0].inst_opipe_payld/gen_pipe[1].pipe_reg[1][72]/Q
                         net (fo=1, routed)           0.056     1.084    conv_design_i/axi_smc/inst/m02_nodes/m02_aw_node/inst/inst_mi_handler/gen_normal_area.inst_fifo_node_payld/gen_xpm_memory_fifo.inst_fifo/gen_mem_rep[0].inst_xpm_memory/xpm_memory_base_inst/gen_wr_a.gen_word_narrow.mem_reg_0_31_72_77/DIA0
    SLICE_X36Y63         RAMD32                                       r  conv_design_i/axi_smc/inst/m02_nodes/m02_aw_node/inst/inst_mi_handler/gen_normal_area.inst_fifo_node_payld/gen_xpm_memory_fifo.inst_fifo/gen_mem_rep[0].inst_xpm_memory/xpm_memory_base_inst/gen_wr_a.gen_word_narrow.mem_reg_0_31_72_77/RAMA/I
  -------------------------------------------------------------------    -------------------

                         (clock clk_fpga_0 rise edge)
                                                      0.000     0.000 r  
    PS7_X0Y0             PS7                          0.000     0.000 r  conv_design_i/processing_system7_0/inst/PS7_i/FCLKCLK[0]
                         net (fo=1, routed)           0.337     0.337    conv_design_i/processing_system7_0/inst/FCLK_CLK_unbuffered[0]
    BUFGCTRL_X0Y16       BUFG (Prop_bufg_I_O)         0.029     0.366 r  conv_design_i/processing_system7_0/inst/buffer_fclk_clk_0.FCLK_CLK_0_BUFG/O
                         net (fo=9031, routed)        0.819     1.185    conv_design_i/axi_smc/inst/m02_nodes/m02_aw_node/inst/inst_mi_handler/gen_normal_area.inst_fifo_node_payld/gen_xpm_memory_fifo.inst_fifo/gen_mem_rep[0].inst_xpm_memory/xpm_memory_base_inst/gen_wr_a.gen_word_narrow.mem_reg_0_31_72_77/WCLK
    SLICE_X36Y63         RAMD32                                       r  conv_design_i/axi_smc/inst/m02_nodes/m02_aw_node/inst/inst_mi_handler/gen_normal_area.inst_fifo_node_payld/gen_xpm_memory_fifo.inst_fifo/gen_mem_rep[0].inst_xpm_memory/xpm_memory_base_inst/gen_wr_a.gen_word_narrow.mem_reg_0_31_72_77/RAMA/CLK
                         clock pessimism             -0.284     0.901    
    SLICE_X36Y63         RAMD32 (Hold_ramd32_CLK_I)
                                                      0.147     1.048    conv_design_i/axi_smc/inst/m02_nodes/m02_aw_node/inst/inst_mi_handler/gen_normal_area.inst_fifo_node_payld/gen_xpm_memory_fifo.inst_fifo/gen_mem_rep[0].inst_xpm_memory/xpm_memory_base_inst/gen_wr_a.gen_word_narrow.mem_reg_0_31_72_77/RAMA
  -------------------------------------------------------------------
                         required time                         -1.048    
                         arrival time                           1.084    
  -------------------------------------------------------------------
                         slack                                  0.037    

Slack (MET) :             0.037ns  (arrival time - required time)
  Source:                 conv_design_i/axi_smc/inst/s00_nodes/s00_w_node/inst/inst_mi_handler/gen_normal_area.gen_upsizer.inst_upsizer/inst_upsizer_target_pipeline/gen_pipe[1].pipe_reg[1][0]/C
                            (rising edge-triggered cell FDRE clocked by clk_fpga_0  {rise@0.000ns fall@5.000ns period=10.000ns})
  Destination:            conv_design_i/axi_smc/inst/s00_nodes/s00_w_node/inst/inst_mi_handler/gen_normal_area.gen_fifo_req.inst_fifo_req/gen_xpm_memory_fifo.inst_fifo/gen_mem_rep[0].inst_xpm_memory/xpm_memory_base_inst/gen_wr_a.gen_word_narrow.mem_reg_0_31_0_5/RAMA/I
                            (rising edge-triggered cell RAMD32 clocked by clk_fpga_0  {rise@0.000ns fall@5.000ns period=10.000ns})
  Path Group:             clk_fpga_0
  Path Type:              Hold (Min at Fast Process Corner)
  Requirement:            0.000ns  (clk_fpga_0 rise@0.000ns - clk_fpga_0 rise@0.000ns)
  Data Path Delay:        0.197ns  (logic 0.141ns (71.611%)  route 0.056ns (28.389%))
  Logic Levels:           0  
  Clock Path Skew:        0.013ns (DCD - SCD - CPR)
    Destination Clock Delay (DCD):    1.184ns
    Source Clock Delay      (SCD):    0.886ns
    Clock Pessimism Removal (CPR):    0.285ns

    Location             Delay type                Incr(ns)  Path(ns)    Netlist Resource(s)
  -------------------------------------------------------------------    -------------------
                         (clock clk_fpga_0 rise edge)
                                                      0.000     0.000 r  
    PS7_X0Y0             PS7                          0.000     0.000 r  conv_design_i/processing_system7_0/inst/PS7_i/FCLKCLK[0]
                         net (fo=1, routed)           0.310     0.310    conv_design_i/processing_system7_0/inst/FCLK_CLK_unbuffered[0]
    BUFGCTRL_X0Y16       BUFG (Prop_bufg_I_O)         0.026     0.336 r  conv_design_i/processing_system7_0/inst/buffer_fclk_clk_0.FCLK_CLK_0_BUFG/O
                         net (fo=9031, routed)        0.550     0.886    conv_design_i/axi_smc/inst/s00_nodes/s00_w_node/inst/inst_mi_handler/gen_normal_area.gen_upsizer.inst_upsizer/inst_upsizer_target_pipeline/s_sc_aclk
    SLICE_X51Y61         FDRE                                         r  conv_design_i/axi_smc/inst/s00_nodes/s00_w_node/inst/inst_mi_handler/gen_normal_area.gen_upsizer.inst_upsizer/inst_upsizer_target_pipeline/gen_pipe[1].pipe_reg[1][0]/C
  -------------------------------------------------------------------    -------------------
    SLICE_X51Y61         FDRE (Prop_fdre_C_Q)         0.141     1.027 r  conv_design_i/axi_smc/inst/s00_nodes/s00_w_node/inst/inst_mi_handler/gen_normal_area.gen_upsizer.inst_upsizer/inst_upsizer_target_pipeline/gen_pipe[1].pipe_reg[1][0]/Q
                         net (fo=1, routed)           0.056     1.082    conv_design_i/axi_smc/inst/s00_nodes/s00_w_node/inst/inst_mi_handler/gen_normal_area.gen_fifo_req.inst_fifo_req/gen_xpm_memory_fifo.inst_fifo/gen_mem_rep[0].inst_xpm_memory/xpm_memory_base_inst/gen_wr_a.gen_word_narrow.mem_reg_0_31_0_5/DIA0
    SLICE_X50Y61         RAMD32                                       r  conv_design_i/axi_smc/inst/s00_nodes/s00_w_node/inst/inst_mi_handler/gen_normal_area.gen_fifo_req.inst_fifo_req/gen_xpm_memory_fifo.inst_fifo/gen_mem_rep[0].inst_xpm_memory/xpm_memory_base_inst/gen_wr_a.gen_word_narrow.mem_reg_0_31_0_5/RAMA/I
  -------------------------------------------------------------------    -------------------

                         (clock clk_fpga_0 rise edge)
                                                      0.000     0.000 r  
    PS7_X0Y0             PS7                          0.000     0.000 r  conv_design_i/processing_system7_0/inst/PS7_i/FCLKCLK[0]
                         net (fo=1, routed)           0.337     0.337    conv_design_i/processing_system7_0/inst/FCLK_CLK_unbuffered[0]
    BUFGCTRL_X0Y16       BUFG (Prop_bufg_I_O)         0.029     0.366 r  conv_design_i/processing_system7_0/inst/buffer_fclk_clk_0.FCLK_CLK_0_BUFG/O
                         net (fo=9031, routed)        0.818     1.184    conv_design_i/axi_smc/inst/s00_nodes/s00_w_node/inst/inst_mi_handler/gen_normal_area.gen_fifo_req.inst_fifo_req/gen_xpm_memory_fifo.inst_fifo/gen_mem_rep[0].inst_xpm_memory/xpm_memory_base_inst/gen_wr_a.gen_word_narrow.mem_reg_0_31_0_5/WCLK
    SLICE_X50Y61         RAMD32                                       r  conv_design_i/axi_smc/inst/s00_nodes/s00_w_node/inst/inst_mi_handler/gen_normal_area.gen_fifo_req.inst_fifo_req/gen_xpm_memory_fifo.inst_fifo/gen_mem_rep[0].inst_xpm_memory/xpm_memory_base_inst/gen_wr_a.gen_word_narrow.mem_reg_0_31_0_5/RAMA/CLK
                         clock pessimism             -0.285     0.899    
    SLICE_X50Y61         RAMD32 (Hold_ramd32_CLK_I)
                                                      0.147     1.046    conv_design_i/axi_smc/inst/s00_nodes/s00_w_node/inst/inst_mi_handler/gen_normal_area.gen_fifo_req.inst_fifo_req/gen_xpm_memory_fifo.inst_fifo/gen_mem_rep[0].inst_xpm_memory/xpm_memory_base_inst/gen_wr_a.gen_word_narrow.mem_reg_0_31_0_5/RAMA
  -------------------------------------------------------------------
                         required time                         -1.046    
                         arrival time                           1.082    
  -------------------------------------------------------------------
                         slack                                  0.037    

Slack (MET) :             0.037ns  (arrival time - required time)
  Source:                 conv_design_i/axi_smc/inst/m00_nodes/m00_r_node/inst/inst_mi_handler/gen_normal_area.gen_upsizer.inst_upsizer/gen_r_ch.accum_reg[bytes][5][userdata][1]/C
                            (rising edge-triggered cell FDRE clocked by clk_fpga_0  {rise@0.000ns fall@5.000ns period=10.000ns})
  Destination:            conv_design_i/axi_smc/inst/m00_nodes/m00_r_node/inst/inst_mi_handler/gen_normal_area.inst_fifo_node_payld/gen_xpm_memory_fifo.inst_fifo/gen_mem_rep[0].inst_xpm_memory/xpm_memory_base_inst/gen_wr_a.gen_word_narrow.mem_reg_0_31_60_65/RAMA/I
                            (rising edge-triggered cell RAMD32 clocked by clk_fpga_0  {rise@0.000ns fall@5.000ns period=10.000ns})
  Path Group:             clk_fpga_0
  Path Type:              Hold (Min at Fast Process Corner)
  Requirement:            0.000ns  (clk_fpga_0 rise@0.000ns - clk_fpga_0 rise@0.000ns)
  Data Path Delay:        0.197ns  (logic 0.141ns (71.611%)  route 0.056ns (28.389%))
  Logic Levels:           0  
  Clock Path Skew:        0.013ns (DCD - SCD - CPR)
    Destination Clock Delay (DCD):    1.219ns
    Source Clock Delay      (SCD):    0.922ns
    Clock Pessimism Removal (CPR):    0.284ns

    Location             Delay type                Incr(ns)  Path(ns)    Netlist Resource(s)
  -------------------------------------------------------------------    -------------------
                         (clock clk_fpga_0 rise edge)
                                                      0.000     0.000 r  
    PS7_X0Y0             PS7                          0.000     0.000 r  conv_design_i/processing_system7_0/inst/PS7_i/FCLKCLK[0]
                         net (fo=1, routed)           0.310     0.310    conv_design_i/processing_system7_0/inst/FCLK_CLK_unbuffered[0]
    BUFGCTRL_X0Y16       BUFG (Prop_bufg_I_O)         0.026     0.336 r  conv_design_i/processing_system7_0/inst/buffer_fclk_clk_0.FCLK_CLK_0_BUFG/O
                         net (fo=9031, routed)        0.586     0.922    conv_design_i/axi_smc/inst/m00_nodes/m00_r_node/inst/inst_mi_handler/gen_normal_area.gen_upsizer.inst_upsizer/s_sc_aclk
    SLICE_X15Y28         FDRE                                         r  conv_design_i/axi_smc/inst/m00_nodes/m00_r_node/inst/inst_mi_handler/gen_normal_area.gen_upsizer.inst_upsizer/gen_r_ch.accum_reg[bytes][5][userdata][1]/C
  -------------------------------------------------------------------    -------------------
    SLICE_X15Y28         FDRE (Prop_fdre_C_Q)         0.141     1.062 r  conv_design_i/axi_smc/inst/m00_nodes/m00_r_node/inst/inst_mi_handler/gen_normal_area.gen_upsizer.inst_upsizer/gen_r_ch.accum_reg[bytes][5][userdata][1]/Q
                         net (fo=1, routed)           0.056     1.118    conv_design_i/axi_smc/inst/m00_nodes/m00_r_node/inst/inst_mi_handler/gen_normal_area.inst_fifo_node_payld/gen_xpm_memory_fifo.inst_fifo/gen_mem_rep[0].inst_xpm_memory/xpm_memory_base_inst/gen_wr_a.gen_word_narrow.mem_reg_0_31_60_65/DIA0
    SLICE_X14Y28         RAMD32                                       r  conv_design_i/axi_smc/inst/m00_nodes/m00_r_node/inst/inst_mi_handler/gen_normal_area.inst_fifo_node_payld/gen_xpm_memory_fifo.inst_fifo/gen_mem_rep[0].inst_xpm_memory/xpm_memory_base_inst/gen_wr_a.gen_word_narrow.mem_reg_0_31_60_65/RAMA/I
  -------------------------------------------------------------------    -------------------

                         (clock clk_fpga_0 rise edge)
                                                      0.000     0.000 r  
    PS7_X0Y0             PS7                          0.000     0.000 r  conv_design_i/processing_system7_0/inst/PS7_i/FCLKCLK[0]
                         net (fo=1, routed)           0.337     0.337    conv_design_i/processing_system7_0/inst/FCLK_CLK_unbuffered[0]
    BUFGCTRL_X0Y16       BUFG (Prop_bufg_I_O)         0.029     0.366 r  conv_design_i/processing_system7_0/inst/buffer_fclk_clk_0.FCLK_CLK_0_BUFG/O
                         net (fo=9031, routed)        0.853     1.219    conv_design_i/axi_smc/inst/m00_nodes/m00_r_node/inst/inst_mi_handler/gen_normal_area.inst_fifo_node_payld/gen_xpm_memory_fifo.inst_fifo/gen_mem_rep[0].inst_xpm_memory/xpm_memory_base_inst/gen_wr_a.gen_word_narrow.mem_reg_0_31_60_65/WCLK
    SLICE_X14Y28         RAMD32                                       r  conv_design_i/axi_smc/inst/m00_nodes/m00_r_node/inst/inst_mi_handler/gen_normal_area.inst_fifo_node_payld/gen_xpm_memory_fifo.inst_fifo/gen_mem_rep[0].inst_xpm_memory/xpm_memory_base_inst/gen_wr_a.gen_word_narrow.mem_reg_0_31_60_65/RAMA/CLK
                         clock pessimism             -0.284     0.934    
    SLICE_X14Y28         RAMD32 (Hold_ramd32_CLK_I)
                                                      0.147     1.081    conv_design_i/axi_smc/inst/m00_nodes/m00_r_node/inst/inst_mi_handler/gen_normal_area.inst_fifo_node_payld/gen_xpm_memory_fifo.inst_fifo/gen_mem_rep[0].inst_xpm_memory/xpm_memory_base_inst/gen_wr_a.gen_word_narrow.mem_reg_0_31_60_65/RAMA
  -------------------------------------------------------------------
                         required time                         -1.082    
                         arrival time                           1.118    
  -------------------------------------------------------------------
                         slack                                  0.037    

Slack (MET) :             0.037ns  (arrival time - required time)
  Source:                 conv_design_i/axi_smc/inst/switchboards/aw_switchboard/inst/gen_mi[0].inst_opipe_payld/gen_pipe[1].pipe_reg[1][126]/C
                            (rising edge-triggered cell FDRE clocked by clk_fpga_0  {rise@0.000ns fall@5.000ns period=10.000ns})
  Destination:            conv_design_i/axi_smc/inst/m02_nodes/m02_aw_node/inst/inst_mi_handler/gen_normal_area.inst_fifo_node_payld/gen_xpm_memory_fifo.inst_fifo/gen_mem_rep[0].inst_xpm_memory/xpm_memory_base_inst/gen_wr_a.gen_word_narrow.mem_reg_0_31_126_131/RAMA/I
                            (rising edge-triggered cell RAMD32 clocked by clk_fpga_0  {rise@0.000ns fall@5.000ns period=10.000ns})
  Path Group:             clk_fpga_0
  Path Type:              Hold (Min at Fast Process Corner)
  Requirement:            0.000ns  (clk_fpga_0 rise@0.000ns - clk_fpga_0 rise@0.000ns)
  Data Path Delay:        0.197ns  (logic 0.141ns (71.611%)  route 0.056ns (28.389%))
  Logic Levels:           0  
  Clock Path Skew:        0.013ns (DCD - SCD - CPR)
    Destination Clock Delay (DCD):    1.183ns
    Source Clock Delay      (SCD):    0.887ns
    Clock Pessimism Removal (CPR):    0.283ns

    Location             Delay type                Incr(ns)  Path(ns)    Netlist Resource(s)
  -------------------------------------------------------------------    -------------------
                         (clock clk_fpga_0 rise edge)
                                                      0.000     0.000 r  
    PS7_X0Y0             PS7                          0.000     0.000 r  conv_design_i/processing_system7_0/inst/PS7_i/FCLKCLK[0]
                         net (fo=1, routed)           0.310     0.310    conv_design_i/processing_system7_0/inst/FCLK_CLK_unbuffered[0]
    BUFGCTRL_X0Y16       BUFG (Prop_bufg_I_O)         0.026     0.336 r  conv_design_i/processing_system7_0/inst/buffer_fclk_clk_0.FCLK_CLK_0_BUFG/O
                         net (fo=9031, routed)        0.551     0.887    conv_design_i/axi_smc/inst/switchboards/aw_switchboard/inst/gen_mi[0].inst_opipe_payld/aclk
    SLICE_X37Y66         FDRE                                         r  conv_design_i/axi_smc/inst/switchboards/aw_switchboard/inst/gen_mi[0].inst_opipe_payld/gen_pipe[1].pipe_reg[1][126]/C
  -------------------------------------------------------------------    -------------------
    SLICE_X37Y66         FDRE (Prop_fdre_C_Q)         0.141     1.028 r  conv_design_i/axi_smc/inst/switchboards/aw_switchboard/inst/gen_mi[0].inst_opipe_payld/gen_pipe[1].pipe_reg[1][126]/Q
                         net (fo=1, routed)           0.056     1.083    conv_design_i/axi_smc/inst/m02_nodes/m02_aw_node/inst/inst_mi_handler/gen_normal_area.inst_fifo_node_payld/gen_xpm_memory_fifo.inst_fifo/gen_mem_rep[0].inst_xpm_memory/xpm_memory_base_inst/gen_wr_a.gen_word_narrow.mem_reg_0_31_126_131/DIA0
    SLICE_X36Y66         RAMD32                                       r  conv_design_i/axi_smc/inst/m02_nodes/m02_aw_node/inst/inst_mi_handler/gen_normal_area.inst_fifo_node_payld/gen_xpm_memory_fifo.inst_fifo/gen_mem_rep[0].inst_xpm_memory/xpm_memory_base_inst/gen_wr_a.gen_word_narrow.mem_reg_0_31_126_131/RAMA/I
  -------------------------------------------------------------------    -------------------

                         (clock clk_fpga_0 rise edge)
                                                      0.000     0.000 r  
    PS7_X0Y0             PS7                          0.000     0.000 r  conv_design_i/processing_system7_0/inst/PS7_i/FCLKCLK[0]
                         net (fo=1, routed)           0.337     0.337    conv_design_i/processing_system7_0/inst/FCLK_CLK_unbuffered[0]
    BUFGCTRL_X0Y16       BUFG (Prop_bufg_I_O)         0.029     0.366 r  conv_design_i/processing_system7_0/inst/buffer_fclk_clk_0.FCLK_CLK_0_BUFG/O
                         net (fo=9031, routed)        0.817     1.183    conv_design_i/axi_smc/inst/m02_nodes/m02_aw_node/inst/inst_mi_handler/gen_normal_area.inst_fifo_node_payld/gen_xpm_memory_fifo.inst_fifo/gen_mem_rep[0].inst_xpm_memory/xpm_memory_base_inst/gen_wr_a.gen_word_narrow.mem_reg_0_31_126_131/WCLK
    SLICE_X36Y66         RAMD32                                       r  conv_design_i/axi_smc/inst/m02_nodes/m02_aw_node/inst/inst_mi_handler/gen_normal_area.inst_fifo_node_payld/gen_xpm_memory_fifo.inst_fifo/gen_mem_rep[0].inst_xpm_memory/xpm_memory_base_inst/gen_wr_a.gen_word_narrow.mem_reg_0_31_126_131/RAMA/CLK
                         clock pessimism             -0.283     0.900    
    SLICE_X36Y66         RAMD32 (Hold_ramd32_CLK_I)
                                                      0.147     1.047    conv_design_i/axi_smc/inst/m02_nodes/m02_aw_node/inst/inst_mi_handler/gen_normal_area.inst_fifo_node_payld/gen_xpm_memory_fifo.inst_fifo/gen_mem_rep[0].inst_xpm_memory/xpm_memory_base_inst/gen_wr_a.gen_word_narrow.mem_reg_0_31_126_131/RAMA
  -------------------------------------------------------------------
                         required time                         -1.047    
                         arrival time                           1.083    
  -------------------------------------------------------------------
                         slack                                  0.037    

Slack (MET) :             0.037ns  (arrival time - required time)
  Source:                 conv_design_i/axi_smc/inst/switchboards/r_switchboard/inst/gen_mi[0].inst_opipe_payld/gen_pipe[1].pipe_reg[1][36]/C
                            (rising edge-triggered cell FDRE clocked by clk_fpga_0  {rise@0.000ns fall@5.000ns period=10.000ns})
  Destination:            conv_design_i/axi_smc/inst/s00_nodes/s00_r_node/inst/inst_mi_handler/gen_normal_area.inst_fifo_node_payld/gen_xpm_memory_fifo.inst_fifo/gen_mem_rep[0].inst_xpm_memory/xpm_memory_base_inst/gen_wr_a.gen_word_narrow.mem_reg_0_31_36_41/RAMA/I
                            (rising edge-triggered cell RAMD32 clocked by clk_fpga_0  {rise@0.000ns fall@5.000ns period=10.000ns})
  Path Group:             clk_fpga_0
  Path Type:              Hold (Min at Fast Process Corner)
  Requirement:            0.000ns  (clk_fpga_0 rise@0.000ns - clk_fpga_0 rise@0.000ns)
  Data Path Delay:        0.197ns  (logic 0.141ns (71.611%)  route 0.056ns (28.389%))
  Logic Levels:           0  
  Clock Path Skew:        0.013ns (DCD - SCD - CPR)
    Destination Clock Delay (DCD):    1.225ns
    Source Clock Delay      (SCD):    0.927ns
    Clock Pessimism Removal (CPR):    0.285ns

    Location             Delay type                Incr(ns)  Path(ns)    Netlist Resource(s)
  -------------------------------------------------------------------    -------------------
                         (clock clk_fpga_0 rise edge)
                                                      0.000     0.000 r  
    PS7_X0Y0             PS7                          0.000     0.000 r  conv_design_i/processing_system7_0/inst/PS7_i/FCLKCLK[0]
                         net (fo=1, routed)           0.310     0.310    conv_design_i/processing_system7_0/inst/FCLK_CLK_unbuffered[0]
    BUFGCTRL_X0Y16       BUFG (Prop_bufg_I_O)         0.026     0.336 r  conv_design_i/processing_system7_0/inst/buffer_fclk_clk_0.FCLK_CLK_0_BUFG/O
                         net (fo=9031, routed)        0.591     0.927    conv_design_i/axi_smc/inst/switchboards/r_switchboard/inst/gen_mi[0].inst_opipe_payld/aclk
    SLICE_X17Y34         FDRE                                         r  conv_design_i/axi_smc/inst/switchboards/r_switchboard/inst/gen_mi[0].inst_opipe_payld/gen_pipe[1].pipe_reg[1][36]/C
  -------------------------------------------------------------------    -------------------
    SLICE_X17Y34         FDRE (Prop_fdre_C_Q)         0.141     1.068 r  conv_design_i/axi_smc/inst/switchboards/r_switchboard/inst/gen_mi[0].inst_opipe_payld/gen_pipe[1].pipe_reg[1][36]/Q
                         net (fo=1, routed)           0.056     1.123    conv_design_i/axi_smc/inst/s00_nodes/s00_r_node/inst/inst_mi_handler/gen_normal_area.inst_fifo_node_payld/gen_xpm_memory_fifo.inst_fifo/gen_mem_rep[0].inst_xpm_memory/xpm_memory_base_inst/gen_wr_a.gen_word_narrow.mem_reg_0_31_36_41/DIA0
    SLICE_X16Y34         RAMD32                                       r  conv_design_i/axi_smc/inst/s00_nodes/s00_r_node/inst/inst_mi_handler/gen_normal_area.inst_fifo_node_payld/gen_xpm_memory_fifo.inst_fifo/gen_mem_rep[0].inst_xpm_memory/xpm_memory_base_inst/gen_wr_a.gen_word_narrow.mem_reg_0_31_36_41/RAMA/I
  -------------------------------------------------------------------    -------------------

                         (clock clk_fpga_0 rise edge)
                                                      0.000     0.000 r  
    PS7_X0Y0             PS7                          0.000     0.000 r  conv_design_i/processing_system7_0/inst/PS7_i/FCLKCLK[0]
                         net (fo=1, routed)           0.337     0.337    conv_design_i/processing_system7_0/inst/FCLK_CLK_unbuffered[0]
    BUFGCTRL_X0Y16       BUFG (Prop_bufg_I_O)         0.029     0.366 r  conv_design_i/processing_system7_0/inst/buffer_fclk_clk_0.FCLK_CLK_0_BUFG/O
                         net (fo=9031, routed)        0.859     1.225    conv_design_i/axi_smc/inst/s00_nodes/s00_r_node/inst/inst_mi_handler/gen_normal_area.inst_fifo_node_payld/gen_xpm_memory_fifo.inst_fifo/gen_mem_rep[0].inst_xpm_memory/xpm_memory_base_inst/gen_wr_a.gen_word_narrow.mem_reg_0_31_36_41/WCLK
    SLICE_X16Y34         RAMD32                                       r  conv_design_i/axi_smc/inst/s00_nodes/s00_r_node/inst/inst_mi_handler/gen_normal_area.inst_fifo_node_payld/gen_xpm_memory_fifo.inst_fifo/gen_mem_rep[0].inst_xpm_memory/xpm_memory_base_inst/gen_wr_a.gen_word_narrow.mem_reg_0_31_36_41/RAMA/CLK
                         clock pessimism             -0.285     0.940    
    SLICE_X16Y34         RAMD32 (Hold_ramd32_CLK_I)
                                                      0.147     1.087    conv_design_i/axi_smc/inst/s00_nodes/s00_r_node/inst/inst_mi_handler/gen_normal_area.inst_fifo_node_payld/gen_xpm_memory_fifo.inst_fifo/gen_mem_rep[0].inst_xpm_memory/xpm_memory_base_inst/gen_wr_a.gen_word_narrow.mem_reg_0_31_36_41/RAMA
  -------------------------------------------------------------------
                         required time                         -1.087    
                         arrival time                           1.123    
  -------------------------------------------------------------------
                         slack                                  0.037    





Pulse Width Checks
--------------------------------------------------------------------------------------
Clock Name:         clk_fpga_0
Waveform(ns):       { 0.000 5.000 }
Period(ns):         10.000
Sources:            { conv_design_i/processing_system7_0/inst/PS7_i/FCLKCLK[0] }

Check Type        Corner  Lib Pin             Reference Pin  Required(ns)  Actual(ns)  Slack(ns)  Location        Pin
Min Period        n/a     RAMB36E1/CLKARDCLK  n/a            2.576         10.000      7.424      RAMB36_X1Y3     conv_design_i/axi_bram_ctrl_1_bram/U0/inst_blk_mem_gen/gnbram.gnative_mem_map_bmg.native_mem_map_blk_mem_gen/valid.cstr/ramloop[0].ram.r/prim_noinit.ram/DEVICE_7SERIES.WITH_BMM_INFO.TRUE_DP.SIMPLE_PRIM36.TDP_SP36_NO_ECC_ATTR.ram/CLKARDCLK
Min Period        n/a     RAMB36E1/CLKBWRCLK  n/a            2.576         10.000      7.424      RAMB36_X1Y3     conv_design_i/axi_bram_ctrl_1_bram/U0/inst_blk_mem_gen/gnbram.gnative_mem_map_bmg.native_mem_map_blk_mem_gen/valid.cstr/ramloop[0].ram.r/prim_noinit.ram/DEVICE_7SERIES.WITH_BMM_INFO.TRUE_DP.SIMPLE_PRIM36.TDP_SP36_NO_ECC_ATTR.ram/CLKBWRCLK
Min Period        n/a     RAMB36E1/CLKARDCLK  n/a            2.576         10.000      7.424      RAMB36_X2Y4     conv_design_i/axi_bram_ctrl_1_bram/U0/inst_blk_mem_gen/gnbram.gnative_mem_map_bmg.native_mem_map_blk_mem_gen/valid.cstr/ramloop[1].ram.r/prim_noinit.ram/DEVICE_7SERIES.WITH_BMM_INFO.TRUE_DP.SIMPLE_PRIM36.TDP_SP36_NO_ECC_ATTR.ram/CLKARDCLK
Min Period        n/a     RAMB36E1/CLKBWRCLK  n/a            2.576         10.000      7.424      RAMB36_X2Y4     conv_design_i/axi_bram_ctrl_1_bram/U0/inst_blk_mem_gen/gnbram.gnative_mem_map_bmg.native_mem_map_blk_mem_gen/valid.cstr/ramloop[1].ram.r/prim_noinit.ram/DEVICE_7SERIES.WITH_BMM_INFO.TRUE_DP.SIMPLE_PRIM36.TDP_SP36_NO_ECC_ATTR.ram/CLKBWRCLK
Min Period        n/a     RAMB36E1/CLKARDCLK  n/a            2.576         10.000      7.424      RAMB36_X1Y4     conv_design_i/axi_bram_ctrl_0_bram/U0/inst_blk_mem_gen/gnbram.gnative_mem_map_bmg.native_mem_map_blk_mem_gen/valid.cstr/ramloop[0].ram.r/prim_noinit.ram/DEVICE_7SERIES.WITH_BMM_INFO.TRUE_DP.SIMPLE_PRIM36.TDP_SP36_NO_ECC_ATTR.ram/CLKARDCLK
Min Period        n/a     RAMB36E1/CLKBWRCLK  n/a            2.576         10.000      7.424      RAMB36_X1Y4     conv_design_i/axi_bram_ctrl_0_bram/U0/inst_blk_mem_gen/gnbram.gnative_mem_map_bmg.native_mem_map_blk_mem_gen/valid.cstr/ramloop[0].ram.r/prim_noinit.ram/DEVICE_7SERIES.WITH_BMM_INFO.TRUE_DP.SIMPLE_PRIM36.TDP_SP36_NO_ECC_ATTR.ram/CLKBWRCLK
Min Period        n/a     RAMB36E1/CLKARDCLK  n/a            2.576         10.000      7.424      RAMB36_X2Y5     conv_design_i/axi_bram_ctrl_0_bram/U0/inst_blk_mem_gen/gnbram.gnative_mem_map_bmg.native_mem_map_blk_mem_gen/valid.cstr/ramloop[1].ram.r/prim_noinit.ram/DEVICE_7SERIES.WITH_BMM_INFO.TRUE_DP.SIMPLE_PRIM36.TDP_SP36_NO_ECC_ATTR.ram/CLKARDCLK
Min Period        n/a     RAMB36E1/CLKBWRCLK  n/a            2.576         10.000      7.424      RAMB36_X2Y5     conv_design_i/axi_bram_ctrl_0_bram/U0/inst_blk_mem_gen/gnbram.gnative_mem_map_bmg.native_mem_map_blk_mem_gen/valid.cstr/ramloop[1].ram.r/prim_noinit.ram/DEVICE_7SERIES.WITH_BMM_INFO.TRUE_DP.SIMPLE_PRIM36.TDP_SP36_NO_ECC_ATTR.ram/CLKBWRCLK
Min Period        n/a     BUFG/I              n/a            2.155         10.000      7.845      BUFGCTRL_X0Y16  conv_design_i/processing_system7_0/inst/buffer_fclk_clk_0.FCLK_CLK_0_BUFG/I
Min Period        n/a     FDRE/C              n/a            1.000         10.000      9.000      SLICE_X38Y14    conv_design_i/CONV_0/inst/BYTE_WRITE_reg[3]/C
Low Pulse Width   Fast    RAMD32/CLK          n/a            1.250         5.000       3.750      SLICE_X46Y71    conv_design_i/axi_smc/inst/s00_nodes/s00_aw_node/inst/inst_mi_handler/gen_normal_area.gen_fifo_req.inst_fifo_req/gen_xpm_memory_fifo.inst_fifo/gen_mem_rep[0].inst_xpm_memory/xpm_memory_base_inst/gen_wr_a.gen_word_narrow.mem_reg_0_31_0_5/RAMA/CLK
Low Pulse Width   Fast    RAMD32/CLK          n/a            1.250         5.000       3.750      SLICE_X46Y71    conv_design_i/axi_smc/inst/s00_nodes/s00_aw_node/inst/inst_mi_handler/gen_normal_area.gen_fifo_req.inst_fifo_req/gen_xpm_memory_fifo.inst_fifo/gen_mem_rep[0].inst_xpm_memory/xpm_memory_base_inst/gen_wr_a.gen_word_narrow.mem_reg_0_31_0_5/RAMA_D1/CLK
Low Pulse Width   Fast    RAMD32/CLK          n/a            1.250         5.000       3.750      SLICE_X46Y71    conv_design_i/axi_smc/inst/s00_nodes/s00_aw_node/inst/inst_mi_handler/gen_normal_area.gen_fifo_req.inst_fifo_req/gen_xpm_memory_fifo.inst_fifo/gen_mem_rep[0].inst_xpm_memory/xpm_memory_base_inst/gen_wr_a.gen_word_narrow.mem_reg_0_31_0_5/RAMB/CLK
Low Pulse Width   Fast    RAMD32/CLK          n/a            1.250         5.000       3.750      SLICE_X46Y71    conv_design_i/axi_smc/inst/s00_nodes/s00_aw_node/inst/inst_mi_handler/gen_normal_area.gen_fifo_req.inst_fifo_req/gen_xpm_memory_fifo.inst_fifo/gen_mem_rep[0].inst_xpm_memory/xpm_memory_base_inst/gen_wr_a.gen_word_narrow.mem_reg_0_31_0_5/RAMB_D1/CLK
Low Pulse Width   Fast    RAMD32/CLK          n/a            1.250         5.000       3.750      SLICE_X46Y71    conv_design_i/axi_smc/inst/s00_nodes/s00_aw_node/inst/inst_mi_handler/gen_normal_area.gen_fifo_req.inst_fifo_req/gen_xpm_memory_fifo.inst_fifo/gen_mem_rep[0].inst_xpm_memory/xpm_memory_base_inst/gen_wr_a.gen_word_narrow.mem_reg_0_31_0_5/RAMC/CLK
Low Pulse Width   Fast    RAMD32/CLK          n/a            1.250         5.000       3.750      SLICE_X46Y71    conv_design_i/axi_smc/inst/s00_nodes/s00_aw_node/inst/inst_mi_handler/gen_normal_area.gen_fifo_req.inst_fifo_req/gen_xpm_memory_fifo.inst_fifo/gen_mem_rep[0].inst_xpm_memory/xpm_memory_base_inst/gen_wr_a.gen_word_narrow.mem_reg_0_31_0_5/RAMC_D1/CLK
Low Pulse Width   Fast    RAMS32/CLK          n/a            1.250         5.000       3.750      SLICE_X46Y71    conv_design_i/axi_smc/inst/s00_nodes/s00_aw_node/inst/inst_mi_handler/gen_normal_area.gen_fifo_req.inst_fifo_req/gen_xpm_memory_fifo.inst_fifo/gen_mem_rep[0].inst_xpm_memory/xpm_memory_base_inst/gen_wr_a.gen_word_narrow.mem_reg_0_31_0_5/RAMD/CLK
Low Pulse Width   Fast    RAMS32/CLK          n/a            1.250         5.000       3.750      SLICE_X46Y71    conv_design_i/axi_smc/inst/s00_nodes/s00_aw_node/inst/inst_mi_handler/gen_normal_area.gen_fifo_req.inst_fifo_req/gen_xpm_memory_fifo.inst_fifo/gen_mem_rep[0].inst_xpm_memory/xpm_memory_base_inst/gen_wr_a.gen_word_narrow.mem_reg_0_31_0_5/RAMD_D1/CLK
Low Pulse Width   Slow    RAMD32/CLK          n/a            1.250         5.000       3.750      SLICE_X46Y67    conv_design_i/axi_smc/inst/s00_nodes/s00_aw_node/inst/inst_mi_handler/gen_normal_area.inst_fifo_node_payld/gen_xpm_memory_fifo.inst_fifo/gen_mem_rep[0].inst_xpm_memory/xpm_memory_base_inst/gen_wr_a.gen_word_narrow.mem_reg_0_31_102_107/RAMA/CLK
Low Pulse Width   Slow    RAMD32/CLK          n/a            1.250         5.000       3.750      SLICE_X46Y67    conv_design_i/axi_smc/inst/s00_nodes/s00_aw_node/inst/inst_mi_handler/gen_normal_area.inst_fifo_node_payld/gen_xpm_memory_fifo.inst_fifo/gen_mem_rep[0].inst_xpm_memory/xpm_memory_base_inst/gen_wr_a.gen_word_narrow.mem_reg_0_31_102_107/RAMA_D1/CLK
High Pulse Width  Slow    RAMS32/CLK          n/a            1.250         5.000       3.750      SLICE_X34Y39    conv_design_i/axi_smc/inst/m01_nodes/m01_w_node/inst/inst_mi_handler/gen_normal_area.inst_fifo_node_payld/gen_xpm_memory_fifo.inst_fifo/gen_mem_rep[0].inst_xpm_memory/xpm_memory_base_inst/gen_wr_a.gen_word_narrow.mem_reg_0_31_30_35/RAMD_D1/CLK
High Pulse Width  Slow    RAMD32/CLK          n/a            1.250         5.000       3.750      SLICE_X46Y63    conv_design_i/axi_smc/inst/m02_nodes/m02_aw_node/inst/inst_mi_handler/gen_normal_area.inst_fifo_node_payld/gen_xpm_memory_fifo.inst_fifo/gen_mem_rep[0].inst_xpm_memory/xpm_memory_base_inst/gen_wr_a.gen_word_narrow.mem_reg_0_31_90_95/RAMA/CLK
High Pulse Width  Slow    RAMD32/CLK          n/a            1.250         5.000       3.750      SLICE_X46Y63    conv_design_i/axi_smc/inst/m02_nodes/m02_aw_node/inst/inst_mi_handler/gen_normal_area.inst_fifo_node_payld/gen_xpm_memory_fifo.inst_fifo/gen_mem_rep[0].inst_xpm_memory/xpm_memory_base_inst/gen_wr_a.gen_word_narrow.mem_reg_0_31_90_95/RAMA_D1/CLK
High Pulse Width  Slow    RAMD32/CLK          n/a            1.250         5.000       3.750      SLICE_X46Y63    conv_design_i/axi_smc/inst/m02_nodes/m02_aw_node/inst/inst_mi_handler/gen_normal_area.inst_fifo_node_payld/gen_xpm_memory_fifo.inst_fifo/gen_mem_rep[0].inst_xpm_memory/xpm_memory_base_inst/gen_wr_a.gen_word_narrow.mem_reg_0_31_90_95/RAMB/CLK
High Pulse Width  Slow    RAMD32/CLK          n/a            1.250         5.000       3.750      SLICE_X46Y63    conv_design_i/axi_smc/inst/m02_nodes/m02_aw_node/inst/inst_mi_handler/gen_normal_area.inst_fifo_node_payld/gen_xpm_memory_fifo.inst_fifo/gen_mem_rep[0].inst_xpm_memory/xpm_memory_base_inst/gen_wr_a.gen_word_narrow.mem_reg_0_31_90_95/RAMB_D1/CLK
High Pulse Width  Slow    RAMD32/CLK          n/a            1.250         5.000       3.750      SLICE_X46Y63    conv_design_i/axi_smc/inst/m02_nodes/m02_aw_node/inst/inst_mi_handler/gen_normal_area.inst_fifo_node_payld/gen_xpm_memory_fifo.inst_fifo/gen_mem_rep[0].inst_xpm_memory/xpm_memory_base_inst/gen_wr_a.gen_word_narrow.mem_reg_0_31_90_95/RAMC/CLK
High Pulse Width  Slow    RAMD32/CLK          n/a            1.250         5.000       3.750      SLICE_X46Y63    conv_design_i/axi_smc/inst/m02_nodes/m02_aw_node/inst/inst_mi_handler/gen_normal_area.inst_fifo_node_payld/gen_xpm_memory_fifo.inst_fifo/gen_mem_rep[0].inst_xpm_memory/xpm_memory_base_inst/gen_wr_a.gen_word_narrow.mem_reg_0_31_90_95/RAMC_D1/CLK
High Pulse Width  Slow    RAMD32/CLK          n/a            1.250         5.000       3.750      SLICE_X38Y53    conv_design_i/axi_smc/inst/m01_nodes/m01_ar_node/inst/inst_mi_handler/gen_normal_area.inst_fifo_node_payld/gen_xpm_memory_fifo.inst_fifo/gen_mem_rep[0].inst_xpm_memory/xpm_memory_base_inst/gen_wr_a.gen_word_narrow.mem_reg_0_31_108_113/RAMA/CLK
High Pulse Width  Slow    RAMD32/CLK          n/a            1.250         5.000       3.750      SLICE_X38Y53    conv_design_i/axi_smc/inst/m01_nodes/m01_ar_node/inst/inst_mi_handler/gen_normal_area.inst_fifo_node_payld/gen_xpm_memory_fifo.inst_fifo/gen_mem_rep[0].inst_xpm_memory/xpm_memory_base_inst/gen_wr_a.gen_word_narrow.mem_reg_0_31_108_113/RAMA_D1/CLK
High Pulse Width  Slow    RAMD32/CLK          n/a            1.250         5.000       3.750      SLICE_X38Y53    conv_design_i/axi_smc/inst/m01_nodes/m01_ar_node/inst/inst_mi_handler/gen_normal_area.inst_fifo_node_payld/gen_xpm_memory_fifo.inst_fifo/gen_mem_rep[0].inst_xpm_memory/xpm_memory_base_inst/gen_wr_a.gen_word_narrow.mem_reg_0_31_108_113/RAMB/CLK



---------------------------------------------------------------------------------------------------
Path Group:  **async_default**
From Clock:  clk_fpga_0
  To Clock:  clk_fpga_0

Setup :            0  Failing Endpoints,  Worst Slack        6.450ns,  Total Violation        0.000ns
Hold  :            0  Failing Endpoints,  Worst Slack        0.421ns,  Total Violation        0.000ns
---------------------------------------------------------------------------------------------------


Max Delay Paths
--------------------------------------------------------------------------------------
Slack (MET) :             6.450ns  (required time - arrival time)
  Source:                 conv_design_i/rst_ps7_0_100M/U0/PR_OUT_DFF[0].FDRE_PER/C
                            (rising edge-triggered cell FDRE clocked by clk_fpga_0  {rise@0.000ns fall@5.000ns period=10.000ns})
  Destination:            conv_design_i/CONV_0/inst/state_reg[0]/CLR
                            (recovery check against rising-edge clock clk_fpga_0  {rise@0.000ns fall@5.000ns period=10.000ns})
  Path Group:             **async_default**
  Path Type:              Recovery (Max at Slow Process Corner)
  Requirement:            10.000ns  (clk_fpga_0 rise@10.000ns - clk_fpga_0 rise@0.000ns)
  Data Path Delay:        2.929ns  (logic 0.456ns (15.570%)  route 2.473ns (84.430%))
  Logic Levels:           0  
  Clock Path Skew:        -0.063ns (DCD - SCD + CPR)
    Destination Clock Delay (DCD):    2.744ns = ( 12.744 - 10.000 ) 
    Source Clock Delay      (SCD):    2.936ns
    Clock Pessimism Removal (CPR):    0.129ns
  Clock Uncertainty:      0.154ns  ((TSJ^2 + TIJ^2)^1/2 + DJ) / 2 + PE
    Total System Jitter     (TSJ):    0.071ns
    Total Input Jitter      (TIJ):    0.300ns
    Discrete Jitter          (DJ):    0.000ns
    Phase Error              (PE):    0.000ns

    Location             Delay type                Incr(ns)  Path(ns)    Netlist Resource(s)
  -------------------------------------------------------------------    -------------------
                         (clock clk_fpga_0 rise edge)
                                                      0.000     0.000 r  
    PS7_X0Y0             PS7                          0.000     0.000 r  conv_design_i/processing_system7_0/inst/PS7_i/FCLKCLK[0]
                         net (fo=1, routed)           1.193     1.193    conv_design_i/processing_system7_0/inst/FCLK_CLK_unbuffered[0]
    BUFGCTRL_X0Y16       BUFG (Prop_bufg_I_O)         0.101     1.294 r  conv_design_i/processing_system7_0/inst/buffer_fclk_clk_0.FCLK_CLK_0_BUFG/O
                         net (fo=9031, routed)        1.642     2.936    conv_design_i/rst_ps7_0_100M/U0/slowest_sync_clk
    SLICE_X53Y28         FDRE                                         r  conv_design_i/rst_ps7_0_100M/U0/PR_OUT_DFF[0].FDRE_PER/C
  -------------------------------------------------------------------    -------------------
    SLICE_X53Y28         FDRE (Prop_fdre_C_Q)         0.456     3.392 f  conv_design_i/rst_ps7_0_100M/U0/PR_OUT_DFF[0].FDRE_PER/Q
                         net (fo=6, routed)           2.473     5.865    conv_design_i/CONV_0/inst/reset
    SLICE_X25Y16         FDCE                                         f  conv_design_i/CONV_0/inst/state_reg[0]/CLR
  -------------------------------------------------------------------    -------------------

                         (clock clk_fpga_0 rise edge)
                                                     10.000    10.000 r  
    PS7_X0Y0             PS7                          0.000    10.000 r  conv_design_i/processing_system7_0/inst/PS7_i/FCLKCLK[0]
                         net (fo=1, routed)           1.088    11.088    conv_design_i/processing_system7_0/inst/FCLK_CLK_unbuffered[0]
    BUFGCTRL_X0Y16       BUFG (Prop_bufg_I_O)         0.091    11.179 r  conv_design_i/processing_system7_0/inst/buffer_fclk_clk_0.FCLK_CLK_0_BUFG/O
                         net (fo=9031, routed)        1.565    12.745    conv_design_i/CONV_0/inst/clk
    SLICE_X25Y16         FDCE                                         r  conv_design_i/CONV_0/inst/state_reg[0]/C
                         clock pessimism              0.129    12.873    
                         clock uncertainty           -0.154    12.719    
    SLICE_X25Y16         FDCE (Recov_fdce_C_CLR)     -0.405    12.314    conv_design_i/CONV_0/inst/state_reg[0]
  -------------------------------------------------------------------
                         required time                         12.314    
                         arrival time                          -5.865    
  -------------------------------------------------------------------
                         slack                                  6.450    

Slack (MET) :             6.458ns  (required time - arrival time)
  Source:                 conv_design_i/rst_ps7_0_100M/U0/PR_OUT_DFF[0].FDRE_PER/C
                            (rising edge-triggered cell FDRE clocked by clk_fpga_0  {rise@0.000ns fall@5.000ns period=10.000ns})
  Destination:            conv_design_i/CONV_0/inst/state_reg[1]/CLR
                            (recovery check against rising-edge clock clk_fpga_0  {rise@0.000ns fall@5.000ns period=10.000ns})
  Path Group:             **async_default**
  Path Type:              Recovery (Max at Slow Process Corner)
  Requirement:            10.000ns  (clk_fpga_0 rise@10.000ns - clk_fpga_0 rise@0.000ns)
  Data Path Delay:        3.006ns  (logic 0.456ns (15.171%)  route 2.550ns (84.829%))
  Logic Levels:           0  
  Clock Path Skew:        -0.064ns (DCD - SCD + CPR)
    Destination Clock Delay (DCD):    2.743ns = ( 12.743 - 10.000 ) 
    Source Clock Delay      (SCD):    2.936ns
    Clock Pessimism Removal (CPR):    0.129ns
  Clock Uncertainty:      0.154ns  ((TSJ^2 + TIJ^2)^1/2 + DJ) / 2 + PE
    Total System Jitter     (TSJ):    0.071ns
    Total Input Jitter      (TIJ):    0.300ns
    Discrete Jitter          (DJ):    0.000ns
    Phase Error              (PE):    0.000ns

    Location             Delay type                Incr(ns)  Path(ns)    Netlist Resource(s)
  -------------------------------------------------------------------    -------------------
                         (clock clk_fpga_0 rise edge)
                                                      0.000     0.000 r  
    PS7_X0Y0             PS7                          0.000     0.000 r  conv_design_i/processing_system7_0/inst/PS7_i/FCLKCLK[0]
                         net (fo=1, routed)           1.193     1.193    conv_design_i/processing_system7_0/inst/FCLK_CLK_unbuffered[0]
    BUFGCTRL_X0Y16       BUFG (Prop_bufg_I_O)         0.101     1.294 r  conv_design_i/processing_system7_0/inst/buffer_fclk_clk_0.FCLK_CLK_0_BUFG/O
                         net (fo=9031, routed)        1.642     2.936    conv_design_i/rst_ps7_0_100M/U0/slowest_sync_clk
    SLICE_X53Y28         FDRE                                         r  conv_design_i/rst_ps7_0_100M/U0/PR_OUT_DFF[0].FDRE_PER/C
  -------------------------------------------------------------------    -------------------
    SLICE_X53Y28         FDRE (Prop_fdre_C_Q)         0.456     3.392 f  conv_design_i/rst_ps7_0_100M/U0/PR_OUT_DFF[0].FDRE_PER/Q
                         net (fo=6, routed)           2.550     5.942    conv_design_i/CONV_0/inst/reset
    SLICE_X30Y16         FDCE                                         f  conv_design_i/CONV_0/inst/state_reg[1]/CLR
  -------------------------------------------------------------------    -------------------

                         (clock clk_fpga_0 rise edge)
                                                     10.000    10.000 r  
    PS7_X0Y0             PS7                          0.000    10.000 r  conv_design_i/processing_system7_0/inst/PS7_i/FCLKCLK[0]
                         net (fo=1, routed)           1.088    11.088    conv_design_i/processing_system7_0/inst/FCLK_CLK_unbuffered[0]
    BUFGCTRL_X0Y16       BUFG (Prop_bufg_I_O)         0.091    11.179 r  conv_design_i/processing_system7_0/inst/buffer_fclk_clk_0.FCLK_CLK_0_BUFG/O
                         net (fo=9031, routed)        1.564    12.743    conv_design_i/CONV_0/inst/clk
    SLICE_X30Y16         FDCE                                         r  conv_design_i/CONV_0/inst/state_reg[1]/C
                         clock pessimism              0.129    12.872    
                         clock uncertainty           -0.154    12.718    
    SLICE_X30Y16         FDCE (Recov_fdce_C_CLR)     -0.319    12.399    conv_design_i/CONV_0/inst/state_reg[1]
  -------------------------------------------------------------------
                         required time                         12.399    
                         arrival time                          -5.942    
  -------------------------------------------------------------------
                         slack                                  6.458    

Slack (MET) :             7.704ns  (required time - arrival time)
  Source:                 conv_design_i/rst_ps7_0_100M/U0/PR_OUT_DFF[0].FDRE_PER/C
                            (rising edge-triggered cell FDRE clocked by clk_fpga_0  {rise@0.000ns fall@5.000ns period=10.000ns})
  Destination:            conv_design_i/CONV_0/inst/state_reg[2]/CLR
                            (recovery check against rising-edge clock clk_fpga_0  {rise@0.000ns fall@5.000ns period=10.000ns})
  Path Group:             **async_default**
  Path Type:              Recovery (Max at Slow Process Corner)
  Requirement:            10.000ns  (clk_fpga_0 rise@10.000ns - clk_fpga_0 rise@0.000ns)
  Data Path Delay:        1.641ns  (logic 0.456ns (27.789%)  route 1.185ns (72.211%))
  Logic Levels:           0  
  Clock Path Skew:        -0.140ns (DCD - SCD + CPR)
    Destination Clock Delay (DCD):    2.667ns = ( 12.667 - 10.000 ) 
    Source Clock Delay      (SCD):    2.936ns
    Clock Pessimism Removal (CPR):    0.129ns
  Clock Uncertainty:      0.154ns  ((TSJ^2 + TIJ^2)^1/2 + DJ) / 2 + PE
    Total System Jitter     (TSJ):    0.071ns
    Total Input Jitter      (TIJ):    0.300ns
    Discrete Jitter          (DJ):    0.000ns
    Phase Error              (PE):    0.000ns

    Location             Delay type                Incr(ns)  Path(ns)    Netlist Resource(s)
  -------------------------------------------------------------------    -------------------
                         (clock clk_fpga_0 rise edge)
                                                      0.000     0.000 r  
    PS7_X0Y0             PS7                          0.000     0.000 r  conv_design_i/processing_system7_0/inst/PS7_i/FCLKCLK[0]
                         net (fo=1, routed)           1.193     1.193    conv_design_i/processing_system7_0/inst/FCLK_CLK_unbuffered[0]
    BUFGCTRL_X0Y16       BUFG (Prop_bufg_I_O)         0.101     1.294 r  conv_design_i/processing_system7_0/inst/buffer_fclk_clk_0.FCLK_CLK_0_BUFG/O
                         net (fo=9031, routed)        1.642     2.936    conv_design_i/rst_ps7_0_100M/U0/slowest_sync_clk
    SLICE_X53Y28         FDRE                                         r  conv_design_i/rst_ps7_0_100M/U0/PR_OUT_DFF[0].FDRE_PER/C
  -------------------------------------------------------------------    -------------------
    SLICE_X53Y28         FDRE (Prop_fdre_C_Q)         0.456     3.392 f  conv_design_i/rst_ps7_0_100M/U0/PR_OUT_DFF[0].FDRE_PER/Q
                         net (fo=6, routed)           1.185     4.577    conv_design_i/CONV_0/inst/reset
    SLICE_X38Y16         FDCE                                         f  conv_design_i/CONV_0/inst/state_reg[2]/CLR
  -------------------------------------------------------------------    -------------------

                         (clock clk_fpga_0 rise edge)
                                                     10.000    10.000 r  
    PS7_X0Y0             PS7                          0.000    10.000 r  conv_design_i/processing_system7_0/inst/PS7_i/FCLKCLK[0]
                         net (fo=1, routed)           1.088    11.088    conv_design_i/processing_system7_0/inst/FCLK_CLK_unbuffered[0]
    BUFGCTRL_X0Y16       BUFG (Prop_bufg_I_O)         0.091    11.179 r  conv_design_i/processing_system7_0/inst/buffer_fclk_clk_0.FCLK_CLK_0_BUFG/O
                         net (fo=9031, routed)        1.488    12.667    conv_design_i/CONV_0/inst/clk
    SLICE_X38Y16         FDCE                                         r  conv_design_i/CONV_0/inst/state_reg[2]/C
                         clock pessimism              0.129    12.796    
                         clock uncertainty           -0.154    12.642    
    SLICE_X38Y16         FDCE (Recov_fdce_C_CLR)     -0.361    12.281    conv_design_i/CONV_0/inst/state_reg[2]
  -------------------------------------------------------------------
                         required time                         12.281    
                         arrival time                          -4.577    
  -------------------------------------------------------------------
                         slack                                  7.704    

Slack (MET) :             7.746ns  (required time - arrival time)
  Source:                 conv_design_i/rst_ps7_0_100M/U0/PR_OUT_DFF[0].FDRE_PER/C
                            (rising edge-triggered cell FDRE clocked by clk_fpga_0  {rise@0.000ns fall@5.000ns period=10.000ns})
  Destination:            conv_design_i/CONV_0/inst/done_reg/CLR
                            (recovery check against rising-edge clock clk_fpga_0  {rise@0.000ns fall@5.000ns period=10.000ns})
  Path Group:             **async_default**
  Path Type:              Recovery (Max at Slow Process Corner)
  Requirement:            10.000ns  (clk_fpga_0 rise@10.000ns - clk_fpga_0 rise@0.000ns)
  Data Path Delay:        1.641ns  (logic 0.456ns (27.789%)  route 1.185ns (72.211%))
  Logic Levels:           0  
  Clock Path Skew:        -0.140ns (DCD - SCD + CPR)
    Destination Clock Delay (DCD):    2.667ns = ( 12.667 - 10.000 ) 
    Source Clock Delay      (SCD):    2.936ns
    Clock Pessimism Removal (CPR):    0.129ns
  Clock Uncertainty:      0.154ns  ((TSJ^2 + TIJ^2)^1/2 + DJ) / 2 + PE
    Total System Jitter     (TSJ):    0.071ns
    Total Input Jitter      (TIJ):    0.300ns
    Discrete Jitter          (DJ):    0.000ns
    Phase Error              (PE):    0.000ns

    Location             Delay type                Incr(ns)  Path(ns)    Netlist Resource(s)
  -------------------------------------------------------------------    -------------------
                         (clock clk_fpga_0 rise edge)
                                                      0.000     0.000 r  
    PS7_X0Y0             PS7                          0.000     0.000 r  conv_design_i/processing_system7_0/inst/PS7_i/FCLKCLK[0]
                         net (fo=1, routed)           1.193     1.193    conv_design_i/processing_system7_0/inst/FCLK_CLK_unbuffered[0]
    BUFGCTRL_X0Y16       BUFG (Prop_bufg_I_O)         0.101     1.294 r  conv_design_i/processing_system7_0/inst/buffer_fclk_clk_0.FCLK_CLK_0_BUFG/O
                         net (fo=9031, routed)        1.642     2.936    conv_design_i/rst_ps7_0_100M/U0/slowest_sync_clk
    SLICE_X53Y28         FDRE                                         r  conv_design_i/rst_ps7_0_100M/U0/PR_OUT_DFF[0].FDRE_PER/C
  -------------------------------------------------------------------    -------------------
    SLICE_X53Y28         FDRE (Prop_fdre_C_Q)         0.456     3.392 f  conv_design_i/rst_ps7_0_100M/U0/PR_OUT_DFF[0].FDRE_PER/Q
                         net (fo=6, routed)           1.185     4.577    conv_design_i/CONV_0/inst/reset
    SLICE_X38Y16         FDCE                                         f  conv_design_i/CONV_0/inst/done_reg/CLR
  -------------------------------------------------------------------    -------------------

                         (clock clk_fpga_0 rise edge)
                                                     10.000    10.000 r  
    PS7_X0Y0             PS7                          0.000    10.000 r  conv_design_i/processing_system7_0/inst/PS7_i/FCLKCLK[0]
                         net (fo=1, routed)           1.088    11.088    conv_design_i/processing_system7_0/inst/FCLK_CLK_unbuffered[0]
    BUFGCTRL_X0Y16       BUFG (Prop_bufg_I_O)         0.091    11.179 r  conv_design_i/processing_system7_0/inst/buffer_fclk_clk_0.FCLK_CLK_0_BUFG/O
                         net (fo=9031, routed)        1.488    12.667    conv_design_i/CONV_0/inst/clk
    SLICE_X38Y16         FDCE                                         r  conv_design_i/CONV_0/inst/done_reg/C
                         clock pessimism              0.129    12.796    
                         clock uncertainty           -0.154    12.642    
    SLICE_X38Y16         FDCE (Recov_fdce_C_CLR)     -0.319    12.323    conv_design_i/CONV_0/inst/done_reg
  -------------------------------------------------------------------
                         required time                         12.323    
                         arrival time                          -4.577    
  -------------------------------------------------------------------
                         slack                                  7.746    





Min Delay Paths
--------------------------------------------------------------------------------------
Slack (MET) :             0.421ns  (arrival time - required time)
  Source:                 conv_design_i/rst_ps7_0_100M/U0/PR_OUT_DFF[0].FDRE_PER/C
                            (rising edge-triggered cell FDRE clocked by clk_fpga_0  {rise@0.000ns fall@5.000ns period=10.000ns})
  Destination:            conv_design_i/CONV_0/inst/done_reg/CLR
                            (removal check against rising-edge clock clk_fpga_0  {rise@0.000ns fall@5.000ns period=10.000ns})
  Path Group:             **async_default**
  Path Type:              Removal (Min at Fast Process Corner)
  Requirement:            0.000ns  (clk_fpga_0 rise@0.000ns - clk_fpga_0 rise@0.000ns)
  Data Path Delay:        0.623ns  (logic 0.141ns (22.634%)  route 0.482ns (77.366%))
  Logic Levels:           0  
  Clock Path Skew:        0.269ns (DCD - SCD - CPR)
    Destination Clock Delay (DCD):    1.188ns
    Source Clock Delay      (SCD):    0.884ns
    Clock Pessimism Removal (CPR):    0.035ns

    Location             Delay type                Incr(ns)  Path(ns)    Netlist Resource(s)
  -------------------------------------------------------------------    -------------------
                         (clock clk_fpga_0 rise edge)
                                                      0.000     0.000 r  
    PS7_X0Y0             PS7                          0.000     0.000 r  conv_design_i/processing_system7_0/inst/PS7_i/FCLKCLK[0]
                         net (fo=1, routed)           0.310     0.310    conv_design_i/processing_system7_0/inst/FCLK_CLK_unbuffered[0]
    BUFGCTRL_X0Y16       BUFG (Prop_bufg_I_O)         0.026     0.336 r  conv_design_i/processing_system7_0/inst/buffer_fclk_clk_0.FCLK_CLK_0_BUFG/O
                         net (fo=9031, routed)        0.548     0.884    conv_design_i/rst_ps7_0_100M/U0/slowest_sync_clk
    SLICE_X53Y28         FDRE                                         r  conv_design_i/rst_ps7_0_100M/U0/PR_OUT_DFF[0].FDRE_PER/C
  -------------------------------------------------------------------    -------------------
    SLICE_X53Y28         FDRE (Prop_fdre_C_Q)         0.141     1.025 f  conv_design_i/rst_ps7_0_100M/U0/PR_OUT_DFF[0].FDRE_PER/Q
                         net (fo=6, routed)           0.482     1.506    conv_design_i/CONV_0/inst/reset
    SLICE_X38Y16         FDCE                                         f  conv_design_i/CONV_0/inst/done_reg/CLR
  -------------------------------------------------------------------    -------------------

                         (clock clk_fpga_0 rise edge)
                                                      0.000     0.000 r  
    PS7_X0Y0             PS7                          0.000     0.000 r  conv_design_i/processing_system7_0/inst/PS7_i/FCLKCLK[0]
                         net (fo=1, routed)           0.337     0.337    conv_design_i/processing_system7_0/inst/FCLK_CLK_unbuffered[0]
    BUFGCTRL_X0Y16       BUFG (Prop_bufg_I_O)         0.029     0.366 r  conv_design_i/processing_system7_0/inst/buffer_fclk_clk_0.FCLK_CLK_0_BUFG/O
                         net (fo=9031, routed)        0.822     1.188    conv_design_i/CONV_0/inst/clk
    SLICE_X38Y16         FDCE                                         r  conv_design_i/CONV_0/inst/done_reg/C
                         clock pessimism             -0.035     1.153    
    SLICE_X38Y16         FDCE (Remov_fdce_C_CLR)     -0.067     1.086    conv_design_i/CONV_0/inst/done_reg
  -------------------------------------------------------------------
                         required time                         -1.086    
                         arrival time                           1.506    
  -------------------------------------------------------------------
                         slack                                  0.421    

Slack (MET) :             0.421ns  (arrival time - required time)
  Source:                 conv_design_i/rst_ps7_0_100M/U0/PR_OUT_DFF[0].FDRE_PER/C
                            (rising edge-triggered cell FDRE clocked by clk_fpga_0  {rise@0.000ns fall@5.000ns period=10.000ns})
  Destination:            conv_design_i/CONV_0/inst/state_reg[2]/CLR
                            (removal check against rising-edge clock clk_fpga_0  {rise@0.000ns fall@5.000ns period=10.000ns})
  Path Group:             **async_default**
  Path Type:              Removal (Min at Fast Process Corner)
  Requirement:            0.000ns  (clk_fpga_0 rise@0.000ns - clk_fpga_0 rise@0.000ns)
  Data Path Delay:        0.623ns  (logic 0.141ns (22.634%)  route 0.482ns (77.366%))
  Logic Levels:           0  
  Clock Path Skew:        0.269ns (DCD - SCD - CPR)
    Destination Clock Delay (DCD):    1.188ns
    Source Clock Delay      (SCD):    0.884ns
    Clock Pessimism Removal (CPR):    0.035ns

    Location             Delay type                Incr(ns)  Path(ns)    Netlist Resource(s)
  -------------------------------------------------------------------    -------------------
                         (clock clk_fpga_0 rise edge)
                                                      0.000     0.000 r  
    PS7_X0Y0             PS7                          0.000     0.000 r  conv_design_i/processing_system7_0/inst/PS7_i/FCLKCLK[0]
                         net (fo=1, routed)           0.310     0.310    conv_design_i/processing_system7_0/inst/FCLK_CLK_unbuffered[0]
    BUFGCTRL_X0Y16       BUFG (Prop_bufg_I_O)         0.026     0.336 r  conv_design_i/processing_system7_0/inst/buffer_fclk_clk_0.FCLK_CLK_0_BUFG/O
                         net (fo=9031, routed)        0.548     0.884    conv_design_i/rst_ps7_0_100M/U0/slowest_sync_clk
    SLICE_X53Y28         FDRE                                         r  conv_design_i/rst_ps7_0_100M/U0/PR_OUT_DFF[0].FDRE_PER/C
  -------------------------------------------------------------------    -------------------
    SLICE_X53Y28         FDRE (Prop_fdre_C_Q)         0.141     1.025 f  conv_design_i/rst_ps7_0_100M/U0/PR_OUT_DFF[0].FDRE_PER/Q
                         net (fo=6, routed)           0.482     1.506    conv_design_i/CONV_0/inst/reset
    SLICE_X38Y16         FDCE                                         f  conv_design_i/CONV_0/inst/state_reg[2]/CLR
  -------------------------------------------------------------------    -------------------

                         (clock clk_fpga_0 rise edge)
                                                      0.000     0.000 r  
    PS7_X0Y0             PS7                          0.000     0.000 r  conv_design_i/processing_system7_0/inst/PS7_i/FCLKCLK[0]
                         net (fo=1, routed)           0.337     0.337    conv_design_i/processing_system7_0/inst/FCLK_CLK_unbuffered[0]
    BUFGCTRL_X0Y16       BUFG (Prop_bufg_I_O)         0.029     0.366 r  conv_design_i/processing_system7_0/inst/buffer_fclk_clk_0.FCLK_CLK_0_BUFG/O
                         net (fo=9031, routed)        0.822     1.188    conv_design_i/CONV_0/inst/clk
    SLICE_X38Y16         FDCE                                         r  conv_design_i/CONV_0/inst/state_reg[2]/C
                         clock pessimism             -0.035     1.153    
    SLICE_X38Y16         FDCE (Remov_fdce_C_CLR)     -0.067     1.086    conv_design_i/CONV_0/inst/state_reg[2]
  -------------------------------------------------------------------
                         required time                         -1.086    
                         arrival time                           1.506    
  -------------------------------------------------------------------
                         slack                                  0.421    

Slack (MET) :             1.079ns  (arrival time - required time)
  Source:                 conv_design_i/rst_ps7_0_100M/U0/PR_OUT_DFF[0].FDRE_PER/C
                            (rising edge-triggered cell FDRE clocked by clk_fpga_0  {rise@0.000ns fall@5.000ns period=10.000ns})
  Destination:            conv_design_i/CONV_0/inst/state_reg[1]/CLR
                            (removal check against rising-edge clock clk_fpga_0  {rise@0.000ns fall@5.000ns period=10.000ns})
  Path Group:             **async_default**
  Path Type:              Removal (Min at Fast Process Corner)
  Requirement:            0.000ns  (clk_fpga_0 rise@0.000ns - clk_fpga_0 rise@0.000ns)
  Data Path Delay:        1.311ns  (logic 0.141ns (10.758%)  route 1.170ns (89.242%))
  Logic Levels:           0  
  Clock Path Skew:        0.298ns (DCD - SCD - CPR)
    Destination Clock Delay (DCD):    1.217ns
    Source Clock Delay      (SCD):    0.884ns
    Clock Pessimism Removal (CPR):    0.035ns

    Location             Delay type                Incr(ns)  Path(ns)    Netlist Resource(s)
  -------------------------------------------------------------------    -------------------
                         (clock clk_fpga_0 rise edge)
                                                      0.000     0.000 r  
    PS7_X0Y0             PS7                          0.000     0.000 r  conv_design_i/processing_system7_0/inst/PS7_i/FCLKCLK[0]
                         net (fo=1, routed)           0.310     0.310    conv_design_i/processing_system7_0/inst/FCLK_CLK_unbuffered[0]
    BUFGCTRL_X0Y16       BUFG (Prop_bufg_I_O)         0.026     0.336 r  conv_design_i/processing_system7_0/inst/buffer_fclk_clk_0.FCLK_CLK_0_BUFG/O
                         net (fo=9031, routed)        0.548     0.884    conv_design_i/rst_ps7_0_100M/U0/slowest_sync_clk
    SLICE_X53Y28         FDRE                                         r  conv_design_i/rst_ps7_0_100M/U0/PR_OUT_DFF[0].FDRE_PER/C
  -------------------------------------------------------------------    -------------------
    SLICE_X53Y28         FDRE (Prop_fdre_C_Q)         0.141     1.025 f  conv_design_i/rst_ps7_0_100M/U0/PR_OUT_DFF[0].FDRE_PER/Q
                         net (fo=6, routed)           1.170     2.194    conv_design_i/CONV_0/inst/reset
    SLICE_X30Y16         FDCE                                         f  conv_design_i/CONV_0/inst/state_reg[1]/CLR
  -------------------------------------------------------------------    -------------------

                         (clock clk_fpga_0 rise edge)
                                                      0.000     0.000 r  
    PS7_X0Y0             PS7                          0.000     0.000 r  conv_design_i/processing_system7_0/inst/PS7_i/FCLKCLK[0]
                         net (fo=1, routed)           0.337     0.337    conv_design_i/processing_system7_0/inst/FCLK_CLK_unbuffered[0]
    BUFGCTRL_X0Y16       BUFG (Prop_bufg_I_O)         0.029     0.366 r  conv_design_i/processing_system7_0/inst/buffer_fclk_clk_0.FCLK_CLK_0_BUFG/O
                         net (fo=9031, routed)        0.851     1.217    conv_design_i/CONV_0/inst/clk
    SLICE_X30Y16         FDCE                                         r  conv_design_i/CONV_0/inst/state_reg[1]/C
                         clock pessimism             -0.035     1.182    
    SLICE_X30Y16         FDCE (Remov_fdce_C_CLR)     -0.067     1.115    conv_design_i/CONV_0/inst/state_reg[1]
  -------------------------------------------------------------------
                         required time                         -1.115    
                         arrival time                           2.194    
  -------------------------------------------------------------------
                         slack                                  1.079    

Slack (MET) :             1.087ns  (arrival time - required time)
  Source:                 conv_design_i/rst_ps7_0_100M/U0/PR_OUT_DFF[0].FDRE_PER/C
                            (rising edge-triggered cell FDRE clocked by clk_fpga_0  {rise@0.000ns fall@5.000ns period=10.000ns})
  Destination:            conv_design_i/CONV_0/inst/state_reg[0]/CLR
                            (removal check against rising-edge clock clk_fpga_0  {rise@0.000ns fall@5.000ns period=10.000ns})
  Path Group:             **async_default**
  Path Type:              Removal (Min at Fast Process Corner)
  Requirement:            0.000ns  (clk_fpga_0 rise@0.000ns - clk_fpga_0 rise@0.000ns)
  Data Path Delay:        1.295ns  (logic 0.141ns (10.891%)  route 1.154ns (89.109%))
  Logic Levels:           0  
  Clock Path Skew:        0.299ns (DCD - SCD - CPR)
    Destination Clock Delay (DCD):    1.218ns
    Source Clock Delay      (SCD):    0.884ns
    Clock Pessimism Removal (CPR):    0.035ns

    Location             Delay type                Incr(ns)  Path(ns)    Netlist Resource(s)
  -------------------------------------------------------------------    -------------------
                         (clock clk_fpga_0 rise edge)
                                                      0.000     0.000 r  
    PS7_X0Y0             PS7                          0.000     0.000 r  conv_design_i/processing_system7_0/inst/PS7_i/FCLKCLK[0]
                         net (fo=1, routed)           0.310     0.310    conv_design_i/processing_system7_0/inst/FCLK_CLK_unbuffered[0]
    BUFGCTRL_X0Y16       BUFG (Prop_bufg_I_O)         0.026     0.336 r  conv_design_i/processing_system7_0/inst/buffer_fclk_clk_0.FCLK_CLK_0_BUFG/O
                         net (fo=9031, routed)        0.548     0.884    conv_design_i/rst_ps7_0_100M/U0/slowest_sync_clk
    SLICE_X53Y28         FDRE                                         r  conv_design_i/rst_ps7_0_100M/U0/PR_OUT_DFF[0].FDRE_PER/C
  -------------------------------------------------------------------    -------------------
    SLICE_X53Y28         FDRE (Prop_fdre_C_Q)         0.141     1.025 f  conv_design_i/rst_ps7_0_100M/U0/PR_OUT_DFF[0].FDRE_PER/Q
                         net (fo=6, routed)           1.154     2.178    conv_design_i/CONV_0/inst/reset
    SLICE_X25Y16         FDCE                                         f  conv_design_i/CONV_0/inst/state_reg[0]/CLR
  -------------------------------------------------------------------    -------------------

                         (clock clk_fpga_0 rise edge)
                                                      0.000     0.000 r  
    PS7_X0Y0             PS7                          0.000     0.000 r  conv_design_i/processing_system7_0/inst/PS7_i/FCLKCLK[0]
                         net (fo=1, routed)           0.337     0.337    conv_design_i/processing_system7_0/inst/FCLK_CLK_unbuffered[0]
    BUFGCTRL_X0Y16       BUFG (Prop_bufg_I_O)         0.029     0.366 r  conv_design_i/processing_system7_0/inst/buffer_fclk_clk_0.FCLK_CLK_0_BUFG/O
                         net (fo=9031, routed)        0.852     1.218    conv_design_i/CONV_0/inst/clk
    SLICE_X25Y16         FDCE                                         r  conv_design_i/CONV_0/inst/state_reg[0]/C
                         clock pessimism             -0.035     1.183    
    SLICE_X25Y16         FDCE (Remov_fdce_C_CLR)     -0.092     1.091    conv_design_i/CONV_0/inst/state_reg[0]
  -------------------------------------------------------------------
                         required time                         -1.091    
                         arrival time                           2.178    
  -------------------------------------------------------------------
                         slack                                  1.087    





