Copyright 1986-2020 Xilinx, Inc. All Rights Reserved.
--------------------------------------------------------------------------------------------
| Tool Version : Vivado v.2020.1 (win64) Build 2902540 Wed May 27 19:54:49 MDT 2020
| Date         : Sat May 31 13:56:14 2025
| Host         : ukp66482 running 64-bit major release  (build 9200)
| Command      : report_control_sets -verbose -file DPU_sys_wrapper_control_sets_placed.rpt
| Design       : DPU_sys_wrapper
| Device       : xc7z020
--------------------------------------------------------------------------------------------

Control Set Information

Table of Contents
-----------------
1. Summary
2. Histogram
3. Flip-Flop Distribution
4. Detailed Control Set Information

1. Summary
----------

+----------------------------------------------------------+-------+
|                          Status                          | Count |
+----------------------------------------------------------+-------+
| Total control sets                                       |  1619 |
|    Minimum number of control sets                        |  1588 |
|    Addition due to synthesis replication                 |    31 |
|    Addition due to physical synthesis replication        |     0 |
| Unused register locations in slices containing registers |  2512 |
+----------------------------------------------------------+-------+
* Control sets can be merged at opt_design using control_set_merge or merge_equivalent_drivers
** Run report_qor_suggestions for automated merging and remapping suggestions


2. Histogram
------------

+--------------------+-------+
|       Fanout       | Count |
+--------------------+-------+
| Total control sets |  1619 |
| >= 0 to < 4        |    82 |
| >= 4 to < 6        |    94 |
| >= 6 to < 8        |   112 |
| >= 8 to < 10       |   541 |
| >= 10 to < 12      |    89 |
| >= 12 to < 14      |    31 |
| >= 14 to < 16      |    60 |
| >= 16              |   610 |
+--------------------+-------+
* Control sets can be remapped at either synth_design or opt_design


3. Flip-Flop Distribution
-------------------------

+--------------+-----------------------+------------------------+-----------------+--------------+
| Clock Enable | Synchronous Set/Reset | Asynchronous Set/Reset | Total Registers | Total Slices |
+--------------+-----------------------+------------------------+-----------------+--------------+
| No           | No                    | No                     |           31018 |         5542 |
| No           | No                    | Yes                    |               0 |            0 |
| No           | Yes                   | No                     |            3715 |          859 |
| Yes          | No                    | No                     |           25576 |         5441 |
| Yes          | No                    | Yes                    |               0 |            0 |
| Yes          | Yes                   | No                     |            3619 |          835 |
+--------------+-----------------------+------------------------+-----------------+--------------+


4. Detailed Control Set Information
-----------------------------------

+------------------------------------------------+-------------------------------------------------------------------------------------------------------------------------------------------------------------------------------------+-------------------------------------------------------------------------------------------------------------------------------------------------------------------------------+------------------+----------------+--------------+
|                  Clock Signal                  |                                                                                    Enable Signal                                                                                    |                                                                                Set/Reset Signal                                                                               | Slice Load Count | Bel Load Count | Bels / Slice |
+------------------------------------------------+-------------------------------------------------------------------------------------------------------------------------------------------------------------------------------------+-------------------------------------------------------------------------------------------------------------------------------------------------------------------------------+------------------+----------------+--------------+
|  DPU_sys_i/clk_wiz_0/inst/clk_out300Mhz        | DPU_sys_i/dpu_eu_0/inst/g_e584eb07.u_822a997b/u_8329ce29/u_3aa346a2/u_dcd815c9/u_6c52c68e/g_7b54f91e[1].g_07af5fd4[0].g_9aa100cb[2].u_a326a45b/g_6779d86c[1].s_93e27aaf             |                                                                                                                                                                               |                1 |              1 |         1.00 |
|  DPU_sys_i/clk_wiz_0/inst/clk_out300Mhz        | DPU_sys_i/dpu_eu_0/inst/g_e584eb07.u_822a997b/u_8329ce29/u_3aa346a2/u_dcd815c9/u_6c52c68e/g_7b54f91e[11].g_07af5fd4[0].g_9aa100cb[1].u_a326a45b/g_6779d86c[0].s_93e27aaf            |                                                                                                                                                                               |                1 |              1 |         1.00 |
|  DPU_sys_i/clk_wiz_0/inst/clk_out300Mhz        | DPU_sys_i/dpu_eu_0/inst/g_e584eb07.u_822a997b/u_8329ce29/u_3aa346a2/u_dcd815c9/u_6c52c68e/g_7b54f91e[3].g_07af5fd4[0].g_9aa100cb[4].u_a326a45b/g_6779d86c[1].s_93e27aaf             |                                                                                                                                                                               |                1 |              1 |         1.00 |
|  DPU_sys_i/clk_wiz_0/inst/clk_out300Mhz        | DPU_sys_i/dpu_eu_0/inst/g_e584eb07.u_822a997b/u_8329ce29/u_3aa346a2/u_dcd815c9/u_6c52c68e/g_7b54f91e[6].g_07af5fd4[0].g_9aa100cb[1].u_a326a45b/g_6779d86c[0].s_93e27aaf             |                                                                                                                                                                               |                1 |              1 |         1.00 |
|  DPU_sys_i/clk_wiz_0/inst/clk_out300Mhz        | DPU_sys_i/dpu_eu_0/inst/g_e584eb07.u_822a997b/u_8329ce29/u_3aa346a2/u_dcd815c9/u_6c52c68e/g_7b54f91e[6].g_07af5fd4[0].g_9aa100cb[3].u_a326a45b/g_6779d86c[0].s_93e27aaf             |                                                                                                                                                                               |                1 |              1 |         1.00 |
|  DPU_sys_i/clk_wiz_0/inst/clk_out300Mhz        | DPU_sys_i/dpu_eu_0/inst/g_e584eb07.u_822a997b/u_8329ce29/u_3aa346a2/u_dcd815c9/u_6c52c68e/g_7b54f91e[9].g_07af5fd4[0].g_9aa100cb[0].u_a326a45b/g_6779d86c[1].s_93e27aaf             |                                                                                                                                                                               |                1 |              1 |         1.00 |
|  DPU_sys_i/clk_wiz_0/inst/clk_out300Mhz        | DPU_sys_i/dpu_eu_0/inst/g_e584eb07.u_822a997b/u_8329ce29/u_3aa346a2/u_dcd815c9/u_6c52c68e/g_7b54f91e[3].g_07af5fd4[0].g_9aa100cb[3].u_a326a45b/g_6779d86c[0].s_93e27aaf             |                                                                                                                                                                               |                1 |              1 |         1.00 |
|  DPU_sys_i/clk_wiz_0/inst/clk_out300Mhz        | DPU_sys_i/dpu_eu_0/inst/g_e584eb07.u_822a997b/u_8329ce29/u_3aa346a2/u_dcd815c9/u_6c52c68e/g_7b54f91e[11].g_07af5fd4[0].g_9aa100cb[2].u_a326a45b/g_6779d86c[1].s_93e27aaf            |                                                                                                                                                                               |                1 |              1 |         1.00 |
|  DPU_sys_i/clk_wiz_0/inst/clk_out300Mhz        | DPU_sys_i/dpu_eu_0/inst/g_e584eb07.u_822a997b/u_8329ce29/u_3aa346a2/u_dcd815c9/u_6c52c68e/g_7b54f91e[10].g_07af5fd4[0].g_9aa100cb[0].u_a326a45b/g_6779d86c[1].s_93e27aaf            |                                                                                                                                                                               |                1 |              1 |         1.00 |
|  DPU_sys_i/clk_wiz_0/inst/clk_out300Mhz        | DPU_sys_i/dpu_eu_0/inst/g_e584eb07.u_822a997b/u_8329ce29/u_3aa346a2/u_dcd815c9/u_6c52c68e/g_7b54f91e[2].g_07af5fd4[0].g_9aa100cb[0].u_a326a45b/g_6779d86c[1].s_93e27aaf             |                                                                                                                                                                               |                1 |              1 |         1.00 |
|  DPU_sys_i/clk_wiz_0/inst/clk_out300Mhz        | DPU_sys_i/dpu_eu_0/inst/g_e584eb07.u_822a997b/u_8329ce29/u_3aa346a2/u_dcd815c9/u_6c52c68e/g_7b54f91e[2].g_07af5fd4[0].g_9aa100cb[2].u_a326a45b/g_6779d86c[1].s_93e27aaf             |                                                                                                                                                                               |                1 |              1 |         1.00 |
|  DPU_sys_i/clk_wiz_0/inst/clk_out300Mhz        | DPU_sys_i/dpu_eu_0/inst/g_e584eb07.u_822a997b/u_8329ce29/u_3aa346a2/u_dcd815c9/u_6c52c68e/g_7b54f91e[6].g_07af5fd4[0].g_9aa100cb[2].u_a326a45b/g_6779d86c[1].s_93e27aaf             |                                                                                                                                                                               |                1 |              1 |         1.00 |
|  DPU_sys_i/clk_wiz_0/inst/clk_out300Mhz        | DPU_sys_i/dpu_eu_0/inst/g_e584eb07.u_822a997b/u_8329ce29/u_3aa346a2/u_dcd815c9/u_6c52c68e/g_7b54f91e[8].g_07af5fd4[0].g_9aa100cb[5].u_a326a45b/g_6779d86c[0].s_93e27aaf             |                                                                                                                                                                               |                1 |              1 |         1.00 |
|  DPU_sys_i/clk_wiz_0/inst/clk_out300Mhz        | DPU_sys_i/dpu_eu_0/inst/g_e584eb07.u_822a997b/u_8329ce29/u_3aa346a2/u_dcd815c9/u_6c52c68e/g_7b54f91e[5].g_07af5fd4[0].g_9aa100cb[2].u_a326a45b/g_6779d86c[1].s_93e27aaf             |                                                                                                                                                                               |                1 |              1 |         1.00 |
|  DPU_sys_i/clk_wiz_0/inst/clk_out300Mhz        | DPU_sys_i/dpu_eu_0/inst/g_e584eb07.u_822a997b/u_8329ce29/u_3aa346a2/u_dcd815c9/u_6c52c68e/g_7b54f91e[11].g_07af5fd4[0].g_9aa100cb[4].u_a326a45b/g_6779d86c[1].s_93e27aaf            |                                                                                                                                                                               |                1 |              1 |         1.00 |
|  DPU_sys_i/clk_wiz_0/inst/clk_out300Mhz        | DPU_sys_i/dpu_eu_0/inst/g_e584eb07.u_822a997b/u_8329ce29/u_3aa346a2/u_dcd815c9/u_6c52c68e/g_7b54f91e[2].g_07af5fd4[0].g_9aa100cb[3].u_a326a45b/g_6779d86c[0].s_93e27aaf             |                                                                                                                                                                               |                1 |              1 |         1.00 |
|  DPU_sys_i/clk_wiz_0/inst/clk_out300Mhz        | DPU_sys_i/dpu_eu_0/inst/g_e584eb07.u_822a997b/u_8329ce29/u_3aa346a2/u_dcd815c9/u_6c52c68e/s_6d2498fc                                                                                |                                                                                                                                                                               |                1 |              1 |         1.00 |
|  DPU_sys_i/clk_wiz_0/inst/clk_out300Mhz        | DPU_sys_i/dpu_eu_0/inst/g_e584eb07.u_822a997b/u_8329ce29/u_3aa346a2/u_dcd815c9/u_6c52c68e/g_7b54f91e[8].g_07af5fd4[0].g_9aa100cb[4].u_a326a45b/g_6779d86c[1].s_93e27aaf             |                                                                                                                                                                               |                1 |              1 |         1.00 |
|  DPU_sys_i/clk_wiz_0/inst/clk_out300Mhz        | DPU_sys_i/dpu_eu_0/inst/g_e584eb07.u_822a997b/u_8329ce29/u_3aa346a2/u_dcd815c9/u_6c52c68e/g_7b54f91e[10].g_07af5fd4[0].g_9aa100cb[5].u_a326a45b/g_6779d86c[0].s_93e27aaf            |                                                                                                                                                                               |                1 |              1 |         1.00 |
|  DPU_sys_i/clk_wiz_0/inst/clk_out300Mhz        | DPU_sys_i/dpu_eu_0/inst/g_e584eb07.u_822a997b/u_8329ce29/u_3aa346a2/u_dcd815c9/u_6c52c68e/g_7b54f91e[7].g_07af5fd4[0].g_9aa100cb[5].u_a326a45b/g_6779d86c[0].s_93e27aaf             |                                                                                                                                                                               |                1 |              1 |         1.00 |
|  DPU_sys_i/clk_wiz_0/inst/clk_out300Mhz        | DPU_sys_i/dpu_eu_0/inst/g_e584eb07.u_822a997b/u_8329ce29/u_3aa346a2/u_dcd815c9/u_6c52c68e/g_7b54f91e[5].g_07af5fd4[0].g_9aa100cb[3].u_a326a45b/g_6779d86c[0].s_93e27aaf             |                                                                                                                                                                               |                1 |              1 |         1.00 |
|  DPU_sys_i/clk_wiz_0/inst/clk_out300Mhz        | DPU_sys_i/dpu_eu_0/inst/g_e584eb07.u_822a997b/u_8329ce29/u_3aa346a2/u_dcd815c9/u_6c52c68e/g_7b54f91e[3].g_07af5fd4[0].g_9aa100cb[0].u_a326a45b/g_6779d86c[1].s_93e27aaf             |                                                                                                                                                                               |                1 |              1 |         1.00 |
|  DPU_sys_i/clk_wiz_0/inst/clk_out300Mhz        | DPU_sys_i/dpu_eu_0/inst/g_e584eb07.u_822a997b/u_8329ce29/u_3aa346a2/u_dcd815c9/u_6c52c68e/g_7b54f91e[0].g_07af5fd4[0].g_9aa100cb[5].u_a326a45b/g_6779d86c[0].s_93e27aaf             |                                                                                                                                                                               |                1 |              1 |         1.00 |
|  DPU_sys_i/clk_wiz_0/inst/clk_out300Mhz        | DPU_sys_i/dpu_eu_0/inst/g_e584eb07.u_822a997b/u_8329ce29/u_3aa346a2/u_dcd815c9/u_6c52c68e/g_7b54f91e[4].g_07af5fd4[0].g_9aa100cb[1].u_a326a45b/g_6779d86c[0].s_93e27aaf             |                                                                                                                                                                               |                1 |              1 |         1.00 |
|  DPU_sys_i/clk_wiz_0/inst/clk_out300Mhz        | DPU_sys_i/dpu_eu_0/inst/g_e584eb07.u_822a997b/u_8329ce29/u_3aa346a2/u_dcd815c9/u_6c52c68e/g_7b54f91e[4].g_07af5fd4[0].g_9aa100cb[0].u_a326a45b/g_6779d86c[1].s_93e27aaf             |                                                                                                                                                                               |                1 |              1 |         1.00 |
|  DPU_sys_i/clk_wiz_0/inst/clk_out300Mhz        | DPU_sys_i/dpu_eu_0/inst/g_e584eb07.u_822a997b/u_8329ce29/u_3aa346a2/u_dcd815c9/u_6c52c68e/g_7b54f91e[9].g_07af5fd4[0].g_9aa100cb[1].u_a326a45b/g_6779d86c[0].s_93e27aaf             |                                                                                                                                                                               |                1 |              1 |         1.00 |
|  DPU_sys_i/clk_wiz_0/inst/clk_out300Mhz        | DPU_sys_i/dpu_eu_0/inst/g_e584eb07.u_822a997b/u_8329ce29/u_3aa346a2/u_dcd815c9/u_6c52c68e/g_7b54f91e[5].g_07af5fd4[0].g_9aa100cb[4].u_a326a45b/g_6779d86c[1].s_93e27aaf             |                                                                                                                                                                               |                1 |              1 |         1.00 |
|  DPU_sys_i/clk_wiz_0/inst/clk_out300Mhz        | DPU_sys_i/dpu_eu_0/inst/g_e584eb07.u_822a997b/u_8329ce29/u_3aa346a2/u_dcd815c9/u_6c52c68e/g_7b54f91e[6].g_07af5fd4[0].g_9aa100cb[4].u_a326a45b/g_6779d86c[1].s_93e27aaf             |                                                                                                                                                                               |                1 |              1 |         1.00 |
|  DPU_sys_i/clk_wiz_0/inst/clk_out300Mhz        | DPU_sys_i/dpu_eu_0/inst/g_e584eb07.u_822a997b/u_8329ce29/u_3aa346a2/u_dcd815c9/u_6c52c68e/g_7b54f91e[10].g_07af5fd4[0].g_9aa100cb[4].u_a326a45b/g_6779d86c[1].s_93e27aaf            |                                                                                                                                                                               |                1 |              1 |         1.00 |
|  DPU_sys_i/clk_wiz_0/inst/clk_out300Mhz        | DPU_sys_i/dpu_eu_0/inst/g_e584eb07.u_822a997b/u_8329ce29/u_3aa346a2/u_dcd815c9/u_6c52c68e/g_7b54f91e[7].g_07af5fd4[0].g_9aa100cb[4].u_a326a45b/g_6779d86c[1].s_93e27aaf             |                                                                                                                                                                               |                1 |              1 |         1.00 |
|  DPU_sys_i/clk_wiz_0/inst/clk_out300Mhz        | DPU_sys_i/dpu_eu_0/inst/g_e584eb07.u_822a997b/u_8329ce29/u_3aa346a2/u_dcd815c9/u_6c52c68e/g_7b54f91e[0].g_07af5fd4[0].g_9aa100cb[4].u_a326a45b/g_6779d86c[1].s_93e27aaf             |                                                                                                                                                                               |                1 |              1 |         1.00 |
|  DPU_sys_i/clk_wiz_0/inst/clk_out300Mhz        | DPU_sys_i/dpu_eu_0/inst/g_e584eb07.u_822a997b/u_8329ce29/u_3aa346a2/u_dcd815c9/u_6c52c68e/g_7b54f91e[5].g_07af5fd4[0].g_9aa100cb[1].u_a326a45b/g_6779d86c[0].s_93e27aaf             |                                                                                                                                                                               |                1 |              1 |         1.00 |
|  DPU_sys_i/clk_wiz_0/inst/clk_out300Mhz        | DPU_sys_i/dpu_eu_0/inst/g_e584eb07.u_822a997b/u_8329ce29/u_3aa346a2/u_dcd815c9/u_6c52c68e/g_7b54f91e[2].g_07af5fd4[0].g_9aa100cb[1].u_a326a45b/g_6779d86c[0].s_93e27aaf             |                                                                                                                                                                               |                1 |              1 |         1.00 |
|  DPU_sys_i/clk_wiz_0/inst/clk_out300Mhz        | DPU_sys_i/dpu_eu_0/inst/g_e584eb07.u_822a997b/u_8329ce29/u_3aa346a2/u_dcd815c9/u_6c52c68e/g_7b54f91e[7].g_07af5fd4[0].g_9aa100cb[3].u_a326a45b/g_6779d86c[0].s_93e27aaf             |                                                                                                                                                                               |                1 |              1 |         1.00 |
|  DPU_sys_i/clk_wiz_0/inst/clk_out300Mhz        | DPU_sys_i/dpu_eu_0/inst/g_e584eb07.u_822a997b/u_8329ce29/u_3aa346a2/u_dcd815c9/u_6c52c68e/g_7b54f91e[3].g_07af5fd4[0].g_9aa100cb[2].u_a326a45b/g_6779d86c[1].s_93e27aaf             |                                                                                                                                                                               |                1 |              1 |         1.00 |
|  DPU_sys_i/clk_wiz_0/inst/clk_out300Mhz        | DPU_sys_i/dpu_eu_0/inst/g_e584eb07.u_822a997b/u_8329ce29/u_3aa346a2/u_dcd815c9/u_6c52c68e/g_7b54f91e[9].g_07af5fd4[0].g_9aa100cb[2].u_a326a45b/g_6779d86c[1].s_93e27aaf             |                                                                                                                                                                               |                1 |              1 |         1.00 |
|  DPU_sys_i/clk_wiz_0/inst/clk_out300Mhz        | DPU_sys_i/dpu_eu_0/inst/g_e584eb07.u_822a997b/u_8329ce29/u_3aa346a2/u_dcd815c9/u_6c52c68e/g_7b54f91e[5].g_07af5fd4[0].g_9aa100cb[5].u_a326a45b/g_6779d86c[0].s_93e27aaf             |                                                                                                                                                                               |                1 |              1 |         1.00 |
|  DPU_sys_i/clk_wiz_0/inst/clk_out300Mhz        | DPU_sys_i/dpu_eu_0/inst/g_e584eb07.u_822a997b/u_8329ce29/u_3aa346a2/u_dcd815c9/u_6c52c68e/g_7b54f91e[10].g_07af5fd4[0].g_9aa100cb[1].u_a326a45b/g_6779d86c[0].s_93e27aaf            |                                                                                                                                                                               |                1 |              1 |         1.00 |
|  DPU_sys_i/clk_wiz_0/inst/clk_out300Mhz        | DPU_sys_i/dpu_eu_0/inst/g_e584eb07.u_822a997b/u_8329ce29/u_3aa346a2/u_dcd815c9/u_6c52c68e/g_7b54f91e[11].g_07af5fd4[0].g_9aa100cb[0].u_a326a45b/g_6779d86c[1].s_93e27aaf            |                                                                                                                                                                               |                1 |              1 |         1.00 |
|  DPU_sys_i/clk_wiz_0/inst/clk_out300Mhz        | DPU_sys_i/dpu_eu_0/inst/g_e584eb07.u_822a997b/u_8329ce29/u_3aa346a2/u_dcd815c9/u_6c52c68e/g_7b54f91e[3].g_07af5fd4[0].g_9aa100cb[1].u_a326a45b/g_6779d86c[0].s_93e27aaf             |                                                                                                                                                                               |                1 |              1 |         1.00 |
|  DPU_sys_i/clk_wiz_0/inst/clk_out300Mhz        | DPU_sys_i/dpu_eu_0/inst/g_e584eb07.u_822a997b/u_8329ce29/u_3aa346a2/u_dcd815c9/u_6c52c68e/g_7b54f91e[1].g_07af5fd4[0].g_9aa100cb[5].u_a326a45b/g_6779d86c[0].s_93e27aaf             |                                                                                                                                                                               |                1 |              1 |         1.00 |
|  DPU_sys_i/clk_wiz_0/inst/clk_out300Mhz        | DPU_sys_i/dpu_eu_0/inst/g_e584eb07.u_822a997b/u_8329ce29/u_3aa346a2/u_dcd815c9/u_6c52c68e/g_7b54f91e[5].g_07af5fd4[0].g_9aa100cb[0].u_a326a45b/g_6779d86c[1].s_93e27aaf             |                                                                                                                                                                               |                1 |              1 |         1.00 |
|  DPU_sys_i/clk_wiz_0/inst/clk_out300Mhz        | DPU_sys_i/dpu_eu_0/inst/g_e584eb07.u_822a997b/u_8329ce29/u_3aa346a2/u_dcd815c9/u_6c52c68e/g_7b54f91e[1].g_07af5fd4[0].g_9aa100cb[4].u_a326a45b/g_6779d86c[1].s_93e27aaf             |                                                                                                                                                                               |                1 |              1 |         1.00 |
|  DPU_sys_i/clk_wiz_0/inst/clk_out300Mhz        | DPU_sys_i/dpu_eu_0/inst/g_e584eb07.u_822a997b/u_8329ce29/u_3aa346a2/u_dcd815c9/u_6c52c68e/g_7b54f91e[6].g_07af5fd4[0].g_9aa100cb[5].u_a326a45b/g_6779d86c[0].s_93e27aaf             |                                                                                                                                                                               |                1 |              1 |         1.00 |
|  DPU_sys_i/clk_wiz_0/inst/clk_out300Mhz        | DPU_sys_i/dpu_eu_0/inst/g_e584eb07.u_822a997b/u_8329ce29/u_3aa346a2/u_dcd815c9/u_6c52c68e/g_7b54f91e[0].g_07af5fd4[0].g_9aa100cb[0].u_a326a45b/g_6779d86c[1].s_93e27aaf             |                                                                                                                                                                               |                1 |              1 |         1.00 |
|  DPU_sys_i/clk_wiz_0/inst/clk_out300Mhz        | DPU_sys_i/dpu_eu_0/inst/g_e584eb07.u_822a997b/u_8329ce29/u_3aa346a2/u_dcd815c9/u_6c52c68e/g_7b54f91e[9].g_07af5fd4[0].g_9aa100cb[3].u_a326a45b/g_6779d86c[0].s_93e27aaf             |                                                                                                                                                                               |                1 |              1 |         1.00 |
|  DPU_sys_i/clk_wiz_0/inst/clk_out300Mhz        | DPU_sys_i/dpu_eu_0/inst/g_e584eb07.u_822a997b/u_8329ce29/u_3aa346a2/u_dcd815c9/u_6c52c68e/g_7b54f91e[9].g_07af5fd4[0].g_9aa100cb[4].u_a326a45b/g_6779d86c[1].s_93e27aaf             |                                                                                                                                                                               |                1 |              1 |         1.00 |
|  DPU_sys_i/clk_wiz_0/inst/clk_out300Mhz        | DPU_sys_i/dpu_eu_0/inst/g_e584eb07.u_822a997b/u_8329ce29/u_3aa346a2/u_dcd815c9/u_6c52c68e/g_7b54f91e[8].g_07af5fd4[0].g_9aa100cb[3].u_a326a45b/g_6779d86c[0].s_93e27aaf             |                                                                                                                                                                               |                1 |              1 |         1.00 |
|  DPU_sys_i/clk_wiz_0/inst/clk_out300Mhz        | DPU_sys_i/dpu_eu_0/inst/g_e584eb07.u_822a997b/u_8329ce29/u_3aa346a2/u_dcd815c9/u_6c52c68e/g_7b54f91e[6].g_07af5fd4[0].g_9aa100cb[0].u_a326a45b/g_6779d86c[1].s_93e27aaf             |                                                                                                                                                                               |                1 |              1 |         1.00 |
|  DPU_sys_i/clk_wiz_0/inst/clk_out300Mhz        | DPU_sys_i/dpu_eu_0/inst/g_e584eb07.u_822a997b/u_8329ce29/u_3aa346a2/u_dcd815c9/u_6c52c68e/g_7b54f91e[9].g_07af5fd4[0].g_9aa100cb[5].u_a326a45b/g_6779d86c[0].s_93e27aaf             |                                                                                                                                                                               |                1 |              1 |         1.00 |
|  DPU_sys_i/clk_wiz_0/inst/clk_out300Mhz        | DPU_sys_i/dpu_eu_0/inst/g_e584eb07.u_822a997b/u_8329ce29/u_3aa346a2/u_dcd815c9/u_6c52c68e/g_7b54f91e[0].g_07af5fd4[0].g_9aa100cb[1].u_a326a45b/g_6779d86c[0].s_93e27aaf             |                                                                                                                                                                               |                1 |              1 |         1.00 |
|  DPU_sys_i/clk_wiz_0/inst/clk_out300Mhz        | DPU_sys_i/dpu_eu_0/inst/g_e584eb07.u_822a997b/u_8329ce29/u_3aa346a2/u_dcd815c9/u_6c52c68e/g_7b54f91e[1].g_07af5fd4[0].g_9aa100cb[3].u_a326a45b/g_6779d86c[0].s_93e27aaf             |                                                                                                                                                                               |                1 |              1 |         1.00 |
|  DPU_sys_i/clk_wiz_0/inst/clk_out300Mhz        | DPU_sys_i/dpu_eu_0/inst/g_e584eb07.u_822a997b/u_8329ce29/u_3aa346a2/u_dcd815c9/u_6c52c68e/g_7b54f91e[4].g_07af5fd4[0].g_9aa100cb[5].u_a326a45b/g_6779d86c[0].s_93e27aaf             |                                                                                                                                                                               |                1 |              1 |         1.00 |
|  DPU_sys_i/clk_wiz_0/inst/clk_out300Mhz        | DPU_sys_i/dpu_eu_0/inst/g_e584eb07.u_822a997b/u_8329ce29/u_3aa346a2/u_dcd815c9/u_6c52c68e/g_7b54f91e[8].g_07af5fd4[0].g_9aa100cb[2].u_a326a45b/g_6779d86c[1].s_93e27aaf             |                                                                                                                                                                               |                1 |              1 |         1.00 |
|  DPU_sys_i/clk_wiz_0/inst/clk_out300Mhz        | DPU_sys_i/dpu_eu_0/inst/g_e584eb07.u_822a997b/u_8329ce29/u_3aa346a2/u_dcd815c9/u_6c52c68e/g_7b54f91e[7].g_07af5fd4[0].g_9aa100cb[2].u_a326a45b/g_6779d86c[1].s_93e27aaf             |                                                                                                                                                                               |                1 |              1 |         1.00 |
|  DPU_sys_i/clk_wiz_0/inst/clk_out300Mhz        | DPU_sys_i/dpu_eu_0/inst/g_e584eb07.u_822a997b/u_8329ce29/u_3aa346a2/u_dcd815c9/u_6c52c68e/g_7b54f91e[4].g_07af5fd4[0].g_9aa100cb[4].u_a326a45b/g_6779d86c[1].s_93e27aaf             |                                                                                                                                                                               |                1 |              1 |         1.00 |
|  DPU_sys_i/clk_wiz_0/inst/clk_out300Mhz        | DPU_sys_i/dpu_eu_0/inst/g_e584eb07.u_822a997b/u_8329ce29/u_3aa346a2/u_dcd815c9/u_6c52c68e/g_7b54f91e[0].g_07af5fd4[0].g_9aa100cb[3].u_a326a45b/g_6779d86c[0].s_93e27aaf             |                                                                                                                                                                               |                1 |              1 |         1.00 |
|  DPU_sys_i/clk_wiz_0/inst/clk_out300Mhz        | DPU_sys_i/dpu_eu_0/inst/g_e584eb07.u_822a997b/u_8329ce29/u_3aa346a2/u_dcd815c9/u_6c52c68e/g_7b54f91e[8].g_07af5fd4[0].g_9aa100cb[1].u_a326a45b/g_6779d86c[0].s_93e27aaf             |                                                                                                                                                                               |                1 |              1 |         1.00 |
|  DPU_sys_i/clk_wiz_0/inst/clk_out300Mhz        | DPU_sys_i/dpu_eu_0/inst/g_e584eb07.u_822a997b/u_8329ce29/u_3aa346a2/u_dcd815c9/u_6c52c68e/g_7b54f91e[2].g_07af5fd4[0].g_9aa100cb[4].u_a326a45b/g_6779d86c[1].s_93e27aaf             |                                                                                                                                                                               |                1 |              1 |         1.00 |
|  DPU_sys_i/clk_wiz_0/inst/clk_out300Mhz        | DPU_sys_i/dpu_eu_0/inst/g_e584eb07.u_822a997b/u_8329ce29/u_3aa346a2/u_dcd815c9/u_6c52c68e/g_7b54f91e[1].g_07af5fd4[0].g_9aa100cb[1].u_a326a45b/g_6779d86c[0].s_93e27aaf             |                                                                                                                                                                               |                1 |              1 |         1.00 |
|  DPU_sys_i/clk_wiz_0/inst/clk_out300Mhz        | DPU_sys_i/dpu_eu_0/inst/g_e584eb07.u_822a997b/u_8329ce29/u_3aa346a2/u_dcd815c9/u_6c52c68e/g_7b54f91e[10].g_07af5fd4[0].g_9aa100cb[3].u_a326a45b/g_6779d86c[0].s_93e27aaf            |                                                                                                                                                                               |                1 |              1 |         1.00 |
|  DPU_sys_i/clk_wiz_0/inst/clk_out300Mhz        | DPU_sys_i/dpu_eu_0/inst/g_e584eb07.u_822a997b/u_8329ce29/u_3aa346a2/u_dcd815c9/u_6c52c68e/g_7b54f91e[1].g_07af5fd4[0].g_9aa100cb[0].u_a326a45b/g_6779d86c[1].s_93e27aaf             |                                                                                                                                                                               |                1 |              1 |         1.00 |
|  DPU_sys_i/clk_wiz_0/inst/clk_out300Mhz        | DPU_sys_i/dpu_eu_0/inst/g_e584eb07.u_822a997b/u_8329ce29/u_3aa346a2/u_dcd815c9/u_6c52c68e/g_7b54f91e[4].g_07af5fd4[0].g_9aa100cb[3].u_a326a45b/g_6779d86c[0].s_93e27aaf             |                                                                                                                                                                               |                1 |              1 |         1.00 |
|  DPU_sys_i/clk_wiz_0/inst/clk_out300Mhz        | DPU_sys_i/dpu_eu_0/inst/g_e584eb07.u_822a997b/u_8329ce29/u_3aa346a2/u_dcd815c9/u_6c52c68e/g_7b54f91e[4].g_07af5fd4[0].g_9aa100cb[2].u_a326a45b/g_6779d86c[1].s_93e27aaf             |                                                                                                                                                                               |                1 |              1 |         1.00 |
|  DPU_sys_i/clk_wiz_0/inst/clk_out300Mhz        | DPU_sys_i/dpu_eu_0/inst/g_e584eb07.u_822a997b/u_8329ce29/u_3aa346a2/u_dcd815c9/u_6c52c68e/g_7b54f91e[7].g_07af5fd4[0].g_9aa100cb[0].u_a326a45b/g_6779d86c[1].s_93e27aaf             |                                                                                                                                                                               |                1 |              1 |         1.00 |
|  DPU_sys_i/clk_wiz_0/inst/clk_out300Mhz        | DPU_sys_i/dpu_eu_0/inst/g_e584eb07.u_822a997b/u_8329ce29/u_3aa346a2/u_dcd815c9/u_6c52c68e/g_7b54f91e[11].g_07af5fd4[0].g_9aa100cb[5].u_a326a45b/g_6779d86c[0].s_93e27aaf            |                                                                                                                                                                               |                1 |              1 |         1.00 |
|  DPU_sys_i/clk_wiz_0/inst/clk_out300Mhz        | DPU_sys_i/dpu_eu_0/inst/g_e584eb07.u_822a997b/u_8329ce29/u_3aa346a2/u_dcd815c9/u_6c52c68e/g_7b54f91e[10].g_07af5fd4[0].g_9aa100cb[2].u_a326a45b/g_6779d86c[1].s_93e27aaf            |                                                                                                                                                                               |                1 |              1 |         1.00 |
|  DPU_sys_i/clk_wiz_0/inst/clk_out300Mhz        | DPU_sys_i/dpu_eu_0/inst/g_e584eb07.u_822a997b/u_8329ce29/u_3aa346a2/u_dcd815c9/u_6c52c68e/g_7b54f91e[2].g_07af5fd4[0].g_9aa100cb[5].u_a326a45b/g_6779d86c[0].s_93e27aaf             |                                                                                                                                                                               |                1 |              1 |         1.00 |
|  DPU_sys_i/clk_wiz_0/inst/clk_out300Mhz        | DPU_sys_i/dpu_eu_0/inst/g_e584eb07.u_822a997b/u_8329ce29/u_3aa346a2/u_dcd815c9/u_6c52c68e/g_7b54f91e[0].g_07af5fd4[0].g_9aa100cb[2].u_a326a45b/g_6779d86c[1].s_93e27aaf             |                                                                                                                                                                               |                1 |              1 |         1.00 |
|  DPU_sys_i/clk_wiz_0/inst/clk_out300Mhz        | DPU_sys_i/dpu_eu_0/inst/g_e584eb07.u_822a997b/u_8329ce29/u_3aa346a2/u_dcd815c9/u_6c52c68e/g_7b54f91e[8].g_07af5fd4[0].g_9aa100cb[0].u_a326a45b/g_6779d86c[1].s_93e27aaf             |                                                                                                                                                                               |                1 |              1 |         1.00 |
|  DPU_sys_i/clk_wiz_0/inst/clk_out300Mhz        | DPU_sys_i/dpu_eu_0/inst/g_e584eb07.u_822a997b/u_8329ce29/u_3aa346a2/u_dcd815c9/u_6c52c68e/g_7b54f91e[3].g_07af5fd4[0].g_9aa100cb[5].u_a326a45b/g_6779d86c[0].s_93e27aaf             |                                                                                                                                                                               |                1 |              1 |         1.00 |
|  DPU_sys_i/clk_wiz_0/inst/clk_out300Mhz        | DPU_sys_i/dpu_eu_0/inst/g_e584eb07.u_822a997b/u_8329ce29/u_3aa346a2/u_dcd815c9/u_6c52c68e/g_7b54f91e[11].g_07af5fd4[0].g_9aa100cb[3].u_a326a45b/g_6779d86c[0].s_93e27aaf            |                                                                                                                                                                               |                1 |              1 |         1.00 |
|  DPU_sys_i/clk_wiz_0/inst/clk_out300Mhz        | DPU_sys_i/dpu_eu_0/inst/g_e584eb07.u_822a997b/u_8329ce29/u_3aa346a2/u_dcd815c9/u_6c52c68e/g_7b54f91e[7].g_07af5fd4[0].g_9aa100cb[1].u_a326a45b/g_6779d86c[0].s_93e27aaf             |                                                                                                                                                                               |                1 |              1 |         1.00 |
|  DPU_sys_i/clk_wiz_0/inst/clk_out300Mhz        | DPU_sys_i/dpu_eu_0/inst/g_e584eb07.u_822a997b/u_8329ce29/u_3aa346a2/u_dcd815c9/u_6c52c68e/g_7b54f91e[5].g_07af5fd4[0].g_9aa100cb[1].u_a326a45b/g_6779d86c[1].g_1714e1cc.s_d2403251  |                                                                                                                                                                               |                1 |              2 |         2.00 |
|  DPU_sys_i/clk_wiz_0/inst/clk_out300Mhz        | DPU_sys_i/dpu_eu_0/inst/g_e584eb07.u_822a997b/u_8329ce29/u_3aa346a2/u_dcd815c9/u_6c52c68e/g_7b54f91e[8].g_07af5fd4[0].g_9aa100cb[3].u_a326a45b/g_6779d86c[1].g_1714e1cc.s_d2403251  |                                                                                                                                                                               |                1 |              2 |         2.00 |
|  DPU_sys_i/clk_wiz_0/inst/clk_out300Mhz        | DPU_sys_i/dpu_eu_0/inst/g_e584eb07.u_822a997b/u_8329ce29/u_3aa346a2/u_dcd815c9/u_6c52c68e/s_055a5392                                                                                |                                                                                                                                                                               |                1 |              2 |         2.00 |
|  DPU_sys_i/clk_wiz_0/inst/clk_out150Mhz        | DPU_sys_i/dpu_eu_0/inst/g_e584eb07.u_822a997b/u_8329ce29/u_3aa346a2/u_402ff78a/u_346454c4/u_b3280cff/u_c2b52391/p_0_in[0]                                                           |                                                                                                                                                                               |                1 |              2 |         2.00 |
|  DPU_sys_i/clk_wiz_0/inst/clk_out150Mhz        |                                                                                                                                                                                     | DPU_sys_i/dpu_eu_0/inst/g_e584eb07.u_822a997b/u_8329ce29/u_4314ae56/m_dad332bf/m_705b8e64/g_be0756b3[1].g_40ae2e02.m_1dba719c/p_0_in                                          |                1 |              3 |         3.00 |
|  DPU_sys_i/clk_wiz_0/inst/clk_out150Mhz        |                                                                                                                                                                                     | DPU_sys_i/dpu_eu_0/inst/g_e584eb07.u_822a997b/u_8329ce29/u_4314ae56/m_dad332bf/m_705b8e64/g_be0756b3[1].g_40ae2e02.m_1dba719c/p_1_in                                          |                1 |              3 |         3.00 |
|  DPU_sys_i/clk_wiz_0/inst/clk_out150Mhz        |                                                                                                                                                                                     | DPU_sys_i/dpu_eu_0/inst/g_e584eb07.u_822a997b/u_8329ce29/u_4314ae56/m_dad332bf/m_705b8e64/g_be0756b3[0].g_40ae2e02.m_1dba719c/p_0_in                                          |                1 |              3 |         3.00 |
|  DPU_sys_i/clk_wiz_0/inst/clk_out150Mhz        | DPU_sys_i/dpu_eu_0/inst/g_e584eb07.u_822a997b/u_8329ce29/u_d185dc89/u_1c8d8ad4/u_4d784d88/u_3199b5ac/u_c2b52391/E[0]                                                                |                                                                                                                                                                               |                1 |              3 |         3.00 |
|  DPU_sys_i/clk_wiz_0/inst/clk_out150Mhz        |                                                                                                                                                                                     | DPU_sys_i/dpu_eu_0/inst/g_e584eb07.u_822a997b/u_8329ce29/u_4314ae56/m_dad332bf/m_705b8e64/g_be0756b3[0].g_40ae2e02.m_1dba719c/p_1_in                                          |                1 |              3 |         3.00 |
|  DPU_sys_i/clk_wiz_0/inst/clk_out150Mhz        | DPU_sys_i/dpu_eu_0/inst/g_e584eb07.u_822a997b/u_8329ce29/u_25c793f4/u_8f276c93/g_d4cf40a3[1].u_7d540bc6/u_900d28db/s_bedc29bf[3]_i_1__0_n_0                                         | DPU_sys_i/dpu_eu_0/inst/g_e584eb07.u_822a997b/u_8329ce29/u_4314ae56/m_dad332bf/m_41ee7512/SR[0]                                                                               |                2 |              4 |         2.00 |
|  DPU_sys_i/clk_wiz_0/inst/clk_out150Mhz        |                                                                                                                                                                                     | DPU_sys_i/dpu_eu_0/inst/g_e584eb07.u_822a997b/u_8329ce29/u_4314ae56/m_dad332bf/m_705b8e64/g_be0756b3[0].g_40ae2e02.m_1dba719c/s_ed0564c70                                     |                1 |              4 |         4.00 |
|  DPU_sys_i/clk_wiz_0/inst/clk_out150Mhz        | DPU_sys_i/dpu_eu_0/inst/g_e584eb07.u_822a997b/u_8329ce29/u_5e95f3e2/u_1134bd62/inst_rd_pool_img/u_e516a241/E[0]                                                                     |                                                                                                                                                                               |                2 |              4 |         2.00 |
|  DPU_sys_i/clk_wiz_0/inst/clk_out150Mhz        |                                                                                                                                                                                     | DPU_sys_i/dpu_eu_0/inst/g_e584eb07.u_822a997b/u_8329ce29/u_030d789c/u_099c94b4/g_64cdfbca[3].u_d4d6c03f/g_9e5ab1fb.u_a7dfcfe5/g_d1dd9bbb.s_74431b26_reg[13]                   |                1 |              4 |         4.00 |
|  DPU_sys_i/clk_wiz_0/inst/clk_out150Mhz        |                                                                                                                                                                                     | DPU_sys_i/dpu_eu_0/inst/g_e584eb07.u_822a997b/u_8329ce29/u_4314ae56/m_dad332bf/m_705b8e64/g_be0756b3[1].g_40ae2e02.m_1dba719c/s_ed0564c70                                     |                1 |              4 |         4.00 |
|  DPU_sys_i/clk_wiz_0/inst/clk_out150Mhz        |                                                                                                                                                                                     | DPU_sys_i/dpu_eu_0/inst/g_e584eb07.u_822a997b/u_8329ce29/u_030d789c/u_099c94b4/g_64cdfbca[3].u_d4d6c03f/g_9e5ab1fb.u_a7dfcfe5/s_9a6197f3[0]_535                               |                1 |              4 |         4.00 |
|  DPU_sys_i/clk_wiz_0/inst/clk_out150Mhz        |                                                                                                                                                                                     | DPU_sys_i/dpu_eu_0/inst/g_e584eb07.u_822a997b/u_8329ce29/u_4314ae56/m_dad332bf/m_705b8e64/g_be0756b3[0].s_2c89a628[0]_i_1_n_0                                                 |                1 |              4 |         4.00 |
|  DPU_sys_i/clk_wiz_0/inst/clk_out150Mhz        |                                                                                                                                                                                     | DPU_sys_i/dpu_eu_0/inst/g_e584eb07.u_822a997b/u_8329ce29/u_4314ae56/m_dad332bf/m_705b8e64/g_be0756b3[0].s_a6aba863[3]_i_1_n_0                                                 |                1 |              4 |         4.00 |
|  DPU_sys_i/clk_wiz_0/inst/clk_out150Mhz        | DPU_sys_i/dpu_eu_0/inst/g_e584eb07.u_822a997b/u_8329ce29/u_25c793f4/u_8f276c93/g_d4cf40a3[0].u_aa097d77/s_8a287129_reg[4]_0                                                         | DPU_sys_i/dpu_eu_0/inst/g_e584eb07.u_822a997b/u_8329ce29/u_25c793f4/u_8f276c93/g_d4cf40a3[0].u_aa097d77/s_8a287129_reg[5]_0                                                   |                2 |              4 |         2.00 |
|  DPU_sys_i/clk_wiz_0/inst/clk_out150Mhz        |                                                                                                                                                                                     | DPU_sys_i/dpu_eu_0/inst/g_e584eb07.u_822a997b/u_8329ce29/u_d185dc89/u_1c8d8ad4/u_2917af6a/s_3293a44a_i_1_n_0                                                                  |                1 |              4 |         4.00 |
|  DPU_sys_i/clk_wiz_0/inst/clk_out150Mhz        |                                                                                                                                                                                     | DPU_sys_i/dpu_eu_0/inst/g_e584eb07.u_822a997b/u_8329ce29/u_4314ae56/m_dad332bf/m_705b8e64/g_be0756b3[1].s_2c89a628[1]_i_1_n_0                                                 |                2 |              4 |         2.00 |
|  DPU_sys_i/clk_wiz_0/inst/clk_out150Mhz        | DPU_sys_i/dpu_eu_0/inst/g_e584eb07.u_822a997b/u_8329ce29/u_4314ae56/u_fcfb07e1/g_2b070d9a[1].s_440dee9c[7]_i_2_n_0                                                                  | DPU_sys_i/dpu_eu_0/inst/g_e584eb07.u_822a997b/u_8329ce29/u_4314ae56/u_fcfb07e1/g_2b070d9a[1].s_440dee9c[7]_i_1_n_0                                                            |                1 |              4 |         4.00 |
|  DPU_sys_i/clk_wiz_0/inst/clk_out150Mhz        |                                                                                                                                                                                     | DPU_sys_i/dpu_eu_0/inst/g_e584eb07.u_822a997b/u_8329ce29/u_4314ae56/m_dad332bf/m_705b8e64/g_be0756b3[1].s_89460caf[39]_i_1_n_0                                                |                2 |              4 |         2.00 |
|  DPU_sys_i/clk_wiz_0/inst/clk_out150Mhz        |                                                                                                                                                                                     | DPU_sys_i/dpu_eu_0/inst/g_e584eb07.u_822a997b/u_8329ce29/u_4314ae56/m_dad332bf/m_705b8e64/g_be0756b3[1].s_a6aba863[3]_i_1_n_0                                                 |                2 |              4 |         2.00 |
|  DPU_sys_i/clk_wiz_0/inst/clk_out150Mhz        | DPU_sys_i/dpu_eu_0/inst/g_e584eb07.u_822a997b/u_8329ce29/u_5e95f3e2/u_1134bd62/inst_rd_pool_img/u_e516a241/u_2e9d8b4e/s_19179eca                                                    | DPU_sys_i/dpu_eu_0/inst/g_e584eb07.u_822a997b/u_8329ce29/u_5e95f3e2/u_1134bd62/inst_rd_pool_img/u_e516a241/u_6924c5ca/s_fbd3a509[3]_i_1__4_n_0                                |                1 |              4 |         4.00 |
|  DPU_sys_i/clk_wiz_0/inst/clk_out150Mhz        |                                                                                                                                                                                     | DPU_sys_i/dpu_eu_0/inst/g_e584eb07.u_822a997b/u_8329ce29/u_4314ae56/m_dad332bf/m_705b8e64/s_ef27bf4b[39]                                                                      |                1 |              4 |         4.00 |
|  DPU_sys_i/clk_wiz_0/inst/clk_out150Mhz        | DPU_sys_i/dpu_eu_0/inst/g_e584eb07.u_822a997b/u_8329ce29/u_5e95f3e2/u_1134bd62/inst_rd_pool_img/g_05566174.u_d40aac67/E[0]                                                          | DPU_sys_i/dpu_eu_0/inst/g_e584eb07.u_822a997b/u_8329ce29/u_5e95f3e2/u_1134bd62/inst_rd_pool_img/u_e516a241/u_2e9d8b4e/s_fbd3a509[3]_i_1__3_n_0                                |                1 |              4 |         4.00 |
|  DPU_sys_i/clk_wiz_0/inst/clk_out150Mhz        | DPU_sys_i/dpu_eu_0/inst/g_e584eb07.u_822a997b/u_8329ce29/u_4314ae56/u_fcfb07e1/s_7b54baa6112_out                                                                                    | DPU_sys_i/dpu_eu_0/inst/g_e584eb07.u_822a997b/u_8329ce29/u_4314ae56/m_dad332bf/m_41ee7512/SR[0]                                                                               |                2 |              4 |         2.00 |
|  DPU_sys_i/clk_wiz_0/inst/clk_out150Mhz        | DPU_sys_i/dpu_eu_0/inst/g_e584eb07.u_822a997b/u_8329ce29/u_4314ae56/u_fcfb07e1/g_2b070d9a[1].s_435b6f7e[1][3]_i_2_n_0                                                               | DPU_sys_i/dpu_eu_0/inst/g_e584eb07.u_822a997b/u_8329ce29/u_4314ae56/u_fcfb07e1/g_2b070d9a[1].s_435b6f7e[1][3]_i_1_n_0                                                         |                1 |              4 |         4.00 |
|  DPU_sys_i/clk_wiz_0/inst/clk_out150Mhz        | DPU_sys_i/dpu_eu_0/inst/g_e584eb07.u_822a997b/u_8329ce29/u_4314ae56/u_fcfb07e1/g_2b070d9a[0].s_435b6f7e[0][3]_i_2_n_0                                                               | DPU_sys_i/dpu_eu_0/inst/g_e584eb07.u_822a997b/u_8329ce29/u_4314ae56/u_fcfb07e1/g_2b070d9a[0].s_435b6f7e[0][3]_i_1_n_0                                                         |                1 |              4 |         4.00 |
|  DPU_sys_i/clk_wiz_0/inst/clk_out150Mhz        | DPU_sys_i/dpu_eu_0/inst/g_e584eb07.u_822a997b/u_8329ce29/u_4314ae56/u_c264af15/g_c6859d57[1].u_efb10811/u_c2b52391/g_c6859d57[1].s_3593aff8_reg_1                                   | DPU_sys_i/dpu_eu_0/inst/g_e584eb07.u_822a997b/u_8329ce29/u_4314ae56/m_dad332bf/m_41ee7512/SR[0]                                                                               |                2 |              4 |         2.00 |
|  DPU_sys_i/clk_wiz_0/inst/clk_out150Mhz        | DPU_sys_i/dpu_eu_0/inst/g_e584eb07.u_822a997b/u_8329ce29/u_4314ae56/u_c264af15/g_c6859d57[0].u_efb10811/u_c2b52391/s_6c37cafa_reg_1                                                 | DPU_sys_i/dpu_eu_0/inst/g_e584eb07.u_822a997b/u_8329ce29/u_4314ae56/m_dad332bf/m_41ee7512/SR[0]                                                                               |                1 |              4 |         4.00 |
|  DPU_sys_i/processing_system7_0/inst/FCLK_CLK0 | DPU_sys_i/dpu_eu_0/inst/u_0fdf40ec/s_97656b57_reg[11]_0                                                                                                                             | DPU_sys_i/dpu_eu_0/inst/u_regs4/s_b522f14b1                                                                                                                                   |                1 |              4 |         4.00 |
|  DPU_sys_i/clk_wiz_0/inst/clk_out150Mhz        | DPU_sys_i/dpu_eu_0/inst/g_e584eb07.u_822a997b/u_8329ce29/u_25c793f4/u_8f276c93/g_d4cf40a3[0].u_7d540bc6/u_900d28db/s_bedc29bf[3]_i_1_n_0                                            | DPU_sys_i/dpu_eu_0/inst/g_e584eb07.u_822a997b/u_8329ce29/u_4314ae56/m_dad332bf/m_41ee7512/SR[0]                                                                               |                2 |              4 |         2.00 |
|  DPU_sys_i/clk_wiz_0/inst/clk_out150Mhz        | DPU_sys_i/dpu_eu_0/inst/g_e584eb07.u_822a997b/u_8329ce29/u_4314ae56/m_dad332bf/m_705b8e64/g_be0756b3[1].u_565c7de2/g_be0756b3[1].s_47e4cdbc_reg[0][0]                               |                                                                                                                                                                               |                1 |              4 |         4.00 |
|  DPU_sys_i/clk_wiz_0/inst/clk_out150Mhz        | DPU_sys_i/dpu_eu_0/inst/g_e584eb07.u_822a997b/u_8329ce29/u_25c793f4/u_8f276c93/g_d4cf40a3[0].u_7d540bc6/u_900d28db/s_00b550f6[3]_i_1_n_0                                            |                                                                                                                                                                               |                2 |              4 |         2.00 |
|  DPU_sys_i/clk_wiz_0/inst/clk_out150Mhz        | DPU_sys_i/dpu_eu_0/inst/g_e584eb07.u_822a997b/u_8329ce29/u_25c793f4/u_5e7e273e/u_d917ac9b/s_6c37cafa_reg_0[0]                                                                       | DPU_sys_i/dpu_eu_0/inst/g_e584eb07.u_822a997b/u_8329ce29/u_25c793f4/u_5e7e273e/u_d917ac9b/u_c2b52391/SR[0]                                                                    |                1 |              4 |         4.00 |
|  DPU_sys_i/clk_wiz_0/inst/clk_out150Mhz        | DPU_sys_i/dpu_eu_0/inst/g_e584eb07.u_822a997b/u_8329ce29/u_25c793f4/u_5e7e273e/u_d917ac9b/u_c2b52391/E[0]                                                                           |                                                                                                                                                                               |                2 |              4 |         2.00 |
|  DPU_sys_i/clk_wiz_0/inst/clk_out150Mhz        | DPU_sys_i/dpu_eu_0/inst/g_e584eb07.u_822a997b/u_8329ce29/u_4314ae56/m_dad332bf/m_705b8e64/g_be0756b3[0].u_565c7de2/g_e584eb07.s_73c644f6_reg_1[0]                                   |                                                                                                                                                                               |                1 |              4 |         4.00 |
|  DPU_sys_i/clk_wiz_0/inst/clk_out150Mhz        | DPU_sys_i/dpu_eu_0/inst/g_e584eb07.u_822a997b/u_8329ce29/u_25c793f4/u_5e7e273e/u_d4c903c9/s_6c37cafa_reg_0[0]                                                                       | DPU_sys_i/dpu_eu_0/inst/g_e584eb07.u_822a997b/u_8329ce29/u_25c793f4/u_5e7e273e/u_d4c903c9/u_c2b52391/SR[0]                                                                    |                1 |              4 |         4.00 |
|  DPU_sys_i/clk_wiz_0/inst/clk_out150Mhz        | DPU_sys_i/dpu_eu_0/inst/g_e584eb07.u_822a997b/u_8329ce29/u_4314ae56/m_dad332bf/m_41ee7512/E[0]                                                                                      |                                                                                                                                                                               |                1 |              4 |         4.00 |
|  DPU_sys_i/clk_wiz_0/inst/clk_out150Mhz        | DPU_sys_i/dpu_eu_0/inst/g_e584eb07.u_822a997b/u_8329ce29/u_4314ae56/m_dad332bf/m_41ee7512/p_248_out                                                                                 |                                                                                                                                                                               |                2 |              4 |         2.00 |
|  DPU_sys_i/clk_wiz_0/inst/clk_out150Mhz        | DPU_sys_i/dpu_eu_0/inst/g_e584eb07.u_822a997b/u_8329ce29/u_25c793f4/u_5e7e273e/u_d4c903c9/u_c2b52391/E[0]                                                                           |                                                                                                                                                                               |                2 |              4 |         2.00 |
|  DPU_sys_i/clk_wiz_0/inst/clk_out150Mhz        | DPU_sys_i/dpu_eu_0/inst/g_e584eb07.u_822a997b/u_8329ce29/u_3aa346a2/u_dcd815c9/u_8a83412b/E[0]                                                                                      |                                                                                                                                                                               |                2 |              4 |         2.00 |
|  DPU_sys_i/clk_wiz_0/inst/clk_out150Mhz        |                                                                                                                                                                                     | DPU_sys_i/dpu_eu_0/inst/g_e584eb07.u_822a997b/u_8329ce29/u_5e95f3e2/u_d8bbec23/u_9bebb493/s_9a6197f3[0]_333                                                                   |                1 |              4 |         4.00 |
|  DPU_sys_i/clk_wiz_0/inst/clk_out150Mhz        |                                                                                                                                                                                     | DPU_sys_i/dpu_eu_0/inst/g_e584eb07.u_822a997b/u_8329ce29/u_5e95f3e2/u_d8bbec23/u_9bebb493/g_d1dd9bbb.s_74431b26_reg[13]_0                                                     |                1 |              4 |         4.00 |
|  DPU_sys_i/processing_system7_0/inst/FCLK_CLK0 | DPU_sys_i/dpu_eu_0/inst/u_0fdf40ec/s_97656b57_reg[11]_1                                                                                                                             | DPU_sys_i/dpu_eu_0/inst/u_regs4/s_b522f14b1                                                                                                                                   |                1 |              4 |         4.00 |
|  DPU_sys_i/processing_system7_0/inst/FCLK_CLK0 |                                                                                                                                                                                     | DPU_sys_i/proc_sys_reset_0/U0/EXT_LPF/lpf_int                                                                                                                                 |                2 |              4 |         2.00 |
|  DPU_sys_i/clk_wiz_0/inst/clk_out150Mhz        | DPU_sys_i/dpu_eu_0/inst/g_e584eb07.u_822a997b/u_8329ce29/u_3aa346a2/u_4fc06dda/u_5e5a7180/u_1bcf02f8/E[0]                                                                           |                                                                                                                                                                               |                2 |              4 |         2.00 |
|  DPU_sys_i/clk_wiz_0/inst/clk_out150Mhz        | DPU_sys_i/dpu_eu_0/inst/g_e584eb07.u_822a997b/u_8329ce29/u_3aa346a2/u_4fc06dda/u_5e5a7180/u_1bcf02f8/u_69be3678/s_fbd3a509[3]_i_2__0_n_0                                            | DPU_sys_i/dpu_eu_0/inst/g_e584eb07.u_822a997b/u_8329ce29/u_3aa346a2/u_4fc06dda/u_5e5a7180/u_1bcf02f8/u_69be3678/s_fbd3a509[3]_i_1_n_0                                         |                1 |              4 |         4.00 |
|  DPU_sys_i/clk_wiz_0/inst/clk_out150Mhz        | DPU_sys_i/dpu_eu_0/inst/g_e584eb07.u_822a997b/u_8329ce29/u_3aa346a2/u_4fc06dda/u_5e5a7180/u_1bcf02f8/u_69be3678/E[0]                                                                | DPU_sys_i/dpu_eu_0/inst/g_e584eb07.u_822a997b/u_8329ce29/u_3aa346a2/u_4fc06dda/u_5e5a7180/u_1bcf02f8/u_69be3678/g_e584eb07.s_73c644f6_reg[0]                                  |                1 |              4 |         4.00 |
|  DPU_sys_i/clk_wiz_0/inst/clk_out150Mhz        | DPU_sys_i/dpu_eu_0/inst/g_e584eb07.u_822a997b/u_8329ce29/u_d185dc89/u_1c8d8ad4/u_6c17acc6/g_4af77840[1].u_b5877907/u_c2b52391/p_0_in[0]                                             |                                                                                                                                                                               |                1 |              4 |         4.00 |
|  DPU_sys_i/clk_wiz_0/inst/clk_out150Mhz        | DPU_sys_i/dpu_eu_0/inst/g_e584eb07.u_822a997b/u_8329ce29/u_d185dc89/u_1c8d8ad4/u_6c17acc6/g_4af77840[0].u_b5877907/u_c2b52391/p_0_in[0]                                             |                                                                                                                                                                               |                1 |              4 |         4.00 |
|  DPU_sys_i/clk_wiz_0/inst/clk_out150Mhz        | DPU_sys_i/dpu_eu_0/inst/g_e584eb07.u_822a997b/u_8329ce29/u_d185dc89/u_1c8d8ad4/u_2917af6a/u_d11ad605/s_01da09e8_reg[0]_0[0]                                                         |                                                                                                                                                                               |                1 |              4 |         4.00 |
|  DPU_sys_i/clk_wiz_0/inst/clk_out150Mhz        | DPU_sys_i/dpu_eu_0/inst/g_e584eb07.u_822a997b/u_8329ce29/u_5e95f3e2/u_55dd7bd4/u_125dad96/E[0]                                                                                      |                                                                                                                                                                               |                2 |              4 |         2.00 |
|  DPU_sys_i/clk_wiz_0/inst/clk_out150Mhz        |                                                                                                                                                                                     | DPU_sys_i/dpu_eu_0/inst/g_e584eb07.u_822a997b/u_8329ce29/u_3aa346a2/u_4fc06dda/u_5e5a7180/u_2332d638/g_e8b50853[3].u_5e1edada/g_7a0353b0[1].g_a34448e5.s_8b512823_reg[1][2]_0 |                1 |              4 |         4.00 |
|  DPU_sys_i/clk_wiz_0/inst/clk_out150Mhz        |                                                                                                                                                                                     | DPU_sys_i/dpu_eu_0/inst/g_e584eb07.u_822a997b/u_8329ce29/u_3aa346a2/u_4fc06dda/u_5e5a7180/u_2332d638/g_e8b50853[3].u_5e1edada/s_0f9db7681                                     |                1 |              4 |         4.00 |
|  DPU_sys_i/clk_wiz_0/inst/clk_out150Mhz        |                                                                                                                                                                                     | DPU_sys_i/dpu_eu_0/inst/g_e584eb07.u_822a997b/u_8329ce29/u_25c793f4/u_a8973e47/s_31caf0de_reg_0[0]                                                                            |                2 |              4 |         2.00 |
|  DPU_sys_i/clk_wiz_0/inst/clk_out150Mhz        |                                                                                                                                                                                     | DPU_sys_i/dpu_eu_0/inst/g_e584eb07.u_822a997b/u_8329ce29/u_030d789c/u_a838ec59/g_35d7d1fc[3].u_896d2935/g_290768fc.u_d24cacb9/s_82eebbb71                                     |                1 |              4 |         4.00 |
|  DPU_sys_i/clk_wiz_0/inst/clk_out150Mhz        |                                                                                                                                                                                     | DPU_sys_i/dpu_eu_0/inst/g_e584eb07.u_822a997b/u_8329ce29/u_030d789c/u_a838ec59/g_35d7d1fc[3].u_896d2935/g_290768fc.u_d24cacb9/s_92cda069_reg_1                                |                1 |              4 |         4.00 |
|  DPU_sys_i/clk_wiz_0/inst/clk_out150Mhz        |                                                                                                                                                                                     | DPU_sys_i/dpu_eu_0/inst/g_e584eb07.u_822a997b/u_8329ce29/u_3aa346a2/g_a9f824ad[0].u_bd702dd9/u_9e344dfd/s_d275267f_reg[2]_1[0]                                                |                2 |              4 |         2.00 |
|  DPU_sys_i/clk_wiz_0/inst/clk_out150Mhz        |                                                                                                                                                                                     | DPU_sys_i/dpu_eu_0/inst/g_e584eb07.u_822a997b/u_8329ce29/u_3aa346a2/g_a9f824ad[0].u_bd702dd9/u_9e344dfd/s_82eebbb71                                                           |                2 |              4 |         2.00 |
|  DPU_sys_i/clk_wiz_0/inst/clk_out150Mhz        |                                                                                                                                                                                     | DPU_sys_i/dpu_eu_0/inst/g_e584eb07.u_822a997b/u_8329ce29/u_030d789c/u_a838ec59/g_35d7d1fc[2].u_896d2935/g_290768fc.u_d24cacb9/s_f9de5723_reg[109]                             |                1 |              4 |         4.00 |
|  DPU_sys_i/clk_wiz_0/inst/clk_out150Mhz        |                                                                                                                                                                                     | DPU_sys_i/dpu_eu_0/inst/g_e584eb07.u_822a997b/u_8329ce29/u_030d789c/u_a838ec59/g_35d7d1fc[2].u_896d2935/g_290768fc.u_d24cacb9/s_82eebbb71                                     |                1 |              4 |         4.00 |
|  DPU_sys_i/clk_wiz_0/inst/clk_out150Mhz        |                                                                                                                                                                                     | DPU_sys_i/dpu_eu_0/inst/g_e584eb07.u_822a997b/u_8329ce29/u_030d789c/u_a838ec59/g_35d7d1fc[1].u_896d2935/g_290768fc.u_d24cacb9/s_f9de5723_reg[109]                             |                1 |              4 |         4.00 |
|  DPU_sys_i/clk_wiz_0/inst/clk_out150Mhz        | DPU_sys_i/dpu_eu_0/inst/g_e584eb07.u_822a997b/u_8329ce29/u_25c793f4/u_8f276c93/g_d4cf40a3[1].u_7d540bc6/u_900d28db/s_00b550f6[3]_i_1__0_n_0                                         |                                                                                                                                                                               |                2 |              4 |         2.00 |
|  DPU_sys_i/clk_wiz_0/inst/clk_out150Mhz        |                                                                                                                                                                                     | DPU_sys_i/dpu_eu_0/inst/g_e584eb07.u_822a997b/u_8329ce29/u_030d789c/u_a838ec59/g_35d7d1fc[1].u_896d2935/g_290768fc.u_d24cacb9/s_82eebbb71                                     |                1 |              4 |         4.00 |
|  DPU_sys_i/clk_wiz_0/inst/clk_out150Mhz        |                                                                                                                                                                                     | DPU_sys_i/dpu_eu_0/inst/g_e584eb07.u_822a997b/u_8329ce29/u_030d789c/u_099c94b4/g_64cdfbca[2].u_d4d6c03f/g_9e5ab1fb.u_a7dfcfe5/s_9a6197f3[0]_534                               |                1 |              4 |         4.00 |
|  DPU_sys_i/clk_wiz_0/inst/clk_out150Mhz        |                                                                                                                                                                                     | DPU_sys_i/dpu_eu_0/inst/g_e584eb07.u_822a997b/u_8329ce29/u_030d789c/u_099c94b4/g_64cdfbca[2].u_d4d6c03f/g_9e5ab1fb.u_a7dfcfe5/g_d1dd9bbb.s_74431b26_reg[13]                   |                1 |              4 |         4.00 |
|  DPU_sys_i/clk_wiz_0/inst/clk_out150Mhz        |                                                                                                                                                                                     | DPU_sys_i/dpu_eu_0/inst/g_e584eb07.u_822a997b/u_8329ce29/u_4314ae56/m_dad332bf/m_705b8e64/g_be0756b3[0].g_40ae2e02.m_1dba719c/s_ac4f824d0                                     |                1 |              5 |         5.00 |
|  DPU_sys_i/clk_wiz_0/inst/clk_out150Mhz        | DPU_sys_i/dpu_eu_0/inst/g_e584eb07.u_822a997b/u_8329ce29/u_5e95f3e2/u_1134bd62/inst_rd_pool_img/u_e516a241/s_728ab622                                                               | DPU_sys_i/dpu_eu_0/inst/g_e584eb07.u_822a997b/u_8329ce29/u_4314ae56/m_dad332bf/m_41ee7512/SR[0]                                                                               |                1 |              5 |         5.00 |
|  DPU_sys_i/clk_wiz_0/inst/clk_out150Mhz        |                                                                                                                                                                                     | DPU_sys_i/dpu_eu_0/inst/g_e584eb07.u_822a997b/u_8329ce29/u_4314ae56/m_dad332bf/m_705b8e64/g_be0756b3[1].g_40ae2e02.m_1dba719c/s_ac4f824d0                                     |                1 |              5 |         5.00 |
|  DPU_sys_i/clk_wiz_0/inst/clk_out150Mhz        | DPU_sys_i/dpu_eu_0/inst/g_e584eb07.u_822a997b/u_8329ce29/u_4314ae56/m_dad332bf/m_705b8e64/g_be0756b3[1].g_40ae2e02.m_1dba719c/s_cec47b3b                                            |                                                                                                                                                                               |                2 |              5 |         2.50 |
|  DPU_sys_i/clk_wiz_0/inst/clk_out150Mhz        |                                                                                                                                                                                     | DPU_sys_i/dpu_eu_0/inst/g_e584eb07.u_822a997b/u_8329ce29/u_4314ae56/m_dad332bf/m_705b8e64/p_0_in108_in                                                                        |                2 |              5 |         2.50 |
|  DPU_sys_i/clk_wiz_0/inst/clk_out150Mhz        | DPU_sys_i/dpu_eu_0/inst/g_e584eb07.u_822a997b/u_8329ce29/u_3aa346a2/u_4fc06dda/u_5e5a7180/u_6f98b4b2/s_2ef29782[4]_i_1_n_0                                                          | DPU_sys_i/dpu_eu_0/inst/g_e584eb07.u_822a997b/u_8329ce29/u_3aa346a2/u_402ff78a/SR[0]                                                                                          |                2 |              5 |         2.50 |
|  DPU_sys_i/clk_wiz_0/inst/clk_out150Mhz        |                                                                                                                                                                                     | DPU_sys_i/dpu_eu_0/inst/g_e584eb07.u_822a997b/u_8329ce29/u_3aa346a2/u_402ff78a/s_d8ff5973[4]_i_1_n_0                                                                          |                2 |              5 |         2.50 |
|  DPU_sys_i/clk_wiz_0/inst/clk_out150Mhz        | DPU_sys_i/dpu_eu_0/inst/g_e584eb07.u_822a997b/u_8329ce29/u_3aa346a2/u_4fc06dda/u_5e5a7180/u_6f98b4b2/s_38b8efe2[4]_i_1_n_0                                                          | DPU_sys_i/dpu_eu_0/inst/g_e584eb07.u_822a997b/u_8329ce29/u_3aa346a2/u_402ff78a/SR[0]                                                                                          |                2 |              5 |         2.50 |
|  DPU_sys_i/clk_wiz_0/inst/clk_out150Mhz        | DPU_sys_i/dpu_eu_0/inst/g_e584eb07.u_822a997b/u_8329ce29/u_4314ae56/m_dad332bf/m_41ee7512/g_f969817d[0].s_65996e80[3]_i_1_n_0                                                       | DPU_sys_i/dpu_eu_0/inst/g_e584eb07.u_822a997b/u_8329ce29/u_4314ae56/m_dad332bf/m_41ee7512/SR[0]                                                                               |                2 |              5 |         2.50 |
|  DPU_sys_i/clk_wiz_0/inst/clk_out150Mhz        |                                                                                                                                                                                     | DPU_sys_i/dpu_eu_0/inst/g_e584eb07.u_822a997b/u_8329ce29/u_5e95f3e2/u_1134bd62/u_be4ea361/s_f53295e1[4]_i_1_n_0                                                               |                3 |              5 |         1.67 |
|  DPU_sys_i/clk_wiz_0/inst/clk_out150Mhz        | DPU_sys_i/dpu_eu_0/inst/g_e584eb07.u_822a997b/u_8329ce29/u_d185dc89/u_1c8d8ad4/u_6c17acc6/u_ff66cab9/s_ab5d82ff_reg[0]                                                              | DPU_sys_i/dpu_eu_0/inst/g_e584eb07.u_822a997b/u_8329ce29/u_4314ae56/m_dad332bf/m_41ee7512/SR[0]                                                                               |                2 |              5 |         2.50 |
|  DPU_sys_i/clk_wiz_0/inst/clk_out150Mhz        | DPU_sys_i/dpu_eu_0/inst/g_e584eb07.u_822a997b/u_8329ce29/u_4314ae56/m_dad332bf/m_41ee7512/g_f969817d[1].s_65996e80[9]_i_1_n_0                                                       | DPU_sys_i/dpu_eu_0/inst/g_e584eb07.u_822a997b/u_8329ce29/u_4314ae56/m_dad332bf/m_41ee7512/SR[0]                                                                               |                1 |              5 |         5.00 |
|  DPU_sys_i/clk_wiz_0/inst/clk_out150Mhz        | DPU_sys_i/dpu_eu_0/inst/g_e584eb07.u_822a997b/u_8329ce29/u_3aa346a2/u_dcd815c9/s_3e27e2d2_reg_0[0]                                                                                  | DPU_sys_i/dpu_eu_0/inst/g_e584eb07.u_822a997b/u_8329ce29/u_4314ae56/m_dad332bf/m_41ee7512/SR[0]                                                                               |                2 |              5 |         2.50 |
|  DPU_sys_i/clk_wiz_0/inst/clk_out150Mhz        | DPU_sys_i/dpu_eu_0/inst/g_e584eb07.u_822a997b/u_8329ce29/u_d185dc89/u_1c8d8ad4/u_4d784d88/u_38d90bdc/u_c2b52391/s_cdb90339_reg[0]                                                   | DPU_sys_i/dpu_eu_0/inst/g_e584eb07.u_822a997b/u_8329ce29/u_4314ae56/m_dad332bf/m_41ee7512/SR[0]                                                                               |                1 |              5 |         5.00 |
|  DPU_sys_i/clk_wiz_0/inst/clk_out150Mhz        | DPU_sys_i/dpu_eu_0/inst/g_e584eb07.u_822a997b/u_8329ce29/u_4314ae56/m_dad332bf/m_41ee7512/s_8e6ce223[1]                                                                             |                                                                                                                                                                               |                2 |              5 |         2.50 |
|  DPU_sys_i/clk_wiz_0/inst/clk_out150Mhz        | DPU_sys_i/dpu_eu_0/inst/g_e584eb07.u_822a997b/u_8329ce29/u_d185dc89/u_1c8d8ad4/u_4d784d88/u_3199b5ac/u_c2b52391/E[0]                                                                | DPU_sys_i/dpu_eu_0/inst/g_e584eb07.u_822a997b/u_8329ce29/u_4314ae56/m_dad332bf/m_41ee7512/SR[0]                                                                               |                1 |              5 |         5.00 |
|  DPU_sys_i/clk_wiz_0/inst/clk_out150Mhz        | DPU_sys_i/dpu_eu_0/inst/g_e584eb07.u_822a997b/u_8329ce29/u_4314ae56/m_dad332bf/m_41ee7512/s_8e6ce223[0]                                                                             |                                                                                                                                                                               |                1 |              5 |         5.00 |
|  DPU_sys_i/clk_wiz_0/inst/clk_out150Mhz        | DPU_sys_i/dpu_eu_0/inst/g_e584eb07.u_822a997b/u_8329ce29/u_4314ae56/u_c264af15/g_c6859d57[0].u_efb10811/u_c2b52391/g_c6859d57[0].s_3e069802_reg[0]_2[0]                             | DPU_sys_i/dpu_eu_0/inst/g_e584eb07.u_822a997b/u_8329ce29/u_4314ae56/m_dad332bf/m_41ee7512/SR[0]                                                                               |                2 |              5 |         2.50 |
|  DPU_sys_i/clk_wiz_0/inst/clk_out150Mhz        | DPU_sys_i/dpu_eu_0/inst/g_e584eb07.u_822a997b/u_8329ce29/u_4314ae56/m_dad332bf/m_705b8e64/g_be0756b3[0].g_40ae2e02.m_1dba719c/s_cec47b3b                                            |                                                                                                                                                                               |                2 |              5 |         2.50 |
|  DPU_sys_i/clk_wiz_0/inst/clk_out150Mhz        | DPU_sys_i/dpu_eu_0/inst/g_e584eb07.u_822a997b/u_8329ce29/u_25c793f4/u_8f276c93/g_d4cf40a3[1].u_aa097d77/s_7e72b9bc[3]_i_1__0_n_0                                                    |                                                                                                                                                                               |                1 |              5 |         5.00 |
|  DPU_sys_i/clk_wiz_0/inst/clk_out150Mhz        | DPU_sys_i/dpu_eu_0/inst/g_e584eb07.u_822a997b/u_8329ce29/u_4314ae56/m_dad332bf/m_705b8e64/g_be0756b3[0].u_565c7de2/FSM_sequential_g_be0756b3[0].s_47e4cdbc_reg                      | DPU_sys_i/dpu_eu_0/inst/g_e584eb07.u_822a997b/u_8329ce29/u_4314ae56/m_dad332bf/m_41ee7512/SR[0]                                                                               |                2 |              5 |         2.50 |
|  DPU_sys_i/clk_wiz_0/inst/clk_out150Mhz        | DPU_sys_i/dpu_eu_0/inst/g_e584eb07.u_822a997b/u_8329ce29/u_4314ae56/u_fcfb07e1/g_2b070d9a[0].s_440dee9c[7]_i_1_n_0                                                                  |                                                                                                                                                                               |                2 |              5 |         2.50 |
|  DPU_sys_i/clk_wiz_0/inst/clk_out150Mhz        | DPU_sys_i/dpu_eu_0/inst/g_e584eb07.u_822a997b/u_8329ce29/u_25c793f4/u_8f276c93/g_d4cf40a3[0].u_7d540bc6/u_900d28db/u_e98a63ed/s_0972da70_reg[5][0]                                  |                                                                                                                                                                               |                2 |              5 |         2.50 |
|  DPU_sys_i/clk_wiz_0/inst/clk_out150Mhz        | DPU_sys_i/dpu_eu_0/inst/g_e584eb07.u_822a997b/u_8329ce29/u_4314ae56/m_dad332bf/m_705b8e64/g_be0756b3[1].g_40ae2e02.m_1dba719c/s_c57686e3[4]_i_1__0_n_0                              |                                                                                                                                                                               |                3 |              5 |         1.67 |
|  DPU_sys_i/clk_wiz_0/inst/clk_out150Mhz        | DPU_sys_i/dpu_eu_0/inst/g_e584eb07.u_822a997b/u_8329ce29/u_5e95f3e2/u_1134bd62/inst_rd_pool_img/g_05566174.u_d40aac67/u_d69eca3d/u_c2b52391/E[0]                                    | DPU_sys_i/dpu_eu_0/inst/g_e584eb07.u_822a997b/u_8329ce29/u_4314ae56/m_dad332bf/m_41ee7512/SR[0]                                                                               |                1 |              5 |         5.00 |
|  DPU_sys_i/clk_wiz_0/inst/clk_out150Mhz        | DPU_sys_i/dpu_eu_0/inst/g_e584eb07.u_822a997b/u_8329ce29/u_3aa346a2/g_a9f824ad[0].u_bd702dd9/u_8f8aa233/p_0_in[0]                                                                   | DPU_sys_i/dpu_eu_0/inst/g_e584eb07.u_822a997b/u_8329ce29/u_4314ae56/m_dad332bf/m_41ee7512/SR[0]                                                                               |                1 |              5 |         5.00 |
|  DPU_sys_i/clk_wiz_0/inst/clk_out150Mhz        | DPU_sys_i/dpu_eu_0/inst/g_e584eb07.u_822a997b/u_8329ce29/u_4314ae56/u_c264af15/g_c6859d57[1].u_efb10811/u_c2b52391/g_c6859d57[1].s_d4616a45_reg[0]                                  | DPU_sys_i/dpu_eu_0/inst/g_e584eb07.u_822a997b/u_8329ce29/u_4314ae56/m_dad332bf/m_41ee7512/SR[0]                                                                               |                2 |              5 |         2.50 |
|  DPU_sys_i/clk_wiz_0/inst/clk_out150Mhz        | DPU_sys_i/dpu_eu_0/inst/g_e584eb07.u_822a997b/u_8329ce29/u_4314ae56/m_dad332bf/m_705b8e64/g_be0756b3[0].g_40ae2e02.m_1dba719c/s_c57686e3[4]_i_1_n_0                                 |                                                                                                                                                                               |                2 |              5 |         2.50 |
|  DPU_sys_i/clk_wiz_0/inst/clk_out150Mhz        | DPU_sys_i/dpu_eu_0/inst/g_e584eb07.u_822a997b/u_8329ce29/u_5e95f3e2/u_1134bd62/inst_rd_pool_img/g_05566174.u_d40aac67/u_d69eca3d/u_c2b52391/s_f9de5723_reg[56]_0[0]                 | DPU_sys_i/dpu_eu_0/inst/g_e584eb07.u_822a997b/u_8329ce29/u_4314ae56/m_dad332bf/m_41ee7512/SR[0]                                                                               |                1 |              5 |         5.00 |
|  DPU_sys_i/clk_wiz_0/inst/clk_out150Mhz        | DPU_sys_i/dpu_eu_0/inst/g_e584eb07.u_822a997b/u_8329ce29/u_4314ae56/m_dad332bf/m_705b8e64/g_be0756b3[1].u_565c7de2/g_be0756b3[1].s_47e4cdbc_reg[0]_0                                | DPU_sys_i/dpu_eu_0/inst/g_e584eb07.u_822a997b/u_8329ce29/u_4314ae56/m_dad332bf/m_41ee7512/SR[0]                                                                               |                2 |              5 |         2.50 |
|  DPU_sys_i/clk_wiz_0/inst/clk_out150Mhz        | DPU_sys_i/dpu_eu_0/inst/g_e584eb07.u_822a997b/u_8329ce29/u_25c793f4/u_8f276c93/g_d4cf40a3[0].u_aa097d77/E[0]                                                                        |                                                                                                                                                                               |                1 |              5 |         5.00 |
|  DPU_sys_i/clk_wiz_0/inst/clk_out150Mhz        | DPU_sys_i/dpu_eu_0/inst/g_e584eb07.u_822a997b/u_8329ce29/u_25c793f4/u_8f276c93/g_d4cf40a3[0].u_aa097d77/s_7e72b9bc[3]_i_1_n_0                                                       |                                                                                                                                                                               |                2 |              5 |         2.50 |
|  DPU_sys_i/clk_wiz_0/inst/clk_out150Mhz        | DPU_sys_i/dpu_eu_0/inst/g_e584eb07.u_822a997b/u_8329ce29/u_5e95f3e2/u_1134bd62/inst_rd_pool_img/u_6f2ee474/s_2ef29782[4]_i_1__0_n_0                                                 | DPU_sys_i/dpu_eu_0/inst/g_e584eb07.u_822a997b/u_8329ce29/u_5e95f3e2/u_1134bd62/u_be4ea361/s_b3bfbcd7_reg_1[0]                                                                 |                1 |              5 |         5.00 |
|  DPU_sys_i/clk_wiz_0/inst/clk_out150Mhz        | DPU_sys_i/dpu_eu_0/inst/g_e584eb07.u_822a997b/u_8329ce29/u_5e95f3e2/u_1134bd62/inst_rd_pool_img/u_6f2ee474/s_38b8efe2[4]_i_1__0_n_0                                                 | DPU_sys_i/dpu_eu_0/inst/g_e584eb07.u_822a997b/u_8329ce29/u_5e95f3e2/u_1134bd62/u_be4ea361/s_b3bfbcd7_reg_1[0]                                                                 |                1 |              5 |         5.00 |
|  DPU_sys_i/clk_wiz_0/inst/clk_out150Mhz        |                                                                                                                                                                                     | DPU_sys_i/dpu_eu_0/inst/g_e584eb07.u_822a997b/u_8329ce29/u_4314ae56/m_dad332bf/m_705b8e64/p_0_in201_in                                                                        |                1 |              5 |         5.00 |
|  DPU_sys_i/clk_wiz_0/inst/clk_out150Mhz        | DPU_sys_i/dpu_eu_0/inst/g_e584eb07.u_822a997b/u_8329ce29/u_d185dc89/u_1c8d8ad4/u_6c17acc6/g_4af77840[0].u_b5877907/u_c2b52391/p_0_in[0]                                             | DPU_sys_i/dpu_eu_0/inst/g_e584eb07.u_822a997b/u_8329ce29/u_4314ae56/m_dad332bf/m_41ee7512/SR[0]                                                                               |                2 |              6 |         3.00 |
|  DPU_sys_i/clk_wiz_0/inst/clk_out150Mhz        | DPU_sys_i/dpu_eu_0/inst/g_e584eb07.u_822a997b/u_8329ce29/u_25c793f4/u_8f276c93/g_d4cf40a3[0].u_a14521cf/u_c2b52391/g_d4cf40a3[0].s_a1afeb3d_reg[0]                                  | DPU_sys_i/dpu_eu_0/inst/g_e584eb07.u_822a997b/u_8329ce29/u_4314ae56/m_dad332bf/m_41ee7512/SR[0]                                                                               |                1 |              6 |         6.00 |
|  DPU_sys_i/clk_wiz_0/inst/clk_out150Mhz        | DPU_sys_i/dpu_eu_0/inst/g_e584eb07.u_822a997b/u_8329ce29/u_d185dc89/u_1c8d8ad4/u_4d784d88/u_38d90bdc/u_c2b52391/E[0]                                                                | DPU_sys_i/dpu_eu_0/inst/g_e584eb07.u_822a997b/u_8329ce29/u_4314ae56/m_dad332bf/m_41ee7512/SR[0]                                                                               |                2 |              6 |         3.00 |
|  DPU_sys_i/clk_wiz_0/inst/clk_out150Mhz        | DPU_sys_i/dpu_eu_0/inst/g_e584eb07.u_822a997b/u_8329ce29/u_25c793f4/u_8f276c93/g_d4cf40a3[0].u_a14521cf/u_c2b52391/E[0]                                                             | DPU_sys_i/dpu_eu_0/inst/g_e584eb07.u_822a997b/u_8329ce29/u_4314ae56/m_dad332bf/m_41ee7512/SR[0]                                                                               |                2 |              6 |         3.00 |
|  DPU_sys_i/clk_wiz_0/inst/clk_out150Mhz        | DPU_sys_i/dpu_eu_0/inst/g_e584eb07.u_822a997b/u_8329ce29/u_d185dc89/u_1c8d8ad4/u_2917af6a/s_3293a44a_reg_0[0]                                                                       | DPU_sys_i/dpu_eu_0/inst/g_e584eb07.u_822a997b/u_8329ce29/u_4314ae56/m_dad332bf/m_41ee7512/SR[0]                                                                               |                3 |              6 |         2.00 |
|  DPU_sys_i/clk_wiz_0/inst/clk_out150Mhz        |                                                                                                                                                                                     | DPU_sys_i/dpu_eu_0/inst/g_e584eb07.u_822a997b/u_8329ce29/u_5e95f3e2/u_d8bbec23/u_b58dc603/u_bb7de281/g_7f5c6ce4[10].s_4dc087ae[197]_i_1_n_0                                   |                2 |              6 |         3.00 |
|  DPU_sys_i/clk_wiz_0/inst/clk_out150Mhz        | DPU_sys_i/dpu_eu_0/inst/g_e584eb07.u_822a997b/u_8329ce29/u_d185dc89/u_1c8d8ad4/u_2917af6a/p_0_in[0]                                                                                 | DPU_sys_i/dpu_eu_0/inst/g_e584eb07.u_822a997b/u_8329ce29/u_4314ae56/m_dad332bf/m_41ee7512/SR[0]                                                                               |                2 |              6 |         3.00 |
|  DPU_sys_i/clk_wiz_0/inst/clk_out150Mhz        | DPU_sys_i/dpu_eu_0/inst/g_e584eb07.u_822a997b/u_8329ce29/u_25c793f4/u_8f276c93/g_d4cf40a3[0].u_a14521cf/s_dfbad1d5[5]_i_1__3_n_0                                                    | DPU_sys_i/dpu_eu_0/inst/g_e584eb07.u_822a997b/u_8329ce29/u_4314ae56/m_dad332bf/m_41ee7512/SR[0]                                                                               |                1 |              6 |         6.00 |
|  DPU_sys_i/clk_wiz_0/inst/clk_out150Mhz        | DPU_sys_i/dpu_eu_0/inst/g_e584eb07.u_822a997b/u_8329ce29/u_d185dc89/u_1c8d8ad4/u_2917af6a/E[0]                                                                                      | DPU_sys_i/dpu_eu_0/inst/g_e584eb07.u_822a997b/u_8329ce29/u_4314ae56/m_dad332bf/m_41ee7512/SR[0]                                                                               |                2 |              6 |         3.00 |
|  DPU_sys_i/clk_wiz_0/inst/clk_out150Mhz        |                                                                                                                                                                                     | DPU_sys_i/dpu_eu_0/inst/g_e584eb07.u_822a997b/u_8329ce29/u_5e95f3e2/u_d8bbec23/u_b58dc603/u_bb7de281/g_7f5c6ce4[9].s_4dc087ae[179]_i_1_n_0                                    |                2 |              6 |         3.00 |
|  DPU_sys_i/clk_wiz_0/inst/clk_out150Mhz        | DPU_sys_i/dpu_eu_0/inst/g_e584eb07.u_822a997b/u_8329ce29/u_d185dc89/u_1c8d8ad4/u_87e1526d/u_d6a16abd/u_c2b52391/E[0]                                                                | DPU_sys_i/dpu_eu_0/inst/g_e584eb07.u_822a997b/u_8329ce29/u_4314ae56/m_dad332bf/m_41ee7512/SR[0]                                                                               |                1 |              6 |         6.00 |
|  DPU_sys_i/clk_wiz_0/inst/clk_out150Mhz        | DPU_sys_i/dpu_eu_0/inst/g_e584eb07.u_822a997b/u_8329ce29/u_4314ae56/m_dad332bf/m_705b8e64/g_be0756b3[0].u_565c7de2/g_be0756b3[0].s_68e7872e_reg_0[0]                                | DPU_sys_i/dpu_eu_0/inst/g_e584eb07.u_822a997b/u_8329ce29/u_4314ae56/m_dad332bf/m_705b8e64/g_be0756b3[0].s_9592e805                                                            |                3 |              6 |         2.00 |
|  DPU_sys_i/clk_wiz_0/inst/clk_out150Mhz        | DPU_sys_i/dpu_eu_0/inst/g_e584eb07.u_822a997b/u_8329ce29/u_25c793f4/u_8f276c93/g_d4cf40a3[0].u_7d540bc6/u_900d28db/u_e98a63ed/E[0]                                                  |                                                                                                                                                                               |                2 |              6 |         3.00 |
|  DPU_sys_i/clk_wiz_0/inst/clk_out150Mhz        | DPU_sys_i/dpu_eu_0/inst/g_e584eb07.u_822a997b/u_8329ce29/u_3aa346a2/u_402ff78a/u_346454c4/u_b3280cff/u_c2b52391/p_0_in[0]                                                           | DPU_sys_i/dpu_eu_0/inst/g_e584eb07.u_822a997b/u_8329ce29/u_4314ae56/m_dad332bf/m_41ee7512/SR[0]                                                                               |                1 |              6 |         6.00 |
|  DPU_sys_i/clk_wiz_0/inst/clk_out150Mhz        |                                                                                                                                                                                     | DPU_sys_i/dpu_eu_0/inst/g_e584eb07.u_822a997b/u_8329ce29/u_5e95f3e2/u_d8bbec23/u_b58dc603/u_bb7de281/g_7f5c6ce4[1].s_4dc087ae[35]_i_1_n_0                                     |                2 |              6 |         3.00 |
|  DPU_sys_i/clk_wiz_0/inst/clk_out150Mhz        | DPU_sys_i/dpu_eu_0/inst/g_e584eb07.u_822a997b/u_8329ce29/u_25c793f4/u_8f276c93/g_d4cf40a3[1].u_7d540bc6/u_900d28db/u_e98a63ed/E[0]                                                  |                                                                                                                                                                               |                2 |              6 |         3.00 |
|  DPU_sys_i/clk_wiz_0/inst/clk_out150Mhz        | DPU_sys_i/dpu_eu_0/inst/g_e584eb07.u_822a997b/u_8329ce29/u_3aa346a2/u_402ff78a/u_346454c4/u_b3280cff/u_c2b52391/E[0]                                                                | DPU_sys_i/dpu_eu_0/inst/g_e584eb07.u_822a997b/u_8329ce29/u_4314ae56/m_dad332bf/m_41ee7512/SR[0]                                                                               |                1 |              6 |         6.00 |
|  DPU_sys_i/clk_wiz_0/inst/clk_out150Mhz        | DPU_sys_i/dpu_eu_0/inst/g_e584eb07.u_822a997b/u_8329ce29/u_4314ae56/m_dad332bf/m_705b8e64/g_be0756b3[1].u_565c7de2/g_be0756b3[1].s_385c12d0_reg_1[0]                                | DPU_sys_i/dpu_eu_0/inst/g_e584eb07.u_822a997b/u_8329ce29/u_4314ae56/m_dad332bf/m_705b8e64/g_be0756b3[1].s_9592e805                                                            |                3 |              6 |         2.00 |
|  DPU_sys_i/clk_wiz_0/inst/clk_out150Mhz        |                                                                                                                                                                                     | DPU_sys_i/dpu_eu_0/inst/g_e584eb07.u_822a997b/u_8329ce29/u_5e95f3e2/u_d8bbec23/u_b58dc603/u_bb7de281/g_7f5c6ce4[11].s_4dc087ae[215]_i_1_n_0                                   |                2 |              6 |         3.00 |
|  DPU_sys_i/clk_wiz_0/inst/clk_out150Mhz        |                                                                                                                                                                                     | DPU_sys_i/dpu_eu_0/inst/g_e584eb07.u_822a997b/u_8329ce29/u_5e95f3e2/u_d8bbec23/u_b58dc603/u_bb7de281/g_7f5c6ce4[2].s_4dc087ae[53]_i_1_n_0                                     |                2 |              6 |         3.00 |
|  DPU_sys_i/clk_wiz_0/inst/clk_out150Mhz        | DPU_sys_i/dpu_eu_0/inst/g_e584eb07.u_822a997b/u_8329ce29/u_3aa346a2/u_4fc06dda/u_5e5a7180/u_1bcf02f8/s_728ab622                                                                     | DPU_sys_i/dpu_eu_0/inst/g_e584eb07.u_822a997b/u_8329ce29/u_3aa346a2/u_4fc06dda/u_5e5a7180/u_0602f15c/u_d69eca3d/s_51ef754a[5]_i_1__11_n_0                                     |                1 |              6 |         6.00 |
|  DPU_sys_i/clk_wiz_0/inst/clk_out150Mhz        | DPU_sys_i/dpu_eu_0/inst/g_e584eb07.u_822a997b/u_8329ce29/u_4314ae56/m_dad332bf/m_705b8e64/g_be0756b3[1].u_12cb6f66/g_7f7da5da.u_52ef9738/s_3ffd774c[5]_i_1__3_n_0                   | DPU_sys_i/dpu_eu_0/inst/g_e584eb07.u_822a997b/u_8329ce29/u_4314ae56/m_dad332bf/m_41ee7512/SR[0]                                                                               |                1 |              6 |         6.00 |
|  DPU_sys_i/clk_wiz_0/inst/clk_out150Mhz        |                                                                                                                                                                                     | DPU_sys_i/dpu_eu_0/inst/g_e584eb07.u_822a997b/u_8329ce29/u_5e95f3e2/u_d8bbec23/u_b58dc603/u_bb7de281/g_7f5c6ce4[0].s_4dc087ae[17]_i_1_n_0                                     |                2 |              6 |         3.00 |
|  DPU_sys_i/clk_wiz_0/inst/clk_out150Mhz        | DPU_sys_i/dpu_eu_0/inst/g_e584eb07.u_822a997b/u_8329ce29/u_030d789c/u_099c94b4/g_64cdfbca[3].u_d4d6c03f/u_ac5485bb/g_7a0353b0[5].g_a34448e5.s_8b512823_reg[5][0]__0_0[0]            | DPU_sys_i/dpu_eu_0/inst/g_e584eb07.u_822a997b/u_8329ce29/u_4314ae56/m_dad332bf/m_41ee7512/SR[0]                                                                               |                4 |              6 |         1.50 |
|  DPU_sys_i/clk_wiz_0/inst/clk_out150Mhz        | DPU_sys_i/dpu_eu_0/inst/g_e584eb07.u_822a997b/u_8329ce29/u_4314ae56/m_dad332bf/m_705b8e64/g_be0756b3[1].u_842ea6d7/g_7f7da5da.u_52ef9738/u_c2b52391/p_0_in_0[1]                     | DPU_sys_i/dpu_eu_0/inst/g_e584eb07.u_822a997b/u_8329ce29/u_4314ae56/m_dad332bf/m_41ee7512/SR[0]                                                                               |                3 |              6 |         2.00 |
|  DPU_sys_i/clk_wiz_0/inst/clk_out150Mhz        | DPU_sys_i/dpu_eu_0/inst/g_e584eb07.u_822a997b/u_8329ce29/u_d185dc89/u_1c8d8ad4/u_6c17acc6/u_ff66cab9/u_c2b52391/p_0_in[0]                                                           | DPU_sys_i/dpu_eu_0/inst/g_e584eb07.u_822a997b/u_8329ce29/u_4314ae56/m_dad332bf/m_41ee7512/SR[0]                                                                               |                2 |              6 |         3.00 |
|  DPU_sys_i/processing_system7_0/inst/FCLK_CLK0 | DPU_sys_i/proc_sys_reset_0/U0/SEQ/seq_cnt_en                                                                                                                                        | DPU_sys_i/proc_sys_reset_0/U0/SEQ/SEQ_COUNTER/clear                                                                                                                           |                2 |              6 |         3.00 |
|  DPU_sys_i/clk_wiz_0/inst/clk_out150Mhz        | DPU_sys_i/dpu_eu_0/inst/g_e584eb07.u_822a997b/u_8329ce29/u_25c793f4/u_8f276c93/g_d4cf40a3[1].u_a14521cf/s_dfbad1d5[5]_i_1__4_n_0                                                    | DPU_sys_i/dpu_eu_0/inst/g_e584eb07.u_822a997b/u_8329ce29/u_4314ae56/m_dad332bf/m_41ee7512/SR[0]                                                                               |                2 |              6 |         3.00 |
|  DPU_sys_i/clk_wiz_0/inst/clk_out150Mhz        | DPU_sys_i/dpu_eu_0/inst/g_e584eb07.u_822a997b/u_8329ce29/u_25c793f4/u_8f276c93/g_d4cf40a3[1].u_a14521cf/u_c2b52391/E[0]                                                             | DPU_sys_i/dpu_eu_0/inst/g_e584eb07.u_822a997b/u_8329ce29/u_4314ae56/m_dad332bf/m_41ee7512/SR[0]                                                                               |                3 |              6 |         2.00 |
|  DPU_sys_i/clk_wiz_0/inst/clk_out150Mhz        | DPU_sys_i/dpu_eu_0/inst/g_e584eb07.u_822a997b/u_8329ce29/u_030d789c/g_ccc7d729[7].u_ab33d219/u_d69eca3d/u_c2b52391/E[0]                                                             | DPU_sys_i/dpu_eu_0/inst/g_e584eb07.u_822a997b/u_8329ce29/u_4314ae56/m_dad332bf/m_41ee7512/SR[0]                                                                               |                3 |              6 |         2.00 |
|  DPU_sys_i/clk_wiz_0/inst/clk_out150Mhz        | DPU_sys_i/dpu_eu_0/inst/g_e584eb07.u_822a997b/u_8329ce29/u_030d789c/g_ccc7d729[7].u_ab33d219/u_d69eca3d/s_dfbad1d5[5]_i_1__2_n_0                                                    | DPU_sys_i/dpu_eu_0/inst/g_e584eb07.u_822a997b/u_8329ce29/u_4314ae56/m_dad332bf/m_41ee7512/SR[0]                                                                               |                2 |              6 |         3.00 |
|  DPU_sys_i/clk_wiz_0/inst/clk_out150Mhz        | DPU_sys_i/dpu_eu_0/inst/g_e584eb07.u_822a997b/u_8329ce29/u_25c793f4/u_8f276c93/g_d4cf40a3[1].u_a14521cf/u_c2b52391/g_d4cf40a3[1].s_a1afeb3d_reg[0]                                  | DPU_sys_i/dpu_eu_0/inst/g_e584eb07.u_822a997b/u_8329ce29/u_4314ae56/m_dad332bf/m_41ee7512/SR[0]                                                                               |                2 |              6 |         3.00 |
|  DPU_sys_i/clk_wiz_0/inst/clk_out150Mhz        | DPU_sys_i/dpu_eu_0/inst/g_e584eb07.u_822a997b/u_8329ce29/u_3aa346a2/u_4fc06dda/u_5e5a7180/u_0602f15c/u_d69eca3d/u_c2b52391/E[0]                                                     | DPU_sys_i/dpu_eu_0/inst/g_e584eb07.u_822a997b/u_8329ce29/u_3aa346a2/u_4fc06dda/u_5e5a7180/u_0602f15c/u_d69eca3d/s_51ef754a[5]_i_1__11_n_0                                     |                1 |              6 |         6.00 |
|  DPU_sys_i/clk_wiz_0/inst/clk_out150Mhz        | DPU_sys_i/dpu_eu_0/inst/g_e584eb07.u_822a997b/u_8329ce29/u_030d789c/g_ccc7d729[6].u_ab33d219/u_d69eca3d/s_dfbad1d5[5]_i_1__1_n_0                                                    | DPU_sys_i/dpu_eu_0/inst/g_e584eb07.u_822a997b/u_8329ce29/u_4314ae56/m_dad332bf/m_41ee7512/SR[0]                                                                               |                2 |              6 |         3.00 |
|  DPU_sys_i/clk_wiz_0/inst/clk_out150Mhz        | DPU_sys_i/dpu_eu_0/inst/g_e584eb07.u_822a997b/u_8329ce29/u_d185dc89/u_1c8d8ad4/u_6c17acc6/g_4af77840[1].u_b5877907/u_c2b52391/p_0_in[0]                                             | DPU_sys_i/dpu_eu_0/inst/g_e584eb07.u_822a997b/u_8329ce29/u_4314ae56/m_dad332bf/m_41ee7512/SR[0]                                                                               |                1 |              6 |         6.00 |
|  DPU_sys_i/clk_wiz_0/inst/clk_out150Mhz        | DPU_sys_i/dpu_eu_0/inst/g_e584eb07.u_822a997b/u_8329ce29/u_030d789c/g_ccc7d729[6].u_ab33d219/u_d69eca3d/u_c2b52391/E[0]                                                             | DPU_sys_i/dpu_eu_0/inst/g_e584eb07.u_822a997b/u_8329ce29/u_4314ae56/m_dad332bf/m_41ee7512/SR[0]                                                                               |                1 |              6 |         6.00 |
|  DPU_sys_i/clk_wiz_0/inst/clk_out150Mhz        | DPU_sys_i/dpu_eu_0/inst/g_e584eb07.u_822a997b/u_8329ce29/u_d185dc89/u_1c8d8ad4/u_c17d2da9/u_81af1baf/u_c2b52391/E[0]                                                                | DPU_sys_i/dpu_eu_0/inst/g_e584eb07.u_822a997b/u_8329ce29/u_4314ae56/m_dad332bf/m_41ee7512/SR[0]                                                                               |                2 |              6 |         3.00 |
|  DPU_sys_i/clk_wiz_0/inst/clk_out150Mhz        | DPU_sys_i/dpu_eu_0/inst/g_e584eb07.u_822a997b/u_8329ce29/u_4314ae56/m_dad332bf/m_705b8e64/g_be0756b3[1].u_842ea6d7/g_7f7da5da.u_52ef9738/u_c2b52391/p_0_in_0[0]                     | DPU_sys_i/dpu_eu_0/inst/g_e584eb07.u_822a997b/u_8329ce29/u_4314ae56/m_dad332bf/m_41ee7512/SR[0]                                                                               |                3 |              6 |         2.00 |
|  DPU_sys_i/clk_wiz_0/inst/clk_out150Mhz        |                                                                                                                                                                                     | DPU_sys_i/dpu_eu_0/inst/g_e584eb07.u_822a997b/u_8329ce29/u_5e95f3e2/u_d8bbec23/u_b58dc603/u_bb7de281/g_7f5c6ce4[3].s_4dc087ae[71]_i_1_n_0                                     |                2 |              6 |         3.00 |
|  DPU_sys_i/clk_wiz_0/inst/clk_out150Mhz        |                                                                                                                                                                                     | DPU_sys_i/dpu_eu_0/inst/g_e584eb07.u_822a997b/u_8329ce29/u_5e95f3e2/u_d8bbec23/u_b58dc603/u_bb7de281/g_7f5c6ce4[4].s_4dc087ae[89]_i_1_n_0                                     |                2 |              6 |         3.00 |
|  DPU_sys_i/clk_wiz_0/inst/clk_out150Mhz        | DPU_sys_i/dpu_eu_0/inst/g_e584eb07.u_822a997b/u_8329ce29/u_030d789c/u_099c94b4/g_64cdfbca[2].u_d4d6c03f/u_ac5485bb/E[0]                                                             | DPU_sys_i/dpu_eu_0/inst/g_e584eb07.u_822a997b/u_8329ce29/u_4314ae56/m_dad332bf/m_41ee7512/SR[0]                                                                               |                1 |              6 |         6.00 |
|  DPU_sys_i/clk_wiz_0/inst/clk_out150Mhz        | DPU_sys_i/dpu_eu_0/inst/g_e584eb07.u_822a997b/u_8329ce29/u_5e95f3e2/u_1134bd62/inst_rd_pool_img/u_08bcc94c/u_d69eca3d/u_c2b52391/s_6c37cafa_reg[0]                                  | DPU_sys_i/dpu_eu_0/inst/g_e584eb07.u_822a997b/u_8329ce29/u_4314ae56/m_dad332bf/m_41ee7512/SR[0]                                                                               |                2 |              6 |         3.00 |
|  DPU_sys_i/clk_wiz_0/inst/clk_out150Mhz        | DPU_sys_i/dpu_eu_0/inst/g_e584eb07.u_822a997b/u_8329ce29/u_d185dc89/u_1c8d8ad4/u_87e1526d/u_d6a16abd/s_6c37cafa_reg_0[0]                                                            | DPU_sys_i/dpu_eu_0/inst/g_e584eb07.u_822a997b/u_8329ce29/u_4314ae56/m_dad332bf/m_41ee7512/SR[0]                                                                               |                2 |              6 |         3.00 |
|  DPU_sys_i/clk_wiz_0/inst/clk_out150Mhz        | DPU_sys_i/dpu_eu_0/inst/g_e584eb07.u_822a997b/u_8329ce29/u_4314ae56/m_dad332bf/m_705b8e64/g_be0756b3[1].u_842ea6d7/g_7f7da5da.u_52ef9738/s_dfbad1d5[5]_i_1_n_0                      | DPU_sys_i/dpu_eu_0/inst/g_e584eb07.u_822a997b/u_8329ce29/u_4314ae56/m_dad332bf/m_41ee7512/SR[0]                                                                               |                1 |              6 |         6.00 |
|  DPU_sys_i/clk_wiz_0/inst/clk_out150Mhz        | DPU_sys_i/dpu_eu_0/inst/g_e584eb07.u_822a997b/u_8329ce29/u_d185dc89/u_1c8d8ad4/u_6c17acc6/g_4af77840[1].u_b5877907/u_c2b52391/p_0_in[1]                                             | DPU_sys_i/dpu_eu_0/inst/g_e584eb07.u_822a997b/u_8329ce29/u_4314ae56/m_dad332bf/m_41ee7512/SR[0]                                                                               |                2 |              6 |         3.00 |
|  DPU_sys_i/clk_wiz_0/inst/clk_out150Mhz        | DPU_sys_i/dpu_eu_0/inst/g_e584eb07.u_822a997b/u_8329ce29/u_5e95f3e2/u_1134bd62/inst_rd_pool_img/u_e516a241/s_1bb707ce_reg[2]_0                                                      | DPU_sys_i/dpu_eu_0/inst/g_e584eb07.u_822a997b/u_8329ce29/u_4314ae56/m_dad332bf/m_41ee7512/SR[0]                                                                               |                2 |              6 |         3.00 |
|  DPU_sys_i/clk_wiz_0/inst/clk_out150Mhz        |                                                                                                                                                                                     | DPU_sys_i/dpu_eu_0/inst/g_e584eb07.u_822a997b/u_8329ce29/u_5e95f3e2/u_d8bbec23/u_b58dc603/u_bb7de281/g_7f5c6ce4[5].s_4dc087ae[107]_i_1_n_0                                    |                2 |              6 |         3.00 |
|  DPU_sys_i/clk_wiz_0/inst/clk_out150Mhz        |                                                                                                                                                                                     | DPU_sys_i/dpu_eu_0/inst/g_e584eb07.u_822a997b/u_8329ce29/u_5e95f3e2/u_d8bbec23/u_b58dc603/u_bb7de281/g_7f5c6ce4[6].s_4dc087ae[125]_i_1_n_0                                    |                1 |              6 |         6.00 |
|  DPU_sys_i/clk_wiz_0/inst/clk_out150Mhz        |                                                                                                                                                                                     | DPU_sys_i/dpu_eu_0/inst/g_e584eb07.u_822a997b/u_8329ce29/u_5e95f3e2/u_d8bbec23/u_b58dc603/u_bb7de281/g_7f5c6ce4[7].s_4dc087ae[143]_i_1_n_0                                    |                2 |              6 |         3.00 |
|  DPU_sys_i/clk_wiz_0/inst/clk_out150Mhz        | DPU_sys_i/dpu_eu_0/inst/g_e584eb07.u_822a997b/u_8329ce29/u_d185dc89/u_1c8d8ad4/u_6c17acc6/g_4af77840[0].u_b5877907/u_c2b52391/p_0_in[1]                                             | DPU_sys_i/dpu_eu_0/inst/g_e584eb07.u_822a997b/u_8329ce29/u_4314ae56/m_dad332bf/m_41ee7512/SR[0]                                                                               |                2 |              6 |         3.00 |
|  DPU_sys_i/clk_wiz_0/inst/clk_out150Mhz        |                                                                                                                                                                                     | DPU_sys_i/dpu_eu_0/inst/g_e584eb07.u_822a997b/u_8329ce29/u_5e95f3e2/u_d8bbec23/u_b58dc603/u_bb7de281/g_7f5c6ce4[8].s_4dc087ae[161]_i_1_n_0                                    |                2 |              6 |         3.00 |
|  DPU_sys_i/clk_wiz_0/inst/clk_out150Mhz        | DPU_sys_i/dpu_eu_0/inst/g_e584eb07.u_822a997b/u_8329ce29/u_d185dc89/u_1c8d8ad4/u_2917af6a/s_3a0e5f1e_reg_0[0]                                                                       | DPU_sys_i/dpu_eu_0/inst/g_e584eb07.u_822a997b/u_8329ce29/u_4314ae56/m_dad332bf/m_41ee7512/SR[0]                                                                               |                1 |              6 |         6.00 |
|  DPU_sys_i/clk_wiz_0/inst/clk_out150Mhz        |                                                                                                                                                                                     | DPU_sys_i/dpu_eu_0/inst/g_e584eb07.u_822a997b/u_8329ce29/u_5e95f3e2/u_1134bd62/inst_rd_pool_img/u_7c3cc4ce/g_708d66fc[7].g_5364641e[0].g_e3e91857[0].s_dc1818ef[6]_i_1_n_0    |                1 |              7 |         7.00 |
|  DPU_sys_i/clk_wiz_0/inst/clk_out150Mhz        | DPU_sys_i/dpu_eu_0/inst/g_e584eb07.u_822a997b/u_8329ce29/u_5e95f3e2/u_1134bd62/u_be4ea361/s_2cf1c126_reg_0                                                                          | DPU_sys_i/dpu_eu_0/inst/g_e584eb07.u_822a997b/u_8329ce29/u_d185dc89/u_1c8d8ad4/u_87e1526d/s_2cf1c126_reg                                                                      |                4 |              7 |         1.75 |
|  DPU_sys_i/clk_wiz_0/inst/clk_out150Mhz        |                                                                                                                                                                                     | DPU_sys_i/dpu_eu_0/inst/g_e584eb07.u_822a997b/u_8329ce29/u_5e95f3e2/u_1134bd62/inst_rd_pool_img/u_7c3cc4ce/g_708d66fc[8].g_5364641e[0].g_e3e91857[0].s_dc1818ef[6]_i_1_n_0    |                2 |              7 |         3.50 |
|  DPU_sys_i/clk_wiz_0/inst/clk_out150Mhz        |                                                                                                                                                                                     | DPU_sys_i/dpu_eu_0/inst/g_e584eb07.u_822a997b/u_8329ce29/u_5e95f3e2/u_1134bd62/inst_rd_pool_img/u_7c3cc4ce/g_708d66fc[6].g_5364641e[0].g_e3e91857[1].s_dc1818ef[6]_i_1_n_0    |                2 |              7 |         3.50 |
|  DPU_sys_i/clk_wiz_0/inst/clk_out150Mhz        |                                                                                                                                                                                     | DPU_sys_i/dpu_eu_0/inst/g_e584eb07.u_822a997b/u_8329ce29/u_5e95f3e2/u_1134bd62/inst_rd_pool_img/u_7c3cc4ce/g_708d66fc[6].g_5364641e[0].g_e3e91857[0].s_dc1818ef[6]_i_1_n_0    |                3 |              7 |         2.33 |
|  DPU_sys_i/clk_wiz_0/inst/clk_out150Mhz        |                                                                                                                                                                                     | DPU_sys_i/dpu_eu_0/inst/g_e584eb07.u_822a997b/u_8329ce29/u_5e95f3e2/u_1134bd62/inst_rd_pool_img/u_7c3cc4ce/g_708d66fc[5].g_5364641e[0].g_e3e91857[1].s_dc1818ef[6]_i_1_n_0    |                3 |              7 |         2.33 |
|  DPU_sys_i/clk_wiz_0/inst/clk_out150Mhz        |                                                                                                                                                                                     | DPU_sys_i/dpu_eu_0/inst/g_e584eb07.u_822a997b/u_8329ce29/u_5e95f3e2/u_1134bd62/inst_rd_pool_img/u_7c3cc4ce/g_708d66fc[4].g_5364641e[0].g_e3e91857[1].s_dc1818ef[6]_i_1_n_0    |                1 |              7 |         7.00 |
|  DPU_sys_i/clk_wiz_0/inst/clk_out150Mhz        |                                                                                                                                                                                     | DPU_sys_i/dpu_eu_0/inst/g_e584eb07.u_822a997b/u_8329ce29/u_5e95f3e2/u_1134bd62/inst_rd_pool_img/u_7c3cc4ce/g_708d66fc[4].g_5364641e[0].g_e3e91857[0].s_dc1818ef[6]_i_1_n_0    |                1 |              7 |         7.00 |
|  DPU_sys_i/clk_wiz_0/inst/clk_out150Mhz        |                                                                                                                                                                                     | DPU_sys_i/dpu_eu_0/inst/g_e584eb07.u_822a997b/u_8329ce29/u_5e95f3e2/u_1134bd62/inst_rd_pool_img/u_7c3cc4ce/g_708d66fc[5].g_5364641e[0].g_e3e91857[0].s_dc1818ef[6]_i_1_n_0    |                1 |              7 |         7.00 |
|  DPU_sys_i/clk_wiz_0/inst/clk_out150Mhz        | DPU_sys_i/dpu_eu_0/inst/g_e584eb07.u_822a997b/u_8329ce29/u_25c793f4/u_9675376f/s_728ab622                                                                                           | DPU_sys_i/dpu_eu_0/inst/g_e584eb07.u_822a997b/u_8329ce29/u_25c793f4/u_a8973e47/s_31caf0de_reg_0[0]                                                                            |                2 |              7 |         3.50 |
|  DPU_sys_i/clk_wiz_0/inst/clk_out150Mhz        |                                                                                                                                                                                     | DPU_sys_i/dpu_eu_0/inst/g_e584eb07.u_822a997b/u_8329ce29/u_5e95f3e2/u_1134bd62/inst_rd_pool_img/u_7c3cc4ce/g_708d66fc[3].g_5364641e[0].g_e3e91857[0].s_dc1818ef[6]_i_1_n_0    |                1 |              7 |         7.00 |
|  DPU_sys_i/clk_wiz_0/inst/clk_out150Mhz        |                                                                                                                                                                                     | DPU_sys_i/dpu_eu_0/inst/g_e584eb07.u_822a997b/u_8329ce29/u_5e95f3e2/u_1134bd62/inst_rd_pool_img/u_7c3cc4ce/g_708d66fc[2].g_5364641e[0].g_e3e91857[1].s_dc1818ef[6]_i_1_n_0    |                3 |              7 |         2.33 |
|  DPU_sys_i/clk_wiz_0/inst/clk_out150Mhz        |                                                                                                                                                                                     | DPU_sys_i/dpu_eu_0/inst/g_e584eb07.u_822a997b/u_8329ce29/u_5e95f3e2/u_1134bd62/inst_rd_pool_img/u_7c3cc4ce/g_708d66fc[2].g_5364641e[0].g_e3e91857[0].s_dc1818ef[6]_i_1_n_0    |                5 |              7 |         1.40 |
|  DPU_sys_i/clk_wiz_0/inst/clk_out150Mhz        | DPU_sys_i/dpu_eu_0/inst/g_e584eb07.u_822a997b/u_8329ce29/u_25c793f4/u_9488a2c1/dpu0_m_axi_data0_awready                                                                             | DPU_sys_i/dpu_eu_0/inst/g_e584eb07.u_822a997b/u_8329ce29/u_25c793f4/u_a8973e47/s_31caf0de_reg_0[0]                                                                            |                2 |              7 |         3.50 |
|  DPU_sys_i/clk_wiz_0/inst/clk_out150Mhz        |                                                                                                                                                                                     | DPU_sys_i/dpu_eu_0/inst/g_e584eb07.u_822a997b/u_8329ce29/u_5e95f3e2/u_1134bd62/inst_rd_pool_img/u_7c3cc4ce/g_708d66fc[11].g_5364641e[0].g_e3e91857[0].s_dc1818ef[6]_i_1_n_0   |                3 |              7 |         2.33 |
|  DPU_sys_i/clk_wiz_0/inst/clk_out150Mhz        |                                                                                                                                                                                     | DPU_sys_i/dpu_eu_0/inst/g_e584eb07.u_822a997b/u_8329ce29/u_5e95f3e2/u_1134bd62/inst_rd_pool_img/u_7c3cc4ce/g_708d66fc[1].g_5364641e[0].g_e3e91857[0].s_dc1818ef[6]_i_1_n_0    |                2 |              7 |         3.50 |
|  DPU_sys_i/clk_wiz_0/inst/clk_out150Mhz        |                                                                                                                                                                                     | DPU_sys_i/dpu_eu_0/inst/g_e584eb07.u_822a997b/u_8329ce29/u_5e95f3e2/u_1134bd62/inst_rd_pool_img/u_7c3cc4ce/g_708d66fc[11].g_5364641e[0].g_e3e91857[1].s_dc1818ef[6]_i_1_n_0   |                1 |              7 |         7.00 |
|  DPU_sys_i/clk_wiz_0/inst/clk_out150Mhz        |                                                                                                                                                                                     | DPU_sys_i/dpu_eu_0/inst/g_e584eb07.u_822a997b/u_8329ce29/u_5e95f3e2/u_1134bd62/inst_rd_pool_img/u_7c3cc4ce/g_708d66fc[1].g_5364641e[0].g_e3e91857[1].s_dc1818ef[6]_i_1_n_0    |                1 |              7 |         7.00 |
|  DPU_sys_i/clk_wiz_0/inst/clk_out150Mhz        |                                                                                                                                                                                     | DPU_sys_i/dpu_eu_0/inst/g_e584eb07.u_822a997b/u_8329ce29/u_5e95f3e2/u_1134bd62/inst_rd_pool_img/u_7c3cc4ce/g_708d66fc[0].g_5364641e[0].g_e3e91857[0].s_dc1818ef[6]_i_1__0_n_0 |                1 |              7 |         7.00 |
|  DPU_sys_i/clk_wiz_0/inst/clk_out150Mhz        |                                                                                                                                                                                     | DPU_sys_i/dpu_eu_0/inst/g_e584eb07.u_822a997b/u_8329ce29/u_5e95f3e2/u_1134bd62/inst_rd_pool_img/u_7c3cc4ce/g_708d66fc[0].g_5364641e[0].g_e3e91857[1].s_dc1818ef[6]_i_1_n_0    |                1 |              7 |         7.00 |
|  DPU_sys_i/clk_wiz_0/inst/clk_out150Mhz        |                                                                                                                                                                                     | DPU_sys_i/dpu_eu_0/inst/g_e584eb07.u_822a997b/u_8329ce29/u_5e95f3e2/u_1134bd62/inst_rd_pool_img/u_7c3cc4ce/g_708d66fc[10].g_5364641e[0].g_e3e91857[1].s_dc1818ef[6]_i_1_n_0   |                1 |              7 |         7.00 |
|  DPU_sys_i/clk_wiz_0/inst/clk_out150Mhz        |                                                                                                                                                                                     | DPU_sys_i/dpu_eu_0/inst/g_e584eb07.u_822a997b/u_8329ce29/u_5e95f3e2/u_1134bd62/inst_rd_pool_img/u_7c3cc4ce/g_708d66fc[10].g_5364641e[0].g_e3e91857[0].s_dc1818ef[6]_i_1_n_0   |                1 |              7 |         7.00 |
|  DPU_sys_i/clk_wiz_0/inst/clk_out150Mhz        |                                                                                                                                                                                     | DPU_sys_i/dpu_eu_0/inst/g_e584eb07.u_822a997b/u_8329ce29/u_4314ae56/m_dad332bf/m_705b8e64/g_be0756b3[1].s_a6aba863[3]                                                         |                2 |              7 |         3.50 |
|  DPU_sys_i/clk_wiz_0/inst/clk_out150Mhz        | DPU_sys_i/dpu_eu_0/inst/g_e584eb07.u_822a997b/u_8329ce29/u_25c793f4/u_5e7e273e/u_d917ac9b/u_c2b52391/E[0]                                                                           | DPU_sys_i/dpu_eu_0/inst/g_e584eb07.u_822a997b/u_8329ce29/u_25c793f4/u_a8973e47/s_31caf0de_reg_0[0]                                                                            |                3 |              7 |         2.33 |
|  DPU_sys_i/clk_wiz_0/inst/clk_out150Mhz        |                                                                                                                                                                                     | DPU_sys_i/dpu_eu_0/inst/g_e584eb07.u_822a997b/u_8329ce29/u_4314ae56/m_dad332bf/m_705b8e64/g_be0756b3[0].s_a6aba863[3]                                                         |                2 |              7 |         3.50 |
|  DPU_sys_i/clk_wiz_0/inst/clk_out150Mhz        | DPU_sys_i/dpu_eu_0/inst/g_e584eb07.u_822a997b/u_8329ce29/u_25c793f4/u_5e7e273e/u_d4c903c9/u_c2b52391/E[0]                                                                           | DPU_sys_i/dpu_eu_0/inst/g_e584eb07.u_822a997b/u_8329ce29/u_25c793f4/u_a8973e47/s_31caf0de_reg_0[0]                                                                            |                2 |              7 |         3.50 |
|  DPU_sys_i/clk_wiz_0/inst/clk_out150Mhz        |                                                                                                                                                                                     | DPU_sys_i/dpu_eu_0/inst/g_e584eb07.u_822a997b/u_8329ce29/u_5e95f3e2/u_1134bd62/u_18022e7e/g_ce2a43f7[9].u_29db9d2e/g_b39d9525.s_f76cf865[6]_i_1__12_n_0                       |                2 |              7 |         3.50 |
|  DPU_sys_i/clk_wiz_0/inst/clk_out150Mhz        |                                                                                                                                                                                     | DPU_sys_i/dpu_eu_0/inst/g_e584eb07.u_822a997b/u_8329ce29/u_5e95f3e2/u_1134bd62/u_18022e7e/g_ce2a43f7[8].u_29db9d2e/g_b39d9525.s_f76cf865[6]_i_1__11_n_0                       |                2 |              7 |         3.50 |
|  DPU_sys_i/clk_wiz_0/inst/clk_out150Mhz        |                                                                                                                                                                                     | DPU_sys_i/dpu_eu_0/inst/g_e584eb07.u_822a997b/u_8329ce29/u_5e95f3e2/u_1134bd62/u_18022e7e/g_ce2a43f7[7].u_29db9d2e/g_b39d9525.s_f76cf865[6]_i_1__10_n_0                       |                2 |              7 |         3.50 |
|  DPU_sys_i/clk_wiz_0/inst/clk_out150Mhz        |                                                                                                                                                                                     | DPU_sys_i/dpu_eu_0/inst/g_e584eb07.u_822a997b/u_8329ce29/u_5e95f3e2/u_1134bd62/u_18022e7e/g_ce2a43f7[6].u_29db9d2e/g_b39d9525.s_f76cf865[6]_i_1__9_n_0                        |                2 |              7 |         3.50 |
|  DPU_sys_i/clk_wiz_0/inst/clk_out150Mhz        |                                                                                                                                                                                     | DPU_sys_i/dpu_eu_0/inst/g_e584eb07.u_822a997b/u_8329ce29/u_3aa346a2/u_4fc06dda/u_5e5a7180/u_799cf01a/g_708d66fc[0].g_5364641e[0].g_e3e91857[0].s_dc1818ef[6]_i_1_n_0          |                3 |              7 |         2.33 |
|  DPU_sys_i/clk_wiz_0/inst/clk_out150Mhz        | DPU_sys_i/dpu_eu_0/inst/g_e584eb07.u_822a997b/u_8329ce29/u_d185dc89/u_1c8d8ad4/u_2917af6a/u_d11ad605/u_c2b52391/E[0]                                                                | DPU_sys_i/dpu_eu_0/inst/g_e584eb07.u_822a997b/u_8329ce29/u_4314ae56/m_dad332bf/m_41ee7512/SR[0]                                                                               |                2 |              7 |         3.50 |
|  DPU_sys_i/clk_wiz_0/inst/clk_out150Mhz        | DPU_sys_i/dpu_eu_0/inst/g_e584eb07.u_822a997b/u_8329ce29/u_5e95f3e2/u_d8bbec23/u_f3f18915/FSM_onehot_s_c37c4877[6]_i_1_n_0                                                          | DPU_sys_i/dpu_eu_0/inst/g_e584eb07.u_822a997b/u_8329ce29/u_4314ae56/m_dad332bf/m_41ee7512/SR[0]                                                                               |                3 |              7 |         2.33 |
|  DPU_sys_i/clk_wiz_0/inst/clk_out150Mhz        | DPU_sys_i/dpu_eu_0/inst/g_e584eb07.u_822a997b/u_8329ce29/u_d185dc89/u_1c8d8ad4/u_2917af6a/u_d11ad605/s_dfbad1d5[6]_i_1__2_n_0                                                       | DPU_sys_i/dpu_eu_0/inst/g_e584eb07.u_822a997b/u_8329ce29/u_4314ae56/m_dad332bf/m_41ee7512/SR[0]                                                                               |                2 |              7 |         3.50 |
|  DPU_sys_i/clk_wiz_0/inst/clk_out150Mhz        | DPU_sys_i/dpu_eu_0/inst/g_e584eb07.u_822a997b/u_8329ce29/u_d185dc89/u_1c8d8ad4/u_33113ce4/dpu0_m_axi_instr_rvalid[0]                                                                | DPU_sys_i/dpu_eu_0/inst/g_e584eb07.u_822a997b/u_8329ce29/u_4314ae56/m_dad332bf/m_41ee7512/SR[0]                                                                               |                1 |              7 |         7.00 |
|  DPU_sys_i/clk_wiz_0/inst/clk_out150Mhz        | DPU_sys_i/dpu_eu_0/inst/g_e584eb07.u_822a997b/u_8329ce29/u_d185dc89/u_1c8d8ad4/u_6c17acc6/s_d335a043[3]_i_1_n_0                                                                     | DPU_sys_i/dpu_eu_0/inst/g_e584eb07.u_822a997b/u_8329ce29/u_4314ae56/m_dad332bf/m_41ee7512/SR[0]                                                                               |                2 |              7 |         3.50 |
|  DPU_sys_i/clk_wiz_0/inst/clk_out150Mhz        | DPU_sys_i/dpu_eu_0/inst/g_e584eb07.u_822a997b/u_8329ce29/u_d185dc89/u_1c8d8ad4/u_c17d2da9/u_81af1baf/s_6c37cafa_reg_0[0]                                                            | DPU_sys_i/dpu_eu_0/inst/g_e584eb07.u_822a997b/u_8329ce29/u_4314ae56/m_dad332bf/m_41ee7512/SR[0]                                                                               |                1 |              7 |         7.00 |
|  DPU_sys_i/processing_system7_0/inst/FCLK_CLK0 | DPU_sys_i/dpu_eu_0/inst/u_0fdf40ec/s_97656b57_reg[11]_2                                                                                                                             | DPU_sys_i/dpu_eu_0/inst/u_regs4/s_b522f14b1                                                                                                                                   |                1 |              7 |         7.00 |
|  DPU_sys_i/clk_wiz_0/inst/clk_out150Mhz        |                                                                                                                                                                                     | DPU_sys_i/dpu_eu_0/inst/g_e584eb07.u_822a997b/u_8329ce29/u_5e95f3e2/u_1134bd62/inst_rd_pool_img/u_7c3cc4ce/g_708d66fc[3].g_5364641e[0].g_e3e91857[1].s_dc1818ef[6]_i_1_n_0    |                2 |              7 |         3.50 |
|  DPU_sys_i/clk_wiz_0/inst/clk_out150Mhz        |                                                                                                                                                                                     | DPU_sys_i/dpu_eu_0/inst/g_e584eb07.u_822a997b/u_8329ce29/u_5e95f3e2/u_1134bd62/u_18022e7e/g_ce2a43f7[4].u_29db9d2e/g_b39d9525.s_f76cf865[6]_i_1__7_n_0                        |                2 |              7 |         3.50 |
|  DPU_sys_i/clk_wiz_0/inst/clk_out150Mhz        |                                                                                                                                                                                     | DPU_sys_i/dpu_eu_0/inst/g_e584eb07.u_822a997b/u_8329ce29/u_5e95f3e2/u_1134bd62/u_18022e7e/g_ce2a43f7[3].u_29db9d2e/g_b39d9525.s_f76cf865[6]_i_1__6_n_0                        |                3 |              7 |         2.33 |
|  DPU_sys_i/clk_wiz_0/inst/clk_out150Mhz        |                                                                                                                                                                                     | DPU_sys_i/dpu_eu_0/inst/g_e584eb07.u_822a997b/u_8329ce29/u_5e95f3e2/u_1134bd62/u_18022e7e/g_ce2a43f7[2].u_29db9d2e/g_b39d9525.s_f76cf865[6]_i_1__5_n_0                        |                2 |              7 |         3.50 |
|  DPU_sys_i/clk_wiz_0/inst/clk_out150Mhz        |                                                                                                                                                                                     | DPU_sys_i/dpu_eu_0/inst/g_e584eb07.u_822a997b/u_8329ce29/u_5e95f3e2/u_1134bd62/u_18022e7e/g_ce2a43f7[1].u_29db9d2e/g_b39d9525.s_f76cf865[6]_i_1__4_n_0                        |                2 |              7 |         3.50 |
|  DPU_sys_i/clk_wiz_0/inst/clk_out150Mhz        |                                                                                                                                                                                     | DPU_sys_i/dpu_eu_0/inst/g_e584eb07.u_822a997b/u_8329ce29/u_5e95f3e2/u_1134bd62/u_18022e7e/g_ce2a43f7[5].u_29db9d2e/g_b39d9525.s_f76cf865[6]_i_1__8_n_0                        |                2 |              7 |         3.50 |
|  DPU_sys_i/clk_wiz_0/inst/clk_out150Mhz        | DPU_sys_i/dpu_eu_0/inst/g_e584eb07.u_822a997b/u_8329ce29/u_4314ae56/m_dad332bf/m_705b8e64/g_be0756b3[1].u_b7f50537/g_7f7da5da.u_52ef9738/s_dfbad1d5[6]_i_1__0_n_0                   | DPU_sys_i/dpu_eu_0/inst/g_e584eb07.u_822a997b/u_8329ce29/u_4314ae56/m_dad332bf/m_41ee7512/SR[0]                                                                               |                2 |              7 |         3.50 |
|  DPU_sys_i/clk_wiz_0/inst/clk_out150Mhz        |                                                                                                                                                                                     | DPU_sys_i/dpu_eu_0/inst/g_e584eb07.u_822a997b/u_8329ce29/u_5e95f3e2/u_1134bd62/u_18022e7e/g_ce2a43f7[11].u_29db9d2e/g_b39d9525.s_f76cf865[6]_i_1__14_n_0                      |                2 |              7 |         3.50 |
|  DPU_sys_i/clk_wiz_0/inst/clk_out150Mhz        | DPU_sys_i/dpu_eu_0/inst/g_e584eb07.u_822a997b/u_8329ce29/u_4314ae56/m_dad332bf/m_705b8e64/g_be0756b3[1].u_b7f50537/g_7f7da5da.u_52ef9738/u_c2b52391/E[0]                            | DPU_sys_i/dpu_eu_0/inst/g_e584eb07.u_822a997b/u_8329ce29/u_4314ae56/m_dad332bf/m_41ee7512/SR[0]                                                                               |                1 |              7 |         7.00 |
|  DPU_sys_i/clk_wiz_0/inst/clk_out150Mhz        | DPU_sys_i/dpu_eu_0/inst/g_e584eb07.u_822a997b/u_8329ce29/u_4314ae56/m_dad332bf/m_705b8e64/g_be0756b3[1].u_b7f50537/g_7f7da5da.u_52ef9738/u_c2b52391/s_728ab622                      | DPU_sys_i/dpu_eu_0/inst/g_e584eb07.u_822a997b/u_8329ce29/u_4314ae56/m_dad332bf/m_41ee7512/SR[0]                                                                               |                2 |              7 |         3.50 |
|  DPU_sys_i/clk_wiz_0/inst/clk_out150Mhz        |                                                                                                                                                                                     | DPU_sys_i/dpu_eu_0/inst/g_e584eb07.u_822a997b/u_8329ce29/u_5e95f3e2/u_1134bd62/u_18022e7e/g_ce2a43f7[10].u_29db9d2e/g_b39d9525.s_f76cf865[6]_i_1__13_n_0                      |                2 |              7 |         3.50 |
|  DPU_sys_i/clk_wiz_0/inst/clk_out150Mhz        |                                                                                                                                                                                     | DPU_sys_i/dpu_eu_0/inst/g_e584eb07.u_822a997b/u_8329ce29/u_5e95f3e2/u_1134bd62/u_18022e7e/g_ce2a43f7[0].u_29db9d2e/g_b39d9525.s_f76cf865[6]_i_1__3_n_0                        |                2 |              7 |         3.50 |
|  DPU_sys_i/clk_wiz_0/inst/clk_out150Mhz        | DPU_sys_i/dpu_eu_0/inst/g_e584eb07.u_822a997b/u_8329ce29/u_4314ae56/m_dad332bf/m_705b8e64/g_be0756b3[1].u_37297a94/g_7f7da5da.u_52ef9738/s_dfbad1d5[6]_i_1__1_n_0                   | DPU_sys_i/dpu_eu_0/inst/g_e584eb07.u_822a997b/u_8329ce29/u_4314ae56/m_dad332bf/m_41ee7512/SR[0]                                                                               |                2 |              7 |         3.50 |
|  DPU_sys_i/clk_wiz_0/inst/clk_out150Mhz        | DPU_sys_i/dpu_eu_0/inst/g_e584eb07.u_822a997b/u_8329ce29/u_4314ae56/m_dad332bf/m_705b8e64/g_be0756b3[1].u_37297a94/g_7f7da5da.u_52ef9738/u_c2b52391/E[0]                            | DPU_sys_i/dpu_eu_0/inst/g_e584eb07.u_822a997b/u_8329ce29/u_4314ae56/m_dad332bf/m_41ee7512/SR[0]                                                                               |                3 |              7 |         2.33 |
|  DPU_sys_i/clk_wiz_0/inst/clk_out150Mhz        | DPU_sys_i/dpu_eu_0/inst/g_e584eb07.u_822a997b/u_8329ce29/u_4314ae56/m_dad332bf/m_705b8e64/g_be0756b3[1].u_37297a94/g_7f7da5da.u_52ef9738/u_c2b52391/s_728ab622                      | DPU_sys_i/dpu_eu_0/inst/g_e584eb07.u_822a997b/u_8329ce29/u_4314ae56/m_dad332bf/m_41ee7512/SR[0]                                                                               |                3 |              7 |         2.33 |
|  DPU_sys_i/clk_wiz_0/inst/clk_out150Mhz        |                                                                                                                                                                                     | DPU_sys_i/dpu_eu_0/inst/g_e584eb07.u_822a997b/u_8329ce29/u_5e95f3e2/u_1134bd62/inst_rd_pool_img/u_7c3cc4ce/g_708d66fc[9].g_5364641e[0].g_e3e91857[0].s_dc1818ef[6]_i_1_n_0    |                2 |              7 |         3.50 |
|  DPU_sys_i/clk_wiz_0/inst/clk_out150Mhz        |                                                                                                                                                                                     | DPU_sys_i/dpu_eu_0/inst/g_e584eb07.u_822a997b/u_8329ce29/u_5e95f3e2/u_1134bd62/inst_rd_pool_img/u_7c3cc4ce/g_708d66fc[9].g_5364641e[0].g_e3e91857[1].s_dc1818ef[6]_i_1_n_0    |                3 |              7 |         2.33 |
|  DPU_sys_i/clk_wiz_0/inst/clk_out150Mhz        |                                                                                                                                                                                     | DPU_sys_i/dpu_eu_0/inst/g_e584eb07.u_822a997b/u_8329ce29/u_5e95f3e2/u_1134bd62/inst_rd_pool_img/u_7c3cc4ce/g_708d66fc[8].g_5364641e[0].g_e3e91857[1].s_dc1818ef[6]_i_1_n_0    |                3 |              7 |         2.33 |
|  DPU_sys_i/clk_wiz_0/inst/clk_out150Mhz        | DPU_sys_i/dpu_eu_0/inst/g_e584eb07.u_822a997b/u_8329ce29/u_4314ae56/m_dad332bf/m_705b8e64/g_be0756b3[0].u_b7f50537/g_7f7da5da.u_52ef9738/s_dfbad1d5[6]_i_1_n_0                      | DPU_sys_i/dpu_eu_0/inst/g_e584eb07.u_822a997b/u_8329ce29/u_4314ae56/m_dad332bf/m_41ee7512/SR[0]                                                                               |                3 |              7 |         2.33 |
|  DPU_sys_i/clk_wiz_0/inst/clk_out150Mhz        | DPU_sys_i/dpu_eu_0/inst/g_e584eb07.u_822a997b/u_8329ce29/u_4314ae56/m_dad332bf/m_705b8e64/g_be0756b3[0].u_b7f50537/g_7f7da5da.u_52ef9738/u_c2b52391/E[0]                            | DPU_sys_i/dpu_eu_0/inst/g_e584eb07.u_822a997b/u_8329ce29/u_4314ae56/m_dad332bf/m_41ee7512/SR[0]                                                                               |                2 |              7 |         3.50 |
|  DPU_sys_i/clk_wiz_0/inst/clk_out150Mhz        | DPU_sys_i/dpu_eu_0/inst/g_e584eb07.u_822a997b/u_8329ce29/u_4314ae56/m_dad332bf/m_705b8e64/g_be0756b3[0].u_b7f50537/g_7f7da5da.u_52ef9738/u_c2b52391/s_728ab622                      | DPU_sys_i/dpu_eu_0/inst/g_e584eb07.u_822a997b/u_8329ce29/u_4314ae56/m_dad332bf/m_41ee7512/SR[0]                                                                               |                1 |              7 |         7.00 |
|  DPU_sys_i/clk_wiz_0/inst/clk_out150Mhz        |                                                                                                                                                                                     | DPU_sys_i/dpu_eu_0/inst/g_e584eb07.u_822a997b/u_8329ce29/u_5e95f3e2/u_1134bd62/inst_rd_pool_img/u_7c3cc4ce/g_708d66fc[7].g_5364641e[0].g_e3e91857[1].s_dc1818ef[6]_i_1_n_0    |                1 |              7 |         7.00 |
|  DPU_sys_i/clk_wiz_0/inst/clk_out300Mhz        | DPU_sys_i/dpu_eu_0/inst/g_e584eb07.u_822a997b/u_8329ce29/u_3aa346a2/u_dcd815c9/u_6c52c68e/g_7b54f91e[10].g_07af5fd4[0].g_9aa100cb[0].u_a326a45b/g_6779d86c[0].s_9983bf1b            |                                                                                                                                                                               |                1 |              8 |         8.00 |
|  DPU_sys_i/clk_wiz_0/inst/clk_out150Mhz        | DPU_sys_i/dpu_eu_0/inst/g_e584eb07.u_822a997b/u_8329ce29/u_5e95f3e2/u_1134bd62/inst_rd_pool_img/u_c3a1e963/g_7a0353b0[1].g_a34448e5.s_8b512823_reg[1][0]_rep__2_21[0]               |                                                                                                                                                                               |                2 |              8 |         4.00 |
|  DPU_sys_i/clk_wiz_0/inst/clk_out150Mhz        | DPU_sys_i/dpu_eu_0/inst/g_e584eb07.u_822a997b/u_8329ce29/u_5e95f3e2/u_1134bd62/inst_rd_pool_img/u_c3a1e963/g_7a0353b0[1].g_a34448e5.s_8b512823_reg[1][0]_rep__2_22[0]               |                                                                                                                                                                               |                1 |              8 |         8.00 |
|  DPU_sys_i/clk_wiz_0/inst/clk_out150Mhz        | DPU_sys_i/dpu_eu_0/inst/g_e584eb07.u_822a997b/u_8329ce29/u_5e95f3e2/u_1134bd62/inst_rd_pool_img/u_c3a1e963/g_7a0353b0[1].g_a34448e5.s_8b512823_reg[1][0]_rep__2_8[0]                |                                                                                                                                                                               |                2 |              8 |         4.00 |
|  DPU_sys_i/clk_wiz_0/inst/clk_out150Mhz        | DPU_sys_i/dpu_eu_0/inst/g_e584eb07.u_822a997b/u_8329ce29/u_5e95f3e2/u_1134bd62/inst_rd_pool_img/u_c3a1e963/g_7a0353b0[1].g_a34448e5.s_8b512823_reg[1][0]_rep__2_17[0]               |                                                                                                                                                                               |                2 |              8 |         4.00 |
|  DPU_sys_i/clk_wiz_0/inst/clk_out300Mhz        | DPU_sys_i/dpu_eu_0/inst/g_e584eb07.u_822a997b/u_8329ce29/u_3aa346a2/u_dcd815c9/u_6c52c68e/g_7b54f91e[11].g_07af5fd4[0].g_9aa100cb[4].u_a326a45b/g_6779d86c[0].s_9983bf1b            |                                                                                                                                                                               |                3 |              8 |         2.67 |
|  DPU_sys_i/clk_wiz_0/inst/clk_out150Mhz        | DPU_sys_i/dpu_eu_0/inst/g_e584eb07.u_822a997b/u_8329ce29/u_5e95f3e2/u_1134bd62/inst_rd_pool_img/u_c3a1e963/g_7a0353b0[1].g_a34448e5.s_8b512823_reg[1][0]_rep__2_4[0]                |                                                                                                                                                                               |                1 |              8 |         8.00 |
|  DPU_sys_i/clk_wiz_0/inst/clk_out150Mhz        | DPU_sys_i/dpu_eu_0/inst/g_e584eb07.u_822a997b/u_8329ce29/u_5e95f3e2/u_1134bd62/inst_rd_pool_img/u_c3a1e963/g_7a0353b0[1].g_a34448e5.s_8b512823_reg[1][0]_rep__2_13[0]               |                                                                                                                                                                               |                1 |              8 |         8.00 |
|  DPU_sys_i/clk_wiz_0/inst/clk_out150Mhz        | DPU_sys_i/dpu_eu_0/inst/g_e584eb07.u_822a997b/u_8329ce29/u_5e95f3e2/u_1134bd62/inst_rd_pool_img/u_c3a1e963/g_7a0353b0[1].g_a34448e5.s_8b512823_reg[1][0]_rep__2_24[0]               |                                                                                                                                                                               |                1 |              8 |         8.00 |
|  DPU_sys_i/clk_wiz_0/inst/clk_out150Mhz        | DPU_sys_i/dpu_eu_0/inst/g_e584eb07.u_822a997b/u_8329ce29/u_5e95f3e2/u_1134bd62/inst_rd_pool_img/u_c3a1e963/g_7a0353b0[1].g_a34448e5.s_8b512823_reg[1][0]_rep__2_5[0]                |                                                                                                                                                                               |                1 |              8 |         8.00 |
|  DPU_sys_i/clk_wiz_0/inst/clk_out150Mhz        | DPU_sys_i/dpu_eu_0/inst/g_e584eb07.u_822a997b/u_8329ce29/u_5e95f3e2/u_1134bd62/inst_rd_pool_img/u_c3a1e963/g_7a0353b0[1].g_a34448e5.s_8b512823_reg[1][0]_rep__2_18[0]               |                                                                                                                                                                               |                2 |              8 |         4.00 |
|  DPU_sys_i/clk_wiz_0/inst/clk_out300Mhz        | DPU_sys_i/dpu_eu_0/inst/g_e584eb07.u_822a997b/u_8329ce29/u_3aa346a2/u_dcd815c9/u_6c52c68e/g_7b54f91e[0].g_07af5fd4[0].g_9aa100cb[5].u_a326a45b/g_6779d86c[0].s_9983bf1b             |                                                                                                                                                                               |                2 |              8 |         4.00 |
|  DPU_sys_i/clk_wiz_0/inst/clk_out150Mhz        | DPU_sys_i/dpu_eu_0/inst/g_e584eb07.u_822a997b/u_8329ce29/u_5e95f3e2/u_1134bd62/inst_rd_pool_img/u_c3a1e963/g_7a0353b0[1].g_a34448e5.s_8b512823_reg[1][0]_rep__2_20[0]               |                                                                                                                                                                               |                3 |              8 |         2.67 |
|  DPU_sys_i/clk_wiz_0/inst/clk_out150Mhz        | DPU_sys_i/dpu_eu_0/inst/g_e584eb07.u_822a997b/u_8329ce29/u_5e95f3e2/u_1134bd62/inst_rd_pool_img/u_c3a1e963/g_7a0353b0[1].g_a34448e5.s_8b512823_reg[1][0]_rep__2_19[0]               |                                                                                                                                                                               |                2 |              8 |         4.00 |
|  DPU_sys_i/clk_wiz_0/inst/clk_out150Mhz        | DPU_sys_i/dpu_eu_0/inst/g_e584eb07.u_822a997b/u_8329ce29/u_5e95f3e2/u_1134bd62/inst_rd_pool_img/u_c3a1e963/g_7a0353b0[1].g_a34448e5.s_8b512823_reg[1][0]_rep__2_6[0]                |                                                                                                                                                                               |                3 |              8 |         2.67 |
|  DPU_sys_i/clk_wiz_0/inst/clk_out150Mhz        | DPU_sys_i/dpu_eu_0/inst/g_e584eb07.u_822a997b/u_8329ce29/u_5e95f3e2/u_1134bd62/inst_rd_pool_img/u_c3a1e963/g_7a0353b0[1].g_a34448e5.s_8b512823_reg[1][0]_rep__2_9[0]                |                                                                                                                                                                               |                1 |              8 |         8.00 |
|  DPU_sys_i/clk_wiz_0/inst/clk_out150Mhz        | DPU_sys_i/dpu_eu_0/inst/g_e584eb07.u_822a997b/u_8329ce29/u_5e95f3e2/u_1134bd62/inst_rd_pool_img/u_c3a1e963/g_7a0353b0[1].g_a34448e5.s_8b512823_reg[1][0]_rep__2_7[0]                |                                                                                                                                                                               |                2 |              8 |         4.00 |
|  DPU_sys_i/clk_wiz_0/inst/clk_out150Mhz        | DPU_sys_i/dpu_eu_0/inst/g_e584eb07.u_822a997b/u_8329ce29/u_5e95f3e2/u_1134bd62/inst_rd_pool_img/u_c3a1e963/g_7a0353b0[1].g_a34448e5.s_8b512823_reg[1][0]_rep__2_3[0]                |                                                                                                                                                                               |                1 |              8 |         8.00 |
|  DPU_sys_i/clk_wiz_0/inst/clk_out150Mhz        | DPU_sys_i/dpu_eu_0/inst/g_e584eb07.u_822a997b/u_8329ce29/u_5e95f3e2/u_1134bd62/inst_rd_pool_img/u_c3a1e963/g_7a0353b0[1].g_a34448e5.s_8b512823_reg[1][0]_rep__2_23[0]               |                                                                                                                                                                               |                4 |              8 |         2.00 |
|  DPU_sys_i/clk_wiz_0/inst/clk_out150Mhz        | DPU_sys_i/dpu_eu_0/inst/g_e584eb07.u_822a997b/u_8329ce29/u_5e95f3e2/u_1134bd62/inst_rd_pool_img/u_c3a1e963/g_7a0353b0[1].g_a34448e5.s_8b512823_reg[1][0]_rep__2_2[0]                |                                                                                                                                                                               |                3 |              8 |         2.67 |
|  DPU_sys_i/clk_wiz_0/inst/clk_out150Mhz        | DPU_sys_i/dpu_eu_0/inst/g_e584eb07.u_822a997b/u_8329ce29/u_5e95f3e2/u_1134bd62/inst_rd_pool_img/u_c3a1e963/g_7a0353b0[1].g_a34448e5.s_8b512823_reg[1][0]_rep__2_15[0]               |                                                                                                                                                                               |                2 |              8 |         4.00 |
|  DPU_sys_i/clk_wiz_0/inst/clk_out300Mhz        | DPU_sys_i/dpu_eu_0/inst/g_e584eb07.u_822a997b/u_8329ce29/u_3aa346a2/u_dcd815c9/u_6c52c68e/g_7b54f91e[0].g_07af5fd4[0].g_9aa100cb[4].u_a326a45b/g_6779d86c[0].s_9983bf1b             |                                                                                                                                                                               |                2 |              8 |         4.00 |
|  DPU_sys_i/clk_wiz_0/inst/clk_out150Mhz        | DPU_sys_i/dpu_eu_0/inst/g_e584eb07.u_822a997b/u_8329ce29/u_5e95f3e2/u_1134bd62/inst_rd_pool_img/u_c3a1e963/g_7a0353b0[1].g_a34448e5.s_8b512823_reg[1][0]_rep__2_12[0]               |                                                                                                                                                                               |                2 |              8 |         4.00 |
|  DPU_sys_i/clk_wiz_0/inst/clk_out150Mhz        | DPU_sys_i/dpu_eu_0/inst/g_e584eb07.u_822a997b/u_8329ce29/u_5e95f3e2/u_1134bd62/inst_rd_pool_img/u_c3a1e963/g_7a0353b0[1].g_a34448e5.s_8b512823_reg[1][0]_rep__2_14[0]               |                                                                                                                                                                               |                2 |              8 |         4.00 |
|  DPU_sys_i/clk_wiz_0/inst/clk_out150Mhz        | DPU_sys_i/dpu_eu_0/inst/g_e584eb07.u_822a997b/u_8329ce29/u_5e95f3e2/u_1134bd62/inst_rd_pool_img/u_c3a1e963/g_7a0353b0[1].g_a34448e5.s_8b512823_reg[1][0]_rep__2_16[0]               |                                                                                                                                                                               |                2 |              8 |         4.00 |
|  DPU_sys_i/clk_wiz_0/inst/clk_out150Mhz        | DPU_sys_i/dpu_eu_0/inst/g_e584eb07.u_822a997b/u_8329ce29/u_5e95f3e2/u_1134bd62/inst_rd_pool_img/u_c3a1e963/g_7a0353b0[1].g_a34448e5.s_8b512823_reg[1][0]_rep__2_11[0]               |                                                                                                                                                                               |                2 |              8 |         4.00 |
|  DPU_sys_i/clk_wiz_0/inst/clk_out150Mhz        | DPU_sys_i/dpu_eu_0/inst/g_e584eb07.u_822a997b/u_8329ce29/u_5e95f3e2/u_1134bd62/inst_rd_pool_img/u_c3a1e963/g_7a0353b0[1].g_a34448e5.s_8b512823_reg[1][0]_rep__2_10[0]               |                                                                                                                                                                               |                1 |              8 |         8.00 |
|  DPU_sys_i/clk_wiz_0/inst/clk_out300Mhz        | DPU_sys_i/dpu_eu_0/inst/g_e584eb07.u_822a997b/u_8329ce29/u_3aa346a2/u_dcd815c9/u_6c52c68e/g_7b54f91e[11].g_07af5fd4[0].g_9aa100cb[0].u_a326a45b/g_6779d86c[0].s_9983bf1b            |                                                                                                                                                                               |                2 |              8 |         4.00 |
|  DPU_sys_i/clk_wiz_0/inst/clk_out150Mhz        | DPU_sys_i/dpu_eu_0/inst/g_e584eb07.u_822a997b/u_8329ce29/u_5e95f3e2/u_1134bd62/inst_rd_pool_img/u_c3a1e963/g_7a0353b0[1].g_a34448e5.s_8b512823_reg[1][0]_rep__2_1[0]                |                                                                                                                                                                               |                1 |              8 |         8.00 |
|  DPU_sys_i/clk_wiz_0/inst/clk_out150Mhz        | DPU_sys_i/dpu_eu_0/inst/g_e584eb07.u_822a997b/u_8329ce29/u_5e95f3e2/u_1134bd62/inst_rd_pool_img/u_e516a241/u_6924c5ca/s_5db9eca4                                                    | DPU_sys_i/dpu_eu_0/inst/g_e584eb07.u_822a997b/u_8329ce29/u_5e95f3e2/u_1134bd62/inst_rd_pool_img/u_e516a241/u_ed3586b3/s_fbd3a509[7]_i_1__1_n_0                                |                2 |              8 |         4.00 |
|  DPU_sys_i/clk_wiz_0/inst/clk_out150Mhz        | DPU_sys_i/dpu_eu_0/inst/g_e584eb07.u_822a997b/u_8329ce29/u_5e95f3e2/u_1134bd62/inst_rd_pool_img/u_154bcbd4/g_e8b50853[2].u_aa17ff0d/s_8f318b25[34]_i_1__3_n_0                       |                                                                                                                                                                               |                2 |              8 |         4.00 |
|  DPU_sys_i/clk_wiz_0/inst/clk_out300Mhz        | DPU_sys_i/dpu_eu_0/inst/g_e584eb07.u_822a997b/u_8329ce29/u_3aa346a2/u_dcd815c9/u_6c52c68e/g_7b54f91e[0].g_07af5fd4[0].g_9aa100cb[0].u_a326a45b/g_6779d86c[0].s_9983bf1b             |                                                                                                                                                                               |                1 |              8 |         8.00 |
|  DPU_sys_i/clk_wiz_0/inst/clk_out150Mhz        | DPU_sys_i/dpu_eu_0/inst/g_e584eb07.u_822a997b/u_8329ce29/u_5e95f3e2/u_1134bd62/inst_rd_pool_img/u_08bcc94c/u_d69eca3d/u_c2b52391/s_6c37cafa_reg[0]                                  |                                                                                                                                                                               |                2 |              8 |         4.00 |
|  DPU_sys_i/clk_wiz_0/inst/clk_out300Mhz        | DPU_sys_i/dpu_eu_0/inst/g_e584eb07.u_822a997b/u_8329ce29/u_3aa346a2/u_dcd815c9/u_6c52c68e/g_7b54f91e[0].g_07af5fd4[0].g_9aa100cb[1].u_a326a45b/g_6779d86c[0].s_9983bf1b             |                                                                                                                                                                               |                1 |              8 |         8.00 |
|  DPU_sys_i/clk_wiz_0/inst/clk_out150Mhz        | DPU_sys_i/dpu_eu_0/inst/g_e584eb07.u_822a997b/u_8329ce29/u_4314ae56/u_fcfb07e1/p_0_in                                                                                               |                                                                                                                                                                               |                1 |              8 |         8.00 |
|  DPU_sys_i/clk_wiz_0/inst/clk_out150Mhz        | DPU_sys_i/dpu_eu_0/inst/g_e584eb07.u_822a997b/u_8329ce29/u_4314ae56/u_fcfb07e1/g_2b070d9a[1].s_5883d3e4[7]_i_1_n_0                                                                  | DPU_sys_i/dpu_eu_0/inst/g_e584eb07.u_822a997b/u_8329ce29/u_4314ae56/m_dad332bf/m_41ee7512/SR[0]                                                                               |                3 |              8 |         2.67 |
|  DPU_sys_i/clk_wiz_0/inst/clk_out300Mhz        | DPU_sys_i/dpu_eu_0/inst/g_e584eb07.u_822a997b/u_8329ce29/u_3aa346a2/u_dcd815c9/u_6c52c68e/g_7b54f91e[0].g_07af5fd4[0].g_9aa100cb[3].u_a326a45b/g_6779d86c[0].s_9983bf1b             |                                                                                                                                                                               |                1 |              8 |         8.00 |
|  DPU_sys_i/clk_wiz_0/inst/clk_out150Mhz        | DPU_sys_i/dpu_eu_0/inst/g_e584eb07.u_822a997b/u_8329ce29/u_25c793f4/u_8f276c93/g_d4cf40a3[0].u_7d540bc6/u_900d28db/u_e98a63ed/s_ccc4cd2b_reg[4]_5[0]                                |                                                                                                                                                                               |                4 |              8 |         2.00 |
|  DPU_sys_i/clk_wiz_0/inst/clk_out150Mhz        | DPU_sys_i/dpu_eu_0/inst/g_e584eb07.u_822a997b/u_8329ce29/u_4314ae56/u_fcfb07e1/g_2b070d9a[0].s_5883d3e4[7]_i_1_n_0                                                                  | DPU_sys_i/dpu_eu_0/inst/g_e584eb07.u_822a997b/u_8329ce29/u_4314ae56/m_dad332bf/m_41ee7512/SR[0]                                                                               |                2 |              8 |         4.00 |
|  DPU_sys_i/clk_wiz_0/inst/clk_out150Mhz        | DPU_sys_i/dpu_eu_0/inst/g_e584eb07.u_822a997b/u_8329ce29/u_d185dc89/u_1c8d8ad4/u_6c17acc6/g_4af77840[1].u_b5877907/u_c2b52391/p_0_in[1]                                             |                                                                                                                                                                               |                1 |              8 |         8.00 |
|  DPU_sys_i/clk_wiz_0/inst/clk_out300Mhz        | DPU_sys_i/dpu_eu_0/inst/g_e584eb07.u_822a997b/u_8329ce29/u_3aa346a2/u_dcd815c9/u_6c52c68e/g_7b54f91e[4].g_07af5fd4[0].g_9aa100cb[1].u_a326a45b/g_6779d86c[0].s_9983bf1b             |                                                                                                                                                                               |                2 |              8 |         4.00 |
|  DPU_sys_i/clk_wiz_0/inst/clk_out300Mhz        | DPU_sys_i/dpu_eu_0/inst/g_e584eb07.u_822a997b/u_8329ce29/u_3aa346a2/u_dcd815c9/u_6c52c68e/g_7b54f91e[0].g_07af5fd4[0].g_9aa100cb[2].u_a326a45b/g_6779d86c[0].s_9983bf1b             |                                                                                                                                                                               |                1 |              8 |         8.00 |
|  DPU_sys_i/clk_wiz_0/inst/clk_out150Mhz        | DPU_sys_i/dpu_eu_0/inst/g_e584eb07.u_822a997b/u_8329ce29/u_25c793f4/u_8f276c93/g_d4cf40a3[0].u_7d540bc6/u_900d28db/u_e98a63ed/s_ccc4cd2b_reg[4]_2[0]                                |                                                                                                                                                                               |                2 |              8 |         4.00 |
|  DPU_sys_i/clk_wiz_0/inst/clk_out300Mhz        | DPU_sys_i/dpu_eu_0/inst/g_e584eb07.u_822a997b/u_8329ce29/u_3aa346a2/u_dcd815c9/u_6c52c68e/g_7b54f91e[3].g_07af5fd4[0].g_9aa100cb[5].u_a326a45b/g_6779d86c[0].s_9983bf1b             |                                                                                                                                                                               |                1 |              8 |         8.00 |
|  DPU_sys_i/clk_wiz_0/inst/clk_out300Mhz        | DPU_sys_i/dpu_eu_0/inst/g_e584eb07.u_822a997b/u_8329ce29/u_3aa346a2/u_dcd815c9/u_6c52c68e/g_7b54f91e[2].g_07af5fd4[0].g_9aa100cb[2].u_a326a45b/g_6779d86c[0].s_9983bf1b             |                                                                                                                                                                               |                1 |              8 |         8.00 |
|  DPU_sys_i/clk_wiz_0/inst/clk_out150Mhz        | DPU_sys_i/dpu_eu_0/inst/g_e584eb07.u_822a997b/u_8329ce29/u_25c793f4/u_8f276c93/g_d4cf40a3[0].u_7d540bc6/u_900d28db/u_e98a63ed/s_ccc4cd2b_reg[4]_rep_6[0]                            |                                                                                                                                                                               |                4 |              8 |         2.00 |
|  DPU_sys_i/clk_wiz_0/inst/clk_out300Mhz        | DPU_sys_i/dpu_eu_0/inst/g_e584eb07.u_822a997b/u_8329ce29/u_3aa346a2/u_dcd815c9/u_6c52c68e/g_7b54f91e[10].g_07af5fd4[0].g_9aa100cb[5].u_a326a45b/g_6779d86c[0].s_9983bf1b            |                                                                                                                                                                               |                2 |              8 |         4.00 |
|  DPU_sys_i/clk_wiz_0/inst/clk_out300Mhz        | DPU_sys_i/dpu_eu_0/inst/g_e584eb07.u_822a997b/u_8329ce29/u_3aa346a2/u_dcd815c9/u_6c52c68e/g_7b54f91e[2].g_07af5fd4[0].g_9aa100cb[1].u_a326a45b/g_6779d86c[0].g_1714e1cc.s_d2403251  |                                                                                                                                                                               |                2 |              8 |         4.00 |
|  DPU_sys_i/clk_wiz_0/inst/clk_out300Mhz        | DPU_sys_i/dpu_eu_0/inst/g_e584eb07.u_822a997b/u_8329ce29/u_3aa346a2/u_dcd815c9/u_6c52c68e/g_7b54f91e[2].g_07af5fd4[0].g_9aa100cb[1].u_a326a45b/g_6779d86c[0].s_9983bf1b             |                                                                                                                                                                               |                2 |              8 |         4.00 |
|  DPU_sys_i/clk_wiz_0/inst/clk_out150Mhz        | DPU_sys_i/dpu_eu_0/inst/g_e584eb07.u_822a997b/u_8329ce29/u_25c793f4/u_8f276c93/g_d4cf40a3[0].u_7d540bc6/u_900d28db/u_e98a63ed/s_ccc4cd2b_reg[4]_rep_3[0]                            |                                                                                                                                                                               |                5 |              8 |         1.60 |
|  DPU_sys_i/clk_wiz_0/inst/clk_out300Mhz        | DPU_sys_i/dpu_eu_0/inst/g_e584eb07.u_822a997b/u_8329ce29/u_3aa346a2/u_dcd815c9/u_6c52c68e/g_7b54f91e[10].g_07af5fd4[0].g_9aa100cb[1].u_a326a45b/g_6779d86c[0].s_9983bf1b            |                                                                                                                                                                               |                1 |              8 |         8.00 |
|  DPU_sys_i/clk_wiz_0/inst/clk_out300Mhz        | DPU_sys_i/dpu_eu_0/inst/g_e584eb07.u_822a997b/u_8329ce29/u_3aa346a2/u_dcd815c9/u_6c52c68e/g_7b54f91e[10].g_07af5fd4[0].g_9aa100cb[2].u_a326a45b/g_6779d86c[0].s_9983bf1b            |                                                                                                                                                                               |                1 |              8 |         8.00 |
|  DPU_sys_i/clk_wiz_0/inst/clk_out150Mhz        | DPU_sys_i/dpu_eu_0/inst/g_e584eb07.u_822a997b/u_8329ce29/u_3aa346a2/u_dcd815c9/u_2e9f3b82/g_7a0353b0[5].g_a34448e5.s_8b512823_reg[5][0]__0_rep__14_0[0]                             |                                                                                                                                                                               |                1 |              8 |         8.00 |
|  DPU_sys_i/clk_wiz_0/inst/clk_out150Mhz        | DPU_sys_i/dpu_eu_0/inst/g_e584eb07.u_822a997b/u_8329ce29/u_3aa346a2/u_dcd815c9/u_2e9f3b82/g_7a0353b0[5].g_a34448e5.s_8b512823_reg[5][0]__0_rep__13_0[6]                             |                                                                                                                                                                               |                2 |              8 |         4.00 |
|  DPU_sys_i/clk_wiz_0/inst/clk_out150Mhz        | DPU_sys_i/dpu_eu_0/inst/g_e584eb07.u_822a997b/u_8329ce29/u_3aa346a2/u_dcd815c9/u_2e9f3b82/g_7a0353b0[5].g_a34448e5.s_8b512823_reg[5][0]__0_rep__13_0[10]                            |                                                                                                                                                                               |                3 |              8 |         2.67 |
|  DPU_sys_i/clk_wiz_0/inst/clk_out150Mhz        | DPU_sys_i/dpu_eu_0/inst/g_e584eb07.u_822a997b/u_8329ce29/u_3aa346a2/u_dcd815c9/u_2e9f3b82/g_7a0353b0[5].g_a34448e5.s_8b512823_reg[5][0]__0_rep__13_0[3]                             |                                                                                                                                                                               |                2 |              8 |         4.00 |
|  DPU_sys_i/clk_wiz_0/inst/clk_out300Mhz        | DPU_sys_i/dpu_eu_0/inst/g_e584eb07.u_822a997b/u_8329ce29/u_3aa346a2/u_dcd815c9/u_6c52c68e/g_7b54f91e[10].g_07af5fd4[0].g_9aa100cb[3].u_a326a45b/g_6779d86c[1].g_1714e1cc.s_d2403251 |                                                                                                                                                                               |                1 |              8 |         8.00 |
|  DPU_sys_i/clk_wiz_0/inst/clk_out300Mhz        | DPU_sys_i/dpu_eu_0/inst/g_e584eb07.u_822a997b/u_8329ce29/u_3aa346a2/u_dcd815c9/u_6c52c68e/g_7b54f91e[10].g_07af5fd4[0].g_9aa100cb[3].u_a326a45b/g_6779d86c[0].s_9983bf1b            |                                                                                                                                                                               |                1 |              8 |         8.00 |
|  DPU_sys_i/clk_wiz_0/inst/clk_out150Mhz        | DPU_sys_i/dpu_eu_0/inst/g_e584eb07.u_822a997b/u_8329ce29/u_3aa346a2/u_dcd815c9/u_2e9f3b82/g_7a0353b0[5].g_a34448e5.s_8b512823_reg[5][0]__0_rep__17_0[1]                             |                                                                                                                                                                               |                1 |              8 |         8.00 |
|  DPU_sys_i/clk_wiz_0/inst/clk_out150Mhz        | DPU_sys_i/dpu_eu_0/inst/g_e584eb07.u_822a997b/u_8329ce29/u_3aa346a2/u_dcd815c9/u_2e9f3b82/g_7a0353b0[5].g_a34448e5.s_8b512823_reg[5][0]__0_rep__14_0[2]                             |                                                                                                                                                                               |                1 |              8 |         8.00 |
|  DPU_sys_i/clk_wiz_0/inst/clk_out150Mhz        | DPU_sys_i/dpu_eu_0/inst/g_e584eb07.u_822a997b/u_8329ce29/u_3aa346a2/u_dcd815c9/u_2e9f3b82/g_7a0353b0[5].g_a34448e5.s_8b512823_reg[5][0]__0_rep__13_0[13]                            |                                                                                                                                                                               |                2 |              8 |         4.00 |
|  DPU_sys_i/clk_wiz_0/inst/clk_out150Mhz        | DPU_sys_i/dpu_eu_0/inst/g_e584eb07.u_822a997b/u_8329ce29/u_3aa346a2/u_dcd815c9/u_2e9f3b82/g_7a0353b0[5].g_a34448e5.s_8b512823_reg[5][0]__0_rep__13_0[5]                             |                                                                                                                                                                               |                2 |              8 |         4.00 |
|  DPU_sys_i/clk_wiz_0/inst/clk_out300Mhz        | DPU_sys_i/dpu_eu_0/inst/g_e584eb07.u_822a997b/u_8329ce29/u_3aa346a2/u_dcd815c9/u_6c52c68e/g_7b54f91e[10].g_07af5fd4[0].g_9aa100cb[4].u_a326a45b/g_6779d86c[0].s_9983bf1b            |                                                                                                                                                                               |                1 |              8 |         8.00 |
|  DPU_sys_i/clk_wiz_0/inst/clk_out150Mhz        | DPU_sys_i/dpu_eu_0/inst/g_e584eb07.u_822a997b/u_8329ce29/u_3aa346a2/u_dcd815c9/u_2e9f3b82/g_7a0353b0[5].g_a34448e5.s_8b512823_reg[5][0]__0_rep_0[0]                                 |                                                                                                                                                                               |                2 |              8 |         4.00 |
|  DPU_sys_i/clk_wiz_0/inst/clk_out150Mhz        | DPU_sys_i/dpu_eu_0/inst/g_e584eb07.u_822a997b/u_8329ce29/u_3aa346a2/u_dcd815c9/u_2e9f3b82/g_7a0353b0[5].g_a34448e5.s_8b512823_reg[5][0]__0_rep__13_0[11]                            |                                                                                                                                                                               |                2 |              8 |         4.00 |
|  DPU_sys_i/clk_wiz_0/inst/clk_out150Mhz        | DPU_sys_i/dpu_eu_0/inst/g_e584eb07.u_822a997b/u_8329ce29/u_3aa346a2/u_dcd815c9/u_2e9f3b82/g_7a0353b0[5].g_a34448e5.s_8b512823_reg[5][0]__0_rep__13_0[8]                             |                                                                                                                                                                               |                2 |              8 |         4.00 |
|  DPU_sys_i/clk_wiz_0/inst/clk_out150Mhz        | DPU_sys_i/dpu_eu_0/inst/g_e584eb07.u_822a997b/u_8329ce29/u_3aa346a2/u_dcd815c9/u_2e9f3b82/g_7a0353b0[5].g_a34448e5.s_8b512823_reg[5][0]__0_rep__13_0[4]                             |                                                                                                                                                                               |                2 |              8 |         4.00 |
|  DPU_sys_i/clk_wiz_0/inst/clk_out150Mhz        | DPU_sys_i/dpu_eu_0/inst/g_e584eb07.u_822a997b/u_8329ce29/u_3aa346a2/u_dcd815c9/u_2e9f3b82/g_7a0353b0[5].g_a34448e5.s_8b512823_reg[5][0]__0_rep__13_0[7]                             |                                                                                                                                                                               |                1 |              8 |         8.00 |
|  DPU_sys_i/clk_wiz_0/inst/clk_out150Mhz        | DPU_sys_i/dpu_eu_0/inst/g_e584eb07.u_822a997b/u_8329ce29/u_3aa346a2/u_dcd815c9/u_2e9f3b82/g_7a0353b0[5].g_a34448e5.s_8b512823_reg[5][0]__0_rep__13_0[12]                            |                                                                                                                                                                               |                1 |              8 |         8.00 |
|  DPU_sys_i/clk_wiz_0/inst/clk_out300Mhz        | DPU_sys_i/dpu_eu_0/inst/g_e584eb07.u_822a997b/u_8329ce29/u_3aa346a2/u_dcd815c9/u_6c52c68e/g_7b54f91e[7].g_07af5fd4[0].g_9aa100cb[5].u_a326a45b/g_6779d86c[0].s_9983bf1b             |                                                                                                                                                                               |                1 |              8 |         8.00 |
|  DPU_sys_i/clk_wiz_0/inst/clk_out150Mhz        | DPU_sys_i/dpu_eu_0/inst/g_e584eb07.u_822a997b/u_8329ce29/u_3aa346a2/u_dcd815c9/u_2e9f3b82/g_7a0353b0[5].g_a34448e5.s_8b512823_reg[5][0]__0_rep__13_0[2]                             |                                                                                                                                                                               |                1 |              8 |         8.00 |
|  DPU_sys_i/clk_wiz_0/inst/clk_out150Mhz        | DPU_sys_i/dpu_eu_0/inst/g_e584eb07.u_822a997b/u_8329ce29/u_3aa346a2/u_dcd815c9/u_2e9f3b82/g_7a0353b0[5].g_a34448e5.s_8b512823_reg[5][0]__0_rep__17_0[0]                             |                                                                                                                                                                               |                1 |              8 |         8.00 |
|  DPU_sys_i/clk_wiz_0/inst/clk_out150Mhz        | DPU_sys_i/dpu_eu_0/inst/g_e584eb07.u_822a997b/u_8329ce29/u_3aa346a2/u_dcd815c9/u_2e9f3b82/g_7a0353b0[5].g_a34448e5.s_8b512823_reg[5][0]__0_rep__13_0[0]                             |                                                                                                                                                                               |                3 |              8 |         2.67 |
|  DPU_sys_i/clk_wiz_0/inst/clk_out150Mhz        | DPU_sys_i/dpu_eu_0/inst/g_e584eb07.u_822a997b/u_8329ce29/u_3aa346a2/u_dcd815c9/u_2e9f3b82/g_7a0353b0[5].g_a34448e5.s_8b512823_reg[5][0]__0_rep__13_0[1]                             |                                                                                                                                                                               |                3 |              8 |         2.67 |
|  DPU_sys_i/clk_wiz_0/inst/clk_out150Mhz        | DPU_sys_i/dpu_eu_0/inst/g_e584eb07.u_822a997b/u_8329ce29/u_3aa346a2/u_dcd815c9/u_2e9f3b82/g_7a0353b0[5].g_a34448e5.s_8b512823_reg[5][0]__0_rep__14_0[1]                             |                                                                                                                                                                               |                1 |              8 |         8.00 |
|  DPU_sys_i/clk_wiz_0/inst/clk_out150Mhz        | DPU_sys_i/dpu_eu_0/inst/g_e584eb07.u_822a997b/u_8329ce29/u_3aa346a2/u_dcd815c9/u_2e9f3b82/g_7a0353b0[5].g_a34448e5.s_8b512823_reg[5][0]__0_rep__13_0[9]                             |                                                                                                                                                                               |                2 |              8 |         4.00 |
|  DPU_sys_i/clk_wiz_0/inst/clk_out300Mhz        | DPU_sys_i/dpu_eu_0/inst/g_e584eb07.u_822a997b/u_8329ce29/u_3aa346a2/u_dcd815c9/u_6c52c68e/g_7b54f91e[10].g_07af5fd4[0].g_9aa100cb[5].u_a326a45b/g_6779d86c[1].g_1714e1cc.s_d2403251 |                                                                                                                                                                               |                1 |              8 |         8.00 |
|  DPU_sys_i/clk_wiz_0/inst/clk_out300Mhz        | DPU_sys_i/dpu_eu_0/inst/g_e584eb07.u_822a997b/u_8329ce29/u_3aa346a2/u_dcd815c9/u_6c52c68e/g_7b54f91e[11].g_07af5fd4[0].g_9aa100cb[1].u_a326a45b/g_6779d86c[0].s_9983bf1b            |                                                                                                                                                                               |                2 |              8 |         4.00 |
|  DPU_sys_i/clk_wiz_0/inst/clk_out150Mhz        | DPU_sys_i/dpu_eu_0/inst/g_e584eb07.u_822a997b/u_8329ce29/u_3aa346a2/u_4fc06dda/u_5e5a7180/u_1bcf02f8/u_69be3678/s_dde603d1                                                          | DPU_sys_i/dpu_eu_0/inst/g_e584eb07.u_822a997b/u_8329ce29/u_3aa346a2/u_4fc06dda/u_5e5a7180/u_1bcf02f8/u_69be3678/SR[0]                                                         |                2 |              8 |         4.00 |
|  DPU_sys_i/clk_wiz_0/inst/clk_out300Mhz        | DPU_sys_i/dpu_eu_0/inst/g_e584eb07.u_822a997b/u_8329ce29/u_3aa346a2/u_dcd815c9/u_6c52c68e/g_7b54f91e[11].g_07af5fd4[0].g_9aa100cb[2].u_a326a45b/g_6779d86c[0].s_9983bf1b            |                                                                                                                                                                               |                1 |              8 |         8.00 |
|  DPU_sys_i/clk_wiz_0/inst/clk_out150Mhz        | DPU_sys_i/dpu_eu_0/inst/g_e584eb07.u_822a997b/u_8329ce29/u_3aa346a2/u_4fc06dda/u_5e5a7180/u_0602f15c/u_d69eca3d/u_c2b52391/s_f9de5723_reg[12]_1[0]                                  |                                                                                                                                                                               |                4 |              8 |         2.00 |
|  DPU_sys_i/clk_wiz_0/inst/clk_out150Mhz        | DPU_sys_i/dpu_eu_0/inst/g_e584eb07.u_822a997b/u_8329ce29/u_3aa346a2/u_4fc06dda/u_5e5a7180/u_0602f15c/u_d69eca3d/u_c2b52391/s_f9de5723_reg[12]_3[2]                                  |                                                                                                                                                                               |                2 |              8 |         4.00 |
|  DPU_sys_i/clk_wiz_0/inst/clk_out150Mhz        | DPU_sys_i/dpu_eu_0/inst/g_e584eb07.u_822a997b/u_8329ce29/u_3aa346a2/u_4fc06dda/u_5e5a7180/u_0602f15c/u_d69eca3d/u_c2b52391/s_f9de5723_reg[12]_3[0]                                  |                                                                                                                                                                               |                2 |              8 |         4.00 |
|  DPU_sys_i/clk_wiz_0/inst/clk_out150Mhz        | DPU_sys_i/dpu_eu_0/inst/g_e584eb07.u_822a997b/u_8329ce29/u_3aa346a2/u_4fc06dda/u_5e5a7180/u_0602f15c/u_d69eca3d/u_c2b52391/s_f9de5723_reg[12]_3[6]                                  |                                                                                                                                                                               |                1 |              8 |         8.00 |
|  DPU_sys_i/clk_wiz_0/inst/clk_out150Mhz        | DPU_sys_i/dpu_eu_0/inst/g_e584eb07.u_822a997b/u_8329ce29/u_3aa346a2/u_4fc06dda/u_5e5a7180/u_0602f15c/u_d69eca3d/u_c2b52391/s_f9de5723_reg[12]_3[10]                                 |                                                                                                                                                                               |                1 |              8 |         8.00 |
|  DPU_sys_i/clk_wiz_0/inst/clk_out300Mhz        | DPU_sys_i/dpu_eu_0/inst/g_e584eb07.u_822a997b/u_8329ce29/u_3aa346a2/u_dcd815c9/u_6c52c68e/g_7b54f91e[11].g_07af5fd4[0].g_9aa100cb[3].u_a326a45b/g_6779d86c[0].s_9983bf1b            |                                                                                                                                                                               |                3 |              8 |         2.67 |
|  DPU_sys_i/clk_wiz_0/inst/clk_out150Mhz        | DPU_sys_i/dpu_eu_0/inst/g_e584eb07.u_822a997b/u_8329ce29/u_3aa346a2/u_4fc06dda/u_5e5a7180/u_0602f15c/u_d69eca3d/u_c2b52391/s_f9de5723_reg[12]_3[11]                                 |                                                                                                                                                                               |                1 |              8 |         8.00 |
|  DPU_sys_i/clk_wiz_0/inst/clk_out150Mhz        | DPU_sys_i/dpu_eu_0/inst/g_e584eb07.u_822a997b/u_8329ce29/u_3aa346a2/u_4fc06dda/u_5e5a7180/u_0602f15c/u_d69eca3d/u_c2b52391/s_f9de5723_reg[12]_3[9]                                  |                                                                                                                                                                               |                3 |              8 |         2.67 |
|  DPU_sys_i/clk_wiz_0/inst/clk_out300Mhz        | DPU_sys_i/dpu_eu_0/inst/g_e584eb07.u_822a997b/u_8329ce29/u_3aa346a2/u_dcd815c9/u_6c52c68e/g_7b54f91e[11].g_07af5fd4[0].g_9aa100cb[3].u_a326a45b/g_6779d86c[1].g_1714e1cc.s_d2403251 |                                                                                                                                                                               |                2 |              8 |         4.00 |
|  DPU_sys_i/clk_wiz_0/inst/clk_out150Mhz        | DPU_sys_i/dpu_eu_0/inst/g_e584eb07.u_822a997b/u_8329ce29/u_3aa346a2/u_4fc06dda/u_5e5a7180/u_0602f15c/u_d69eca3d/u_c2b52391/s_f9de5723_reg[12]_3[8]                                  |                                                                                                                                                                               |                3 |              8 |         2.67 |
|  DPU_sys_i/clk_wiz_0/inst/clk_out150Mhz        | DPU_sys_i/dpu_eu_0/inst/g_e584eb07.u_822a997b/u_8329ce29/u_3aa346a2/u_4fc06dda/u_5e5a7180/u_0602f15c/u_d69eca3d/u_c2b52391/s_f9de5723_reg[12]_3[7]                                  |                                                                                                                                                                               |                2 |              8 |         4.00 |
|  DPU_sys_i/clk_wiz_0/inst/clk_out150Mhz        | DPU_sys_i/dpu_eu_0/inst/g_e584eb07.u_822a997b/u_8329ce29/u_3aa346a2/u_4fc06dda/u_5e5a7180/u_0602f15c/u_d69eca3d/u_c2b52391/s_f9de5723_reg[12]_4[0]                                  |                                                                                                                                                                               |                1 |              8 |         8.00 |
|  DPU_sys_i/clk_wiz_0/inst/clk_out300Mhz        | DPU_sys_i/dpu_eu_0/inst/g_e584eb07.u_822a997b/u_8329ce29/u_3aa346a2/u_dcd815c9/u_6c52c68e/g_7b54f91e[11].g_07af5fd4[0].g_9aa100cb[5].u_a326a45b/g_6779d86c[0].s_9983bf1b            |                                                                                                                                                                               |                2 |              8 |         4.00 |
|  DPU_sys_i/clk_wiz_0/inst/clk_out150Mhz        | DPU_sys_i/dpu_eu_0/inst/g_e584eb07.u_822a997b/u_8329ce29/u_3aa346a2/u_4fc06dda/u_5e5a7180/u_0602f15c/u_d69eca3d/u_c2b52391/s_f9de5723_reg[12]_2[0]                                  |                                                                                                                                                                               |                2 |              8 |         4.00 |
|  DPU_sys_i/clk_wiz_0/inst/clk_out150Mhz        | DPU_sys_i/dpu_eu_0/inst/g_e584eb07.u_822a997b/u_8329ce29/u_3aa346a2/u_4fc06dda/u_5e5a7180/u_0602f15c/u_d69eca3d/u_c2b52391/s_f9de5723_reg[12]_3[4]                                  |                                                                                                                                                                               |                2 |              8 |         4.00 |
|  DPU_sys_i/clk_wiz_0/inst/clk_out150Mhz        | DPU_sys_i/dpu_eu_0/inst/g_e584eb07.u_822a997b/u_8329ce29/u_3aa346a2/u_4fc06dda/u_5e5a7180/u_0602f15c/u_d69eca3d/u_c2b52391/s_f9de5723_reg[12]_3[5]                                  |                                                                                                                                                                               |                2 |              8 |         4.00 |
|  DPU_sys_i/clk_wiz_0/inst/clk_out150Mhz        | DPU_sys_i/dpu_eu_0/inst/g_e584eb07.u_822a997b/u_8329ce29/u_3aa346a2/u_4fc06dda/u_5e5a7180/u_0602f15c/u_d69eca3d/u_c2b52391/s_f9de5723_reg[12]_3[12]                                 |                                                                                                                                                                               |                2 |              8 |         4.00 |
|  DPU_sys_i/clk_wiz_0/inst/clk_out150Mhz        | DPU_sys_i/dpu_eu_0/inst/g_e584eb07.u_822a997b/u_8329ce29/u_3aa346a2/u_4fc06dda/u_5e5a7180/u_0602f15c/u_d69eca3d/u_c2b52391/s_f9de5723_reg[12]_0[0]                                  |                                                                                                                                                                               |                4 |              8 |         2.00 |
|  DPU_sys_i/clk_wiz_0/inst/clk_out150Mhz        | DPU_sys_i/dpu_eu_0/inst/g_e584eb07.u_822a997b/u_8329ce29/u_3aa346a2/u_4fc06dda/u_5e5a7180/u_0602f15c/u_d69eca3d/u_c2b52391/s_f9de5723_reg[12]_3[3]                                  |                                                                                                                                                                               |                1 |              8 |         8.00 |
|  DPU_sys_i/clk_wiz_0/inst/clk_out300Mhz        | DPU_sys_i/dpu_eu_0/inst/g_e584eb07.u_822a997b/u_8329ce29/u_3aa346a2/u_dcd815c9/u_6c52c68e/g_7b54f91e[1].g_07af5fd4[0].g_9aa100cb[0].u_a326a45b/g_6779d86c[0].s_9983bf1b             |                                                                                                                                                                               |                1 |              8 |         8.00 |
|  DPU_sys_i/clk_wiz_0/inst/clk_out150Mhz        | DPU_sys_i/dpu_eu_0/inst/g_e584eb07.u_822a997b/u_8329ce29/u_3aa346a2/u_4fc06dda/u_5e5a7180/u_0602f15c/u_d69eca3d/u_c2b52391/s_f9de5723_reg[12]_6[1]                                  |                                                                                                                                                                               |                1 |              8 |         8.00 |
|  DPU_sys_i/clk_wiz_0/inst/clk_out150Mhz        | DPU_sys_i/dpu_eu_0/inst/g_e584eb07.u_822a997b/u_8329ce29/u_3aa346a2/u_4fc06dda/u_5e5a7180/u_0602f15c/u_d69eca3d/u_c2b52391/s_f9de5723_reg[12]_5[0]                                  |                                                                                                                                                                               |                1 |              8 |         8.00 |
|  DPU_sys_i/clk_wiz_0/inst/clk_out150Mhz        | DPU_sys_i/dpu_eu_0/inst/g_e584eb07.u_822a997b/u_8329ce29/u_3aa346a2/u_4fc06dda/u_5e5a7180/u_0602f15c/u_d69eca3d/u_c2b52391/s_f9de5723_reg[12]_6[0]                                  |                                                                                                                                                                               |                1 |              8 |         8.00 |
|  DPU_sys_i/clk_wiz_0/inst/clk_out150Mhz        | DPU_sys_i/dpu_eu_0/inst/g_e584eb07.u_822a997b/u_8329ce29/u_3aa346a2/u_4fc06dda/u_5e5a7180/u_0602f15c/u_d69eca3d/u_c2b52391/s_f9de5723_reg[12]_4[1]                                  |                                                                                                                                                                               |                1 |              8 |         8.00 |
|  DPU_sys_i/clk_wiz_0/inst/clk_out150Mhz        | DPU_sys_i/dpu_eu_0/inst/g_e584eb07.u_822a997b/u_8329ce29/u_3aa346a2/u_4fc06dda/u_5e5a7180/u_0602f15c/u_d69eca3d/u_c2b52391/s_f9de5723_reg[12]_3[1]                                  |                                                                                                                                                                               |                1 |              8 |         8.00 |
|  DPU_sys_i/clk_wiz_0/inst/clk_out300Mhz        | DPU_sys_i/dpu_eu_0/inst/g_e584eb07.u_822a997b/u_8329ce29/u_3aa346a2/u_dcd815c9/u_6c52c68e/g_7b54f91e[1].g_07af5fd4[0].g_9aa100cb[1].u_a326a45b/g_6779d86c[0].s_9983bf1b             |                                                                                                                                                                               |                1 |              8 |         8.00 |
|  DPU_sys_i/clk_wiz_0/inst/clk_out300Mhz        | DPU_sys_i/dpu_eu_0/inst/g_e584eb07.u_822a997b/u_8329ce29/u_3aa346a2/u_dcd815c9/u_6c52c68e/g_7b54f91e[1].g_07af5fd4[0].g_9aa100cb[1].u_a326a45b/g_6779d86c[0].g_1714e1cc.s_d2403251  |                                                                                                                                                                               |                1 |              8 |         8.00 |
|  DPU_sys_i/clk_wiz_0/inst/clk_out150Mhz        | DPU_sys_i/dpu_eu_0/inst/g_e584eb07.u_822a997b/u_8329ce29/u_25c793f4/u_8f276c93/g_d4cf40a3[0].u_7d540bc6/u_900d28db/u_e98a63ed/s_ccc4cd2b_reg[4]_rep_4[0]                            |                                                                                                                                                                               |                4 |              8 |         2.00 |
|  DPU_sys_i/clk_wiz_0/inst/clk_out150Mhz        | DPU_sys_i/dpu_eu_0/inst/g_e584eb07.u_822a997b/u_8329ce29/u_25c793f4/u_9675376f/s_728ab622                                                                                           |                                                                                                                                                                               |                2 |              8 |         4.00 |
|  DPU_sys_i/clk_wiz_0/inst/clk_out150Mhz        |                                                                                                                                                                                     | DPU_sys_i/dpu_eu_0/inst/g_e584eb07.u_822a997b/u_8329ce29/u_5e95f3e2/u_1134bd62/u_8b08e93b/g_0a74d9c6[1].s_67e5c76a[7]_i_1_n_0                                                 |                2 |              8 |         4.00 |
|  DPU_sys_i/clk_wiz_0/inst/clk_out300Mhz        | DPU_sys_i/dpu_eu_0/inst/g_e584eb07.u_822a997b/u_8329ce29/u_3aa346a2/u_dcd815c9/u_6c52c68e/g_7b54f91e[1].g_07af5fd4[0].g_9aa100cb[2].u_a326a45b/g_6779d86c[0].s_9983bf1b             |                                                                                                                                                                               |                1 |              8 |         8.00 |
|  DPU_sys_i/clk_wiz_0/inst/clk_out150Mhz        | DPU_sys_i/dpu_eu_0/inst/g_e584eb07.u_822a997b/u_8329ce29/u_25c793f4/u_9488a2c1/dpu0_m_axi_data0_awready                                                                             |                                                                                                                                                                               |                2 |              8 |         4.00 |
|  DPU_sys_i/clk_wiz_0/inst/clk_out300Mhz        | DPU_sys_i/dpu_eu_0/inst/g_e584eb07.u_822a997b/u_8329ce29/u_3aa346a2/u_dcd815c9/u_6c52c68e/g_7b54f91e[4].g_07af5fd4[0].g_9aa100cb[0].u_a326a45b/g_6779d86c[0].s_9983bf1b             |                                                                                                                                                                               |                1 |              8 |         8.00 |
|  DPU_sys_i/clk_wiz_0/inst/clk_out300Mhz        | DPU_sys_i/dpu_eu_0/inst/g_e584eb07.u_822a997b/u_8329ce29/u_3aa346a2/u_dcd815c9/u_6c52c68e/g_df44b103[8].g_59494928[6].s_8c943739                                                    |                                                                                                                                                                               |                3 |              8 |         2.67 |
|  DPU_sys_i/clk_wiz_0/inst/clk_out300Mhz        | DPU_sys_i/dpu_eu_0/inst/g_e584eb07.u_822a997b/u_8329ce29/u_3aa346a2/u_dcd815c9/u_6c52c68e/g_7b54f91e[1].g_07af5fd4[0].g_9aa100cb[3].u_a326a45b/g_6779d86c[0].s_9983bf1b             |                                                                                                                                                                               |                2 |              8 |         4.00 |
|  DPU_sys_i/clk_wiz_0/inst/clk_out150Mhz        | DPU_sys_i/dpu_eu_0/inst/g_e584eb07.u_822a997b/u_8329ce29/u_25c793f4/u_8f276c93/g_d4cf40a3[0].u_7d540bc6/u_900d28db/u_e98a63ed/s_ccc4cd2b_reg[4]_rep_5[0]                            |                                                                                                                                                                               |                4 |              8 |         2.00 |
|  DPU_sys_i/clk_wiz_0/inst/clk_out150Mhz        | DPU_sys_i/dpu_eu_0/inst/g_e584eb07.u_822a997b/u_8329ce29/u_d185dc89/u_1c8d8ad4/u_87e1526d/s_7c52c5fa                                                                                | DPU_sys_i/dpu_eu_0/inst/g_e584eb07.u_822a997b/u_8329ce29/u_d185dc89/u_1c8d8ad4/u_87e1526d/s_00ee59ac_reg_1                                                                    |                2 |              8 |         4.00 |
|  DPU_sys_i/clk_wiz_0/inst/clk_out300Mhz        | DPU_sys_i/dpu_eu_0/inst/g_e584eb07.u_822a997b/u_8329ce29/u_3aa346a2/u_dcd815c9/u_6c52c68e/g_7b54f91e[1].g_07af5fd4[0].g_9aa100cb[4].u_a326a45b/g_6779d86c[0].s_9983bf1b             |                                                                                                                                                                               |                3 |              8 |         2.67 |
|  DPU_sys_i/clk_wiz_0/inst/clk_out150Mhz        | DPU_sys_i/dpu_eu_0/inst/g_e584eb07.u_822a997b/u_8329ce29/u_25c793f4/u_8f276c93/g_d4cf40a3[0].u_7d540bc6/u_900d28db/u_e98a63ed/s_ccc4cd2b_reg[4]_rep_2[0]                            |                                                                                                                                                                               |                4 |              8 |         2.00 |
|  DPU_sys_i/clk_wiz_0/inst/clk_out150Mhz        |                                                                                                                                                                                     | DPU_sys_i/dpu_eu_0/inst/g_e584eb07.u_822a997b/u_8329ce29/u_5e95f3e2/u_1134bd62/u_8b08e93b/g_0a74d9c6[0].s_67e5c76a[7]_i_1_n_0                                                 |                2 |              8 |         4.00 |
|  DPU_sys_i/clk_wiz_0/inst/clk_out150Mhz        | DPU_sys_i/dpu_eu_0/inst/g_e584eb07.u_822a997b/u_8329ce29/u_030d789c/u_06e6ba5a/g_64cdfbca[1].u_d4d6c03f/u_ac5485bb/g_7a0353b0[2].g_a34448e5.s_8b512823_reg[2][0]__0_0[8]            |                                                                                                                                                                               |                2 |              8 |         4.00 |
|  DPU_sys_i/clk_wiz_0/inst/clk_out150Mhz        | DPU_sys_i/dpu_eu_0/inst/g_e584eb07.u_822a997b/u_8329ce29/u_25c793f4/u_8f276c93/g_d4cf40a3[1].u_7d540bc6/u_900d28db/u_e98a63ed/s_ccc4cd2b_reg[4]_rep_2[0]                            |                                                                                                                                                                               |                2 |              8 |         4.00 |
|  DPU_sys_i/clk_wiz_0/inst/clk_out150Mhz        | DPU_sys_i/dpu_eu_0/inst/g_e584eb07.u_822a997b/u_8329ce29/u_25c793f4/u_8f276c93/g_d4cf40a3[1].u_7d540bc6/u_900d28db/u_e98a63ed/s_ccc4cd2b_reg[4]_rep_6[0]                            |                                                                                                                                                                               |                3 |              8 |         2.67 |
|  DPU_sys_i/clk_wiz_0/inst/clk_out150Mhz        | DPU_sys_i/dpu_eu_0/inst/g_e584eb07.u_822a997b/u_8329ce29/u_25c793f4/u_8f276c93/g_d4cf40a3[1].u_7d540bc6/u_900d28db/u_e98a63ed/s_ccc4cd2b_reg[4]_rep_5[0]                            |                                                                                                                                                                               |                3 |              8 |         2.67 |
|  DPU_sys_i/clk_wiz_0/inst/clk_out300Mhz        | DPU_sys_i/dpu_eu_0/inst/g_e584eb07.u_822a997b/u_8329ce29/u_3aa346a2/u_dcd815c9/u_6c52c68e/g_7b54f91e[1].g_07af5fd4[0].g_9aa100cb[5].u_a326a45b/g_6779d86c[0].s_9983bf1b             |                                                                                                                                                                               |                2 |              8 |         4.00 |
|  DPU_sys_i/clk_wiz_0/inst/clk_out150Mhz        | DPU_sys_i/dpu_eu_0/inst/g_e584eb07.u_822a997b/u_8329ce29/u_25c793f4/u_8f276c93/g_d4cf40a3[1].u_7d540bc6/u_900d28db/u_e98a63ed/s_ccc4cd2b_reg[4]_rep_4[0]                            |                                                                                                                                                                               |                3 |              8 |         2.67 |
|  DPU_sys_i/clk_wiz_0/inst/clk_out150Mhz        | DPU_sys_i/dpu_eu_0/inst/g_e584eb07.u_822a997b/u_8329ce29/u_25c793f4/u_8f276c93/g_d4cf40a3[1].u_7d540bc6/u_900d28db/u_e98a63ed/s_ccc4cd2b_reg[4]_rep_3[0]                            |                                                                                                                                                                               |                3 |              8 |         2.67 |
|  DPU_sys_i/clk_wiz_0/inst/clk_out150Mhz        | DPU_sys_i/dpu_eu_0/inst/g_e584eb07.u_822a997b/u_8329ce29/u_25c793f4/u_8f276c93/g_d4cf40a3[1].u_7d540bc6/u_900d28db/u_e98a63ed/s_ccc4cd2b_reg[4]_rep_0[0]                            |                                                                                                                                                                               |                3 |              8 |         2.67 |
|  DPU_sys_i/clk_wiz_0/inst/clk_out150Mhz        | DPU_sys_i/dpu_eu_0/inst/g_e584eb07.u_822a997b/u_8329ce29/u_25c793f4/u_8f276c93/g_d4cf40a3[1].u_7d540bc6/u_900d28db/u_e98a63ed/s_ccc4cd2b_reg[4]_4[0]                                |                                                                                                                                                                               |                4 |              8 |         2.00 |
|  DPU_sys_i/clk_wiz_0/inst/clk_out150Mhz        | DPU_sys_i/dpu_eu_0/inst/g_e584eb07.u_822a997b/u_8329ce29/u_25c793f4/u_8f276c93/g_d4cf40a3[1].u_7d540bc6/u_900d28db/u_e98a63ed/s_ccc4cd2b_reg[4]_3[0]                                |                                                                                                                                                                               |                3 |              8 |         2.67 |
|  DPU_sys_i/clk_wiz_0/inst/clk_out300Mhz        | DPU_sys_i/dpu_eu_0/inst/g_e584eb07.u_822a997b/u_8329ce29/u_3aa346a2/u_dcd815c9/u_6c52c68e/g_7b54f91e[2].g_07af5fd4[0].g_9aa100cb[0].u_a326a45b/g_6779d86c[0].s_9983bf1b             |                                                                                                                                                                               |                2 |              8 |         4.00 |
|  DPU_sys_i/clk_wiz_0/inst/clk_out150Mhz        | DPU_sys_i/dpu_eu_0/inst/g_e584eb07.u_822a997b/u_8329ce29/u_25c793f4/u_8f276c93/g_d4cf40a3[1].u_7d540bc6/u_900d28db/u_e98a63ed/s_ccc4cd2b_reg[4]_5[0]                                |                                                                                                                                                                               |                4 |              8 |         2.00 |
|  DPU_sys_i/clk_wiz_0/inst/clk_out150Mhz        | DPU_sys_i/dpu_eu_0/inst/g_e584eb07.u_822a997b/u_8329ce29/u_25c793f4/u_8f276c93/g_d4cf40a3[1].u_7d540bc6/u_900d28db/u_e98a63ed/s_ccc4cd2b_reg[4]_2[0]                                |                                                                                                                                                                               |                2 |              8 |         4.00 |
|  DPU_sys_i/clk_wiz_0/inst/clk_out150Mhz        | DPU_sys_i/dpu_eu_0/inst/g_e584eb07.u_822a997b/u_8329ce29/u_25c793f4/u_8f276c93/g_d4cf40a3[1].u_7d540bc6/u_900d28db/u_e98a63ed/s_ccc4cd2b_reg[4]_rep_1[0]                            |                                                                                                                                                                               |                3 |              8 |         2.67 |
|  DPU_sys_i/clk_wiz_0/inst/clk_out300Mhz        | DPU_sys_i/dpu_eu_0/inst/g_e584eb07.u_822a997b/u_8329ce29/u_3aa346a2/u_dcd815c9/u_6c52c68e/g_7b54f91e[2].g_07af5fd4[0].g_9aa100cb[0].u_a326a45b/g_6779d86c[1].g_1714e1cc.s_d2403251  |                                                                                                                                                                               |                2 |              8 |         4.00 |
|  DPU_sys_i/clk_wiz_0/inst/clk_out150Mhz        | DPU_sys_i/dpu_eu_0/inst/g_e584eb07.u_822a997b/u_8329ce29/u_25c793f4/u_8f276c93/g_d4cf40a3[1].u_7d540bc6/u_900d28db/u_e98a63ed/s_ccc4cd2b_reg[4]_rep[0]                              |                                                                                                                                                                               |                3 |              8 |         2.67 |
|  DPU_sys_i/clk_wiz_0/inst/clk_out150Mhz        | DPU_sys_i/dpu_eu_0/inst/g_e584eb07.u_822a997b/u_8329ce29/u_25c793f4/u_8f276c93/g_d4cf40a3[1].u_7d540bc6/u_900d28db/u_e98a63ed/s_ccc4cd2b_reg[3]_rep__0[0]                           |                                                                                                                                                                               |                4 |              8 |         2.00 |
|  DPU_sys_i/clk_wiz_0/inst/clk_out150Mhz        | DPU_sys_i/dpu_eu_0/inst/g_e584eb07.u_822a997b/u_8329ce29/u_25c793f4/u_8f276c93/g_d4cf40a3[1].u_7d540bc6/u_900d28db/u_e98a63ed/s_ccc4cd2b_reg[4]_0[0]                                |                                                                                                                                                                               |                3 |              8 |         2.67 |
|  DPU_sys_i/clk_wiz_0/inst/clk_out150Mhz        | DPU_sys_i/dpu_eu_0/inst/g_e584eb07.u_822a997b/u_8329ce29/u_25c793f4/u_8f276c93/g_d4cf40a3[1].u_7d540bc6/u_900d28db/u_e98a63ed/s_ccc4cd2b_reg[4]_1[0]                                |                                                                                                                                                                               |                3 |              8 |         2.67 |
|  DPU_sys_i/clk_wiz_0/inst/clk_out300Mhz        | DPU_sys_i/dpu_eu_0/inst/g_e584eb07.u_822a997b/u_8329ce29/u_3aa346a2/u_dcd815c9/u_6c52c68e/g_7b54f91e[2].g_07af5fd4[0].g_9aa100cb[3].u_a326a45b/g_6779d86c[0].s_9983bf1b             |                                                                                                                                                                               |                2 |              8 |         4.00 |
|  DPU_sys_i/clk_wiz_0/inst/clk_out150Mhz        | DPU_sys_i/dpu_eu_0/inst/g_e584eb07.u_822a997b/u_8329ce29/u_25c793f4/u_8f276c93/g_d4cf40a3[1].u_7d540bc6/u_900d28db/u_e98a63ed/s_ccc4cd2b_reg[0]_rep__0[0]                           |                                                                                                                                                                               |                3 |              8 |         2.67 |
|  DPU_sys_i/clk_wiz_0/inst/clk_out150Mhz        | DPU_sys_i/dpu_eu_0/inst/g_e584eb07.u_822a997b/u_8329ce29/u_25c793f4/u_8f276c93/g_d4cf40a3[1].u_7d540bc6/u_900d28db/u_e98a63ed/s_ccc4cd2b_reg[4][0]                                  |                                                                                                                                                                               |                3 |              8 |         2.67 |
|  DPU_sys_i/clk_wiz_0/inst/clk_out300Mhz        | DPU_sys_i/dpu_eu_0/inst/g_e584eb07.u_822a997b/u_8329ce29/u_3aa346a2/u_dcd815c9/u_6c52c68e/g_7b54f91e[2].g_07af5fd4[0].g_9aa100cb[3].u_a326a45b/g_6779d86c[1].g_1714e1cc.s_d2403251  |                                                                                                                                                                               |                3 |              8 |         2.67 |
|  DPU_sys_i/clk_wiz_0/inst/clk_out150Mhz        | DPU_sys_i/dpu_eu_0/inst/g_e584eb07.u_822a997b/u_8329ce29/u_25c793f4/u_8f276c93/g_d4cf40a3[1].u_7d540bc6/u_900d28db/u_e98a63ed/s_ccc4cd2b_reg[3]_rep__0_0[0]                         |                                                                                                                                                                               |                3 |              8 |         2.67 |
|  DPU_sys_i/clk_wiz_0/inst/clk_out150Mhz        | DPU_sys_i/dpu_eu_0/inst/g_e584eb07.u_822a997b/u_8329ce29/u_25c793f4/u_8f276c93/g_d4cf40a3[1].u_7d540bc6/u_900d28db/u_e98a63ed/s_ccc4cd2b_reg[3]_rep__0_1[0]                         |                                                                                                                                                                               |                3 |              8 |         2.67 |
|  DPU_sys_i/clk_wiz_0/inst/clk_out300Mhz        | DPU_sys_i/dpu_eu_0/inst/g_e584eb07.u_822a997b/u_8329ce29/u_3aa346a2/u_dcd815c9/u_6c52c68e/g_7b54f91e[7].g_07af5fd4[0].g_9aa100cb[4].u_a326a45b/g_6779d86c[0].s_9983bf1b             |                                                                                                                                                                               |                1 |              8 |         8.00 |
|  DPU_sys_i/clk_wiz_0/inst/clk_out150Mhz        | DPU_sys_i/dpu_eu_0/inst/g_e584eb07.u_822a997b/u_8329ce29/u_25c793f4/u_8f276c93/g_d4cf40a3[1].u_7d540bc6/u_900d28db/u_e98a63ed/s_ccc4cd2b_reg[3]_rep[0]                              |                                                                                                                                                                               |                3 |              8 |         2.67 |
|  DPU_sys_i/clk_wiz_0/inst/clk_out150Mhz        | DPU_sys_i/dpu_eu_0/inst/g_e584eb07.u_822a997b/u_8329ce29/u_25c793f4/u_8f276c93/g_d4cf40a3[1].u_7d540bc6/u_900d28db/u_e98a63ed/s_ccc4cd2b_reg[3][0]                                  |                                                                                                                                                                               |                3 |              8 |         2.67 |
|  DPU_sys_i/clk_wiz_0/inst/clk_out150Mhz        | DPU_sys_i/dpu_eu_0/inst/g_e584eb07.u_822a997b/u_8329ce29/u_25c793f4/u_8f276c93/g_d4cf40a3[1].u_7d540bc6/u_900d28db/u_e98a63ed/s_ccc4cd2b_reg[0]_rep[0]                              |                                                                                                                                                                               |                3 |              8 |         2.67 |
|  DPU_sys_i/clk_wiz_0/inst/clk_out150Mhz        | DPU_sys_i/dpu_eu_0/inst/g_e584eb07.u_822a997b/u_8329ce29/u_25c793f4/u_8f276c93/g_d4cf40a3[1].u_7d540bc6/u_900d28db/u_e98a63ed/s_ccc4cd2b_reg[4]_6                                   |                                                                                                                                                                               |                3 |              8 |         2.67 |
|  DPU_sys_i/clk_wiz_0/inst/clk_out150Mhz        | DPU_sys_i/dpu_eu_0/inst/g_e584eb07.u_822a997b/u_8329ce29/u_25c793f4/u_8f276c93/g_d4cf40a3[1].u_7d540bc6/u_900d28db/u_e98a63ed/s_ccc4cd2b_reg[4]_7                                   |                                                                                                                                                                               |                4 |              8 |         2.00 |
|  DPU_sys_i/clk_wiz_0/inst/clk_out150Mhz        | DPU_sys_i/dpu_eu_0/inst/g_e584eb07.u_822a997b/u_8329ce29/u_25c793f4/u_8f276c93/g_d4cf40a3[1].u_7d540bc6/u_900d28db/u_e98a63ed/s_ccc4cd2b_reg[4]_rep_10                              |                                                                                                                                                                               |                4 |              8 |         2.00 |
|  DPU_sys_i/clk_wiz_0/inst/clk_out300Mhz        | DPU_sys_i/dpu_eu_0/inst/g_e584eb07.u_822a997b/u_8329ce29/u_3aa346a2/u_dcd815c9/u_6c52c68e/g_7b54f91e[7].g_07af5fd4[0].g_9aa100cb[3].u_a326a45b/g_6779d86c[0].s_9983bf1b             |                                                                                                                                                                               |                2 |              8 |         4.00 |
|  DPU_sys_i/clk_wiz_0/inst/clk_out150Mhz        | DPU_sys_i/dpu_eu_0/inst/g_e584eb07.u_822a997b/u_8329ce29/u_25c793f4/u_8f276c93/g_d4cf40a3[1].u_7d540bc6/u_900d28db/u_e98a63ed/s_ccc4cd2b_reg[4]_rep_9                               |                                                                                                                                                                               |                3 |              8 |         2.67 |
|  DPU_sys_i/clk_wiz_0/inst/clk_out300Mhz        | DPU_sys_i/dpu_eu_0/inst/g_e584eb07.u_822a997b/u_8329ce29/u_3aa346a2/u_dcd815c9/u_6c52c68e/g_7b54f91e[7].g_07af5fd4[0].g_9aa100cb[3].u_a326a45b/g_6779d86c[1].g_1714e1cc.s_d2403251  |                                                                                                                                                                               |                2 |              8 |         4.00 |
|  DPU_sys_i/clk_wiz_0/inst/clk_out150Mhz        | DPU_sys_i/dpu_eu_0/inst/g_e584eb07.u_822a997b/u_8329ce29/u_25c793f4/u_8f276c93/g_d4cf40a3[1].u_7d540bc6/u_900d28db/u_e98a63ed/s_ccc4cd2b_reg[4]_rep_8                               |                                                                                                                                                                               |                4 |              8 |         2.00 |
|  DPU_sys_i/clk_wiz_0/inst/clk_out150Mhz        | DPU_sys_i/dpu_eu_0/inst/g_e584eb07.u_822a997b/u_8329ce29/u_25c793f4/u_8f276c93/g_d4cf40a3[1].u_7d540bc6/u_900d28db/u_e98a63ed/s_ccc4cd2b_reg[4]_rep_7                               |                                                                                                                                                                               |                3 |              8 |         2.67 |
|  DPU_sys_i/clk_wiz_0/inst/clk_out150Mhz        | DPU_sys_i/dpu_eu_0/inst/g_e584eb07.u_822a997b/u_8329ce29/u_25c793f4/u_8f276c93/g_d4cf40a3[1].u_7d540bc6/u_900d28db/u_e98a63ed/s_ccc4cd2b_reg[0]_rep_0                               |                                                                                                                                                                               |                4 |              8 |         2.00 |
|  DPU_sys_i/clk_wiz_0/inst/clk_out150Mhz        | DPU_sys_i/dpu_eu_0/inst/g_e584eb07.u_822a997b/u_8329ce29/u_25c793f4/u_8f276c93/g_d4cf40a3[1].u_7d540bc6/u_900d28db/u_e98a63ed/s_ccc4cd2b_reg[2]_rep__0_1                            |                                                                                                                                                                               |                2 |              8 |         4.00 |
|  DPU_sys_i/clk_wiz_0/inst/clk_out300Mhz        | DPU_sys_i/dpu_eu_0/inst/g_e584eb07.u_822a997b/u_8329ce29/u_3aa346a2/u_dcd815c9/u_6c52c68e/g_7b54f91e[2].g_07af5fd4[0].g_9aa100cb[4].u_a326a45b/g_6779d86c[0].s_9983bf1b             |                                                                                                                                                                               |                1 |              8 |         8.00 |
|  DPU_sys_i/clk_wiz_0/inst/clk_out150Mhz        | DPU_sys_i/dpu_eu_0/inst/g_e584eb07.u_822a997b/u_8329ce29/u_25c793f4/u_8f276c93/g_d4cf40a3[1].u_7d540bc6/u_900d28db/u_e98a63ed/s_ccc4cd2b_reg[2]_rep__0_0                            |                                                                                                                                                                               |                2 |              8 |         4.00 |
|  DPU_sys_i/clk_wiz_0/inst/clk_out150Mhz        | DPU_sys_i/dpu_eu_0/inst/g_e584eb07.u_822a997b/u_8329ce29/u_25c793f4/u_8f276c93/g_d4cf40a3[1].u_7d540bc6/u_900d28db/u_e98a63ed/s_ccc4cd2b_reg[2]_rep__0                              |                                                                                                                                                                               |                3 |              8 |         2.67 |
|  DPU_sys_i/clk_wiz_0/inst/clk_out150Mhz        | DPU_sys_i/dpu_eu_0/inst/g_e584eb07.u_822a997b/u_8329ce29/u_030d789c/u_06e6ba5a/g_64cdfbca[1].u_d4d6c03f/u_ac5485bb/g_7a0353b0[2].g_a34448e5.s_8b512823_reg[2][0]__0_0[9]            |                                                                                                                                                                               |                2 |              8 |         4.00 |
|  DPU_sys_i/clk_wiz_0/inst/clk_out300Mhz        | DPU_sys_i/dpu_eu_0/inst/g_e584eb07.u_822a997b/u_8329ce29/u_3aa346a2/u_dcd815c9/u_6c52c68e/g_7b54f91e[2].g_07af5fd4[0].g_9aa100cb[5].u_a326a45b/g_6779d86c[0].s_9983bf1b             |                                                                                                                                                                               |                2 |              8 |         4.00 |
|  DPU_sys_i/clk_wiz_0/inst/clk_out300Mhz        | DPU_sys_i/dpu_eu_0/inst/g_e584eb07.u_822a997b/u_8329ce29/u_3aa346a2/u_dcd815c9/u_6c52c68e/g_7b54f91e[3].g_07af5fd4[0].g_9aa100cb[4].u_a326a45b/g_6779d86c[0].s_9983bf1b             |                                                                                                                                                                               |                3 |              8 |         2.67 |
|  DPU_sys_i/clk_wiz_0/inst/clk_out300Mhz        | DPU_sys_i/dpu_eu_0/inst/g_e584eb07.u_822a997b/u_8329ce29/u_3aa346a2/u_dcd815c9/u_6c52c68e/g_7b54f91e[6].g_07af5fd4[0].g_9aa100cb[1].u_a326a45b/g_6779d86c[0].s_9983bf1b             |                                                                                                                                                                               |                2 |              8 |         4.00 |
|  DPU_sys_i/clk_wiz_0/inst/clk_out300Mhz        | DPU_sys_i/dpu_eu_0/inst/g_e584eb07.u_822a997b/u_8329ce29/u_3aa346a2/u_dcd815c9/u_6c52c68e/g_7b54f91e[3].g_07af5fd4[0].g_9aa100cb[0].u_a326a45b/g_6779d86c[0].s_9983bf1b             |                                                                                                                                                                               |                1 |              8 |         8.00 |
|  DPU_sys_i/clk_wiz_0/inst/clk_out300Mhz        | DPU_sys_i/dpu_eu_0/inst/g_e584eb07.u_822a997b/u_8329ce29/u_3aa346a2/u_dcd815c9/u_6c52c68e/g_4168fb56[0].g_534ceca6[7].s_232d3c44                                                    |                                                                                                                                                                               |                2 |              8 |         4.00 |
|  DPU_sys_i/clk_wiz_0/inst/clk_out300Mhz        | DPU_sys_i/dpu_eu_0/inst/g_e584eb07.u_822a997b/u_8329ce29/u_3aa346a2/u_dcd815c9/u_6c52c68e/g_7b54f91e[3].g_07af5fd4[0].g_9aa100cb[1].u_a326a45b/g_6779d86c[0].s_9983bf1b             |                                                                                                                                                                               |                1 |              8 |         8.00 |
|  DPU_sys_i/clk_wiz_0/inst/clk_out300Mhz        | DPU_sys_i/dpu_eu_0/inst/g_e584eb07.u_822a997b/u_8329ce29/u_3aa346a2/u_dcd815c9/u_6c52c68e/g_7b54f91e[3].g_07af5fd4[0].g_9aa100cb[2].u_a326a45b/g_6779d86c[0].s_9983bf1b             |                                                                                                                                                                               |                3 |              8 |         2.67 |
|  DPU_sys_i/clk_wiz_0/inst/clk_out150Mhz        | DPU_sys_i/dpu_eu_0/inst/g_e584eb07.u_822a997b/u_8329ce29/u_030d789c/u_06e6ba5a/g_64cdfbca[1].u_d4d6c03f/u_ac5485bb/g_7a0353b0[2].g_a34448e5.s_8b512823_reg[2][0]__0_0[3]            |                                                                                                                                                                               |                1 |              8 |         8.00 |
|  DPU_sys_i/clk_wiz_0/inst/clk_out150Mhz        | DPU_sys_i/dpu_eu_0/inst/g_e584eb07.u_822a997b/u_8329ce29/u_030d789c/u_06e6ba5a/g_64cdfbca[1].u_d4d6c03f/u_ac5485bb/g_7a0353b0[2].g_a34448e5.s_8b512823_reg[2][0]__0_0[4]            |                                                                                                                                                                               |                2 |              8 |         4.00 |
|  DPU_sys_i/clk_wiz_0/inst/clk_out150Mhz        | DPU_sys_i/dpu_eu_0/inst/g_e584eb07.u_822a997b/u_8329ce29/u_030d789c/u_06e6ba5a/g_64cdfbca[1].u_d4d6c03f/u_ac5485bb/g_7a0353b0[2].g_a34448e5.s_8b512823_reg[2][0]__0_0[11]           |                                                                                                                                                                               |                3 |              8 |         2.67 |
|  DPU_sys_i/clk_wiz_0/inst/clk_out150Mhz        | DPU_sys_i/dpu_eu_0/inst/g_e584eb07.u_822a997b/u_8329ce29/u_030d789c/u_06e6ba5a/g_64cdfbca[1].u_d4d6c03f/u_ac5485bb/g_7a0353b0[2].g_a34448e5.s_8b512823_reg[2][0]__0_0[10]           |                                                                                                                                                                               |                1 |              8 |         8.00 |
|  DPU_sys_i/clk_wiz_0/inst/clk_out150Mhz        | DPU_sys_i/dpu_eu_0/inst/g_e584eb07.u_822a997b/u_8329ce29/u_030d789c/u_06e6ba5a/g_64cdfbca[1].u_d4d6c03f/u_ac5485bb/g_7a0353b0[2].g_a34448e5.s_8b512823_reg[2][0]__0_0[2]            |                                                                                                                                                                               |                3 |              8 |         2.67 |
|  DPU_sys_i/clk_wiz_0/inst/clk_out300Mhz        | DPU_sys_i/dpu_eu_0/inst/g_e584eb07.u_822a997b/u_8329ce29/u_3aa346a2/u_dcd815c9/u_6c52c68e/g_7b54f91e[3].g_07af5fd4[0].g_9aa100cb[3].u_a326a45b/g_6779d86c[0].s_9983bf1b             |                                                                                                                                                                               |                1 |              8 |         8.00 |
|  DPU_sys_i/clk_wiz_0/inst/clk_out150Mhz        | DPU_sys_i/dpu_eu_0/inst/g_e584eb07.u_822a997b/u_8329ce29/u_030d789c/u_06e6ba5a/g_64cdfbca[1].u_d4d6c03f/u_ac5485bb/g_7a0353b0[2].g_a34448e5.s_8b512823_reg[2][0]__0_0[7]            |                                                                                                                                                                               |                1 |              8 |         8.00 |
|  DPU_sys_i/clk_wiz_0/inst/clk_out150Mhz        | DPU_sys_i/dpu_eu_0/inst/g_e584eb07.u_822a997b/u_8329ce29/u_030d789c/u_06e6ba5a/g_64cdfbca[1].u_d4d6c03f/u_ac5485bb/g_7a0353b0[2].g_a34448e5.s_8b512823_reg[2][0]__0_0[5]            |                                                                                                                                                                               |                1 |              8 |         8.00 |
|  DPU_sys_i/clk_wiz_0/inst/clk_out150Mhz        | DPU_sys_i/dpu_eu_0/inst/g_e584eb07.u_822a997b/u_8329ce29/u_030d789c/u_06e6ba5a/g_64cdfbca[1].u_d4d6c03f/u_ac5485bb/g_7a0353b0[2].g_a34448e5.s_8b512823_reg[2][0]__0_0[1]            |                                                                                                                                                                               |                3 |              8 |         2.67 |
|  DPU_sys_i/clk_wiz_0/inst/clk_out150Mhz        | DPU_sys_i/dpu_eu_0/inst/g_e584eb07.u_822a997b/u_8329ce29/u_030d789c/u_06e6ba5a/g_64cdfbca[1].u_d4d6c03f/u_ac5485bb/g_7a0353b0[2].g_a34448e5.s_8b512823_reg[2][0]__0_0[6]            |                                                                                                                                                                               |                2 |              8 |         4.00 |
|  DPU_sys_i/clk_wiz_0/inst/clk_out150Mhz        | DPU_sys_i/dpu_eu_0/inst/g_e584eb07.u_822a997b/u_8329ce29/u_030d789c/u_06e6ba5a/g_64cdfbca[1].u_d4d6c03f/u_ac5485bb/g_7a0353b0[2].g_a34448e5.s_8b512823_reg[2][0]__0_0[0]            |                                                                                                                                                                               |                2 |              8 |         4.00 |
|  DPU_sys_i/clk_wiz_0/inst/clk_out150Mhz        |                                                                                                                                                                                     | DPU_sys_i/dpu_eu_0/inst/g_e584eb07.u_822a997b/u_8329ce29/u_5e95f3e2/u_1134bd62/u_8b08e93b/g_0a74d9c6[4].s_67e5c76a[7]_i_1_n_0                                                 |                2 |              8 |         4.00 |
|  DPU_sys_i/clk_wiz_0/inst/clk_out300Mhz        | DPU_sys_i/dpu_eu_0/inst/g_e584eb07.u_822a997b/u_8329ce29/u_3aa346a2/u_dcd815c9/u_6c52c68e/g_7b54f91e[7].g_07af5fd4[0].g_9aa100cb[2].u_a326a45b/g_6779d86c[0].s_9983bf1b             |                                                                                                                                                                               |                1 |              8 |         8.00 |
|  DPU_sys_i/clk_wiz_0/inst/clk_out300Mhz        | DPU_sys_i/dpu_eu_0/inst/g_e584eb07.u_822a997b/u_8329ce29/u_3aa346a2/u_dcd815c9/u_6c52c68e/g_7b54f91e[6].g_07af5fd4[0].g_9aa100cb[3].u_a326a45b/g_6779d86c[0].s_9983bf1b             |                                                                                                                                                                               |                1 |              8 |         8.00 |
|  DPU_sys_i/clk_wiz_0/inst/clk_out150Mhz        |                                                                                                                                                                                     | DPU_sys_i/dpu_eu_0/inst/g_e584eb07.u_822a997b/u_8329ce29/u_5e95f3e2/u_1134bd62/u_8b08e93b/g_0a74d9c6[10].s_67e5c76a[7]_i_1_n_0                                                |                2 |              8 |         4.00 |
|  DPU_sys_i/clk_wiz_0/inst/clk_out150Mhz        |                                                                                                                                                                                     | DPU_sys_i/dpu_eu_0/inst/g_e584eb07.u_822a997b/u_8329ce29/u_5e95f3e2/u_1134bd62/u_8b08e93b/g_0a74d9c6[11].s_67e5c76a[7]_i_1_n_0                                                |                2 |              8 |         4.00 |
|  DPU_sys_i/clk_wiz_0/inst/clk_out150Mhz        |                                                                                                                                                                                     | DPU_sys_i/dpu_eu_0/inst/g_e584eb07.u_822a997b/u_8329ce29/u_5e95f3e2/u_1134bd62/u_8b08e93b/g_0a74d9c6[9].s_67e5c76a[7]_i_1_n_0                                                 |                2 |              8 |         4.00 |
|  DPU_sys_i/clk_wiz_0/inst/clk_out150Mhz        |                                                                                                                                                                                     | DPU_sys_i/dpu_eu_0/inst/g_e584eb07.u_822a997b/u_8329ce29/u_5e95f3e2/u_1134bd62/u_8b08e93b/g_0a74d9c6[8].s_67e5c76a[7]_i_1_n_0                                                 |                2 |              8 |         4.00 |
|  DPU_sys_i/clk_wiz_0/inst/clk_out150Mhz        |                                                                                                                                                                                     | DPU_sys_i/dpu_eu_0/inst/g_e584eb07.u_822a997b/u_8329ce29/u_5e95f3e2/u_1134bd62/u_8b08e93b/u_6c14e8a4/g_cedbdfb3.s_8010d7f1_reg[87]_3                                          |                2 |              8 |         4.00 |
|  DPU_sys_i/clk_wiz_0/inst/clk_out150Mhz        |                                                                                                                                                                                     | DPU_sys_i/dpu_eu_0/inst/g_e584eb07.u_822a997b/u_8329ce29/u_5e95f3e2/u_1134bd62/u_8b08e93b/u_6c14e8a4/g_cedbdfb3.s_8010d7f1_reg[95]_4                                          |                2 |              8 |         4.00 |
|  DPU_sys_i/clk_wiz_0/inst/clk_out300Mhz        | DPU_sys_i/dpu_eu_0/inst/g_e584eb07.u_822a997b/u_8329ce29/u_3aa346a2/u_dcd815c9/u_6c52c68e/g_7b54f91e[9].g_07af5fd4[0].g_9aa100cb[0].u_a326a45b/g_6779d86c[0].s_9983bf1b             |                                                                                                                                                                               |                1 |              8 |         8.00 |
|  DPU_sys_i/clk_wiz_0/inst/clk_out300Mhz        | DPU_sys_i/dpu_eu_0/inst/g_e584eb07.u_822a997b/u_8329ce29/u_3aa346a2/u_dcd815c9/u_6c52c68e/g_df44b103[0].g_59494928[10].s_8c943739                                                   |                                                                                                                                                                               |                3 |              8 |         2.67 |
|  DPU_sys_i/clk_wiz_0/inst/clk_out300Mhz        | DPU_sys_i/dpu_eu_0/inst/g_e584eb07.u_822a997b/u_8329ce29/u_3aa346a2/u_dcd815c9/u_6c52c68e/g_df44b103[0].g_59494928[6].s_8c943739                                                    |                                                                                                                                                                               |                1 |              8 |         8.00 |
|  DPU_sys_i/clk_wiz_0/inst/clk_out300Mhz        | DPU_sys_i/dpu_eu_0/inst/g_e584eb07.u_822a997b/u_8329ce29/u_3aa346a2/u_dcd815c9/u_6c52c68e/g_df44b103[0].g_59494928[8].s_8c943739                                                    |                                                                                                                                                                               |                2 |              8 |         4.00 |
|  DPU_sys_i/clk_wiz_0/inst/clk_out300Mhz        | DPU_sys_i/dpu_eu_0/inst/g_e584eb07.u_822a997b/u_8329ce29/u_3aa346a2/u_dcd815c9/u_6c52c68e/g_df44b103[10].g_59494928[10].s_8c943739                                                  |                                                                                                                                                                               |                2 |              8 |         4.00 |
|  DPU_sys_i/clk_wiz_0/inst/clk_out300Mhz        | DPU_sys_i/dpu_eu_0/inst/g_e584eb07.u_822a997b/u_8329ce29/u_3aa346a2/u_dcd815c9/u_6c52c68e/g_df44b103[0].g_59494928[2].s_8c943739                                                    |                                                                                                                                                                               |                3 |              8 |         2.67 |
|  DPU_sys_i/clk_wiz_0/inst/clk_out300Mhz        | DPU_sys_i/dpu_eu_0/inst/g_e584eb07.u_822a997b/u_8329ce29/u_3aa346a2/u_dcd815c9/u_6c52c68e/g_df44b103[10].g_59494928[1].s_8c943739                                                   |                                                                                                                                                                               |                2 |              8 |         4.00 |
|  DPU_sys_i/clk_wiz_0/inst/clk_out300Mhz        | DPU_sys_i/dpu_eu_0/inst/g_e584eb07.u_822a997b/u_8329ce29/u_3aa346a2/u_dcd815c9/u_6c52c68e/g_df44b103[10].g_59494928[2].s_8c943739                                                   |                                                                                                                                                                               |                2 |              8 |         4.00 |
|  DPU_sys_i/clk_wiz_0/inst/clk_out300Mhz        | DPU_sys_i/dpu_eu_0/inst/g_e584eb07.u_822a997b/u_8329ce29/u_3aa346a2/u_dcd815c9/u_6c52c68e/g_df44b103[10].g_59494928[3].s_8c943739                                                   |                                                                                                                                                                               |                2 |              8 |         4.00 |
|  DPU_sys_i/clk_wiz_0/inst/clk_out300Mhz        | DPU_sys_i/dpu_eu_0/inst/g_e584eb07.u_822a997b/u_8329ce29/u_3aa346a2/u_dcd815c9/u_6c52c68e/g_df44b103[0].g_59494928[11].s_8c943739                                                   |                                                                                                                                                                               |                3 |              8 |         2.67 |
|  DPU_sys_i/clk_wiz_0/inst/clk_out300Mhz        | DPU_sys_i/dpu_eu_0/inst/g_e584eb07.u_822a997b/u_8329ce29/u_3aa346a2/u_dcd815c9/u_6c52c68e/g_df44b103[0].g_59494928[1].s_8c943739                                                    |                                                                                                                                                                               |                1 |              8 |         8.00 |
|  DPU_sys_i/clk_wiz_0/inst/clk_out300Mhz        | DPU_sys_i/dpu_eu_0/inst/g_e584eb07.u_822a997b/u_8329ce29/u_3aa346a2/u_dcd815c9/u_6c52c68e/g_df44b103[0].g_59494928[3].s_8c943739                                                    |                                                                                                                                                                               |                2 |              8 |         4.00 |
|  DPU_sys_i/clk_wiz_0/inst/clk_out300Mhz        | DPU_sys_i/dpu_eu_0/inst/g_e584eb07.u_822a997b/u_8329ce29/u_3aa346a2/u_dcd815c9/u_6c52c68e/g_df44b103[0].g_59494928[5].s_8c943739                                                    |                                                                                                                                                                               |                3 |              8 |         2.67 |
|  DPU_sys_i/clk_wiz_0/inst/clk_out300Mhz        | DPU_sys_i/dpu_eu_0/inst/g_e584eb07.u_822a997b/u_8329ce29/u_3aa346a2/u_dcd815c9/u_6c52c68e/g_df44b103[0].g_59494928[9].s_8c943739                                                    |                                                                                                                                                                               |                4 |              8 |         2.00 |
|  DPU_sys_i/clk_wiz_0/inst/clk_out300Mhz        | DPU_sys_i/dpu_eu_0/inst/g_e584eb07.u_822a997b/u_8329ce29/u_3aa346a2/u_dcd815c9/u_6c52c68e/g_df44b103[0].g_59494928[4].s_8c943739                                                    |                                                                                                                                                                               |                1 |              8 |         8.00 |
|  DPU_sys_i/clk_wiz_0/inst/clk_out300Mhz        | DPU_sys_i/dpu_eu_0/inst/g_e584eb07.u_822a997b/u_8329ce29/u_3aa346a2/u_dcd815c9/u_6c52c68e/g_df44b103[10].g_59494928[0].s_8c943739                                                   |                                                                                                                                                                               |                2 |              8 |         4.00 |
|  DPU_sys_i/clk_wiz_0/inst/clk_out300Mhz        | DPU_sys_i/dpu_eu_0/inst/g_e584eb07.u_822a997b/u_8329ce29/u_3aa346a2/u_dcd815c9/u_6c52c68e/g_df44b103[0].g_59494928[7].s_8c943739                                                    |                                                                                                                                                                               |                2 |              8 |         4.00 |
|  DPU_sys_i/clk_wiz_0/inst/clk_out300Mhz        | DPU_sys_i/dpu_eu_0/inst/g_e584eb07.u_822a997b/u_8329ce29/u_3aa346a2/u_dcd815c9/u_6c52c68e/g_df44b103[10].g_59494928[11].s_8c943739                                                  |                                                                                                                                                                               |                3 |              8 |         2.67 |
|  DPU_sys_i/clk_wiz_0/inst/clk_out300Mhz        | DPU_sys_i/dpu_eu_0/inst/g_e584eb07.u_822a997b/u_8329ce29/u_3aa346a2/u_dcd815c9/u_6c52c68e/g_df44b103[0].g_59494928[0].s_8c943739                                                    |                                                                                                                                                                               |                2 |              8 |         4.00 |
|  DPU_sys_i/clk_wiz_0/inst/clk_out300Mhz        | DPU_sys_i/dpu_eu_0/inst/g_e584eb07.u_822a997b/u_8329ce29/u_3aa346a2/u_dcd815c9/u_6c52c68e/g_df44b103[2].g_59494928[2].s_8c943739                                                    |                                                                                                                                                                               |                2 |              8 |         4.00 |
|  DPU_sys_i/clk_wiz_0/inst/clk_out300Mhz        | DPU_sys_i/dpu_eu_0/inst/g_e584eb07.u_822a997b/u_8329ce29/u_3aa346a2/u_dcd815c9/u_6c52c68e/g_df44b103[11].g_59494928[9].s_8c943739                                                   |                                                                                                                                                                               |                1 |              8 |         8.00 |
|  DPU_sys_i/clk_wiz_0/inst/clk_out300Mhz        | DPU_sys_i/dpu_eu_0/inst/g_e584eb07.u_822a997b/u_8329ce29/u_3aa346a2/u_dcd815c9/u_6c52c68e/g_df44b103[1].g_59494928[6].s_8c943739                                                    |                                                                                                                                                                               |                1 |              8 |         8.00 |
|  DPU_sys_i/clk_wiz_0/inst/clk_out300Mhz        | DPU_sys_i/dpu_eu_0/inst/g_e584eb07.u_822a997b/u_8329ce29/u_3aa346a2/u_dcd815c9/u_6c52c68e/g_df44b103[2].g_59494928[10].s_8c943739                                                   |                                                                                                                                                                               |                1 |              8 |         8.00 |
|  DPU_sys_i/clk_wiz_0/inst/clk_out300Mhz        | DPU_sys_i/dpu_eu_0/inst/g_e584eb07.u_822a997b/u_8329ce29/u_3aa346a2/u_dcd815c9/u_6c52c68e/g_df44b103[11].g_59494928[1].s_8c943739                                                   |                                                                                                                                                                               |                2 |              8 |         4.00 |
|  DPU_sys_i/clk_wiz_0/inst/clk_out300Mhz        | DPU_sys_i/dpu_eu_0/inst/g_e584eb07.u_822a997b/u_8329ce29/u_3aa346a2/u_dcd815c9/u_6c52c68e/g_df44b103[2].g_59494928[3].s_8c943739                                                    |                                                                                                                                                                               |                1 |              8 |         8.00 |
|  DPU_sys_i/clk_wiz_0/inst/clk_out300Mhz        | DPU_sys_i/dpu_eu_0/inst/g_e584eb07.u_822a997b/u_8329ce29/u_3aa346a2/u_dcd815c9/u_6c52c68e/g_df44b103[10].g_59494928[6].s_8c943739                                                   |                                                                                                                                                                               |                3 |              8 |         2.67 |
|  DPU_sys_i/clk_wiz_0/inst/clk_out300Mhz        | DPU_sys_i/dpu_eu_0/inst/g_e584eb07.u_822a997b/u_8329ce29/u_3aa346a2/u_dcd815c9/u_6c52c68e/g_df44b103[1].g_59494928[0].s_8c943739                                                    |                                                                                                                                                                               |                3 |              8 |         2.67 |
|  DPU_sys_i/clk_wiz_0/inst/clk_out300Mhz        | DPU_sys_i/dpu_eu_0/inst/g_e584eb07.u_822a997b/u_8329ce29/u_3aa346a2/u_dcd815c9/u_6c52c68e/g_df44b103[1].g_59494928[8].s_8c943739                                                    |                                                                                                                                                                               |                2 |              8 |         4.00 |
|  DPU_sys_i/clk_wiz_0/inst/clk_out300Mhz        | DPU_sys_i/dpu_eu_0/inst/g_e584eb07.u_822a997b/u_8329ce29/u_3aa346a2/u_dcd815c9/u_6c52c68e/g_df44b103[11].g_59494928[8].s_8c943739                                                   |                                                                                                                                                                               |                1 |              8 |         8.00 |
|  DPU_sys_i/clk_wiz_0/inst/clk_out300Mhz        | DPU_sys_i/dpu_eu_0/inst/g_e584eb07.u_822a997b/u_8329ce29/u_3aa346a2/u_dcd815c9/u_6c52c68e/g_df44b103[1].g_59494928[9].s_8c943739                                                    |                                                                                                                                                                               |                2 |              8 |         4.00 |
|  DPU_sys_i/clk_wiz_0/inst/clk_out300Mhz        | DPU_sys_i/dpu_eu_0/inst/g_e584eb07.u_822a997b/u_8329ce29/u_3aa346a2/u_dcd815c9/u_6c52c68e/g_df44b103[1].g_59494928[7].s_8c943739                                                    |                                                                                                                                                                               |                2 |              8 |         4.00 |
|  DPU_sys_i/clk_wiz_0/inst/clk_out300Mhz        | DPU_sys_i/dpu_eu_0/inst/g_e584eb07.u_822a997b/u_8329ce29/u_3aa346a2/u_dcd815c9/u_6c52c68e/g_df44b103[11].g_59494928[0].s_8c943739                                                   |                                                                                                                                                                               |                4 |              8 |         2.00 |
|  DPU_sys_i/clk_wiz_0/inst/clk_out300Mhz        | DPU_sys_i/dpu_eu_0/inst/g_e584eb07.u_822a997b/u_8329ce29/u_3aa346a2/u_dcd815c9/u_6c52c68e/g_df44b103[2].g_59494928[4].s_8c943739                                                    |                                                                                                                                                                               |                5 |              8 |         1.60 |
|  DPU_sys_i/clk_wiz_0/inst/clk_out300Mhz        | DPU_sys_i/dpu_eu_0/inst/g_e584eb07.u_822a997b/u_8329ce29/u_3aa346a2/u_dcd815c9/u_6c52c68e/g_df44b103[2].g_59494928[5].s_8c943739                                                    |                                                                                                                                                                               |                1 |              8 |         8.00 |
|  DPU_sys_i/clk_wiz_0/inst/clk_out300Mhz        | DPU_sys_i/dpu_eu_0/inst/g_e584eb07.u_822a997b/u_8329ce29/u_3aa346a2/u_dcd815c9/u_6c52c68e/g_df44b103[2].g_59494928[1].s_8c943739                                                    |                                                                                                                                                                               |                2 |              8 |         4.00 |
|  DPU_sys_i/clk_wiz_0/inst/clk_out300Mhz        | DPU_sys_i/dpu_eu_0/inst/g_e584eb07.u_822a997b/u_8329ce29/u_3aa346a2/u_dcd815c9/u_6c52c68e/g_df44b103[2].g_59494928[8].s_8c943739                                                    |                                                                                                                                                                               |                2 |              8 |         4.00 |
|  DPU_sys_i/clk_wiz_0/inst/clk_out300Mhz        | DPU_sys_i/dpu_eu_0/inst/g_e584eb07.u_822a997b/u_8329ce29/u_3aa346a2/u_dcd815c9/u_6c52c68e/g_df44b103[2].g_59494928[9].s_8c943739                                                    |                                                                                                                                                                               |                2 |              8 |         4.00 |
|  DPU_sys_i/clk_wiz_0/inst/clk_out300Mhz        | DPU_sys_i/dpu_eu_0/inst/g_e584eb07.u_822a997b/u_8329ce29/u_3aa346a2/u_dcd815c9/u_6c52c68e/g_df44b103[11].g_59494928[7].s_8c943739                                                   |                                                                                                                                                                               |                2 |              8 |         4.00 |
|  DPU_sys_i/clk_wiz_0/inst/clk_out300Mhz        | DPU_sys_i/dpu_eu_0/inst/g_e584eb07.u_822a997b/u_8329ce29/u_3aa346a2/u_dcd815c9/u_6c52c68e/g_df44b103[10].g_59494928[5].s_8c943739                                                   |                                                                                                                                                                               |                4 |              8 |         2.00 |
|  DPU_sys_i/clk_wiz_0/inst/clk_out300Mhz        | DPU_sys_i/dpu_eu_0/inst/g_e584eb07.u_822a997b/u_8329ce29/u_3aa346a2/u_dcd815c9/u_6c52c68e/g_df44b103[11].g_59494928[3].s_8c943739                                                   |                                                                                                                                                                               |                1 |              8 |         8.00 |
|  DPU_sys_i/clk_wiz_0/inst/clk_out300Mhz        | DPU_sys_i/dpu_eu_0/inst/g_e584eb07.u_822a997b/u_8329ce29/u_3aa346a2/u_dcd815c9/u_6c52c68e/g_df44b103[1].g_59494928[3].s_8c943739                                                    |                                                                                                                                                                               |                1 |              8 |         8.00 |
|  DPU_sys_i/clk_wiz_0/inst/clk_out300Mhz        | DPU_sys_i/dpu_eu_0/inst/g_e584eb07.u_822a997b/u_8329ce29/u_3aa346a2/u_dcd815c9/u_6c52c68e/g_df44b103[11].g_59494928[10].s_8c943739                                                  |                                                                                                                                                                               |                1 |              8 |         8.00 |
|  DPU_sys_i/clk_wiz_0/inst/clk_out300Mhz        | DPU_sys_i/dpu_eu_0/inst/g_e584eb07.u_822a997b/u_8329ce29/u_3aa346a2/u_dcd815c9/u_6c52c68e/g_df44b103[11].g_59494928[6].s_8c943739                                                   |                                                                                                                                                                               |                2 |              8 |         4.00 |
|  DPU_sys_i/clk_wiz_0/inst/clk_out300Mhz        | DPU_sys_i/dpu_eu_0/inst/g_e584eb07.u_822a997b/u_8329ce29/u_3aa346a2/u_dcd815c9/u_6c52c68e/g_df44b103[2].g_59494928[6].s_8c943739                                                    |                                                                                                                                                                               |                1 |              8 |         8.00 |
|  DPU_sys_i/clk_wiz_0/inst/clk_out300Mhz        | DPU_sys_i/dpu_eu_0/inst/g_e584eb07.u_822a997b/u_8329ce29/u_3aa346a2/u_dcd815c9/u_6c52c68e/g_df44b103[3].g_59494928[0].s_8c943739                                                    |                                                                                                                                                                               |                1 |              8 |         8.00 |
|  DPU_sys_i/clk_wiz_0/inst/clk_out300Mhz        | DPU_sys_i/dpu_eu_0/inst/g_e584eb07.u_822a997b/u_8329ce29/u_3aa346a2/u_dcd815c9/u_6c52c68e/g_df44b103[3].g_59494928[1].s_8c943739                                                    |                                                                                                                                                                               |                2 |              8 |         4.00 |
|  DPU_sys_i/clk_wiz_0/inst/clk_out300Mhz        | DPU_sys_i/dpu_eu_0/inst/g_e584eb07.u_822a997b/u_8329ce29/u_3aa346a2/u_dcd815c9/u_6c52c68e/g_df44b103[3].g_59494928[2].s_8c943739                                                    |                                                                                                                                                                               |                4 |              8 |         2.00 |
|  DPU_sys_i/clk_wiz_0/inst/clk_out300Mhz        | DPU_sys_i/dpu_eu_0/inst/g_e584eb07.u_822a997b/u_8329ce29/u_3aa346a2/u_dcd815c9/u_6c52c68e/g_df44b103[11].g_59494928[2].s_8c943739                                                   |                                                                                                                                                                               |                2 |              8 |         4.00 |
|  DPU_sys_i/clk_wiz_0/inst/clk_out300Mhz        | DPU_sys_i/dpu_eu_0/inst/g_e584eb07.u_822a997b/u_8329ce29/u_3aa346a2/u_dcd815c9/u_6c52c68e/g_df44b103[1].g_59494928[2].s_8c943739                                                    |                                                                                                                                                                               |                1 |              8 |         8.00 |
|  DPU_sys_i/clk_wiz_0/inst/clk_out300Mhz        | DPU_sys_i/dpu_eu_0/inst/g_e584eb07.u_822a997b/u_8329ce29/u_3aa346a2/u_dcd815c9/u_6c52c68e/g_df44b103[2].g_59494928[11].s_8c943739                                                   |                                                                                                                                                                               |                4 |              8 |         2.00 |
|  DPU_sys_i/clk_wiz_0/inst/clk_out300Mhz        | DPU_sys_i/dpu_eu_0/inst/g_e584eb07.u_822a997b/u_8329ce29/u_3aa346a2/u_dcd815c9/u_6c52c68e/g_df44b103[3].g_59494928[11].s_8c943739                                                   |                                                                                                                                                                               |                3 |              8 |         2.67 |
|  DPU_sys_i/clk_wiz_0/inst/clk_out300Mhz        | DPU_sys_i/dpu_eu_0/inst/g_e584eb07.u_822a997b/u_8329ce29/u_3aa346a2/u_dcd815c9/u_6c52c68e/g_df44b103[3].g_59494928[3].s_8c943739                                                    |                                                                                                                                                                               |                2 |              8 |         4.00 |
|  DPU_sys_i/clk_wiz_0/inst/clk_out300Mhz        | DPU_sys_i/dpu_eu_0/inst/g_e584eb07.u_822a997b/u_8329ce29/u_3aa346a2/u_dcd815c9/u_6c52c68e/g_df44b103[3].g_59494928[4].s_8c943739                                                    |                                                                                                                                                                               |                2 |              8 |         4.00 |
|  DPU_sys_i/clk_wiz_0/inst/clk_out300Mhz        | DPU_sys_i/dpu_eu_0/inst/g_e584eb07.u_822a997b/u_8329ce29/u_3aa346a2/u_dcd815c9/u_6c52c68e/g_df44b103[11].g_59494928[5].s_8c943739                                                   |                                                                                                                                                                               |                3 |              8 |         2.67 |
|  DPU_sys_i/clk_wiz_0/inst/clk_out300Mhz        | DPU_sys_i/dpu_eu_0/inst/g_e584eb07.u_822a997b/u_8329ce29/u_3aa346a2/u_dcd815c9/u_6c52c68e/g_df44b103[1].g_59494928[4].s_8c943739                                                    |                                                                                                                                                                               |                1 |              8 |         8.00 |
|  DPU_sys_i/clk_wiz_0/inst/clk_out300Mhz        | DPU_sys_i/dpu_eu_0/inst/g_e584eb07.u_822a997b/u_8329ce29/u_3aa346a2/u_dcd815c9/u_6c52c68e/g_df44b103[3].g_59494928[10].s_8c943739                                                   |                                                                                                                                                                               |                1 |              8 |         8.00 |
|  DPU_sys_i/clk_wiz_0/inst/clk_out300Mhz        | DPU_sys_i/dpu_eu_0/inst/g_e584eb07.u_822a997b/u_8329ce29/u_3aa346a2/u_dcd815c9/u_6c52c68e/g_df44b103[3].g_59494928[6].s_8c943739                                                    |                                                                                                                                                                               |                4 |              8 |         2.00 |
|  DPU_sys_i/clk_wiz_0/inst/clk_out300Mhz        | DPU_sys_i/dpu_eu_0/inst/g_e584eb07.u_822a997b/u_8329ce29/u_3aa346a2/u_dcd815c9/u_6c52c68e/g_df44b103[3].g_59494928[5].s_8c943739                                                    |                                                                                                                                                                               |                2 |              8 |         4.00 |
|  DPU_sys_i/clk_wiz_0/inst/clk_out300Mhz        | DPU_sys_i/dpu_eu_0/inst/g_e584eb07.u_822a997b/u_8329ce29/u_3aa346a2/u_dcd815c9/u_6c52c68e/g_df44b103[3].g_59494928[7].s_8c943739                                                    |                                                                                                                                                                               |                2 |              8 |         4.00 |
|  DPU_sys_i/clk_wiz_0/inst/clk_out300Mhz        | DPU_sys_i/dpu_eu_0/inst/g_e584eb07.u_822a997b/u_8329ce29/u_3aa346a2/u_dcd815c9/u_6c52c68e/g_df44b103[3].g_59494928[8].s_8c943739                                                    |                                                                                                                                                                               |                1 |              8 |         8.00 |
|  DPU_sys_i/clk_wiz_0/inst/clk_out300Mhz        | DPU_sys_i/dpu_eu_0/inst/g_e584eb07.u_822a997b/u_8329ce29/u_3aa346a2/u_dcd815c9/u_6c52c68e/g_df44b103[1].g_59494928[5].s_8c943739                                                    |                                                                                                                                                                               |                2 |              8 |         4.00 |
|  DPU_sys_i/clk_wiz_0/inst/clk_out300Mhz        | DPU_sys_i/dpu_eu_0/inst/g_e584eb07.u_822a997b/u_8329ce29/u_3aa346a2/u_dcd815c9/u_6c52c68e/g_df44b103[3].g_59494928[9].s_8c943739                                                    |                                                                                                                                                                               |                1 |              8 |         8.00 |
|  DPU_sys_i/clk_wiz_0/inst/clk_out300Mhz        | DPU_sys_i/dpu_eu_0/inst/g_e584eb07.u_822a997b/u_8329ce29/u_3aa346a2/u_dcd815c9/u_6c52c68e/g_df44b103[11].g_59494928[11].s_8c943739                                                  |                                                                                                                                                                               |                3 |              8 |         2.67 |
|  DPU_sys_i/clk_wiz_0/inst/clk_out300Mhz        | DPU_sys_i/dpu_eu_0/inst/g_e584eb07.u_822a997b/u_8329ce29/u_3aa346a2/u_dcd815c9/u_6c52c68e/g_df44b103[11].g_59494928[4].s_8c943739                                                   |                                                                                                                                                                               |                2 |              8 |         4.00 |
|  DPU_sys_i/clk_wiz_0/inst/clk_out300Mhz        | DPU_sys_i/dpu_eu_0/inst/g_e584eb07.u_822a997b/u_8329ce29/u_3aa346a2/u_dcd815c9/u_6c52c68e/g_df44b103[10].g_59494928[4].s_8c943739                                                   |                                                                                                                                                                               |                2 |              8 |         4.00 |
|  DPU_sys_i/clk_wiz_0/inst/clk_out300Mhz        | DPU_sys_i/dpu_eu_0/inst/g_e584eb07.u_822a997b/u_8329ce29/u_3aa346a2/u_dcd815c9/u_6c52c68e/g_df44b103[2].g_59494928[0].s_8c943739                                                    |                                                                                                                                                                               |                1 |              8 |         8.00 |
|  DPU_sys_i/clk_wiz_0/inst/clk_out300Mhz        | DPU_sys_i/dpu_eu_0/inst/g_e584eb07.u_822a997b/u_8329ce29/u_3aa346a2/u_dcd815c9/u_6c52c68e/g_df44b103[10].g_59494928[8].s_8c943739                                                   |                                                                                                                                                                               |                1 |              8 |         8.00 |
|  DPU_sys_i/clk_wiz_0/inst/clk_out300Mhz        | DPU_sys_i/dpu_eu_0/inst/g_e584eb07.u_822a997b/u_8329ce29/u_3aa346a2/u_dcd815c9/u_6c52c68e/g_df44b103[1].g_59494928[1].s_8c943739                                                    |                                                                                                                                                                               |                3 |              8 |         2.67 |
|  DPU_sys_i/clk_wiz_0/inst/clk_out300Mhz        | DPU_sys_i/dpu_eu_0/inst/g_e584eb07.u_822a997b/u_8329ce29/u_3aa346a2/u_dcd815c9/u_6c52c68e/g_df44b103[2].g_59494928[7].s_8c943739                                                    |                                                                                                                                                                               |                1 |              8 |         8.00 |
|  DPU_sys_i/clk_wiz_0/inst/clk_out300Mhz        | DPU_sys_i/dpu_eu_0/inst/g_e584eb07.u_822a997b/u_8329ce29/u_3aa346a2/u_dcd815c9/u_6c52c68e/g_df44b103[10].g_59494928[9].s_8c943739                                                   |                                                                                                                                                                               |                1 |              8 |         8.00 |
|  DPU_sys_i/clk_wiz_0/inst/clk_out300Mhz        | DPU_sys_i/dpu_eu_0/inst/g_e584eb07.u_822a997b/u_8329ce29/u_3aa346a2/u_dcd815c9/u_6c52c68e/g_df44b103[1].g_59494928[10].s_8c943739                                                   |                                                                                                                                                                               |                1 |              8 |         8.00 |
|  DPU_sys_i/clk_wiz_0/inst/clk_out300Mhz        | DPU_sys_i/dpu_eu_0/inst/g_e584eb07.u_822a997b/u_8329ce29/u_3aa346a2/u_dcd815c9/u_6c52c68e/g_df44b103[10].g_59494928[7].s_8c943739                                                   |                                                                                                                                                                               |                2 |              8 |         4.00 |
|  DPU_sys_i/clk_wiz_0/inst/clk_out300Mhz        | DPU_sys_i/dpu_eu_0/inst/g_e584eb07.u_822a997b/u_8329ce29/u_3aa346a2/u_dcd815c9/u_6c52c68e/g_df44b103[1].g_59494928[11].s_8c943739                                                   |                                                                                                                                                                               |                3 |              8 |         2.67 |
|  DPU_sys_i/clk_wiz_0/inst/clk_out300Mhz        | DPU_sys_i/dpu_eu_0/inst/g_e584eb07.u_822a997b/u_8329ce29/u_3aa346a2/u_dcd815c9/u_6c52c68e/g_df44b103[5].g_59494928[1].s_8c943739                                                    |                                                                                                                                                                               |                3 |              8 |         2.67 |
|  DPU_sys_i/clk_wiz_0/inst/clk_out300Mhz        | DPU_sys_i/dpu_eu_0/inst/g_e584eb07.u_822a997b/u_8329ce29/u_3aa346a2/u_dcd815c9/u_6c52c68e/g_df44b103[5].g_59494928[2].s_8c943739                                                    |                                                                                                                                                                               |                1 |              8 |         8.00 |
|  DPU_sys_i/clk_wiz_0/inst/clk_out300Mhz        | DPU_sys_i/dpu_eu_0/inst/g_e584eb07.u_822a997b/u_8329ce29/u_3aa346a2/u_dcd815c9/u_6c52c68e/g_df44b103[5].g_59494928[4].s_8c943739                                                    |                                                                                                                                                                               |                3 |              8 |         2.67 |
|  DPU_sys_i/clk_wiz_0/inst/clk_out300Mhz        | DPU_sys_i/dpu_eu_0/inst/g_e584eb07.u_822a997b/u_8329ce29/u_3aa346a2/u_dcd815c9/u_6c52c68e/g_df44b103[5].g_59494928[5].s_8c943739                                                    |                                                                                                                                                                               |                1 |              8 |         8.00 |
|  DPU_sys_i/clk_wiz_0/inst/clk_out300Mhz        | DPU_sys_i/dpu_eu_0/inst/g_e584eb07.u_822a997b/u_8329ce29/u_3aa346a2/u_dcd815c9/u_6c52c68e/g_df44b103[6].g_59494928[1].s_8c943739                                                    |                                                                                                                                                                               |                3 |              8 |         2.67 |
|  DPU_sys_i/clk_wiz_0/inst/clk_out300Mhz        | DPU_sys_i/dpu_eu_0/inst/g_e584eb07.u_822a997b/u_8329ce29/u_3aa346a2/u_dcd815c9/u_6c52c68e/g_df44b103[6].g_59494928[10].s_8c943739                                                   |                                                                                                                                                                               |                2 |              8 |         4.00 |
|  DPU_sys_i/clk_wiz_0/inst/clk_out300Mhz        | DPU_sys_i/dpu_eu_0/inst/g_e584eb07.u_822a997b/u_8329ce29/u_3aa346a2/u_dcd815c9/u_6c52c68e/g_df44b103[6].g_59494928[2].s_8c943739                                                    |                                                                                                                                                                               |                3 |              8 |         2.67 |
|  DPU_sys_i/clk_wiz_0/inst/clk_out300Mhz        | DPU_sys_i/dpu_eu_0/inst/g_e584eb07.u_822a997b/u_8329ce29/u_3aa346a2/u_dcd815c9/u_6c52c68e/g_df44b103[6].g_59494928[4].s_8c943739                                                    |                                                                                                                                                                               |                2 |              8 |         4.00 |
|  DPU_sys_i/clk_wiz_0/inst/clk_out300Mhz        | DPU_sys_i/dpu_eu_0/inst/g_e584eb07.u_822a997b/u_8329ce29/u_3aa346a2/u_dcd815c9/u_6c52c68e/g_df44b103[6].g_59494928[9].s_8c943739                                                    |                                                                                                                                                                               |                1 |              8 |         8.00 |
|  DPU_sys_i/clk_wiz_0/inst/clk_out300Mhz        | DPU_sys_i/dpu_eu_0/inst/g_e584eb07.u_822a997b/u_8329ce29/u_3aa346a2/u_dcd815c9/u_6c52c68e/g_df44b103[5].g_59494928[7].s_8c943739                                                    |                                                                                                                                                                               |                2 |              8 |         4.00 |
|  DPU_sys_i/clk_wiz_0/inst/clk_out300Mhz        | DPU_sys_i/dpu_eu_0/inst/g_e584eb07.u_822a997b/u_8329ce29/u_3aa346a2/u_dcd815c9/u_6c52c68e/g_df44b103[7].g_59494928[3].s_8c943739                                                    |                                                                                                                                                                               |                1 |              8 |         8.00 |
|  DPU_sys_i/clk_wiz_0/inst/clk_out300Mhz        | DPU_sys_i/dpu_eu_0/inst/g_e584eb07.u_822a997b/u_8329ce29/u_3aa346a2/u_dcd815c9/u_6c52c68e/g_df44b103[4].g_59494928[11].s_8c943739                                                   |                                                                                                                                                                               |                1 |              8 |         8.00 |
|  DPU_sys_i/clk_wiz_0/inst/clk_out300Mhz        | DPU_sys_i/dpu_eu_0/inst/g_e584eb07.u_822a997b/u_8329ce29/u_3aa346a2/u_dcd815c9/u_6c52c68e/g_df44b103[7].g_59494928[4].s_8c943739                                                    |                                                                                                                                                                               |                3 |              8 |         2.67 |
|  DPU_sys_i/clk_wiz_0/inst/clk_out300Mhz        | DPU_sys_i/dpu_eu_0/inst/g_e584eb07.u_822a997b/u_8329ce29/u_3aa346a2/u_dcd815c9/u_6c52c68e/g_df44b103[6].g_59494928[11].s_8c943739                                                   |                                                                                                                                                                               |                4 |              8 |         2.00 |
|  DPU_sys_i/clk_wiz_0/inst/clk_out300Mhz        | DPU_sys_i/dpu_eu_0/inst/g_e584eb07.u_822a997b/u_8329ce29/u_3aa346a2/u_dcd815c9/u_6c52c68e/g_df44b103[5].g_59494928[8].s_8c943739                                                    |                                                                                                                                                                               |                1 |              8 |         8.00 |
|  DPU_sys_i/clk_wiz_0/inst/clk_out300Mhz        | DPU_sys_i/dpu_eu_0/inst/g_e584eb07.u_822a997b/u_8329ce29/u_3aa346a2/u_dcd815c9/u_6c52c68e/g_df44b103[4].g_59494928[9].s_8c943739                                                    |                                                                                                                                                                               |                2 |              8 |         4.00 |
|  DPU_sys_i/clk_wiz_0/inst/clk_out300Mhz        | DPU_sys_i/dpu_eu_0/inst/g_e584eb07.u_822a997b/u_8329ce29/u_3aa346a2/u_dcd815c9/u_6c52c68e/g_df44b103[5].g_59494928[10].s_8c943739                                                   |                                                                                                                                                                               |                1 |              8 |         8.00 |
|  DPU_sys_i/clk_wiz_0/inst/clk_out300Mhz        | DPU_sys_i/dpu_eu_0/inst/g_e584eb07.u_822a997b/u_8329ce29/u_3aa346a2/u_dcd815c9/u_6c52c68e/g_df44b103[5].g_59494928[3].s_8c943739                                                    |                                                                                                                                                                               |                2 |              8 |         4.00 |
|  DPU_sys_i/clk_wiz_0/inst/clk_out300Mhz        | DPU_sys_i/dpu_eu_0/inst/g_e584eb07.u_822a997b/u_8329ce29/u_3aa346a2/u_dcd815c9/u_6c52c68e/g_df44b103[6].g_59494928[5].s_8c943739                                                    |                                                                                                                                                                               |                1 |              8 |         8.00 |
|  DPU_sys_i/clk_wiz_0/inst/clk_out300Mhz        | DPU_sys_i/dpu_eu_0/inst/g_e584eb07.u_822a997b/u_8329ce29/u_3aa346a2/u_dcd815c9/u_6c52c68e/g_df44b103[4].g_59494928[1].s_8c943739                                                    |                                                                                                                                                                               |                2 |              8 |         4.00 |
|  DPU_sys_i/clk_wiz_0/inst/clk_out300Mhz        | DPU_sys_i/dpu_eu_0/inst/g_e584eb07.u_822a997b/u_8329ce29/u_3aa346a2/u_dcd815c9/u_6c52c68e/g_df44b103[7].g_59494928[2].s_8c943739                                                    |                                                                                                                                                                               |                2 |              8 |         4.00 |
|  DPU_sys_i/clk_wiz_0/inst/clk_out300Mhz        | DPU_sys_i/dpu_eu_0/inst/g_e584eb07.u_822a997b/u_8329ce29/u_3aa346a2/u_dcd815c9/u_6c52c68e/g_df44b103[7].g_59494928[9].s_8c943739                                                    |                                                                                                                                                                               |                1 |              8 |         8.00 |
|  DPU_sys_i/clk_wiz_0/inst/clk_out300Mhz        | DPU_sys_i/dpu_eu_0/inst/g_e584eb07.u_822a997b/u_8329ce29/u_3aa346a2/u_dcd815c9/u_6c52c68e/g_df44b103[7].g_59494928[11].s_8c943739                                                   |                                                                                                                                                                               |                3 |              8 |         2.67 |
|  DPU_sys_i/clk_wiz_0/inst/clk_out300Mhz        | DPU_sys_i/dpu_eu_0/inst/g_e584eb07.u_822a997b/u_8329ce29/u_3aa346a2/u_dcd815c9/u_6c52c68e/g_df44b103[4].g_59494928[7].s_8c943739                                                    |                                                                                                                                                                               |                1 |              8 |         8.00 |
|  DPU_sys_i/clk_wiz_0/inst/clk_out300Mhz        | DPU_sys_i/dpu_eu_0/inst/g_e584eb07.u_822a997b/u_8329ce29/u_3aa346a2/u_dcd815c9/u_6c52c68e/g_df44b103[7].g_59494928[1].s_8c943739                                                    |                                                                                                                                                                               |                1 |              8 |         8.00 |
|  DPU_sys_i/clk_wiz_0/inst/clk_out300Mhz        | DPU_sys_i/dpu_eu_0/inst/g_e584eb07.u_822a997b/u_8329ce29/u_3aa346a2/u_dcd815c9/u_6c52c68e/g_df44b103[7].g_59494928[7].s_8c943739                                                    |                                                                                                                                                                               |                3 |              8 |         2.67 |
|  DPU_sys_i/clk_wiz_0/inst/clk_out300Mhz        | DPU_sys_i/dpu_eu_0/inst/g_e584eb07.u_822a997b/u_8329ce29/u_3aa346a2/u_dcd815c9/u_6c52c68e/g_df44b103[4].g_59494928[6].s_8c943739                                                    |                                                                                                                                                                               |                2 |              8 |         4.00 |
|  DPU_sys_i/clk_wiz_0/inst/clk_out300Mhz        | DPU_sys_i/dpu_eu_0/inst/g_e584eb07.u_822a997b/u_8329ce29/u_3aa346a2/u_dcd815c9/u_6c52c68e/g_df44b103[6].g_59494928[6].s_8c943739                                                    |                                                                                                                                                                               |                1 |              8 |         8.00 |
|  DPU_sys_i/clk_wiz_0/inst/clk_out300Mhz        | DPU_sys_i/dpu_eu_0/inst/g_e584eb07.u_822a997b/u_8329ce29/u_3aa346a2/u_dcd815c9/u_6c52c68e/g_df44b103[4].g_59494928[2].s_8c943739                                                    |                                                                                                                                                                               |                2 |              8 |         4.00 |
|  DPU_sys_i/clk_wiz_0/inst/clk_out300Mhz        | DPU_sys_i/dpu_eu_0/inst/g_e584eb07.u_822a997b/u_8329ce29/u_3aa346a2/u_dcd815c9/u_6c52c68e/g_df44b103[4].g_59494928[8].s_8c943739                                                    |                                                                                                                                                                               |                1 |              8 |         8.00 |
|  DPU_sys_i/clk_wiz_0/inst/clk_out300Mhz        | DPU_sys_i/dpu_eu_0/inst/g_e584eb07.u_822a997b/u_8329ce29/u_3aa346a2/u_dcd815c9/u_6c52c68e/g_df44b103[5].g_59494928[6].s_8c943739                                                    |                                                                                                                                                                               |                3 |              8 |         2.67 |
|  DPU_sys_i/clk_wiz_0/inst/clk_out300Mhz        | DPU_sys_i/dpu_eu_0/inst/g_e584eb07.u_822a997b/u_8329ce29/u_3aa346a2/u_dcd815c9/u_6c52c68e/g_df44b103[6].g_59494928[0].s_8c943739                                                    |                                                                                                                                                                               |                2 |              8 |         4.00 |
|  DPU_sys_i/clk_wiz_0/inst/clk_out300Mhz        | DPU_sys_i/dpu_eu_0/inst/g_e584eb07.u_822a997b/u_8329ce29/u_3aa346a2/u_dcd815c9/u_6c52c68e/g_df44b103[6].g_59494928[7].s_8c943739                                                    |                                                                                                                                                                               |                3 |              8 |         2.67 |
|  DPU_sys_i/clk_wiz_0/inst/clk_out300Mhz        | DPU_sys_i/dpu_eu_0/inst/g_e584eb07.u_822a997b/u_8329ce29/u_3aa346a2/u_dcd815c9/u_6c52c68e/g_df44b103[7].g_59494928[0].s_8c943739                                                    |                                                                                                                                                                               |                1 |              8 |         8.00 |
|  DPU_sys_i/clk_wiz_0/inst/clk_out300Mhz        | DPU_sys_i/dpu_eu_0/inst/g_e584eb07.u_822a997b/u_8329ce29/u_3aa346a2/u_dcd815c9/u_6c52c68e/g_df44b103[4].g_59494928[4].s_8c943739                                                    |                                                                                                                                                                               |                3 |              8 |         2.67 |
|  DPU_sys_i/clk_wiz_0/inst/clk_out300Mhz        | DPU_sys_i/dpu_eu_0/inst/g_e584eb07.u_822a997b/u_8329ce29/u_3aa346a2/u_dcd815c9/u_6c52c68e/g_df44b103[6].g_59494928[3].s_8c943739                                                    |                                                                                                                                                                               |                2 |              8 |         4.00 |
|  DPU_sys_i/clk_wiz_0/inst/clk_out300Mhz        | DPU_sys_i/dpu_eu_0/inst/g_e584eb07.u_822a997b/u_8329ce29/u_3aa346a2/u_dcd815c9/u_6c52c68e/g_df44b103[5].g_59494928[11].s_8c943739                                                   |                                                                                                                                                                               |                1 |              8 |         8.00 |
|  DPU_sys_i/clk_wiz_0/inst/clk_out300Mhz        | DPU_sys_i/dpu_eu_0/inst/g_e584eb07.u_822a997b/u_8329ce29/u_3aa346a2/u_dcd815c9/u_6c52c68e/g_df44b103[7].g_59494928[10].s_8c943739                                                   |                                                                                                                                                                               |                1 |              8 |         8.00 |
|  DPU_sys_i/clk_wiz_0/inst/clk_out300Mhz        | DPU_sys_i/dpu_eu_0/inst/g_e584eb07.u_822a997b/u_8329ce29/u_3aa346a2/u_dcd815c9/u_6c52c68e/g_df44b103[7].g_59494928[5].s_8c943739                                                    |                                                                                                                                                                               |                2 |              8 |         4.00 |
|  DPU_sys_i/clk_wiz_0/inst/clk_out300Mhz        | DPU_sys_i/dpu_eu_0/inst/g_e584eb07.u_822a997b/u_8329ce29/u_3aa346a2/u_dcd815c9/u_6c52c68e/g_df44b103[7].g_59494928[6].s_8c943739                                                    |                                                                                                                                                                               |                1 |              8 |         8.00 |
|  DPU_sys_i/clk_wiz_0/inst/clk_out300Mhz        | DPU_sys_i/dpu_eu_0/inst/g_e584eb07.u_822a997b/u_8329ce29/u_3aa346a2/u_dcd815c9/u_6c52c68e/g_df44b103[6].g_59494928[8].s_8c943739                                                    |                                                                                                                                                                               |                1 |              8 |         8.00 |
|  DPU_sys_i/clk_wiz_0/inst/clk_out300Mhz        | DPU_sys_i/dpu_eu_0/inst/g_e584eb07.u_822a997b/u_8329ce29/u_3aa346a2/u_dcd815c9/u_6c52c68e/g_df44b103[8].g_59494928[0].s_8c943739                                                    |                                                                                                                                                                               |                2 |              8 |         4.00 |
|  DPU_sys_i/clk_wiz_0/inst/clk_out300Mhz        | DPU_sys_i/dpu_eu_0/inst/g_e584eb07.u_822a997b/u_8329ce29/u_3aa346a2/u_dcd815c9/u_6c52c68e/g_df44b103[8].g_59494928[10].s_8c943739                                                   |                                                                                                                                                                               |                1 |              8 |         8.00 |
|  DPU_sys_i/clk_wiz_0/inst/clk_out300Mhz        | DPU_sys_i/dpu_eu_0/inst/g_e584eb07.u_822a997b/u_8329ce29/u_3aa346a2/u_dcd815c9/u_6c52c68e/g_df44b103[7].g_59494928[8].s_8c943739                                                    |                                                                                                                                                                               |                2 |              8 |         4.00 |
|  DPU_sys_i/clk_wiz_0/inst/clk_out300Mhz        | DPU_sys_i/dpu_eu_0/inst/g_e584eb07.u_822a997b/u_8329ce29/u_3aa346a2/u_dcd815c9/u_6c52c68e/g_df44b103[8].g_59494928[11].s_8c943739                                                   |                                                                                                                                                                               |                3 |              8 |         2.67 |
|  DPU_sys_i/clk_wiz_0/inst/clk_out300Mhz        | DPU_sys_i/dpu_eu_0/inst/g_e584eb07.u_822a997b/u_8329ce29/u_3aa346a2/u_dcd815c9/u_6c52c68e/g_df44b103[8].g_59494928[1].s_8c943739                                                    |                                                                                                                                                                               |                2 |              8 |         4.00 |
|  DPU_sys_i/clk_wiz_0/inst/clk_out300Mhz        | DPU_sys_i/dpu_eu_0/inst/g_e584eb07.u_822a997b/u_8329ce29/u_3aa346a2/u_dcd815c9/u_6c52c68e/g_df44b103[5].g_59494928[9].s_8c943739                                                    |                                                                                                                                                                               |                1 |              8 |         8.00 |
|  DPU_sys_i/clk_wiz_0/inst/clk_out300Mhz        | DPU_sys_i/dpu_eu_0/inst/g_e584eb07.u_822a997b/u_8329ce29/u_3aa346a2/u_dcd815c9/u_6c52c68e/g_df44b103[4].g_59494928[10].s_8c943739                                                   |                                                                                                                                                                               |                1 |              8 |         8.00 |
|  DPU_sys_i/clk_wiz_0/inst/clk_out300Mhz        | DPU_sys_i/dpu_eu_0/inst/g_e584eb07.u_822a997b/u_8329ce29/u_3aa346a2/u_dcd815c9/u_6c52c68e/g_df44b103[4].g_59494928[0].s_8c943739                                                    |                                                                                                                                                                               |                2 |              8 |         4.00 |
|  DPU_sys_i/clk_wiz_0/inst/clk_out300Mhz        | DPU_sys_i/dpu_eu_0/inst/g_e584eb07.u_822a997b/u_8329ce29/u_3aa346a2/u_dcd815c9/u_6c52c68e/g_df44b103[4].g_59494928[3].s_8c943739                                                    |                                                                                                                                                                               |                1 |              8 |         8.00 |
|  DPU_sys_i/clk_wiz_0/inst/clk_out300Mhz        | DPU_sys_i/dpu_eu_0/inst/g_e584eb07.u_822a997b/u_8329ce29/u_3aa346a2/u_dcd815c9/u_6c52c68e/g_df44b103[4].g_59494928[5].s_8c943739                                                    |                                                                                                                                                                               |                1 |              8 |         8.00 |
|  DPU_sys_i/clk_wiz_0/inst/clk_out300Mhz        | DPU_sys_i/dpu_eu_0/inst/g_e584eb07.u_822a997b/u_8329ce29/u_3aa346a2/u_dcd815c9/u_6c52c68e/g_df44b103[5].g_59494928[0].s_8c943739                                                    |                                                                                                                                                                               |                3 |              8 |         2.67 |
|  DPU_sys_i/clk_wiz_0/inst/clk_out300Mhz        | DPU_sys_i/dpu_eu_0/inst/g_e584eb07.u_822a997b/u_8329ce29/u_3aa346a2/u_dcd815c9/u_6c52c68e/g_df44b103[9].g_59494928[1].s_8c943739                                                    |                                                                                                                                                                               |                2 |              8 |         4.00 |
|  DPU_sys_i/clk_wiz_0/inst/clk_out300Mhz        | DPU_sys_i/dpu_eu_0/inst/g_e584eb07.u_822a997b/u_8329ce29/u_3aa346a2/u_dcd815c9/u_6c52c68e/g_df44b103[9].g_59494928[10].s_8c943739                                                   |                                                                                                                                                                               |                1 |              8 |         8.00 |
|  DPU_sys_i/clk_wiz_0/inst/clk_out300Mhz        | DPU_sys_i/dpu_eu_0/inst/g_e584eb07.u_822a997b/u_8329ce29/u_3aa346a2/u_dcd815c9/u_6c52c68e/g_df44b103[9].g_59494928[9].s_8c943739                                                    |                                                                                                                                                                               |                1 |              8 |         8.00 |
|  DPU_sys_i/clk_wiz_0/inst/clk_out300Mhz        | DPU_sys_i/dpu_eu_0/inst/g_e584eb07.u_822a997b/u_8329ce29/u_3aa346a2/u_dcd815c9/u_6c52c68e/g_df44b103[9].g_59494928[4].s_8c943739                                                    |                                                                                                                                                                               |                2 |              8 |         4.00 |
|  DPU_sys_i/clk_wiz_0/inst/clk_out150Mhz        |                                                                                                                                                                                     | DPU_sys_i/dpu_eu_0/inst/g_e584eb07.u_822a997b/u_8329ce29/u_5e95f3e2/u_d8bbec23/u_b58dc603/u_bb7de281/g_7f5c6ce4[11].s_26ab5974[95]_i_1_n_0                                    |                1 |              8 |         8.00 |
|  DPU_sys_i/clk_wiz_0/inst/clk_out300Mhz        | DPU_sys_i/dpu_eu_0/inst/g_e584eb07.u_822a997b/u_8329ce29/u_3aa346a2/u_dcd815c9/u_6c52c68e/g_df44b103[8].g_59494928[9].s_8c943739                                                    |                                                                                                                                                                               |                1 |              8 |         8.00 |
|  DPU_sys_i/clk_wiz_0/inst/clk_out300Mhz        | DPU_sys_i/dpu_eu_0/inst/g_e584eb07.u_822a997b/u_8329ce29/u_3aa346a2/u_dcd815c9/u_6c52c68e/g_df44b103[9].g_59494928[8].s_8c943739                                                    |                                                                                                                                                                               |                2 |              8 |         4.00 |
|  DPU_sys_i/clk_wiz_0/inst/clk_out300Mhz        | DPU_sys_i/dpu_eu_0/inst/g_e584eb07.u_822a997b/u_8329ce29/u_3aa346a2/u_dcd815c9/u_6c52c68e/g_df44b103[9].g_59494928[6].s_8c943739                                                    |                                                                                                                                                                               |                2 |              8 |         4.00 |
|  DPU_sys_i/clk_wiz_0/inst/clk_out150Mhz        |                                                                                                                                                                                     | DPU_sys_i/dpu_eu_0/inst/g_e584eb07.u_822a997b/u_8329ce29/u_5e95f3e2/u_d8bbec23/u_b58dc603/u_bb7de281/g_7f5c6ce4[11].s_9b0bd863[95]_i_1_n_0                                    |                2 |              8 |         4.00 |
|  DPU_sys_i/clk_wiz_0/inst/clk_out150Mhz        |                                                                                                                                                                                     | DPU_sys_i/dpu_eu_0/inst/g_e584eb07.u_822a997b/u_8329ce29/u_5e95f3e2/u_d8bbec23/u_b58dc603/u_bb7de281/g_7f5c6ce4[0].s_9b0bd863[7]_i_1_n_0                                      |                2 |              8 |         4.00 |
|  DPU_sys_i/clk_wiz_0/inst/clk_out300Mhz        | DPU_sys_i/dpu_eu_0/inst/g_e584eb07.u_822a997b/u_8329ce29/u_3aa346a2/u_dcd815c9/u_6c52c68e/g_df44b103[9].g_59494928[5].s_8c943739                                                    |                                                                                                                                                                               |                1 |              8 |         8.00 |
|  DPU_sys_i/clk_wiz_0/inst/clk_out300Mhz        | DPU_sys_i/dpu_eu_0/inst/g_e584eb07.u_822a997b/u_8329ce29/u_3aa346a2/u_dcd815c9/u_6c52c68e/g_df44b103[8].g_59494928[7].s_8c943739                                                    |                                                                                                                                                                               |                1 |              8 |         8.00 |
|  DPU_sys_i/clk_wiz_0/inst/clk_out300Mhz        | DPU_sys_i/dpu_eu_0/inst/g_e584eb07.u_822a997b/u_8329ce29/u_3aa346a2/u_dcd815c9/u_6c52c68e/g_df44b103[9].g_59494928[0].s_8c943739                                                    |                                                                                                                                                                               |                2 |              8 |         4.00 |
|  DPU_sys_i/clk_wiz_0/inst/clk_out300Mhz        | DPU_sys_i/dpu_eu_0/inst/g_e584eb07.u_822a997b/u_8329ce29/u_3aa346a2/u_dcd815c9/u_6c52c68e/g_df44b103[8].g_59494928[5].s_8c943739                                                    |                                                                                                                                                                               |                1 |              8 |         8.00 |
|  DPU_sys_i/clk_wiz_0/inst/clk_out300Mhz        | DPU_sys_i/dpu_eu_0/inst/g_e584eb07.u_822a997b/u_8329ce29/u_3aa346a2/u_dcd815c9/u_6c52c68e/g_df44b103[9].g_59494928[2].s_8c943739                                                    |                                                                                                                                                                               |                1 |              8 |         8.00 |
|  DPU_sys_i/clk_wiz_0/inst/clk_out300Mhz        | DPU_sys_i/dpu_eu_0/inst/g_e584eb07.u_822a997b/u_8329ce29/u_3aa346a2/u_dcd815c9/u_6c52c68e/g_df44b103[9].g_59494928[11].s_8c943739                                                   |                                                                                                                                                                               |                2 |              8 |         4.00 |
|  DPU_sys_i/clk_wiz_0/inst/clk_out300Mhz        | DPU_sys_i/dpu_eu_0/inst/g_e584eb07.u_822a997b/u_8329ce29/u_3aa346a2/u_dcd815c9/u_6c52c68e/g_df44b103[8].g_59494928[3].s_8c943739                                                    |                                                                                                                                                                               |                1 |              8 |         8.00 |
|  DPU_sys_i/clk_wiz_0/inst/clk_out300Mhz        | DPU_sys_i/dpu_eu_0/inst/g_e584eb07.u_822a997b/u_8329ce29/u_3aa346a2/u_dcd815c9/u_6c52c68e/g_df44b103[9].g_59494928[7].s_8c943739                                                    |                                                                                                                                                                               |                1 |              8 |         8.00 |
|  DPU_sys_i/clk_wiz_0/inst/clk_out300Mhz        | DPU_sys_i/dpu_eu_0/inst/g_e584eb07.u_822a997b/u_8329ce29/u_3aa346a2/u_dcd815c9/u_6c52c68e/g_df44b103[8].g_59494928[8].s_8c943739                                                    |                                                                                                                                                                               |                1 |              8 |         8.00 |
|  DPU_sys_i/clk_wiz_0/inst/clk_out300Mhz        | DPU_sys_i/dpu_eu_0/inst/g_e584eb07.u_822a997b/u_8329ce29/u_3aa346a2/u_dcd815c9/u_6c52c68e/g_df44b103[9].g_59494928[3].s_8c943739                                                    |                                                                                                                                                                               |                2 |              8 |         4.00 |
|  DPU_sys_i/clk_wiz_0/inst/clk_out300Mhz        | DPU_sys_i/dpu_eu_0/inst/g_e584eb07.u_822a997b/u_8329ce29/u_3aa346a2/u_dcd815c9/u_6c52c68e/g_df44b103[8].g_59494928[2].s_8c943739                                                    |                                                                                                                                                                               |                3 |              8 |         2.67 |
|  DPU_sys_i/clk_wiz_0/inst/clk_out300Mhz        | DPU_sys_i/dpu_eu_0/inst/g_e584eb07.u_822a997b/u_8329ce29/u_3aa346a2/u_dcd815c9/u_6c52c68e/g_df44b103[8].g_59494928[4].s_8c943739                                                    |                                                                                                                                                                               |                2 |              8 |         4.00 |
|  DPU_sys_i/clk_wiz_0/inst/clk_out150Mhz        |                                                                                                                                                                                     | DPU_sys_i/dpu_eu_0/inst/g_e584eb07.u_822a997b/u_8329ce29/u_5e95f3e2/u_1134bd62/u_8b08e93b/u_6c14e8a4/g_cedbdfb3.s_8010d7f1_reg[79]_3                                          |                2 |              8 |         4.00 |
|  DPU_sys_i/clk_wiz_0/inst/clk_out300Mhz        | DPU_sys_i/dpu_eu_0/inst/g_e584eb07.u_822a997b/u_8329ce29/u_3aa346a2/u_dcd815c9/u_6c52c68e/g_7b54f91e[6].g_07af5fd4[0].g_9aa100cb[4].u_a326a45b/g_6779d86c[0].s_9983bf1b             |                                                                                                                                                                               |                3 |              8 |         2.67 |
|  DPU_sys_i/clk_wiz_0/inst/clk_out300Mhz        | DPU_sys_i/dpu_eu_0/inst/g_e584eb07.u_822a997b/u_8329ce29/u_3aa346a2/u_dcd815c9/u_6c52c68e/g_7b54f91e[8].g_07af5fd4[0].g_9aa100cb[0].u_a326a45b/g_6779d86c[0].s_9983bf1b             |                                                                                                                                                                               |                2 |              8 |         4.00 |
|  DPU_sys_i/clk_wiz_0/inst/clk_out150Mhz        |                                                                                                                                                                                     | DPU_sys_i/dpu_eu_0/inst/g_e584eb07.u_822a997b/u_8329ce29/u_5e95f3e2/u_1134bd62/u_8b08e93b/u_6c14e8a4/g_cedbdfb3.s_8010d7f1_reg[7]_2                                           |                2 |              8 |         4.00 |
|  DPU_sys_i/clk_wiz_0/inst/clk_out150Mhz        |                                                                                                                                                                                     | DPU_sys_i/dpu_eu_0/inst/g_e584eb07.u_822a997b/u_8329ce29/u_5e95f3e2/u_1134bd62/u_8b08e93b/u_6c14e8a4/g_cedbdfb3.s_8010d7f1_reg[31]_3                                          |                2 |              8 |         4.00 |
|  DPU_sys_i/clk_wiz_0/inst/clk_out300Mhz        | DPU_sys_i/dpu_eu_0/inst/g_e584eb07.u_822a997b/u_8329ce29/u_3aa346a2/u_dcd815c9/u_6c52c68e/g_7b54f91e[6].g_07af5fd4[0].g_9aa100cb[2].u_a326a45b/g_6779d86c[0].s_9983bf1b             |                                                                                                                                                                               |                1 |              8 |         8.00 |
|  DPU_sys_i/clk_wiz_0/inst/clk_out150Mhz        |                                                                                                                                                                                     | DPU_sys_i/dpu_eu_0/inst/g_e584eb07.u_822a997b/u_8329ce29/u_5e95f3e2/u_1134bd62/u_8b08e93b/u_6c14e8a4/g_cedbdfb3.s_8010d7f1_reg[15]_3                                          |                3 |              8 |         2.67 |
|  DPU_sys_i/clk_wiz_0/inst/clk_out300Mhz        | DPU_sys_i/dpu_eu_0/inst/g_e584eb07.u_822a997b/u_8329ce29/u_3aa346a2/u_dcd815c9/u_6c52c68e/g_7b54f91e[6].g_07af5fd4[0].g_9aa100cb[0].u_a326a45b/g_6779d86c[0].s_9983bf1b             |                                                                                                                                                                               |                1 |              8 |         8.00 |
|  DPU_sys_i/clk_wiz_0/inst/clk_out300Mhz        | DPU_sys_i/dpu_eu_0/inst/g_e584eb07.u_822a997b/u_8329ce29/u_3aa346a2/u_dcd815c9/u_6c52c68e/g_7b54f91e[8].g_07af5fd4[0].g_9aa100cb[1].u_a326a45b/g_6779d86c[0].s_9983bf1b             |                                                                                                                                                                               |                2 |              8 |         4.00 |
|  DPU_sys_i/clk_wiz_0/inst/clk_out150Mhz        |                                                                                                                                                                                     | DPU_sys_i/dpu_eu_0/inst/g_e584eb07.u_822a997b/u_8329ce29/u_5e95f3e2/u_1134bd62/u_8b08e93b/u_6c14e8a4/g_cedbdfb3.s_8010d7f1_reg[23]_3                                          |                3 |              8 |         2.67 |
|  DPU_sys_i/clk_wiz_0/inst/clk_out150Mhz        |                                                                                                                                                                                     | DPU_sys_i/dpu_eu_0/inst/g_e584eb07.u_822a997b/u_8329ce29/u_5e95f3e2/u_1134bd62/u_8b08e93b/g_0a74d9c6[6].s_67e5c76a[7]_i_1_n_0                                                 |                2 |              8 |         4.00 |
|  DPU_sys_i/clk_wiz_0/inst/clk_out150Mhz        |                                                                                                                                                                                     | DPU_sys_i/dpu_eu_0/inst/g_e584eb07.u_822a997b/u_8329ce29/u_5e95f3e2/u_d8bbec23/u_b58dc603/u_bb7de281/g_7f5c6ce4[10].s_9b0bd863[87]_i_1_n_0                                    |                2 |              8 |         4.00 |
|  DPU_sys_i/clk_wiz_0/inst/clk_out150Mhz        |                                                                                                                                                                                     | DPU_sys_i/dpu_eu_0/inst/g_e584eb07.u_822a997b/u_8329ce29/u_5e95f3e2/u_d8bbec23/u_b58dc603/u_bb7de281/g_7f5c6ce4[1].s_9b0bd863[15]_i_1_n_0                                     |                2 |              8 |         4.00 |
|  DPU_sys_i/clk_wiz_0/inst/clk_out300Mhz        | DPU_sys_i/dpu_eu_0/inst/g_e584eb07.u_822a997b/u_8329ce29/u_3aa346a2/u_dcd815c9/u_6c52c68e/g_7b54f91e[6].g_07af5fd4[0].g_9aa100cb[5].u_a326a45b/g_6779d86c[0].s_9983bf1b             |                                                                                                                                                                               |                2 |              8 |         4.00 |
|  DPU_sys_i/clk_wiz_0/inst/clk_out150Mhz        |                                                                                                                                                                                     | DPU_sys_i/dpu_eu_0/inst/g_e584eb07.u_822a997b/u_8329ce29/u_5e95f3e2/u_1134bd62/u_8b08e93b/u_6c14e8a4/g_cedbdfb3.s_8010d7f1_reg[55]_3                                          |                4 |              8 |         2.00 |
|  DPU_sys_i/clk_wiz_0/inst/clk_out150Mhz        |                                                                                                                                                                                     | DPU_sys_i/dpu_eu_0/inst/g_e584eb07.u_822a997b/u_8329ce29/u_5e95f3e2/u_1134bd62/u_8b08e93b/u_6c14e8a4/g_cedbdfb3.s_8010d7f1_reg[71]_3                                          |                3 |              8 |         2.67 |
|  DPU_sys_i/clk_wiz_0/inst/clk_out150Mhz        |                                                                                                                                                                                     | DPU_sys_i/dpu_eu_0/inst/g_e584eb07.u_822a997b/u_8329ce29/u_5e95f3e2/u_1134bd62/u_8b08e93b/u_6c14e8a4/g_cedbdfb3.s_8010d7f1_reg[63]_3                                          |                2 |              8 |         4.00 |
|  DPU_sys_i/clk_wiz_0/inst/clk_out150Mhz        |                                                                                                                                                                                     | DPU_sys_i/dpu_eu_0/inst/g_e584eb07.u_822a997b/u_8329ce29/u_5e95f3e2/u_1134bd62/u_8b08e93b/u_6c14e8a4/g_cedbdfb3.s_8010d7f1_reg[47]_3                                          |                1 |              8 |         8.00 |
|  DPU_sys_i/clk_wiz_0/inst/clk_out300Mhz        | DPU_sys_i/dpu_eu_0/inst/g_e584eb07.u_822a997b/u_8329ce29/u_3aa346a2/u_dcd815c9/u_6c52c68e/g_7b54f91e[8].g_07af5fd4[0].g_9aa100cb[2].u_a326a45b/g_6779d86c[0].s_9983bf1b             |                                                                                                                                                                               |                1 |              8 |         8.00 |
|  DPU_sys_i/clk_wiz_0/inst/clk_out150Mhz        |                                                                                                                                                                                     | DPU_sys_i/dpu_eu_0/inst/g_e584eb07.u_822a997b/u_8329ce29/u_5e95f3e2/u_1134bd62/u_8b08e93b/u_6c14e8a4/g_cedbdfb3.s_8010d7f1_reg[39]_3                                          |                3 |              8 |         2.67 |
|  DPU_sys_i/clk_wiz_0/inst/clk_out150Mhz        |                                                                                                                                                                                     | DPU_sys_i/dpu_eu_0/inst/g_e584eb07.u_822a997b/u_8329ce29/u_5e95f3e2/u_1134bd62/u_8b08e93b/g_7d855b86.g_0b2abf64[9].u_127680f6/s_22d60b28                                      |                2 |              8 |         4.00 |
|  DPU_sys_i/clk_wiz_0/inst/clk_out300Mhz        | DPU_sys_i/dpu_eu_0/inst/g_e584eb07.u_822a997b/u_8329ce29/u_3aa346a2/u_dcd815c9/u_6c52c68e/g_7b54f91e[7].g_07af5fd4[0].g_9aa100cb[0].u_a326a45b/g_6779d86c[0].s_9983bf1b             |                                                                                                                                                                               |                2 |              8 |         4.00 |
|  DPU_sys_i/clk_wiz_0/inst/clk_out150Mhz        |                                                                                                                                                                                     | DPU_sys_i/dpu_eu_0/inst/g_e584eb07.u_822a997b/u_8329ce29/u_5e95f3e2/u_1134bd62/u_8b08e93b/g_7d855b86.g_0b2abf64[8].u_127680f6/s_22d60b28                                      |                2 |              8 |         4.00 |
|  DPU_sys_i/clk_wiz_0/inst/clk_out150Mhz        |                                                                                                                                                                                     | DPU_sys_i/dpu_eu_0/inst/g_e584eb07.u_822a997b/u_8329ce29/u_5e95f3e2/u_d8bbec23/u_b58dc603/u_bb7de281/g_7f5c6ce4[2].s_9b0bd863[23]_i_1_n_0                                     |                2 |              8 |         4.00 |
|  DPU_sys_i/clk_wiz_0/inst/clk_out150Mhz        |                                                                                                                                                                                     | DPU_sys_i/dpu_eu_0/inst/g_e584eb07.u_822a997b/u_8329ce29/u_5e95f3e2/u_1134bd62/u_8b08e93b/g_7d855b86.g_0b2abf64[7].u_127680f6/s_22d60b28                                      |                2 |              8 |         4.00 |
|  DPU_sys_i/clk_wiz_0/inst/clk_out300Mhz        | DPU_sys_i/dpu_eu_0/inst/g_e584eb07.u_822a997b/u_8329ce29/u_3aa346a2/u_dcd815c9/u_6c52c68e/g_7b54f91e[8].g_07af5fd4[0].g_9aa100cb[3].u_a326a45b/g_6779d86c[0].s_9983bf1b             |                                                                                                                                                                               |                1 |              8 |         8.00 |
|  DPU_sys_i/clk_wiz_0/inst/clk_out150Mhz        |                                                                                                                                                                                     | DPU_sys_i/dpu_eu_0/inst/g_e584eb07.u_822a997b/u_8329ce29/u_5e95f3e2/u_1134bd62/u_8b08e93b/g_7d855b86.g_0b2abf64[6].u_127680f6/s_22d60b28                                      |                2 |              8 |         4.00 |
|  DPU_sys_i/clk_wiz_0/inst/clk_out150Mhz        |                                                                                                                                                                                     | DPU_sys_i/dpu_eu_0/inst/g_e584eb07.u_822a997b/u_8329ce29/u_5e95f3e2/u_1134bd62/u_8b08e93b/g_7d855b86.g_0b2abf64[5].u_127680f6/s_22d60b28                                      |                2 |              8 |         4.00 |
|  DPU_sys_i/clk_wiz_0/inst/clk_out150Mhz        |                                                                                                                                                                                     | DPU_sys_i/dpu_eu_0/inst/g_e584eb07.u_822a997b/u_8329ce29/u_5e95f3e2/u_d8bbec23/u_b58dc603/u_bb7de281/g_7f5c6ce4[3].s_9b0bd863[31]_i_1_n_0                                     |                2 |              8 |         4.00 |
|  DPU_sys_i/clk_wiz_0/inst/clk_out300Mhz        | DPU_sys_i/dpu_eu_0/inst/g_e584eb07.u_822a997b/u_8329ce29/u_3aa346a2/u_dcd815c9/u_6c52c68e/g_7b54f91e[5].g_07af5fd4[0].g_9aa100cb[5].u_a326a45b/g_6779d86c[0].s_9983bf1b             |                                                                                                                                                                               |                2 |              8 |         4.00 |
|  DPU_sys_i/clk_wiz_0/inst/clk_out150Mhz        |                                                                                                                                                                                     | DPU_sys_i/dpu_eu_0/inst/g_e584eb07.u_822a997b/u_8329ce29/u_5e95f3e2/u_1134bd62/u_8b08e93b/g_0a74d9c6[5].s_67e5c76a[7]_i_1_n_0                                                 |                3 |              8 |         2.67 |
|  DPU_sys_i/clk_wiz_0/inst/clk_out150Mhz        |                                                                                                                                                                                     | DPU_sys_i/dpu_eu_0/inst/g_e584eb07.u_822a997b/u_8329ce29/u_5e95f3e2/u_d8bbec23/u_b58dc603/u_bb7de281/g_7f5c6ce4[4].s_9b0bd863[39]_i_1_n_0                                     |                2 |              8 |         4.00 |
|  DPU_sys_i/clk_wiz_0/inst/clk_out150Mhz        |                                                                                                                                                                                     | DPU_sys_i/dpu_eu_0/inst/g_e584eb07.u_822a997b/u_8329ce29/u_5e95f3e2/u_1134bd62/u_8b08e93b/g_7d855b86.g_0b2abf64[4].u_127680f6/s_22d60b28                                      |                2 |              8 |         4.00 |
|  DPU_sys_i/clk_wiz_0/inst/clk_out300Mhz        | DPU_sys_i/dpu_eu_0/inst/g_e584eb07.u_822a997b/u_8329ce29/u_3aa346a2/u_dcd815c9/u_6c52c68e/g_7b54f91e[5].g_07af5fd4[0].g_9aa100cb[4].u_a326a45b/g_6779d86c[0].s_9983bf1b             |                                                                                                                                                                               |                2 |              8 |         4.00 |
|  DPU_sys_i/clk_wiz_0/inst/clk_out150Mhz        |                                                                                                                                                                                     | DPU_sys_i/dpu_eu_0/inst/g_e584eb07.u_822a997b/u_8329ce29/u_5e95f3e2/u_d8bbec23/u_b58dc603/u_bb7de281/g_7f5c6ce4[5].s_9b0bd863[47]_i_1_n_0                                     |                2 |              8 |         4.00 |
|  DPU_sys_i/clk_wiz_0/inst/clk_out150Mhz        |                                                                                                                                                                                     | DPU_sys_i/dpu_eu_0/inst/g_e584eb07.u_822a997b/u_8329ce29/u_5e95f3e2/u_d8bbec23/u_b58dc603/u_bb7de281/g_7f5c6ce4[6].s_9b0bd863[55]_i_1_n_0                                     |                2 |              8 |         4.00 |
|  DPU_sys_i/clk_wiz_0/inst/clk_out150Mhz        |                                                                                                                                                                                     | DPU_sys_i/dpu_eu_0/inst/g_e584eb07.u_822a997b/u_8329ce29/u_5e95f3e2/u_d8bbec23/u_b58dc603/u_bb7de281/g_7f5c6ce4[7].s_9b0bd863[63]_i_1_n_0                                     |                2 |              8 |         4.00 |
|  DPU_sys_i/clk_wiz_0/inst/clk_out300Mhz        | DPU_sys_i/dpu_eu_0/inst/g_e584eb07.u_822a997b/u_8329ce29/u_3aa346a2/u_dcd815c9/u_6c52c68e/g_7b54f91e[8].g_07af5fd4[0].g_9aa100cb[4].u_a326a45b/g_6779d86c[0].s_9983bf1b             |                                                                                                                                                                               |                1 |              8 |         8.00 |
|  DPU_sys_i/clk_wiz_0/inst/clk_out300Mhz        | DPU_sys_i/dpu_eu_0/inst/g_e584eb07.u_822a997b/u_8329ce29/u_3aa346a2/u_dcd815c9/u_6c52c68e/g_7b54f91e[8].g_07af5fd4[0].g_9aa100cb[4].u_a326a45b/g_6779d86c[1].g_1714e1cc.s_d2403251  |                                                                                                                                                                               |                2 |              8 |         4.00 |
|  DPU_sys_i/clk_wiz_0/inst/clk_out150Mhz        |                                                                                                                                                                                     | DPU_sys_i/dpu_eu_0/inst/g_e584eb07.u_822a997b/u_8329ce29/u_5e95f3e2/u_d8bbec23/u_b58dc603/u_bb7de281/g_7f5c6ce4[8].s_9b0bd863[71]_i_1_n_0                                     |                2 |              8 |         4.00 |
|  DPU_sys_i/clk_wiz_0/inst/clk_out300Mhz        | DPU_sys_i/dpu_eu_0/inst/g_e584eb07.u_822a997b/u_8329ce29/u_3aa346a2/u_dcd815c9/u_6c52c68e/g_7b54f91e[5].g_07af5fd4[0].g_9aa100cb[3].u_a326a45b/g_6779d86c[0].s_9983bf1b             |                                                                                                                                                                               |                2 |              8 |         4.00 |
|  DPU_sys_i/clk_wiz_0/inst/clk_out150Mhz        |                                                                                                                                                                                     | DPU_sys_i/dpu_eu_0/inst/g_e584eb07.u_822a997b/u_8329ce29/u_5e95f3e2/u_d8bbec23/u_b58dc603/u_bb7de281/g_7f5c6ce4[9].s_9b0bd863[79]_i_1_n_0                                     |                2 |              8 |         4.00 |
|  DPU_sys_i/clk_wiz_0/inst/clk_out150Mhz        |                                                                                                                                                                                     | DPU_sys_i/dpu_eu_0/inst/g_e584eb07.u_822a997b/u_8329ce29/u_5e95f3e2/u_d8bbec23/u_b58dc603/u_bb7de281/p_18_out                                                                 |                1 |              8 |         8.00 |
|  DPU_sys_i/clk_wiz_0/inst/clk_out150Mhz        |                                                                                                                                                                                     | DPU_sys_i/dpu_eu_0/inst/g_e584eb07.u_822a997b/u_8329ce29/u_5e95f3e2/u_d8bbec23/u_b58dc603/u_bb7de281/p_2_out                                                                  |                3 |              8 |         2.67 |
|  DPU_sys_i/clk_wiz_0/inst/clk_out150Mhz        |                                                                                                                                                                                     | DPU_sys_i/dpu_eu_0/inst/g_e584eb07.u_822a997b/u_8329ce29/u_5e95f3e2/u_d8bbec23/u_b58dc603/u_bb7de281/p_22_out                                                                 |                2 |              8 |         4.00 |
|  DPU_sys_i/clk_wiz_0/inst/clk_out300Mhz        | DPU_sys_i/dpu_eu_0/inst/g_e584eb07.u_822a997b/u_8329ce29/u_3aa346a2/u_dcd815c9/u_6c52c68e/g_7b54f91e[8].g_07af5fd4[0].g_9aa100cb[5].u_a326a45b/g_6779d86c[0].s_9983bf1b             |                                                                                                                                                                               |                1 |              8 |         8.00 |
|  DPU_sys_i/clk_wiz_0/inst/clk_out150Mhz        |                                                                                                                                                                                     | DPU_sys_i/dpu_eu_0/inst/g_e584eb07.u_822a997b/u_8329ce29/u_5e95f3e2/u_d8bbec23/u_b58dc603/u_bb7de281/p_8_out                                                                  |                2 |              8 |         4.00 |
|  DPU_sys_i/clk_wiz_0/inst/clk_out300Mhz        | DPU_sys_i/dpu_eu_0/inst/g_e584eb07.u_822a997b/u_8329ce29/u_3aa346a2/u_dcd815c9/u_6c52c68e/g_7b54f91e[5].g_07af5fd4[0].g_9aa100cb[2].u_a326a45b/g_6779d86c[0].s_9983bf1b             |                                                                                                                                                                               |                1 |              8 |         8.00 |
|  DPU_sys_i/clk_wiz_0/inst/clk_out150Mhz        |                                                                                                                                                                                     | DPU_sys_i/dpu_eu_0/inst/g_e584eb07.u_822a997b/u_8329ce29/u_5e95f3e2/u_d8bbec23/u_b58dc603/u_bb7de281/p_4_out                                                                  |                1 |              8 |         8.00 |
|  DPU_sys_i/clk_wiz_0/inst/clk_out150Mhz        |                                                                                                                                                                                     | DPU_sys_i/dpu_eu_0/inst/g_e584eb07.u_822a997b/u_8329ce29/u_5e95f3e2/u_d8bbec23/u_b58dc603/u_bb7de281/p_10_out                                                                 |                1 |              8 |         8.00 |
|  DPU_sys_i/clk_wiz_0/inst/clk_out150Mhz        |                                                                                                                                                                                     | DPU_sys_i/dpu_eu_0/inst/g_e584eb07.u_822a997b/u_8329ce29/u_5e95f3e2/u_d8bbec23/u_b58dc603/u_bb7de281/p_12_out                                                                 |                1 |              8 |         8.00 |
|  DPU_sys_i/clk_wiz_0/inst/clk_out150Mhz        |                                                                                                                                                                                     | DPU_sys_i/dpu_eu_0/inst/g_e584eb07.u_822a997b/u_8329ce29/u_5e95f3e2/u_d8bbec23/u_b58dc603/u_bb7de281/p_6_out                                                                  |                1 |              8 |         8.00 |
|  DPU_sys_i/clk_wiz_0/inst/clk_out150Mhz        |                                                                                                                                                                                     | DPU_sys_i/dpu_eu_0/inst/g_e584eb07.u_822a997b/u_8329ce29/u_5e95f3e2/u_d8bbec23/u_b58dc603/u_bb7de281/p_14_out                                                                 |                1 |              8 |         8.00 |
|  DPU_sys_i/clk_wiz_0/inst/clk_out150Mhz        |                                                                                                                                                                                     | DPU_sys_i/dpu_eu_0/inst/g_e584eb07.u_822a997b/u_8329ce29/u_5e95f3e2/u_d8bbec23/u_b58dc603/u_bb7de281/p_16_out                                                                 |                1 |              8 |         8.00 |
|  DPU_sys_i/clk_wiz_0/inst/clk_out150Mhz        |                                                                                                                                                                                     | DPU_sys_i/dpu_eu_0/inst/g_e584eb07.u_822a997b/u_8329ce29/u_5e95f3e2/u_1134bd62/u_8b08e93b/g_7d855b86.g_0b2abf64[3].u_127680f6/s_22d60b28                                      |                3 |              8 |         2.67 |
|  DPU_sys_i/clk_wiz_0/inst/clk_out150Mhz        |                                                                                                                                                                                     | DPU_sys_i/dpu_eu_0/inst/g_e584eb07.u_822a997b/u_8329ce29/u_5e95f3e2/u_1134bd62/u_8b08e93b/g_7d855b86.g_0b2abf64[2].u_127680f6/s_22d60b28                                      |                2 |              8 |         4.00 |
|  DPU_sys_i/clk_wiz_0/inst/clk_out300Mhz        | DPU_sys_i/dpu_eu_0/inst/g_e584eb07.u_822a997b/u_8329ce29/u_3aa346a2/u_dcd815c9/u_6c52c68e/g_7b54f91e[5].g_07af5fd4[0].g_9aa100cb[1].u_a326a45b/g_6779d86c[0].s_9983bf1b             |                                                                                                                                                                               |                1 |              8 |         8.00 |
|  DPU_sys_i/clk_wiz_0/inst/clk_out300Mhz        | DPU_sys_i/dpu_eu_0/inst/g_e584eb07.u_822a997b/u_8329ce29/u_3aa346a2/u_dcd815c9/u_6c52c68e/g_7b54f91e[9].g_07af5fd4[0].g_9aa100cb[1].u_a326a45b/g_6779d86c[0].s_9983bf1b             |                                                                                                                                                                               |                1 |              8 |         8.00 |
|  DPU_sys_i/clk_wiz_0/inst/clk_out150Mhz        |                                                                                                                                                                                     | DPU_sys_i/dpu_eu_0/inst/g_e584eb07.u_822a997b/u_8329ce29/u_5e95f3e2/u_1134bd62/u_8b08e93b/g_0a74d9c6[7].s_67e5c76a[7]_i_1_n_0                                                 |                2 |              8 |         4.00 |
|  DPU_sys_i/clk_wiz_0/inst/clk_out300Mhz        | DPU_sys_i/dpu_eu_0/inst/g_e584eb07.u_822a997b/u_8329ce29/u_3aa346a2/u_dcd815c9/u_6c52c68e/g_7b54f91e[7].g_07af5fd4[0].g_9aa100cb[1].u_a326a45b/g_6779d86c[0].s_9983bf1b             |                                                                                                                                                                               |                3 |              8 |         2.67 |
|  DPU_sys_i/clk_wiz_0/inst/clk_out150Mhz        |                                                                                                                                                                                     | DPU_sys_i/dpu_eu_0/inst/g_e584eb07.u_822a997b/u_8329ce29/u_3aa346a2/u_4fc06dda/u_5e5a7180/u_799cf01a/g_708d66fc[7].g_5364641e[0].g_e3e91857[1].s_dc1818ef[7]_i_1_n_0          |                2 |              8 |         4.00 |
|  DPU_sys_i/clk_wiz_0/inst/clk_out150Mhz        |                                                                                                                                                                                     | DPU_sys_i/dpu_eu_0/inst/g_e584eb07.u_822a997b/u_8329ce29/u_3aa346a2/u_4fc06dda/u_5e5a7180/u_799cf01a/g_708d66fc[7].g_5364641e[0].g_e3e91857[3].s_dc1818ef[7]_i_1_n_0          |                2 |              8 |         4.00 |
|  DPU_sys_i/clk_wiz_0/inst/clk_out150Mhz        |                                                                                                                                                                                     | DPU_sys_i/dpu_eu_0/inst/g_e584eb07.u_822a997b/u_8329ce29/u_3aa346a2/u_4fc06dda/u_5e5a7180/u_799cf01a/g_708d66fc[4].g_5364641e[0].g_e3e91857[2].s_dc1818ef[7]_i_1_n_0          |                1 |              8 |         8.00 |
|  DPU_sys_i/clk_wiz_0/inst/clk_out150Mhz        |                                                                                                                                                                                     | DPU_sys_i/dpu_eu_0/inst/g_e584eb07.u_822a997b/u_8329ce29/u_3aa346a2/u_4fc06dda/u_5e5a7180/u_799cf01a/g_708d66fc[6].g_5364641e[0].g_e3e91857[2].s_dc1818ef[7]_i_1_n_0          |                2 |              8 |         4.00 |
|  DPU_sys_i/clk_wiz_0/inst/clk_out300Mhz        | DPU_sys_i/dpu_eu_0/inst/g_e584eb07.u_822a997b/u_8329ce29/u_3aa346a2/u_dcd815c9/u_6c52c68e/g_7b54f91e[9].g_07af5fd4[0].g_9aa100cb[2].u_a326a45b/g_6779d86c[0].s_9983bf1b             |                                                                                                                                                                               |                2 |              8 |         4.00 |
|  DPU_sys_i/clk_wiz_0/inst/clk_out150Mhz        |                                                                                                                                                                                     | DPU_sys_i/dpu_eu_0/inst/g_e584eb07.u_822a997b/u_8329ce29/u_3aa346a2/u_4fc06dda/u_5e5a7180/u_799cf01a/g_708d66fc[6].g_5364641e[0].g_e3e91857[1].s_dc1818ef[7]_i_1_n_0          |                2 |              8 |         4.00 |
|  DPU_sys_i/clk_wiz_0/inst/clk_out150Mhz        |                                                                                                                                                                                     | DPU_sys_i/dpu_eu_0/inst/g_e584eb07.u_822a997b/u_8329ce29/u_3aa346a2/u_4fc06dda/u_5e5a7180/u_799cf01a/g_708d66fc[5].g_5364641e[0].g_e3e91857[3].s_dc1818ef[7]_i_1_n_0          |                2 |              8 |         4.00 |
|  DPU_sys_i/clk_wiz_0/inst/clk_out150Mhz        |                                                                                                                                                                                     | DPU_sys_i/dpu_eu_0/inst/g_e584eb07.u_822a997b/u_8329ce29/u_3aa346a2/u_4fc06dda/u_5e5a7180/u_799cf01a/g_708d66fc[8].g_5364641e[0].g_e3e91857[3].s_dc1818ef[7]_i_1_n_0          |                3 |              8 |         2.67 |
|  DPU_sys_i/clk_wiz_0/inst/clk_out150Mhz        |                                                                                                                                                                                     | DPU_sys_i/dpu_eu_0/inst/g_e584eb07.u_822a997b/u_8329ce29/u_5e95f3e2/u_d8bbec23/u_b58dc603/u_bb7de281/p_20_out                                                                 |                2 |              8 |         4.00 |
|  DPU_sys_i/clk_wiz_0/inst/clk_out150Mhz        |                                                                                                                                                                                     | DPU_sys_i/dpu_eu_0/inst/g_e584eb07.u_822a997b/u_8329ce29/u_3aa346a2/u_4fc06dda/u_5e5a7180/u_799cf01a/g_708d66fc[8].g_5364641e[0].g_e3e91857[2].s_dc1818ef[7]_i_1_n_0          |                2 |              8 |         4.00 |
|  DPU_sys_i/clk_wiz_0/inst/clk_out300Mhz        | DPU_sys_i/dpu_eu_0/inst/g_e584eb07.u_822a997b/u_8329ce29/u_3aa346a2/u_dcd815c9/u_6c52c68e/g_7b54f91e[9].g_07af5fd4[0].g_9aa100cb[3].u_a326a45b/g_6779d86c[0].s_9983bf1b             |                                                                                                                                                                               |                1 |              8 |         8.00 |
|  DPU_sys_i/clk_wiz_0/inst/clk_out150Mhz        |                                                                                                                                                                                     | DPU_sys_i/dpu_eu_0/inst/g_e584eb07.u_822a997b/u_8329ce29/u_3aa346a2/u_4fc06dda/u_5e5a7180/u_799cf01a/g_708d66fc[9].g_5364641e[0].g_e3e91857[3].s_dc1818ef[7]_i_1_n_0          |                2 |              8 |         4.00 |
|  DPU_sys_i/clk_wiz_0/inst/clk_out150Mhz        |                                                                                                                                                                                     | DPU_sys_i/dpu_eu_0/inst/g_e584eb07.u_822a997b/u_8329ce29/u_3aa346a2/u_4fc06dda/u_5e5a7180/u_799cf01a/g_708d66fc[5].g_5364641e[0].g_e3e91857[0].s_dc1818ef[7]_i_1_n_0          |                2 |              8 |         4.00 |
|  DPU_sys_i/clk_wiz_0/inst/clk_out150Mhz        |                                                                                                                                                                                     | DPU_sys_i/dpu_eu_0/inst/g_e584eb07.u_822a997b/u_8329ce29/u_3aa346a2/u_4fc06dda/u_5e5a7180/u_799cf01a/g_708d66fc[9].g_5364641e[0].g_e3e91857[0].s_dc1818ef[7]_i_1_n_0          |                2 |              8 |         4.00 |
|  DPU_sys_i/clk_wiz_0/inst/clk_out150Mhz        |                                                                                                                                                                                     | DPU_sys_i/dpu_eu_0/inst/g_e584eb07.u_822a997b/u_8329ce29/u_3aa346a2/u_4fc06dda/u_5e5a7180/u_799cf01a/g_708d66fc[9].g_5364641e[0].g_e3e91857[1].s_dc1818ef[7]_i_1_n_0          |                2 |              8 |         4.00 |
|  DPU_sys_i/clk_wiz_0/inst/clk_out150Mhz        |                                                                                                                                                                                     | DPU_sys_i/dpu_eu_0/inst/g_e584eb07.u_822a997b/u_8329ce29/u_3aa346a2/u_4fc06dda/u_5e5a7180/u_799cf01a/g_708d66fc[7].g_5364641e[0].g_e3e91857[2].s_dc1818ef[7]_i_1_n_0          |                2 |              8 |         4.00 |
|  DPU_sys_i/clk_wiz_0/inst/clk_out150Mhz        |                                                                                                                                                                                     | DPU_sys_i/dpu_eu_0/inst/g_e584eb07.u_822a997b/u_8329ce29/u_3aa346a2/u_4fc06dda/u_5e5a7180/u_799cf01a/g_708d66fc[2].g_5364641e[0].g_e3e91857[0].s_dc1818ef[7]_i_1_n_0          |                1 |              8 |         8.00 |
|  DPU_sys_i/clk_wiz_0/inst/clk_out300Mhz        | DPU_sys_i/dpu_eu_0/inst/g_e584eb07.u_822a997b/u_8329ce29/u_3aa346a2/u_dcd815c9/u_6c52c68e/g_7b54f91e[9].g_07af5fd4[0].g_9aa100cb[3].u_a326a45b/g_6779d86c[1].g_1714e1cc.s_d2403251  |                                                                                                                                                                               |                2 |              8 |         4.00 |
|  DPU_sys_i/clk_wiz_0/inst/clk_out150Mhz        |                                                                                                                                                                                     | DPU_sys_i/dpu_eu_0/inst/g_e584eb07.u_822a997b/u_8329ce29/u_3aa346a2/u_4fc06dda/u_5e5a7180/u_799cf01a/g_708d66fc[6].g_5364641e[0].g_e3e91857[0].s_dc1818ef[7]_i_1_n_0          |                2 |              8 |         4.00 |
|  DPU_sys_i/clk_wiz_0/inst/clk_out150Mhz        |                                                                                                                                                                                     | DPU_sys_i/dpu_eu_0/inst/g_e584eb07.u_822a997b/u_8329ce29/u_3aa346a2/u_4fc06dda/u_5e5a7180/u_799cf01a/g_708d66fc[4].g_5364641e[0].g_e3e91857[3].s_dc1818ef[7]_i_1_n_0          |                1 |              8 |         8.00 |
|  DPU_sys_i/clk_wiz_0/inst/clk_out300Mhz        | DPU_sys_i/dpu_eu_0/inst/g_e584eb07.u_822a997b/u_8329ce29/u_3aa346a2/u_dcd815c9/u_6c52c68e/g_7b54f91e[9].g_07af5fd4[0].g_9aa100cb[4].u_a326a45b/g_6779d86c[0].s_9983bf1b             |                                                                                                                                                                               |                1 |              8 |         8.00 |
|  DPU_sys_i/clk_wiz_0/inst/clk_out150Mhz        |                                                                                                                                                                                     | DPU_sys_i/dpu_eu_0/inst/g_e584eb07.u_822a997b/u_8329ce29/u_3aa346a2/u_4fc06dda/u_5e5a7180/u_799cf01a/g_708d66fc[5].g_5364641e[0].g_e3e91857[2].s_dc1818ef[7]_i_1_n_0          |                2 |              8 |         4.00 |
|  DPU_sys_i/clk_wiz_0/inst/clk_out150Mhz        |                                                                                                                                                                                     | DPU_sys_i/dpu_eu_0/inst/g_e584eb07.u_822a997b/u_8329ce29/u_3aa346a2/u_4fc06dda/u_5e5a7180/u_799cf01a/g_708d66fc[9].g_5364641e[0].g_e3e91857[2].s_dc1818ef[7]_i_1_n_0          |                2 |              8 |         4.00 |
|  DPU_sys_i/clk_wiz_0/inst/clk_out150Mhz        | DPU_sys_i/dpu_eu_0/inst/g_e584eb07.u_822a997b/u_8329ce29/u_25c793f4/u_8f276c93/g_d4cf40a3[0].u_7d540bc6/u_900d28db/u_e98a63ed/s_ccc4cd2b_reg[2]_rep__0_1                            |                                                                                                                                                                               |                4 |              8 |         2.00 |
|  DPU_sys_i/clk_wiz_0/inst/clk_out150Mhz        |                                                                                                                                                                                     | DPU_sys_i/dpu_eu_0/inst/g_e584eb07.u_822a997b/u_8329ce29/u_3aa346a2/u_4fc06dda/u_5e5a7180/u_799cf01a/g_708d66fc[7].g_5364641e[0].g_e3e91857[0].s_dc1818ef[7]_i_1_n_0          |                2 |              8 |         4.00 |
|  DPU_sys_i/clk_wiz_0/inst/clk_out150Mhz        |                                                                                                                                                                                     | DPU_sys_i/dpu_eu_0/inst/g_e584eb07.u_822a997b/u_8329ce29/u_3aa346a2/u_4fc06dda/u_5e5a7180/u_799cf01a/g_708d66fc[8].g_5364641e[0].g_e3e91857[0].s_dc1818ef[7]_i_1_n_0          |                1 |              8 |         8.00 |
|  DPU_sys_i/clk_wiz_0/inst/clk_out300Mhz        | DPU_sys_i/dpu_eu_0/inst/g_e584eb07.u_822a997b/u_8329ce29/u_3aa346a2/u_dcd815c9/u_6c52c68e/g_7b54f91e[9].g_07af5fd4[0].g_9aa100cb[5].u_a326a45b/g_6779d86c[0].s_9983bf1b             |                                                                                                                                                                               |                2 |              8 |         4.00 |
|  DPU_sys_i/clk_wiz_0/inst/clk_out150Mhz        |                                                                                                                                                                                     | DPU_sys_i/dpu_eu_0/inst/g_e584eb07.u_822a997b/u_8329ce29/u_3aa346a2/u_4fc06dda/u_5e5a7180/u_799cf01a/g_708d66fc[5].g_5364641e[0].g_e3e91857[1].s_dc1818ef[7]_i_1_n_0          |                1 |              8 |         8.00 |
|  DPU_sys_i/clk_wiz_0/inst/clk_out150Mhz        |                                                                                                                                                                                     | DPU_sys_i/dpu_eu_0/inst/g_e584eb07.u_822a997b/u_8329ce29/u_3aa346a2/u_4fc06dda/u_5e5a7180/u_799cf01a/g_708d66fc[6].g_5364641e[0].g_e3e91857[3].s_dc1818ef[7]_i_1_n_0          |                2 |              8 |         4.00 |
|  DPU_sys_i/clk_wiz_0/inst/clk_out300Mhz        | DPU_sys_i/dpu_eu_0/inst/g_e584eb07.u_822a997b/u_8329ce29/u_3aa346a2/u_dcd815c9/u_6c52c68e/g_7b54f91e[5].g_07af5fd4[0].g_9aa100cb[0].u_a326a45b/g_6779d86c[0].s_9983bf1b             |                                                                                                                                                                               |                1 |              8 |         8.00 |
|  DPU_sys_i/clk_wiz_0/inst/clk_out150Mhz        |                                                                                                                                                                                     | DPU_sys_i/dpu_eu_0/inst/g_e584eb07.u_822a997b/u_8329ce29/u_3aa346a2/u_4fc06dda/u_5e5a7180/u_799cf01a/g_708d66fc[8].g_5364641e[0].g_e3e91857[1].s_dc1818ef[7]_i_1_n_0          |                1 |              8 |         8.00 |
|  DPU_sys_i/clk_wiz_0/inst/clk_out150Mhz        |                                                                                                                                                                                     | DPU_sys_i/dpu_eu_0/inst/g_e584eb07.u_822a997b/u_8329ce29/u_3aa346a2/u_4fc06dda/u_5e5a7180/u_799cf01a/g_708d66fc[10].g_5364641e[0].g_e3e91857[3].s_dc1818ef[7]_i_1_n_0         |                2 |              8 |         4.00 |
|  DPU_sys_i/clk_wiz_0/inst/clk_out150Mhz        |                                                                                                                                                                                     | DPU_sys_i/dpu_eu_0/inst/g_e584eb07.u_822a997b/u_8329ce29/u_3aa346a2/u_4fc06dda/u_5e5a7180/u_799cf01a/g_708d66fc[0].g_5364641e[0].g_e3e91857[1].s_dc1818ef[7]_i_1_n_0          |                2 |              8 |         4.00 |
|  DPU_sys_i/clk_wiz_0/inst/clk_out300Mhz        | DPU_sys_i/dpu_eu_0/inst/g_e584eb07.u_822a997b/u_8329ce29/u_3aa346a2/u_dcd815c9/u_6c52c68e/g_4168fb56[3].g_534ceca6[5].s_232d3c44                                                    |                                                                                                                                                                               |                2 |              8 |         4.00 |
|  DPU_sys_i/clk_wiz_0/inst/clk_out300Mhz        | DPU_sys_i/dpu_eu_0/inst/g_e584eb07.u_822a997b/u_8329ce29/u_3aa346a2/u_dcd815c9/u_6c52c68e/g_4168fb56[2].g_534ceca6[0].s_232d3c44                                                    |                                                                                                                                                                               |                4 |              8 |         2.00 |
|  DPU_sys_i/clk_wiz_0/inst/clk_out300Mhz        | DPU_sys_i/dpu_eu_0/inst/g_e584eb07.u_822a997b/u_8329ce29/u_3aa346a2/u_dcd815c9/u_6c52c68e/g_4168fb56[2].g_534ceca6[11].s_232d3c44                                                   |                                                                                                                                                                               |                3 |              8 |         2.67 |
|  DPU_sys_i/clk_wiz_0/inst/clk_out300Mhz        | DPU_sys_i/dpu_eu_0/inst/g_e584eb07.u_822a997b/u_8329ce29/u_3aa346a2/u_dcd815c9/u_6c52c68e/g_4168fb56[0].g_534ceca6[2].s_232d3c44                                                    |                                                                                                                                                                               |                2 |              8 |         4.00 |
|  DPU_sys_i/clk_wiz_0/inst/clk_out300Mhz        | DPU_sys_i/dpu_eu_0/inst/g_e584eb07.u_822a997b/u_8329ce29/u_3aa346a2/u_dcd815c9/u_6c52c68e/g_4168fb56[3].g_534ceca6[0].s_232d3c44                                                    |                                                                                                                                                                               |                3 |              8 |         2.67 |
|  DPU_sys_i/clk_wiz_0/inst/clk_out300Mhz        | DPU_sys_i/dpu_eu_0/inst/g_e584eb07.u_822a997b/u_8329ce29/u_3aa346a2/u_dcd815c9/u_6c52c68e/g_4168fb56[2].g_534ceca6[10].s_232d3c44                                                   |                                                                                                                                                                               |                3 |              8 |         2.67 |
|  DPU_sys_i/clk_wiz_0/inst/clk_out300Mhz        | DPU_sys_i/dpu_eu_0/inst/g_e584eb07.u_822a997b/u_8329ce29/u_3aa346a2/u_dcd815c9/u_6c52c68e/g_4168fb56[1].g_534ceca6[11].s_232d3c44                                                   |                                                                                                                                                                               |                3 |              8 |         2.67 |
|  DPU_sys_i/clk_wiz_0/inst/clk_out300Mhz        | DPU_sys_i/dpu_eu_0/inst/g_e584eb07.u_822a997b/u_8329ce29/u_3aa346a2/u_dcd815c9/u_6c52c68e/g_4168fb56[2].g_534ceca6[4].s_232d3c44                                                    |                                                                                                                                                                               |                3 |              8 |         2.67 |
|  DPU_sys_i/clk_wiz_0/inst/clk_out300Mhz        | DPU_sys_i/dpu_eu_0/inst/g_e584eb07.u_822a997b/u_8329ce29/u_3aa346a2/u_dcd815c9/u_6c52c68e/g_4168fb56[1].g_534ceca6[1].s_232d3c44                                                    |                                                                                                                                                                               |                3 |              8 |         2.67 |
|  DPU_sys_i/clk_wiz_0/inst/clk_out300Mhz        | DPU_sys_i/dpu_eu_0/inst/g_e584eb07.u_822a997b/u_8329ce29/u_3aa346a2/u_dcd815c9/u_6c52c68e/g_4168fb56[2].g_534ceca6[7].s_232d3c44                                                    |                                                                                                                                                                               |                3 |              8 |         2.67 |
|  DPU_sys_i/clk_wiz_0/inst/clk_out300Mhz        | DPU_sys_i/dpu_eu_0/inst/g_e584eb07.u_822a997b/u_8329ce29/u_3aa346a2/u_dcd815c9/u_6c52c68e/g_4168fb56[0].g_534ceca6[4].s_232d3c44                                                    |                                                                                                                                                                               |                2 |              8 |         4.00 |
|  DPU_sys_i/clk_wiz_0/inst/clk_out300Mhz        | DPU_sys_i/dpu_eu_0/inst/g_e584eb07.u_822a997b/u_8329ce29/u_3aa346a2/u_dcd815c9/u_6c52c68e/g_4168fb56[0].g_534ceca6[5].s_232d3c44                                                    |                                                                                                                                                                               |                2 |              8 |         4.00 |
|  DPU_sys_i/clk_wiz_0/inst/clk_out300Mhz        | DPU_sys_i/dpu_eu_0/inst/g_e584eb07.u_822a997b/u_8329ce29/u_3aa346a2/u_dcd815c9/u_6c52c68e/g_4168fb56[2].g_534ceca6[1].s_232d3c44                                                    |                                                                                                                                                                               |                2 |              8 |         4.00 |
|  DPU_sys_i/clk_wiz_0/inst/clk_out300Mhz        | DPU_sys_i/dpu_eu_0/inst/g_e584eb07.u_822a997b/u_8329ce29/u_3aa346a2/u_dcd815c9/u_6c52c68e/g_4168fb56[1].g_534ceca6[5].s_232d3c44                                                    |                                                                                                                                                                               |                2 |              8 |         4.00 |
|  DPU_sys_i/clk_wiz_0/inst/clk_out300Mhz        | DPU_sys_i/dpu_eu_0/inst/g_e584eb07.u_822a997b/u_8329ce29/u_3aa346a2/u_dcd815c9/u_6c52c68e/g_4168fb56[1].g_534ceca6[7].s_232d3c44                                                    |                                                                                                                                                                               |                3 |              8 |         2.67 |
|  DPU_sys_i/clk_wiz_0/inst/clk_out300Mhz        | DPU_sys_i/dpu_eu_0/inst/g_e584eb07.u_822a997b/u_8329ce29/u_3aa346a2/u_dcd815c9/u_6c52c68e/g_4168fb56[0].g_534ceca6[10].s_232d3c44                                                   |                                                                                                                                                                               |                3 |              8 |         2.67 |
|  DPU_sys_i/clk_wiz_0/inst/clk_out300Mhz        | DPU_sys_i/dpu_eu_0/inst/g_e584eb07.u_822a997b/u_8329ce29/u_3aa346a2/u_dcd815c9/u_6c52c68e/g_4168fb56[3].g_534ceca6[3].s_232d3c44                                                    |                                                                                                                                                                               |                2 |              8 |         4.00 |
|  DPU_sys_i/clk_wiz_0/inst/clk_out300Mhz        | DPU_sys_i/dpu_eu_0/inst/g_e584eb07.u_822a997b/u_8329ce29/u_3aa346a2/u_dcd815c9/u_6c52c68e/g_4168fb56[3].g_534ceca6[8].s_232d3c44                                                    |                                                                                                                                                                               |                2 |              8 |         4.00 |
|  DPU_sys_i/clk_wiz_0/inst/clk_out300Mhz        | DPU_sys_i/dpu_eu_0/inst/g_e584eb07.u_822a997b/u_8329ce29/u_3aa346a2/u_dcd815c9/u_6c52c68e/g_4168fb56[0].g_534ceca6[0].s_232d3c44                                                    |                                                                                                                                                                               |                2 |              8 |         4.00 |
|  DPU_sys_i/clk_wiz_0/inst/clk_out300Mhz        | DPU_sys_i/dpu_eu_0/inst/g_e584eb07.u_822a997b/u_8329ce29/u_3aa346a2/u_dcd815c9/u_6c52c68e/g_4168fb56[1].g_534ceca6[10].s_232d3c44                                                   |                                                                                                                                                                               |                2 |              8 |         4.00 |
|  DPU_sys_i/clk_wiz_0/inst/clk_out300Mhz        | DPU_sys_i/dpu_eu_0/inst/g_e584eb07.u_822a997b/u_8329ce29/u_3aa346a2/u_dcd815c9/u_6c52c68e/g_4168fb56[1].g_534ceca6[2].s_232d3c44                                                    |                                                                                                                                                                               |                1 |              8 |         8.00 |
|  DPU_sys_i/clk_wiz_0/inst/clk_out300Mhz        | DPU_sys_i/dpu_eu_0/inst/g_e584eb07.u_822a997b/u_8329ce29/u_3aa346a2/u_dcd815c9/u_6c52c68e/g_4168fb56[1].g_534ceca6[9].s_232d3c44                                                    |                                                                                                                                                                               |                2 |              8 |         4.00 |
|  DPU_sys_i/clk_wiz_0/inst/clk_out300Mhz        | DPU_sys_i/dpu_eu_0/inst/g_e584eb07.u_822a997b/u_8329ce29/u_3aa346a2/u_dcd815c9/u_6c52c68e/g_4168fb56[3].g_534ceca6[11].s_232d3c44                                                   |                                                                                                                                                                               |                3 |              8 |         2.67 |
|  DPU_sys_i/clk_wiz_0/inst/clk_out150Mhz        |                                                                                                                                                                                     | DPU_sys_i/dpu_eu_0/inst/g_e584eb07.u_822a997b/u_8329ce29/u_5e95f3e2/u_1134bd62/u_8b08e93b/g_0a74d9c6[2].s_67e5c76a[7]_i_1_n_0                                                 |                2 |              8 |         4.00 |
|  DPU_sys_i/clk_wiz_0/inst/clk_out300Mhz        | DPU_sys_i/dpu_eu_0/inst/g_e584eb07.u_822a997b/u_8329ce29/u_3aa346a2/u_dcd815c9/u_6c52c68e/g_4168fb56[1].g_534ceca6[3].s_232d3c44                                                    |                                                                                                                                                                               |                3 |              8 |         2.67 |
|  DPU_sys_i/clk_wiz_0/inst/clk_out300Mhz        | DPU_sys_i/dpu_eu_0/inst/g_e584eb07.u_822a997b/u_8329ce29/u_3aa346a2/u_dcd815c9/u_6c52c68e/g_4168fb56[2].g_534ceca6[5].s_232d3c44                                                    |                                                                                                                                                                               |                2 |              8 |         4.00 |
|  DPU_sys_i/clk_wiz_0/inst/clk_out300Mhz        | DPU_sys_i/dpu_eu_0/inst/g_e584eb07.u_822a997b/u_8329ce29/u_3aa346a2/u_dcd815c9/u_6c52c68e/g_4168fb56[2].g_534ceca6[9].s_232d3c44                                                    |                                                                                                                                                                               |                3 |              8 |         2.67 |
|  DPU_sys_i/clk_wiz_0/inst/clk_out300Mhz        | DPU_sys_i/dpu_eu_0/inst/g_e584eb07.u_822a997b/u_8329ce29/u_3aa346a2/u_dcd815c9/u_6c52c68e/g_4168fb56[3].g_534ceca6[10].s_232d3c44                                                   |                                                                                                                                                                               |                3 |              8 |         2.67 |
|  DPU_sys_i/clk_wiz_0/inst/clk_out300Mhz        | DPU_sys_i/dpu_eu_0/inst/g_e584eb07.u_822a997b/u_8329ce29/u_3aa346a2/u_dcd815c9/u_6c52c68e/g_4168fb56[3].g_534ceca6[6].s_232d3c44                                                    |                                                                                                                                                                               |                2 |              8 |         4.00 |
|  DPU_sys_i/clk_wiz_0/inst/clk_out300Mhz        | DPU_sys_i/dpu_eu_0/inst/g_e584eb07.u_822a997b/u_8329ce29/u_3aa346a2/u_dcd815c9/u_6c52c68e/g_4168fb56[3].g_534ceca6[7].s_232d3c44                                                    |                                                                                                                                                                               |                2 |              8 |         4.00 |
|  DPU_sys_i/clk_wiz_0/inst/clk_out300Mhz        | DPU_sys_i/dpu_eu_0/inst/g_e584eb07.u_822a997b/u_8329ce29/u_3aa346a2/u_dcd815c9/u_6c52c68e/g_4168fb56[3].g_534ceca6[9].s_232d3c44                                                    |                                                                                                                                                                               |                2 |              8 |         4.00 |
|  DPU_sys_i/clk_wiz_0/inst/clk_out300Mhz        | DPU_sys_i/dpu_eu_0/inst/g_e584eb07.u_822a997b/u_8329ce29/u_3aa346a2/u_dcd815c9/u_6c52c68e/g_4168fb56[0].g_534ceca6[6].s_232d3c44                                                    |                                                                                                                                                                               |                2 |              8 |         4.00 |
|  DPU_sys_i/clk_wiz_0/inst/clk_out300Mhz        | DPU_sys_i/dpu_eu_0/inst/g_e584eb07.u_822a997b/u_8329ce29/u_3aa346a2/u_dcd815c9/u_6c52c68e/g_4168fb56[2].g_534ceca6[2].s_232d3c44                                                    |                                                                                                                                                                               |                1 |              8 |         8.00 |
|  DPU_sys_i/clk_wiz_0/inst/clk_out300Mhz        | DPU_sys_i/dpu_eu_0/inst/g_e584eb07.u_822a997b/u_8329ce29/u_3aa346a2/u_dcd815c9/u_6c52c68e/g_4168fb56[0].g_534ceca6[8].s_232d3c44                                                    |                                                                                                                                                                               |                2 |              8 |         4.00 |
|  DPU_sys_i/clk_wiz_0/inst/clk_out300Mhz        | DPU_sys_i/dpu_eu_0/inst/g_e584eb07.u_822a997b/u_8329ce29/u_3aa346a2/u_dcd815c9/u_6c52c68e/g_4168fb56[1].g_534ceca6[8].s_232d3c44                                                    |                                                                                                                                                                               |                1 |              8 |         8.00 |
|  DPU_sys_i/clk_wiz_0/inst/clk_out300Mhz        | DPU_sys_i/dpu_eu_0/inst/g_e584eb07.u_822a997b/u_8329ce29/u_3aa346a2/u_dcd815c9/u_6c52c68e/g_4168fb56[1].g_534ceca6[0].s_232d3c44                                                    |                                                                                                                                                                               |                1 |              8 |         8.00 |
|  DPU_sys_i/clk_wiz_0/inst/clk_out300Mhz        | DPU_sys_i/dpu_eu_0/inst/g_e584eb07.u_822a997b/u_8329ce29/u_3aa346a2/u_dcd815c9/u_6c52c68e/g_4168fb56[0].g_534ceca6[9].s_232d3c44                                                    |                                                                                                                                                                               |                3 |              8 |         2.67 |
|  DPU_sys_i/clk_wiz_0/inst/clk_out300Mhz        | DPU_sys_i/dpu_eu_0/inst/g_e584eb07.u_822a997b/u_8329ce29/u_3aa346a2/u_dcd815c9/u_6c52c68e/g_4168fb56[1].g_534ceca6[4].s_232d3c44                                                    |                                                                                                                                                                               |                2 |              8 |         4.00 |
|  DPU_sys_i/clk_wiz_0/inst/clk_out300Mhz        | DPU_sys_i/dpu_eu_0/inst/g_e584eb07.u_822a997b/u_8329ce29/u_3aa346a2/u_dcd815c9/u_6c52c68e/g_4168fb56[0].g_534ceca6[3].s_232d3c44                                                    |                                                                                                                                                                               |                3 |              8 |         2.67 |
|  DPU_sys_i/clk_wiz_0/inst/clk_out300Mhz        | DPU_sys_i/dpu_eu_0/inst/g_e584eb07.u_822a997b/u_8329ce29/u_3aa346a2/u_dcd815c9/u_6c52c68e/g_4168fb56[2].g_534ceca6[3].s_232d3c44                                                    |                                                                                                                                                                               |                2 |              8 |         4.00 |
|  DPU_sys_i/clk_wiz_0/inst/clk_out300Mhz        | DPU_sys_i/dpu_eu_0/inst/g_e584eb07.u_822a997b/u_8329ce29/u_3aa346a2/u_dcd815c9/u_6c52c68e/g_4168fb56[2].g_534ceca6[8].s_232d3c44                                                    |                                                                                                                                                                               |                3 |              8 |         2.67 |
|  DPU_sys_i/clk_wiz_0/inst/clk_out300Mhz        | DPU_sys_i/dpu_eu_0/inst/g_e584eb07.u_822a997b/u_8329ce29/u_3aa346a2/u_dcd815c9/u_6c52c68e/g_4168fb56[3].g_534ceca6[1].s_232d3c44                                                    |                                                                                                                                                                               |                2 |              8 |         4.00 |
|  DPU_sys_i/clk_wiz_0/inst/clk_out300Mhz        | DPU_sys_i/dpu_eu_0/inst/g_e584eb07.u_822a997b/u_8329ce29/u_3aa346a2/u_dcd815c9/u_6c52c68e/g_4168fb56[0].g_534ceca6[11].s_232d3c44                                                   |                                                                                                                                                                               |                3 |              8 |         2.67 |
|  DPU_sys_i/clk_wiz_0/inst/clk_out300Mhz        | DPU_sys_i/dpu_eu_0/inst/g_e584eb07.u_822a997b/u_8329ce29/u_3aa346a2/u_dcd815c9/u_6c52c68e/g_4168fb56[0].g_534ceca6[1].s_232d3c44                                                    |                                                                                                                                                                               |                2 |              8 |         4.00 |
|  DPU_sys_i/clk_wiz_0/inst/clk_out300Mhz        | DPU_sys_i/dpu_eu_0/inst/g_e584eb07.u_822a997b/u_8329ce29/u_3aa346a2/u_dcd815c9/u_6c52c68e/g_4168fb56[1].g_534ceca6[6].s_232d3c44                                                    |                                                                                                                                                                               |                2 |              8 |         4.00 |
|  DPU_sys_i/clk_wiz_0/inst/clk_out300Mhz        | DPU_sys_i/dpu_eu_0/inst/g_e584eb07.u_822a997b/u_8329ce29/u_3aa346a2/u_dcd815c9/u_6c52c68e/g_4168fb56[3].g_534ceca6[2].s_232d3c44                                                    |                                                                                                                                                                               |                2 |              8 |         4.00 |
|  DPU_sys_i/clk_wiz_0/inst/clk_out300Mhz        | DPU_sys_i/dpu_eu_0/inst/g_e584eb07.u_822a997b/u_8329ce29/u_3aa346a2/u_dcd815c9/u_6c52c68e/g_4168fb56[2].g_534ceca6[6].s_232d3c44                                                    |                                                                                                                                                                               |                1 |              8 |         8.00 |
|  DPU_sys_i/clk_wiz_0/inst/clk_out300Mhz        | DPU_sys_i/dpu_eu_0/inst/g_e584eb07.u_822a997b/u_8329ce29/u_3aa346a2/u_dcd815c9/u_6c52c68e/g_4168fb56[3].g_534ceca6[4].s_232d3c44                                                    |                                                                                                                                                                               |                3 |              8 |         2.67 |
|  DPU_sys_i/clk_wiz_0/inst/clk_out150Mhz        |                                                                                                                                                                                     | DPU_sys_i/dpu_eu_0/inst/g_e584eb07.u_822a997b/u_8329ce29/u_3aa346a2/u_4fc06dda/u_5e5a7180/u_799cf01a/g_708d66fc[0].g_5364641e[0].g_e3e91857[2].s_dc1818ef[7]_i_1_n_0          |                2 |              8 |         4.00 |
|  DPU_sys_i/clk_wiz_0/inst/clk_out150Mhz        |                                                                                                                                                                                     | DPU_sys_i/dpu_eu_0/inst/g_e584eb07.u_822a997b/u_8329ce29/u_3aa346a2/u_4fc06dda/u_5e5a7180/u_799cf01a/g_708d66fc[11].g_5364641e[0].g_e3e91857[1].s_dc1818ef[7]_i_1_n_0         |                1 |              8 |         8.00 |
|  DPU_sys_i/clk_wiz_0/inst/clk_out150Mhz        |                                                                                                                                                                                     | DPU_sys_i/dpu_eu_0/inst/g_e584eb07.u_822a997b/u_8329ce29/u_3aa346a2/u_4fc06dda/u_5e5a7180/u_799cf01a/g_708d66fc[4].g_5364641e[0].g_e3e91857[1].s_dc1818ef[7]_i_1_n_0          |                2 |              8 |         4.00 |
|  DPU_sys_i/clk_wiz_0/inst/clk_out150Mhz        | DPU_sys_i/dpu_eu_0/inst/g_e584eb07.u_822a997b/u_8329ce29/u_25c793f4/u_8f276c93/g_d4cf40a3[0].u_7d540bc6/u_900d28db/u_e98a63ed/s_ccc4cd2b_reg[0]_rep                                 |                                                                                                                                                                               |                3 |              8 |         2.67 |
|  DPU_sys_i/clk_wiz_0/inst/clk_out150Mhz        | DPU_sys_i/dpu_eu_0/inst/g_e584eb07.u_822a997b/u_8329ce29/u_25c793f4/u_8f276c93/g_d4cf40a3[0].u_7d540bc6/u_900d28db/u_e98a63ed/s_ccc4cd2b_reg[4]_7                                   |                                                                                                                                                                               |                3 |              8 |         2.67 |
|  DPU_sys_i/clk_wiz_0/inst/clk_out150Mhz        | DPU_sys_i/dpu_eu_0/inst/g_e584eb07.u_822a997b/u_8329ce29/u_25c793f4/u_8f276c93/g_d4cf40a3[0].u_7d540bc6/u_900d28db/u_e98a63ed/s_ccc4cd2b_reg[4]_rep_8                               |                                                                                                                                                                               |                4 |              8 |         2.00 |
|  DPU_sys_i/clk_wiz_0/inst/clk_out150Mhz        | DPU_sys_i/dpu_eu_0/inst/g_e584eb07.u_822a997b/u_8329ce29/u_25c793f4/u_8f276c93/g_d4cf40a3[0].u_7d540bc6/u_900d28db/u_e98a63ed/s_ccc4cd2b_reg[4]_rep_9                               |                                                                                                                                                                               |                3 |              8 |         2.67 |
|  DPU_sys_i/clk_wiz_0/inst/clk_out150Mhz        | DPU_sys_i/dpu_eu_0/inst/g_e584eb07.u_822a997b/u_8329ce29/u_25c793f4/u_8f276c93/g_d4cf40a3[0].u_7d540bc6/u_900d28db/u_e98a63ed/s_ccc4cd2b_reg[4]_6                                   |                                                                                                                                                                               |                3 |              8 |         2.67 |
|  DPU_sys_i/clk_wiz_0/inst/clk_out150Mhz        | DPU_sys_i/dpu_eu_0/inst/g_e584eb07.u_822a997b/u_8329ce29/u_25c793f4/u_8f276c93/g_d4cf40a3[0].u_7d540bc6/u_900d28db/u_e98a63ed/s_ccc4cd2b_reg[4]_rep_10                              |                                                                                                                                                                               |                3 |              8 |         2.67 |
|  DPU_sys_i/clk_wiz_0/inst/clk_out300Mhz        | DPU_sys_i/dpu_eu_0/inst/g_e584eb07.u_822a997b/u_8329ce29/u_3aa346a2/u_dcd815c9/u_6c52c68e/g_7b54f91e[4].g_07af5fd4[0].g_9aa100cb[5].u_a326a45b/g_6779d86c[0].s_9983bf1b             |                                                                                                                                                                               |                1 |              8 |         8.00 |
|  DPU_sys_i/clk_wiz_0/inst/clk_out150Mhz        | DPU_sys_i/dpu_eu_0/inst/g_e584eb07.u_822a997b/u_8329ce29/u_25c793f4/u_8f276c93/g_d4cf40a3[0].u_7d540bc6/u_900d28db/u_e98a63ed/s_ccc4cd2b_reg[4]_rep_7                               |                                                                                                                                                                               |                3 |              8 |         2.67 |
|  DPU_sys_i/clk_wiz_0/inst/clk_out150Mhz        | DPU_sys_i/dpu_eu_0/inst/g_e584eb07.u_822a997b/u_8329ce29/u_25c793f4/u_8f276c93/g_d4cf40a3[0].u_7d540bc6/u_900d28db/u_e98a63ed/s_ccc4cd2b_reg[2]_rep__0                              |                                                                                                                                                                               |                3 |              8 |         2.67 |
|  DPU_sys_i/clk_wiz_0/inst/clk_out150Mhz        | DPU_sys_i/dpu_eu_0/inst/g_e584eb07.u_822a997b/u_8329ce29/u_25c793f4/u_8f276c93/g_d4cf40a3[0].u_7d540bc6/u_900d28db/u_e98a63ed/s_ccc4cd2b_reg[2]_rep__0_0                            |                                                                                                                                                                               |                4 |              8 |         2.00 |
|  DPU_sys_i/clk_wiz_0/inst/clk_out300Mhz        | DPU_sys_i/dpu_eu_0/inst/g_e584eb07.u_822a997b/u_8329ce29/u_3aa346a2/u_dcd815c9/u_6c52c68e/g_7b54f91e[4].g_07af5fd4[0].g_9aa100cb[4].u_a326a45b/g_6779d86c[0].s_9983bf1b             |                                                                                                                                                                               |                2 |              8 |         4.00 |
|  DPU_sys_i/clk_wiz_0/inst/clk_out150Mhz        | DPU_sys_i/dpu_eu_0/inst/g_e584eb07.u_822a997b/u_8329ce29/u_25c793f4/u_8f276c93/g_d4cf40a3[0].u_7d540bc6/u_900d28db/u_e98a63ed/s_ccc4cd2b_reg[0]_rep_0[0]                            |                                                                                                                                                                               |                4 |              8 |         2.00 |
|  DPU_sys_i/clk_wiz_0/inst/clk_out150Mhz        | DPU_sys_i/dpu_eu_0/inst/g_e584eb07.u_822a997b/u_8329ce29/u_25c793f4/u_8f276c93/g_d4cf40a3[0].u_7d540bc6/u_900d28db/u_e98a63ed/s_ccc4cd2b_reg[0]_rep__0[0]                           |                                                                                                                                                                               |                4 |              8 |         2.00 |
|  DPU_sys_i/clk_wiz_0/inst/clk_out150Mhz        |                                                                                                                                                                                     | DPU_sys_i/dpu_eu_0/inst/g_e584eb07.u_822a997b/u_8329ce29/u_3aa346a2/u_4fc06dda/u_5e5a7180/u_799cf01a/g_708d66fc[11].g_5364641e[0].g_e3e91857[2].s_dc1818ef[7]_i_1_n_0         |                2 |              8 |         4.00 |
|  DPU_sys_i/clk_wiz_0/inst/clk_out150Mhz        |                                                                                                                                                                                     | DPU_sys_i/dpu_eu_0/inst/g_e584eb07.u_822a997b/u_8329ce29/u_3aa346a2/u_4fc06dda/u_5e5a7180/u_799cf01a/g_708d66fc[1].g_5364641e[0].g_e3e91857[2].s_dc1818ef[7]_i_1_n_0          |                2 |              8 |         4.00 |
|  DPU_sys_i/clk_wiz_0/inst/clk_out150Mhz        |                                                                                                                                                                                     | DPU_sys_i/dpu_eu_0/inst/g_e584eb07.u_822a997b/u_8329ce29/u_3aa346a2/u_4fc06dda/u_5e5a7180/u_799cf01a/g_708d66fc[4].g_5364641e[0].g_e3e91857[0].s_dc1818ef[7]_i_1_n_0          |                2 |              8 |         4.00 |
|  DPU_sys_i/clk_wiz_0/inst/clk_out150Mhz        | DPU_sys_i/dpu_eu_0/inst/g_e584eb07.u_822a997b/u_8329ce29/u_25c793f4/u_8f276c93/g_d4cf40a3[0].u_7d540bc6/u_900d28db/u_e98a63ed/s_ccc4cd2b_reg[3][0]                                  |                                                                                                                                                                               |                4 |              8 |         2.00 |
|  DPU_sys_i/clk_wiz_0/inst/clk_out150Mhz        |                                                                                                                                                                                     | DPU_sys_i/dpu_eu_0/inst/g_e584eb07.u_822a997b/u_8329ce29/u_3aa346a2/u_4fc06dda/u_5e5a7180/u_799cf01a/g_708d66fc[2].g_5364641e[0].g_e3e91857[3].s_dc1818ef[7]_i_1_n_0          |                2 |              8 |         4.00 |
|  DPU_sys_i/clk_wiz_0/inst/clk_out150Mhz        | DPU_sys_i/dpu_eu_0/inst/g_e584eb07.u_822a997b/u_8329ce29/u_25c793f4/u_8f276c93/g_d4cf40a3[0].u_7d540bc6/u_900d28db/u_e98a63ed/s_ccc4cd2b_reg[4]_0[0]                                |                                                                                                                                                                               |                4 |              8 |         2.00 |
|  DPU_sys_i/clk_wiz_0/inst/clk_out150Mhz        | DPU_sys_i/dpu_eu_0/inst/g_e584eb07.u_822a997b/u_8329ce29/u_25c793f4/u_8f276c93/g_d4cf40a3[0].u_7d540bc6/u_900d28db/u_e98a63ed/s_ccc4cd2b_reg[3]_rep__0_0[0]                         |                                                                                                                                                                               |                4 |              8 |         2.00 |
|  DPU_sys_i/clk_wiz_0/inst/clk_out150Mhz        |                                                                                                                                                                                     | DPU_sys_i/dpu_eu_0/inst/g_e584eb07.u_822a997b/u_8329ce29/u_3aa346a2/u_4fc06dda/u_5e5a7180/u_799cf01a/g_708d66fc[3].g_5364641e[0].g_e3e91857[0].s_dc1818ef[7]_i_1_n_0          |                2 |              8 |         4.00 |
|  DPU_sys_i/clk_wiz_0/inst/clk_out150Mhz        |                                                                                                                                                                                     | DPU_sys_i/dpu_eu_0/inst/g_e584eb07.u_822a997b/u_8329ce29/u_3aa346a2/u_4fc06dda/u_5e5a7180/u_799cf01a/g_708d66fc[11].g_5364641e[0].g_e3e91857[3].s_dc1818ef[7]_i_1_n_0         |                2 |              8 |         4.00 |
|  DPU_sys_i/clk_wiz_0/inst/clk_out150Mhz        |                                                                                                                                                                                     | DPU_sys_i/dpu_eu_0/inst/g_e584eb07.u_822a997b/u_8329ce29/u_3aa346a2/u_4fc06dda/u_5e5a7180/u_799cf01a/g_708d66fc[1].g_5364641e[0].g_e3e91857[3].s_dc1818ef[7]_i_1_n_0          |                2 |              8 |         4.00 |
|  DPU_sys_i/clk_wiz_0/inst/clk_out150Mhz        |                                                                                                                                                                                     | DPU_sys_i/dpu_eu_0/inst/g_e584eb07.u_822a997b/u_8329ce29/u_3aa346a2/u_4fc06dda/u_5e5a7180/u_799cf01a/g_708d66fc[2].g_5364641e[0].g_e3e91857[2].s_dc1818ef[7]_i_1_n_0          |                2 |              8 |         4.00 |
|  DPU_sys_i/clk_wiz_0/inst/clk_out150Mhz        |                                                                                                                                                                                     | DPU_sys_i/dpu_eu_0/inst/g_e584eb07.u_822a997b/u_8329ce29/u_3aa346a2/u_4fc06dda/u_5e5a7180/u_799cf01a/g_708d66fc[10].g_5364641e[0].g_e3e91857[2].s_dc1818ef[7]_i_1_n_0         |                2 |              8 |         4.00 |
|  DPU_sys_i/clk_wiz_0/inst/clk_out150Mhz        |                                                                                                                                                                                     | DPU_sys_i/dpu_eu_0/inst/g_e584eb07.u_822a997b/u_8329ce29/u_3aa346a2/u_4fc06dda/u_5e5a7180/u_799cf01a/g_708d66fc[0].g_5364641e[0].g_e3e91857[3].s_dc1818ef[7]_i_1_n_0          |                3 |              8 |         2.67 |
|  DPU_sys_i/clk_wiz_0/inst/clk_out150Mhz        |                                                                                                                                                                                     | DPU_sys_i/dpu_eu_0/inst/g_e584eb07.u_822a997b/u_8329ce29/u_3aa346a2/u_4fc06dda/u_5e5a7180/u_799cf01a/g_708d66fc[2].g_5364641e[0].g_e3e91857[1].s_dc1818ef[7]_i_1_n_0          |                2 |              8 |         4.00 |
|  DPU_sys_i/clk_wiz_0/inst/clk_out150Mhz        |                                                                                                                                                                                     | DPU_sys_i/dpu_eu_0/inst/g_e584eb07.u_822a997b/u_8329ce29/u_5e95f3e2/u_1134bd62/u_8b08e93b/g_7d855b86.g_0b2abf64[11].u_127680f6/s_22d60b28                                     |                2 |              8 |         4.00 |
|  DPU_sys_i/clk_wiz_0/inst/clk_out150Mhz        |                                                                                                                                                                                     | DPU_sys_i/dpu_eu_0/inst/g_e584eb07.u_822a997b/u_8329ce29/u_3aa346a2/u_4fc06dda/u_5e5a7180/u_799cf01a/g_708d66fc[1].g_5364641e[0].g_e3e91857[1].s_dc1818ef[7]_i_1_n_0          |                2 |              8 |         4.00 |
|  DPU_sys_i/clk_wiz_0/inst/clk_out150Mhz        |                                                                                                                                                                                     | DPU_sys_i/dpu_eu_0/inst/g_e584eb07.u_822a997b/u_8329ce29/u_3aa346a2/u_4fc06dda/u_5e5a7180/u_799cf01a/g_708d66fc[11].g_5364641e[0].g_e3e91857[0].s_dc1818ef[7]_i_1_n_0         |                3 |              8 |         2.67 |
|  DPU_sys_i/clk_wiz_0/inst/clk_out150Mhz        |                                                                                                                                                                                     | DPU_sys_i/dpu_eu_0/inst/g_e584eb07.u_822a997b/u_8329ce29/u_3aa346a2/u_4fc06dda/u_5e5a7180/u_799cf01a/g_708d66fc[10].g_5364641e[0].g_e3e91857[0].s_dc1818ef[7]_i_1_n_0         |                1 |              8 |         8.00 |
|  DPU_sys_i/clk_wiz_0/inst/clk_out150Mhz        |                                                                                                                                                                                     | DPU_sys_i/dpu_eu_0/inst/g_e584eb07.u_822a997b/u_8329ce29/u_3aa346a2/u_4fc06dda/u_5e5a7180/u_799cf01a/g_708d66fc[3].g_5364641e[0].g_e3e91857[2].s_dc1818ef[7]_i_1_n_0          |                2 |              8 |         4.00 |
|  DPU_sys_i/clk_wiz_0/inst/clk_out150Mhz        |                                                                                                                                                                                     | DPU_sys_i/dpu_eu_0/inst/g_e584eb07.u_822a997b/u_8329ce29/u_3aa346a2/u_4fc06dda/u_5e5a7180/u_799cf01a/g_708d66fc[1].g_5364641e[0].g_e3e91857[0].s_dc1818ef[7]_i_1_n_0          |                2 |              8 |         4.00 |
|  DPU_sys_i/clk_wiz_0/inst/clk_out150Mhz        |                                                                                                                                                                                     | DPU_sys_i/dpu_eu_0/inst/g_e584eb07.u_822a997b/u_8329ce29/u_3aa346a2/u_4fc06dda/u_5e5a7180/u_799cf01a/g_708d66fc[3].g_5364641e[0].g_e3e91857[3].s_dc1818ef[7]_i_1_n_0          |                2 |              8 |         4.00 |
|  DPU_sys_i/clk_wiz_0/inst/clk_out150Mhz        |                                                                                                                                                                                     | DPU_sys_i/dpu_eu_0/inst/g_e584eb07.u_822a997b/u_8329ce29/u_3aa346a2/u_4fc06dda/u_5e5a7180/u_799cf01a/g_708d66fc[10].g_5364641e[0].g_e3e91857[1].s_dc1818ef[7]_i_1_n_0         |                1 |              8 |         8.00 |
|  DPU_sys_i/clk_wiz_0/inst/clk_out150Mhz        |                                                                                                                                                                                     | DPU_sys_i/dpu_eu_0/inst/g_e584eb07.u_822a997b/u_8329ce29/u_3aa346a2/u_4fc06dda/u_5e5a7180/u_799cf01a/g_708d66fc[3].g_5364641e[0].g_e3e91857[1].s_dc1818ef[7]_i_1_n_0          |                4 |              8 |         2.00 |
|  DPU_sys_i/clk_wiz_0/inst/clk_out300Mhz        | DPU_sys_i/dpu_eu_0/inst/g_e584eb07.u_822a997b/u_8329ce29/u_3aa346a2/u_dcd815c9/u_6c52c68e/g_7b54f91e[4].g_07af5fd4[0].g_9aa100cb[3].u_a326a45b/g_6779d86c[0].s_9983bf1b             |                                                                                                                                                                               |                2 |              8 |         4.00 |
|  DPU_sys_i/clk_wiz_0/inst/clk_out150Mhz        |                                                                                                                                                                                     | DPU_sys_i/dpu_eu_0/inst/g_e584eb07.u_822a997b/u_8329ce29/u_5e95f3e2/u_1134bd62/u_8b08e93b/g_7d855b86.g_0b2abf64[10].u_127680f6/s_22d60b28                                     |                2 |              8 |         4.00 |
|  DPU_sys_i/clk_wiz_0/inst/clk_out150Mhz        | DPU_sys_i/dpu_eu_0/inst/g_e584eb07.u_822a997b/u_8329ce29/u_5e95f3e2/u_d8bbec23/u_d27473f1/s_2b6450080__14                                                                           | DPU_sys_i/dpu_eu_0/inst/g_e584eb07.u_822a997b/u_8329ce29/u_5e95f3e2/u_d8bbec23/u_d27473f1/s_2b645008[7]_i_1_n_0                                                               |                2 |              8 |         4.00 |
|  DPU_sys_i/clk_wiz_0/inst/clk_out150Mhz        |                                                                                                                                                                                     | DPU_sys_i/dpu_eu_0/inst/g_e584eb07.u_822a997b/u_8329ce29/u_5e95f3e2/u_1134bd62/u_8b08e93b/g_7d855b86.g_0b2abf64[0].u_127680f6/s_22d60b28                                      |                3 |              8 |         2.67 |
|  DPU_sys_i/clk_wiz_0/inst/clk_out150Mhz        |                                                                                                                                                                                     | DPU_sys_i/dpu_eu_0/inst/g_e584eb07.u_822a997b/u_8329ce29/u_5e95f3e2/u_1134bd62/u_8b08e93b/g_7d855b86.g_0b2abf64[1].u_127680f6/s_22d60b28                                      |                2 |              8 |         4.00 |
|  DPU_sys_i/clk_wiz_0/inst/clk_out150Mhz        | DPU_sys_i/dpu_eu_0/inst/g_e584eb07.u_822a997b/u_8329ce29/u_25c793f4/u_8f276c93/g_d4cf40a3[0].u_7d540bc6/u_900d28db/u_e98a63ed/s_ccc4cd2b_reg[4]_1[0]                                |                                                                                                                                                                               |                4 |              8 |         2.00 |
|  DPU_sys_i/clk_wiz_0/inst/clk_out150Mhz        | DPU_sys_i/dpu_eu_0/inst/g_e584eb07.u_822a997b/u_8329ce29/u_25c793f4/u_8f276c93/g_d4cf40a3[0].u_7d540bc6/u_900d28db/u_e98a63ed/s_ccc4cd2b_reg[4][0]                                  |                                                                                                                                                                               |                4 |              8 |         2.00 |
|  DPU_sys_i/clk_wiz_0/inst/clk_out150Mhz        | DPU_sys_i/dpu_eu_0/inst/g_e584eb07.u_822a997b/u_8329ce29/u_25c793f4/u_8f276c93/g_d4cf40a3[0].u_7d540bc6/u_900d28db/u_e98a63ed/s_ccc4cd2b_reg[3]_rep__0_1[0]                         |                                                                                                                                                                               |                4 |              8 |         2.00 |
|  DPU_sys_i/clk_wiz_0/inst/clk_out150Mhz        | DPU_sys_i/dpu_eu_0/inst/g_e584eb07.u_822a997b/u_8329ce29/u_25c793f4/u_8f276c93/g_d4cf40a3[0].u_7d540bc6/u_900d28db/u_e98a63ed/s_ccc4cd2b_reg[3]_rep__0[0]                           |                                                                                                                                                                               |                4 |              8 |         2.00 |
|  DPU_sys_i/clk_wiz_0/inst/clk_out150Mhz        | DPU_sys_i/dpu_eu_0/inst/g_e584eb07.u_822a997b/u_8329ce29/u_25c793f4/u_8f276c93/g_d4cf40a3[0].u_7d540bc6/u_900d28db/u_e98a63ed/s_ccc4cd2b_reg[3]_rep[0]                              |                                                                                                                                                                               |                4 |              8 |         2.00 |
|  DPU_sys_i/clk_wiz_0/inst/clk_out150Mhz        |                                                                                                                                                                                     | DPU_sys_i/dpu_eu_0/inst/g_e584eb07.u_822a997b/u_8329ce29/u_5e95f3e2/u_1134bd62/u_8b08e93b/g_0a74d9c6[3].s_67e5c76a[7]_i_1_n_0                                                 |                2 |              8 |         4.00 |
|  DPU_sys_i/clk_wiz_0/inst/clk_out150Mhz        | DPU_sys_i/dpu_eu_0/inst/g_e584eb07.u_822a997b/u_8329ce29/u_25c793f4/u_8f276c93/g_d4cf40a3[0].u_7d540bc6/u_900d28db/u_e98a63ed/s_ccc4cd2b_reg[4]_4[0]                                |                                                                                                                                                                               |                5 |              8 |         1.60 |
|  DPU_sys_i/clk_wiz_0/inst/clk_out150Mhz        | DPU_sys_i/dpu_eu_0/inst/g_e584eb07.u_822a997b/u_8329ce29/u_25c793f4/u_8f276c93/g_d4cf40a3[0].u_7d540bc6/u_900d28db/u_e98a63ed/s_ccc4cd2b_reg[4]_rep[0]                              |                                                                                                                                                                               |                3 |              8 |         2.67 |
|  DPU_sys_i/clk_wiz_0/inst/clk_out300Mhz        | DPU_sys_i/dpu_eu_0/inst/g_e584eb07.u_822a997b/u_8329ce29/u_3aa346a2/u_dcd815c9/u_6c52c68e/g_7b54f91e[4].g_07af5fd4[0].g_9aa100cb[2].u_a326a45b/g_6779d86c[0].s_9983bf1b             |                                                                                                                                                                               |                1 |              8 |         8.00 |
|  DPU_sys_i/clk_wiz_0/inst/clk_out150Mhz        | DPU_sys_i/dpu_eu_0/inst/g_e584eb07.u_822a997b/u_8329ce29/u_d185dc89/u_1c8d8ad4/u_4d784d88/u_38d90bdc/u_c2b52391/s_cdb90339_reg[0]                                                   |                                                                                                                                                                               |                1 |              8 |         8.00 |
|  DPU_sys_i/clk_wiz_0/inst/clk_out150Mhz        | DPU_sys_i/dpu_eu_0/inst/g_e584eb07.u_822a997b/u_8329ce29/u_25c793f4/u_8f276c93/g_d4cf40a3[0].u_7d540bc6/u_900d28db/u_e98a63ed/s_ccc4cd2b_reg[4]_rep_1[0]                            |                                                                                                                                                                               |                3 |              8 |         2.67 |
|  DPU_sys_i/clk_wiz_0/inst/clk_out150Mhz        | DPU_sys_i/dpu_eu_0/inst/g_e584eb07.u_822a997b/u_8329ce29/u_25c793f4/u_8f276c93/g_d4cf40a3[0].u_7d540bc6/u_900d28db/u_e98a63ed/s_ccc4cd2b_reg[4]_3[0]                                |                                                                                                                                                                               |                3 |              8 |         2.67 |
|  DPU_sys_i/clk_wiz_0/inst/clk_out150Mhz        | DPU_sys_i/dpu_eu_0/inst/g_e584eb07.u_822a997b/u_8329ce29/u_25c793f4/u_8f276c93/g_d4cf40a3[0].u_7d540bc6/u_900d28db/u_e98a63ed/s_ccc4cd2b_reg[4]_rep_0[0]                            |                                                                                                                                                                               |                3 |              8 |         2.67 |
|  DPU_sys_i/clk_wiz_0/inst/clk_out150Mhz        | DPU_sys_i/dpu_eu_0/inst/g_e584eb07.u_822a997b/u_8329ce29/u_d185dc89/u_1c8d8ad4/u_6c17acc6/g_4af77840[0].u_b5877907/u_c2b52391/p_0_in[1]                                             |                                                                                                                                                                               |                1 |              8 |         8.00 |
|  DPU_sys_i/clk_wiz_0/inst/clk_out150Mhz        | DPU_sys_i/dpu_eu_0/inst/g_e584eb07.u_822a997b/u_8329ce29/u_25c793f4/u_9675376f/dpu0_m_axi_data1_bvalid_0[0]                                                                         |                                                                                                                                                                               |                2 |              9 |         4.50 |
|  DPU_sys_i/clk_wiz_0/inst/clk_out150Mhz        | DPU_sys_i/dpu_eu_0/inst/g_e584eb07.u_822a997b/u_8329ce29/u_25c793f4/u_9488a2c1/dpu0_m_axi_data0_bvalid_0[0]                                                                         |                                                                                                                                                                               |                2 |              9 |         4.50 |
|  DPU_sys_i/clk_wiz_0/inst/clk_out150Mhz        | DPU_sys_i/dpu_eu_0/inst/g_e584eb07.u_822a997b/u_8329ce29/u_25c793f4/u_8f276c93/g_d4cf40a3[1].u_7d540bc6/u_900d28db/s_6ca74d0e[11]_i_1__0_n_0                                        | DPU_sys_i/dpu_eu_0/inst/g_e584eb07.u_822a997b/u_8329ce29/u_4314ae56/m_dad332bf/m_41ee7512/SR[0]                                                                               |                3 |              9 |         3.00 |
|  DPU_sys_i/clk_wiz_0/inst/clk_out150Mhz        | DPU_sys_i/dpu_eu_0/inst/g_e584eb07.u_822a997b/u_8329ce29/u_25c793f4/u_8f276c93/g_d4cf40a3[0].u_7d540bc6/u_900d28db/s_6ca74d0e[11]_i_1_n_0                                           | DPU_sys_i/dpu_eu_0/inst/g_e584eb07.u_822a997b/u_8329ce29/u_4314ae56/m_dad332bf/m_41ee7512/SR[0]                                                                               |                3 |              9 |         3.00 |
|  DPU_sys_i/clk_wiz_0/inst/clk_out150Mhz        | DPU_sys_i/dpu_eu_0/inst/g_e584eb07.u_822a997b/u_8329ce29/u_d185dc89/u_1c8d8ad4/u_33113ce4/s_cdd73aaf[39]_i_1_n_0                                                                    | DPU_sys_i/dpu_eu_0/inst/g_e584eb07.u_822a997b/u_8329ce29/u_d185dc89/u_1c8d8ad4/u_33113ce4/s_cdd73aaf[11]_i_1_n_0                                                              |                3 |              9 |         3.00 |
|  DPU_sys_i/clk_wiz_0/inst/clk_out150Mhz        | DPU_sys_i/dpu_eu_0/inst/g_e584eb07.u_822a997b/u_8329ce29/u_4314ae56/u_fcfb07e1/g_2b070d9a[1].s_36cc4b22[9]_i_2_n_0                                                                  | DPU_sys_i/dpu_eu_0/inst/g_e584eb07.u_822a997b/u_8329ce29/u_4314ae56/u_fcfb07e1/g_2b070d9a[1].s_36cc4b22[9]_i_1_n_0                                                            |                2 |             10 |         5.00 |
|  DPU_sys_i/clk_wiz_0/inst/clk_out150Mhz        | DPU_sys_i/dpu_eu_0/inst/g_e584eb07.u_822a997b/u_8329ce29/u_4314ae56/u_fcfb07e1/g_2b070d9a[0].s_36cc4b22[9]_i_2_n_0                                                                  | DPU_sys_i/dpu_eu_0/inst/g_e584eb07.u_822a997b/u_8329ce29/u_4314ae56/u_fcfb07e1/g_2b070d9a[0].s_36cc4b22[9]_i_1_n_0                                                            |                2 |             10 |         5.00 |
|  DPU_sys_i/clk_wiz_0/inst/clk_out150Mhz        | DPU_sys_i/dpu_eu_0/inst/g_e584eb07.u_822a997b/u_8329ce29/u_4314ae56/u_c264af15/g_c6859d57[1].u_efb10811/u_c2b52391/g_c6859d57[1].s_3593aff8_reg_3[0]                                | DPU_sys_i/dpu_eu_0/inst/g_e584eb07.u_822a997b/u_8329ce29/u_4314ae56/m_dad332bf/m_41ee7512/SR[0]                                                                               |                3 |             10 |         3.33 |
|  DPU_sys_i/clk_wiz_0/inst/clk_out150Mhz        | DPU_sys_i/dpu_eu_0/inst/g_e584eb07.u_822a997b/u_8329ce29/u_4314ae56/u_c264af15/g_c6859d57[0].u_efb10811/u_c2b52391/g_c6859d57[0].s_3e069802_reg[0]_0                                | DPU_sys_i/dpu_eu_0/inst/g_e584eb07.u_822a997b/u_8329ce29/u_4314ae56/m_dad332bf/m_41ee7512/SR[0]                                                                               |                3 |             10 |         3.33 |
|  DPU_sys_i/clk_wiz_0/inst/clk_out150Mhz        | DPU_sys_i/dpu_eu_0/inst/g_e584eb07.u_822a997b/u_8329ce29/u_4314ae56/m_dad332bf/m_705b8e64/g_be0756b3[1].u_565c7de2/g_be0756b3[1].s_47e4cdbc_reg[0]_3                                | DPU_sys_i/dpu_eu_0/inst/g_e584eb07.u_822a997b/u_8329ce29/u_4314ae56/m_dad332bf/m_705b8e64/g_be0756b3[1].u_565c7de2/g_be0756b3[1].s_385c12d0_reg_3                             |                2 |             10 |         5.00 |
|  DPU_sys_i/clk_wiz_0/inst/clk_out150Mhz        | DPU_sys_i/dpu_eu_0/inst/g_e584eb07.u_822a997b/u_8329ce29/u_4314ae56/m_dad332bf/m_705b8e64/g_be0756b3[0].u_565c7de2/g_be0756b3[0].s_ad2afb43_reg                                     | DPU_sys_i/dpu_eu_0/inst/g_e584eb07.u_822a997b/u_8329ce29/u_4314ae56/m_dad332bf/m_705b8e64/g_be0756b3[0].u_565c7de2/g_e584eb07.s_73c644f6_reg_0                                |                3 |             10 |         3.33 |
|  DPU_sys_i/clk_wiz_0/inst/clk_out150Mhz        | DPU_sys_i/dpu_eu_0/inst/g_e584eb07.u_822a997b/u_8329ce29/u_25c793f4/u_8f276c93/g_d4cf40a3[1].u_7d540bc6/i___2_n_0                                                                   | DPU_sys_i/dpu_eu_0/inst/g_e584eb07.u_822a997b/u_8329ce29/u_4314ae56/m_dad332bf/m_41ee7512/SR[0]                                                                               |                3 |             10 |         3.33 |
|  DPU_sys_i/clk_wiz_0/inst/clk_out150Mhz        | DPU_sys_i/dpu_eu_0/inst/g_e584eb07.u_822a997b/u_8329ce29/u_25c793f4/u_8f276c93/g_d4cf40a3[0].u_aa097d77/s_a3b033fb[9]_i_2_n_0                                                       | DPU_sys_i/dpu_eu_0/inst/g_e584eb07.u_822a997b/u_8329ce29/u_25c793f4/u_8f276c93/g_d4cf40a3[0].u_aa097d77/s_a3b033fb[9]_i_1_n_0                                                 |                2 |             10 |         5.00 |
|  DPU_sys_i/clk_wiz_0/inst/clk_out150Mhz        | DPU_sys_i/dpu_eu_0/inst/g_e584eb07.u_822a997b/u_8329ce29/u_25c793f4/u_8f276c93/g_d4cf40a3[1].u_7d540bc6/u_23aada30/s_a5e80529__0                                                    | DPU_sys_i/dpu_eu_0/inst/g_e584eb07.u_822a997b/u_8329ce29/u_25c793f4/u_8f276c93/g_d4cf40a3[1].u_7d540bc6/u_23aada30/s_a5e80529[9]_i_1__0_n_0                                   |                2 |             10 |         5.00 |
|  DPU_sys_i/clk_wiz_0/inst/clk_out150Mhz        | DPU_sys_i/dpu_eu_0/inst/g_e584eb07.u_822a997b/u_8329ce29/u_25c793f4/u_8f276c93/g_d4cf40a3[0].u_aa097d77/s_8a287129_reg[2]_0[0]                                                      | DPU_sys_i/dpu_eu_0/inst/g_e584eb07.u_822a997b/u_8329ce29/u_25c793f4/u_8f276c93/g_d4cf40a3[0].u_aa097d77/s_8a287129_reg[2]_1[0]                                                |                3 |             10 |         3.33 |
|  DPU_sys_i/clk_wiz_0/inst/clk_out150Mhz        | DPU_sys_i/dpu_eu_0/inst/g_e584eb07.u_822a997b/u_8329ce29/u_25c793f4/u_8f276c93/g_d4cf40a3[0].u_aa097d77/s_8a287129_reg[1]_0[0]                                                      | DPU_sys_i/dpu_eu_0/inst/g_e584eb07.u_822a997b/u_8329ce29/u_25c793f4/u_8f276c93/g_d4cf40a3[0].u_aa097d77/SR[0]                                                                 |                2 |             10 |         5.00 |
|  DPU_sys_i/clk_wiz_0/inst/clk_out150Mhz        | DPU_sys_i/dpu_eu_0/inst/g_e584eb07.u_822a997b/u_8329ce29/u_25c793f4/u_8f276c93/g_d4cf40a3[1].u_aa097d77/s_a3b033fb[9]_i_2__0_n_0                                                    | DPU_sys_i/dpu_eu_0/inst/g_e584eb07.u_822a997b/u_8329ce29/u_25c793f4/u_8f276c93/g_d4cf40a3[1].u_aa097d77/s_a3b033fb[9]_i_1__0_n_0                                              |                2 |             10 |         5.00 |
|  DPU_sys_i/clk_wiz_0/inst/clk_out150Mhz        | DPU_sys_i/dpu_eu_0/inst/g_e584eb07.u_822a997b/u_8329ce29/u_25c793f4/u_8f276c93/g_d4cf40a3[0].u_7d540bc6/i___2_n_0                                                                   | DPU_sys_i/dpu_eu_0/inst/g_e584eb07.u_822a997b/u_8329ce29/u_4314ae56/m_dad332bf/m_41ee7512/SR[0]                                                                               |                2 |             10 |         5.00 |
|  DPU_sys_i/clk_wiz_0/inst/clk_out150Mhz        | DPU_sys_i/dpu_eu_0/inst/g_e584eb07.u_822a997b/u_8329ce29/u_25c793f4/u_8f276c93/g_d4cf40a3[0].u_7d540bc6/u_23aada30/s_a5e80529__0                                                    | DPU_sys_i/dpu_eu_0/inst/g_e584eb07.u_822a997b/u_8329ce29/u_25c793f4/u_8f276c93/g_d4cf40a3[0].u_7d540bc6/u_23aada30/s_a5e80529[9]_i_1_n_0                                      |                2 |             10 |         5.00 |
|  DPU_sys_i/clk_wiz_0/inst/clk_out150Mhz        | DPU_sys_i/dpu_eu_0/inst/g_e584eb07.u_822a997b/u_8329ce29/u_5e95f3e2/u_55dd7bd4/u_c42f5c45/s_728ab622                                                                                | DPU_sys_i/dpu_eu_0/inst/g_e584eb07.u_822a997b/u_8329ce29/u_4314ae56/m_dad332bf/m_41ee7512/SR[0]                                                                               |                2 |             10 |         5.00 |
|  DPU_sys_i/clk_wiz_0/inst/clk_out150Mhz        | DPU_sys_i/dpu_eu_0/inst/g_e584eb07.u_822a997b/u_8329ce29/u_d185dc89/u_1c8d8ad4/u_87e1526d/s_acb6c7fd_reg_0[0]                                                                       |                                                                                                                                                                               |                3 |             10 |         3.33 |
|  DPU_sys_i/clk_wiz_0/inst/clk_out150Mhz        | DPU_sys_i/dpu_eu_0/inst/g_e584eb07.u_822a997b/u_8329ce29/u_5e95f3e2/u_55dd7bd4/u_c1aeae19/u_c2b52391/E[0]                                                                           | DPU_sys_i/dpu_eu_0/inst/g_e584eb07.u_822a997b/u_8329ce29/u_4314ae56/m_dad332bf/m_41ee7512/SR[0]                                                                               |                2 |             10 |         5.00 |
|  DPU_sys_i/clk_wiz_0/inst/clk_out150Mhz        | DPU_sys_i/dpu_eu_0/inst/g_e584eb07.u_822a997b/u_8329ce29/u_5e95f3e2/u_55dd7bd4/u_c1aeae19/s_dfbad1d5[9]_i_1_n_0                                                                     | DPU_sys_i/dpu_eu_0/inst/g_e584eb07.u_822a997b/u_8329ce29/u_4314ae56/m_dad332bf/m_41ee7512/SR[0]                                                                               |                4 |             10 |         2.50 |
|  DPU_sys_i/clk_wiz_0/inst/clk_out150Mhz        | DPU_sys_i/dpu_eu_0/inst/g_e584eb07.u_822a997b/u_8329ce29/u_4314ae56/m_dad332bf/m_705b8e64/g_be0756b3[1].s_376e7110[1][10]_i_1_n_0                                                   |                                                                                                                                                                               |                3 |             11 |         3.67 |
|  DPU_sys_i/clk_wiz_0/inst/clk_out150Mhz        | DPU_sys_i/dpu_eu_0/inst/g_e584eb07.u_822a997b/u_8329ce29/u_4314ae56/m_dad332bf/m_705b8e64/g_be0756b3[1].s_57c35ce8[10]_i_1_n_0                                                      |                                                                                                                                                                               |                3 |             11 |         3.67 |
|  DPU_sys_i/clk_wiz_0/inst/clk_out150Mhz        | DPU_sys_i/dpu_eu_0/inst/g_e584eb07.u_822a997b/u_8329ce29/u_4314ae56/m_dad332bf/m_705b8e64/g_be0756b3[1].s_88863b11[1][10]_i_1_n_0                                                   |                                                                                                                                                                               |                3 |             11 |         3.67 |
|  DPU_sys_i/clk_wiz_0/inst/clk_out150Mhz        | DPU_sys_i/dpu_eu_0/inst/g_e584eb07.u_822a997b/u_8329ce29/u_4314ae56/m_dad332bf/m_705b8e64/g_be0756b3[1].s_890f6521[1][10]_i_1_n_0                                                   |                                                                                                                                                                               |                3 |             11 |         3.67 |
|  DPU_sys_i/clk_wiz_0/inst/clk_out150Mhz        | DPU_sys_i/dpu_eu_0/inst/g_e584eb07.u_822a997b/u_8329ce29/u_4314ae56/u_c264af15/g_c6859d57[0].u_efb10811/u_c2b52391/s_f9de5723_reg[33]_0                                             | DPU_sys_i/dpu_eu_0/inst/g_e584eb07.u_822a997b/u_8329ce29/u_4314ae56/u_c264af15/g_c6859d57[0].u_efb10811/u_c2b52391/s_6c37cafa_reg                                             |                2 |             11 |         5.50 |
|  DPU_sys_i/clk_wiz_0/inst/clk_out150Mhz        | DPU_sys_i/dpu_eu_0/inst/g_e584eb07.u_822a997b/u_8329ce29/u_5e95f3e2/u_1134bd62/inst_rd_pool_img/u_08bcc94c/u_d69eca3d/u_c2b52391/E[0]                                               | DPU_sys_i/dpu_eu_0/inst/g_e584eb07.u_822a997b/u_8329ce29/u_4314ae56/m_dad332bf/m_41ee7512/SR[0]                                                                               |                3 |             11 |         3.67 |
|  DPU_sys_i/clk_wiz_0/inst/clk_out150Mhz        | DPU_sys_i/dpu_eu_0/inst/g_e584eb07.u_822a997b/u_8329ce29/u_5e95f3e2/u_1134bd62/inst_rd_pool_img/u_08bcc94c/u_d69eca3d/u_c2b52391/s_f9de5723_reg[6]_0[0]                             | DPU_sys_i/dpu_eu_0/inst/g_e584eb07.u_822a997b/u_8329ce29/u_4314ae56/m_dad332bf/m_41ee7512/SR[0]                                                                               |                3 |             11 |         3.67 |
|  DPU_sys_i/clk_wiz_0/inst/clk_out150Mhz        | DPU_sys_i/dpu_eu_0/inst/g_e584eb07.u_822a997b/u_8329ce29/u_5e95f3e2/u_1134bd62/inst_rd_pool_img/u_154bcbd4/s_74793180                                                               |                                                                                                                                                                               |                3 |             11 |         3.67 |
|  DPU_sys_i/clk_wiz_0/inst/clk_out150Mhz        | DPU_sys_i/dpu_eu_0/inst/g_e584eb07.u_822a997b/u_8329ce29/u_5e95f3e2/u_1134bd62/inst_rd_pool_img/u_6f2ee474/g_33d1faa8[1].s_fad5150d[1][10]_i_2__0_n_0                               | DPU_sys_i/dpu_eu_0/inst/g_e584eb07.u_822a997b/u_8329ce29/u_5e95f3e2/u_1134bd62/u_be4ea361/s_b3bfbcd7_reg_1[0]                                                                 |                3 |             11 |         3.67 |
|  DPU_sys_i/clk_wiz_0/inst/clk_out150Mhz        | DPU_sys_i/dpu_eu_0/inst/g_e584eb07.u_822a997b/u_8329ce29/u_5e95f3e2/u_1134bd62/inst_rd_pool_img/u_6f2ee474/g_33d1faa8[2].s_fad5150d[2][10]_i_1__0_n_0                               | DPU_sys_i/dpu_eu_0/inst/g_e584eb07.u_822a997b/u_8329ce29/u_5e95f3e2/u_1134bd62/u_be4ea361/s_b3bfbcd7_reg_1[0]                                                                 |                3 |             11 |         3.67 |
|  DPU_sys_i/clk_wiz_0/inst/clk_out150Mhz        | DPU_sys_i/dpu_eu_0/inst/g_e584eb07.u_822a997b/u_8329ce29/u_5e95f3e2/u_1134bd62/inst_rd_pool_img/u_6f2ee474/g_33d1faa8[3].s_fad5150d[3][10]_i_1__0_n_0                               | DPU_sys_i/dpu_eu_0/inst/g_e584eb07.u_822a997b/u_8329ce29/u_5e95f3e2/u_1134bd62/u_be4ea361/s_b3bfbcd7_reg_1[0]                                                                 |                3 |             11 |         3.67 |
|  DPU_sys_i/clk_wiz_0/inst/clk_out150Mhz        | DPU_sys_i/dpu_eu_0/inst/g_e584eb07.u_822a997b/u_8329ce29/u_5e95f3e2/u_1134bd62/inst_rd_pool_img/u_6f2ee474/s_f58cfb85[1][10]_i_1__0_n_0                                             | DPU_sys_i/dpu_eu_0/inst/g_e584eb07.u_822a997b/u_8329ce29/u_5e95f3e2/u_1134bd62/u_be4ea361/s_b3bfbcd7_reg_1[0]                                                                 |                3 |             11 |         3.67 |
|  DPU_sys_i/clk_wiz_0/inst/clk_out150Mhz        | DPU_sys_i/dpu_eu_0/inst/g_e584eb07.u_822a997b/u_8329ce29/u_5e95f3e2/u_1134bd62/inst_rd_pool_img/u_e516a241/Q[0]                                                                     | DPU_sys_i/dpu_eu_0/inst/g_e584eb07.u_822a997b/u_8329ce29/u_5e95f3e2/u_1134bd62/inst_rd_pool_img/u_e516a241/u_551e89c8/s_fbd3a509[10]_i_1__0_n_0                               |                2 |             11 |         5.50 |
|  DPU_sys_i/clk_wiz_0/inst/clk_out150Mhz        | DPU_sys_i/dpu_eu_0/inst/g_e584eb07.u_822a997b/u_8329ce29/u_5e95f3e2/u_1134bd62/inst_rd_pool_img/u_e516a241/Q[0]                                                                     | DPU_sys_i/dpu_eu_0/inst/g_e584eb07.u_822a997b/u_8329ce29/u_5e95f3e2/u_1134bd62/u_be4ea361/s_b3bfbcd7_reg_1[0]                                                                 |                3 |             11 |         3.67 |
|  DPU_sys_i/clk_wiz_0/inst/clk_out150Mhz        | DPU_sys_i/dpu_eu_0/inst/g_e584eb07.u_822a997b/u_8329ce29/u_5e95f3e2/u_1134bd62/inst_rd_pool_img/u_e516a241/Q[0]                                                                     | DPU_sys_i/dpu_eu_0/inst/g_e584eb07.u_822a997b/u_8329ce29/u_5e95f3e2/u_1134bd62/s_047b289e[5]                                                                                  |                3 |             11 |         3.67 |
|  DPU_sys_i/clk_wiz_0/inst/clk_out150Mhz        | DPU_sys_i/dpu_eu_0/inst/g_e584eb07.u_822a997b/u_8329ce29/u_5e95f3e2/u_1134bd62/inst_rd_pool_img/u_e516a241/E[0]                                                                     | DPU_sys_i/dpu_eu_0/inst/g_e584eb07.u_822a997b/u_8329ce29/u_5e95f3e2/u_1134bd62/inst_rd_pool_img/u_e516a241/s_8d617399_reg[0]_1[0]                                             |                3 |             11 |         3.67 |
|  DPU_sys_i/clk_wiz_0/inst/clk_out150Mhz        | DPU_sys_i/dpu_eu_0/inst/g_e584eb07.u_822a997b/u_8329ce29/u_5e95f3e2/u_1134bd62/inst_rd_pool_img/u_e516a241/s_9f0d5427[0]                                                            | DPU_sys_i/dpu_eu_0/inst/g_e584eb07.u_822a997b/u_8329ce29/u_5e95f3e2/u_1134bd62/inst_rd_pool_img/u_e516a241/s_8d617399_reg[0]_0[0]                                             |                3 |             11 |         3.67 |
|  DPU_sys_i/clk_wiz_0/inst/clk_out150Mhz        | DPU_sys_i/dpu_eu_0/inst/g_e584eb07.u_822a997b/u_8329ce29/u_5e95f3e2/u_1134bd62/u_be4ea361/s_b3bfbcd7_reg_0                                                                          |                                                                                                                                                                               |                3 |             11 |         3.67 |
|  DPU_sys_i/clk_wiz_0/inst/clk_out150Mhz        |                                                                                                                                                                                     | DPU_sys_i/dpu_eu_0/inst/g_e584eb07.u_822a997b/u_8329ce29/u_3aa346a2/u_402ff78a/s_f7c1dea1[10]_i_1_n_0                                                                         |                3 |             11 |         3.67 |
|  DPU_sys_i/clk_wiz_0/inst/clk_out150Mhz        | DPU_sys_i/dpu_eu_0/inst/g_e584eb07.u_822a997b/u_8329ce29/u_5e95f3e2/u_55dd7bd4/u_125dad96/g_7a0353b0[4].g_a34448e5.s_8b512823_reg[4][0]__0_0[0]                                     | DPU_sys_i/dpu_eu_0/inst/g_e584eb07.u_822a997b/u_8329ce29/u_5e95f3e2/u_55dd7bd4/u_43882116/s_e443fc5f_0                                                                        |                3 |             11 |         3.67 |
|  DPU_sys_i/clk_wiz_0/inst/clk_out150Mhz        | DPU_sys_i/dpu_eu_0/inst/g_e584eb07.u_822a997b/u_8329ce29/u_5e95f3e2/u_55dd7bd4/u_43882116/s_0e8f7754                                                                                | DPU_sys_i/dpu_eu_0/inst/g_e584eb07.u_822a997b/u_8329ce29/u_5e95f3e2/u_55dd7bd4/u_125dad96/SR[0]                                                                               |                3 |             11 |         3.67 |
|  DPU_sys_i/clk_wiz_0/inst/clk_out150Mhz        | DPU_sys_i/dpu_eu_0/inst/g_e584eb07.u_822a997b/u_8329ce29/u_5e95f3e2/u_55dd7bd4/u_43882116/s_0e8f7754                                                                                | DPU_sys_i/dpu_eu_0/inst/g_e584eb07.u_822a997b/u_8329ce29/u_5e95f3e2/u_55dd7bd4/s_8644e047[10]_i_1_n_0                                                                         |                2 |             11 |         5.50 |
|  DPU_sys_i/clk_wiz_0/inst/clk_out150Mhz        | DPU_sys_i/dpu_eu_0/inst/g_e584eb07.u_822a997b/u_8329ce29/u_5e95f3e2/u_55dd7bd4/u_43882116/E[0]                                                                                      | DPU_sys_i/dpu_eu_0/inst/g_e584eb07.u_822a997b/u_8329ce29/u_5e95f3e2/u_55dd7bd4/u_125dad96/s_2480248e                                                                          |                3 |             11 |         3.67 |
|  DPU_sys_i/clk_wiz_0/inst/clk_out150Mhz        |                                                                                                                                                                                     | DPU_sys_i/dpu_eu_0/inst/g_e584eb07.u_822a997b/u_8329ce29/u_3aa346a2/u_402ff78a/s_e3044e11_reg[0]_1                                                                            |                2 |             11 |         5.50 |
|  DPU_sys_i/clk_wiz_0/inst/clk_out150Mhz        | DPU_sys_i/dpu_eu_0/inst/g_e584eb07.u_822a997b/u_8329ce29/u_5e95f3e2/u_55dd7bd4/u_c1aeae19/u_c2b52391/s_6c37cafa_reg[0]                                                              | DPU_sys_i/dpu_eu_0/inst/g_e584eb07.u_822a997b/u_8329ce29/u_5e95f3e2/u_55dd7bd4/s_6c383128                                                                                     |                2 |             11 |         5.50 |
|  DPU_sys_i/clk_wiz_0/inst/clk_out150Mhz        |                                                                                                                                                                                     | DPU_sys_i/dpu_eu_0/inst/g_e584eb07.u_822a997b/u_8329ce29/u_3aa346a2/u_402ff78a/s_e3044e11_reg[0]_0                                                                            |                3 |             11 |         3.67 |
|  DPU_sys_i/clk_wiz_0/inst/clk_out150Mhz        |                                                                                                                                                                                     | DPU_sys_i/dpu_eu_0/inst/g_e584eb07.u_822a997b/u_8329ce29/u_3aa346a2/u_402ff78a/s_e3044e11_reg[2]_0[1]                                                                         |                2 |             11 |         5.50 |
|  DPU_sys_i/clk_wiz_0/inst/clk_out150Mhz        | DPU_sys_i/dpu_eu_0/inst/g_e584eb07.u_822a997b/u_8329ce29/u_5e95f3e2/u_1134bd62/inst_rd_pool_img/u_08bcc94c/u_d69eca3d/u_c2b52391/s_f9de5723_reg[6]_1[0]                             | DPU_sys_i/dpu_eu_0/inst/g_e584eb07.u_822a997b/u_8329ce29/u_4314ae56/m_dad332bf/m_41ee7512/SR[0]                                                                               |                3 |             11 |         3.67 |
|  DPU_sys_i/clk_wiz_0/inst/clk_out150Mhz        | DPU_sys_i/dpu_eu_0/inst/g_e584eb07.u_822a997b/u_8329ce29/u_5e95f3e2/u_d8bbec23/u_b58dc603/E[0]                                                                                      | DPU_sys_i/dpu_eu_0/inst/g_e584eb07.u_822a997b/u_8329ce29/u_5e95f3e2/u_55dd7bd4/s_58dff95a[10]_i_1_n_0                                                                         |                2 |             11 |         5.50 |
|  DPU_sys_i/clk_wiz_0/inst/clk_out150Mhz        | DPU_sys_i/dpu_eu_0/inst/g_e584eb07.u_822a997b/u_8329ce29/u_5e95f3e2/u_d8bbec23/u_d27473f1/s_033a8cd8[10]_i_1_n_0                                                                    |                                                                                                                                                                               |                3 |             11 |         3.67 |
|  DPU_sys_i/clk_wiz_0/inst/clk_out150Mhz        | DPU_sys_i/dpu_eu_0/inst/g_e584eb07.u_822a997b/u_8329ce29/u_5e95f3e2/u_d8bbec23/u_d27473f1/s_1c359aa0[10]_i_1_n_0                                                                    |                                                                                                                                                                               |                3 |             11 |         3.67 |
|  DPU_sys_i/clk_wiz_0/inst/clk_out150Mhz        |                                                                                                                                                                                     | DPU_sys_i/dpu_eu_0/inst/g_e584eb07.u_822a997b/u_8329ce29/u_5e95f3e2/u_1134bd62/u_be4ea361/s_aeebce99_reg[0]_1                                                                 |                2 |             11 |         5.50 |
|  DPU_sys_i/clk_wiz_0/inst/clk_out150Mhz        | DPU_sys_i/dpu_eu_0/inst/g_e584eb07.u_822a997b/u_8329ce29/u_5e95f3e2/u_d8bbec23/u_d27473f1/s_46cc8130[10]_i_1_n_0                                                                    |                                                                                                                                                                               |                3 |             11 |         3.67 |
|  DPU_sys_i/clk_wiz_0/inst/clk_out150Mhz        | DPU_sys_i/dpu_eu_0/inst/g_e584eb07.u_822a997b/u_8329ce29/u_5e95f3e2/u_d8bbec23/u_d27473f1/s_cb8393eb0__20                                                                           | DPU_sys_i/dpu_eu_0/inst/g_e584eb07.u_822a997b/u_8329ce29/u_5e95f3e2/u_d8bbec23/u_d27473f1/s_cb8393eb[10]_i_1_n_0                                                              |                2 |             11 |         5.50 |
|  DPU_sys_i/clk_wiz_0/inst/clk_out150Mhz        | DPU_sys_i/dpu_eu_0/inst/g_e584eb07.u_822a997b/u_8329ce29/u_5e95f3e2/u_d8bbec23/u_d27473f1/s_f8f4ba8f[10]_i_1_n_0                                                                    |                                                                                                                                                                               |                3 |             11 |         3.67 |
|  DPU_sys_i/clk_wiz_0/inst/clk_out150Mhz        |                                                                                                                                                                                     | DPU_sys_i/dpu_eu_0/inst/g_e584eb07.u_822a997b/u_8329ce29/u_5e95f3e2/u_1134bd62/u_be4ea361/s_aeebce99_reg[0]_0                                                                 |                2 |             11 |         5.50 |
|  DPU_sys_i/clk_wiz_0/inst/clk_out150Mhz        |                                                                                                                                                                                     | DPU_sys_i/dpu_eu_0/inst/g_e584eb07.u_822a997b/u_8329ce29/u_5e95f3e2/u_1134bd62/u_be4ea361/s_fad21065[10]_i_1_n_0                                                              |                3 |             11 |         3.67 |
|  DPU_sys_i/clk_wiz_0/inst/clk_out150Mhz        | DPU_sys_i/dpu_eu_0/inst/g_e584eb07.u_822a997b/u_8329ce29/u_25c793f4/u_8f276c93/g_d4cf40a3[0].u_7d540bc6/u_900d28db/u_e98a63ed/sel[0]                                                | DPU_sys_i/dpu_eu_0/inst/g_e584eb07.u_822a997b/u_8329ce29/u_25c793f4/u_8f276c93/g_d4cf40a3[0].u_7d540bc6/u_900d28db/u_e98a63ed/s_0972da70_reg[4]                               |                3 |             11 |         3.67 |
|  DPU_sys_i/clk_wiz_0/inst/clk_out150Mhz        | DPU_sys_i/dpu_eu_0/inst/g_e584eb07.u_822a997b/u_8329ce29/u_030d789c/u_06e6ba5a/g_64cdfbca[1].u_d4d6c03f/g_9e5ab1fb.u_a7dfcfe5/g_2c1b3bfa.s_97980d830                                |                                                                                                                                                                               |                2 |             11 |         5.50 |
|  DPU_sys_i/clk_wiz_0/inst/clk_out150Mhz        | DPU_sys_i/dpu_eu_0/inst/g_e584eb07.u_822a997b/u_8329ce29/u_25c793f4/u_8f276c93/g_d4cf40a3[0].u_7d540bc6/u_23aada30/s_0d455e6e                                                       |                                                                                                                                                                               |                3 |             11 |         3.67 |
|  DPU_sys_i/clk_wiz_0/inst/clk_out150Mhz        | DPU_sys_i/dpu_eu_0/inst/g_e584eb07.u_822a997b/u_8329ce29/u_25c793f4/u_8f276c93/g_d4cf40a3[0].u_7d540bc6/u_23aada30/s_87848535__0                                                    |                                                                                                                                                                               |                3 |             11 |         3.67 |
|  DPU_sys_i/clk_wiz_0/inst/clk_out150Mhz        | DPU_sys_i/dpu_eu_0/inst/g_e584eb07.u_822a997b/u_8329ce29/u_25c793f4/u_8f276c93/g_d4cf40a3[0].u_7d540bc6/u_23aada30/s_0765b372__0                                                    | DPU_sys_i/dpu_eu_0/inst/g_e584eb07.u_822a997b/u_8329ce29/u_25c793f4/u_8f276c93/g_d4cf40a3[0].u_7d540bc6/u_23aada30/s_87848535__0                                              |                3 |             11 |         3.67 |
|  DPU_sys_i/clk_wiz_0/inst/clk_out150Mhz        | DPU_sys_i/dpu_eu_0/inst/g_e584eb07.u_822a997b/u_8329ce29/u_25c793f4/u_8f276c93/g_d4cf40a3[0].u_7d540bc6/i___5_n_0                                                                   | DPU_sys_i/dpu_eu_0/inst/g_e584eb07.u_822a997b/u_8329ce29/u_4314ae56/m_dad332bf/m_41ee7512/SR[0]                                                                               |                2 |             11 |         5.50 |
|  DPU_sys_i/clk_wiz_0/inst/clk_out150Mhz        | DPU_sys_i/dpu_eu_0/inst/g_e584eb07.u_822a997b/u_8329ce29/u_25c793f4/u_8f276c93/g_d4cf40a3[1].u_7d540bc6/u_900d28db/u_e98a63ed/g_d1dd9bbb.s_c2e42db3_reg_0                           | DPU_sys_i/dpu_eu_0/inst/g_e584eb07.u_822a997b/u_8329ce29/u_25c793f4/u_8f276c93/g_d4cf40a3[0].u_aa097d77/s_8a287129_reg[4]_2                                                   |                3 |             11 |         3.67 |
|  DPU_sys_i/clk_wiz_0/inst/clk_out150Mhz        | DPU_sys_i/dpu_eu_0/inst/g_e584eb07.u_822a997b/u_8329ce29/u_25c793f4/u_8f276c93/g_d4cf40a3[1].u_7d540bc6/u_23aada30/s_0765b372__0                                                    | DPU_sys_i/dpu_eu_0/inst/g_e584eb07.u_822a997b/u_8329ce29/u_25c793f4/u_8f276c93/g_d4cf40a3[1].u_7d540bc6/u_23aada30/s_87848535__0                                              |                3 |             11 |         3.67 |
|  DPU_sys_i/clk_wiz_0/inst/clk_out150Mhz        | DPU_sys_i/dpu_eu_0/inst/g_e584eb07.u_822a997b/u_8329ce29/u_25c793f4/u_8f276c93/g_d4cf40a3[1].u_7d540bc6/u_23aada30/s_87848535__0                                                    |                                                                                                                                                                               |                3 |             11 |         3.67 |
|  DPU_sys_i/clk_wiz_0/inst/clk_out150Mhz        | DPU_sys_i/dpu_eu_0/inst/g_e584eb07.u_822a997b/u_8329ce29/u_25c793f4/u_8f276c93/g_d4cf40a3[1].u_7d540bc6/u_23aada30/s_0d455e6e                                                       |                                                                                                                                                                               |                3 |             11 |         3.67 |
|  DPU_sys_i/clk_wiz_0/inst/clk_out150Mhz        | DPU_sys_i/dpu_eu_0/inst/g_e584eb07.u_822a997b/u_8329ce29/u_25c793f4/u_8f276c93/g_d4cf40a3[1].u_7d540bc6/i___5_n_0                                                                   | DPU_sys_i/dpu_eu_0/inst/g_e584eb07.u_822a997b/u_8329ce29/u_4314ae56/m_dad332bf/m_41ee7512/SR[0]                                                                               |                3 |             11 |         3.67 |
|  DPU_sys_i/clk_wiz_0/inst/clk_out150Mhz        | DPU_sys_i/dpu_eu_0/inst/g_e584eb07.u_822a997b/u_8329ce29/u_3aa346a2/u_402ff78a/s_ee41b67f                                                                                           |                                                                                                                                                                               |                3 |             11 |         3.67 |
|  DPU_sys_i/clk_wiz_0/inst/clk_out150Mhz        | DPU_sys_i/dpu_eu_0/inst/g_e584eb07.u_822a997b/u_8329ce29/u_3aa346a2/u_402ff78a/g_5c347808.g_78b48482[0].s_b3fb9c55_reg[0]                                                           | DPU_sys_i/dpu_eu_0/inst/g_e584eb07.u_822a997b/u_8329ce29/u_3aa346a2/g_a9f824ad[0].u_bd702dd9/u_8f8aa233/SR[0]                                                                 |                2 |             11 |         5.50 |
|  DPU_sys_i/clk_wiz_0/inst/clk_out150Mhz        | DPU_sys_i/dpu_eu_0/inst/g_e584eb07.u_822a997b/u_8329ce29/u_3aa346a2/u_4fc06dda/u_5e5a7180/u_0602f15c/u_d69eca3d/u_c2b52391/s_17212d40_reg[0]                                        | DPU_sys_i/dpu_eu_0/inst/g_e584eb07.u_822a997b/u_8329ce29/u_4314ae56/m_dad332bf/m_41ee7512/SR[0]                                                                               |                3 |             11 |         3.67 |
|  DPU_sys_i/clk_wiz_0/inst/clk_out150Mhz        | DPU_sys_i/dpu_eu_0/inst/g_e584eb07.u_822a997b/u_8329ce29/u_3aa346a2/u_4fc06dda/u_5e5a7180/u_0602f15c/u_d69eca3d/u_c2b52391/s_17212d40_reg_0[0]                                      | DPU_sys_i/dpu_eu_0/inst/g_e584eb07.u_822a997b/u_8329ce29/u_4314ae56/m_dad332bf/m_41ee7512/SR[0]                                                                               |                3 |             11 |         3.67 |
|  DPU_sys_i/clk_wiz_0/inst/clk_out150Mhz        | DPU_sys_i/dpu_eu_0/inst/g_e584eb07.u_822a997b/u_8329ce29/u_3aa346a2/u_4fc06dda/u_5e5a7180/u_1bcf02f8/E[0]                                                                           | DPU_sys_i/dpu_eu_0/inst/g_e584eb07.u_822a997b/u_8329ce29/u_3aa346a2/u_4fc06dda/u_5e5a7180/u_1bcf02f8/s_e8b6e6e5_reg[0]_0[0]                                                   |                3 |             11 |         3.67 |
|  DPU_sys_i/clk_wiz_0/inst/clk_out150Mhz        | DPU_sys_i/dpu_eu_0/inst/g_e584eb07.u_822a997b/u_8329ce29/u_3aa346a2/u_4fc06dda/u_5e5a7180/u_1bcf02f8/Q[0]                                                                           | DPU_sys_i/dpu_eu_0/inst/g_e584eb07.u_822a997b/u_8329ce29/u_3aa346a2/u_402ff78a/SR[0]                                                                                          |                3 |             11 |         3.67 |
|  DPU_sys_i/clk_wiz_0/inst/clk_out150Mhz        | DPU_sys_i/dpu_eu_0/inst/g_e584eb07.u_822a997b/u_8329ce29/u_3aa346a2/u_4fc06dda/u_5e5a7180/u_1bcf02f8/Q[0]                                                                           | DPU_sys_i/dpu_eu_0/inst/g_e584eb07.u_822a997b/u_8329ce29/u_3aa346a2/u_4fc06dda/u_5e5a7180/u_1bcf02f8/u_ae83314f/s_fbd3a509[10]_i_1_n_0                                        |                2 |             11 |         5.50 |
|  DPU_sys_i/clk_wiz_0/inst/clk_out150Mhz        | DPU_sys_i/dpu_eu_0/inst/g_e584eb07.u_822a997b/u_8329ce29/u_3aa346a2/u_4fc06dda/u_5e5a7180/u_1bcf02f8/Q[0]                                                                           | DPU_sys_i/dpu_eu_0/inst/g_e584eb07.u_822a997b/u_8329ce29/u_3aa346a2/u_4fc06dda/s_1628753e                                                                                     |                3 |             11 |         3.67 |
|  DPU_sys_i/clk_wiz_0/inst/clk_out150Mhz        | DPU_sys_i/dpu_eu_0/inst/g_e584eb07.u_822a997b/u_8329ce29/u_3aa346a2/u_4fc06dda/u_5e5a7180/u_1bcf02f8/s_e77a2139[0]                                                                  | DPU_sys_i/dpu_eu_0/inst/g_e584eb07.u_822a997b/u_8329ce29/u_3aa346a2/u_4fc06dda/u_5e5a7180/u_1bcf02f8/SR[0]                                                                    |                3 |             11 |         3.67 |
|  DPU_sys_i/clk_wiz_0/inst/clk_out150Mhz        | DPU_sys_i/dpu_eu_0/inst/g_e584eb07.u_822a997b/u_8329ce29/u_3aa346a2/u_4fc06dda/u_5e5a7180/u_6f98b4b2/g_33d1faa8[1].s_fad5150d[1][10]_i_2_n_0                                        | DPU_sys_i/dpu_eu_0/inst/g_e584eb07.u_822a997b/u_8329ce29/u_3aa346a2/u_402ff78a/SR[0]                                                                                          |                3 |             11 |         3.67 |
|  DPU_sys_i/clk_wiz_0/inst/clk_out150Mhz        | DPU_sys_i/dpu_eu_0/inst/g_e584eb07.u_822a997b/u_8329ce29/u_3aa346a2/u_4fc06dda/u_5e5a7180/u_6f98b4b2/g_33d1faa8[2].s_fad5150d[2][10]_i_1_n_0                                        | DPU_sys_i/dpu_eu_0/inst/g_e584eb07.u_822a997b/u_8329ce29/u_3aa346a2/u_402ff78a/SR[0]                                                                                          |                3 |             11 |         3.67 |
|  DPU_sys_i/clk_wiz_0/inst/clk_out150Mhz        | DPU_sys_i/dpu_eu_0/inst/g_e584eb07.u_822a997b/u_8329ce29/u_3aa346a2/u_4fc06dda/u_5e5a7180/u_6f98b4b2/g_33d1faa8[3].s_fad5150d[3][10]_i_1_n_0                                        | DPU_sys_i/dpu_eu_0/inst/g_e584eb07.u_822a997b/u_8329ce29/u_3aa346a2/u_402ff78a/SR[0]                                                                                          |                3 |             11 |         3.67 |
|  DPU_sys_i/clk_wiz_0/inst/clk_out150Mhz        | DPU_sys_i/dpu_eu_0/inst/g_e584eb07.u_822a997b/u_8329ce29/u_3aa346a2/u_4fc06dda/u_5e5a7180/u_6f98b4b2/s_f58cfb85[1][10]_i_1_n_0                                                      | DPU_sys_i/dpu_eu_0/inst/g_e584eb07.u_822a997b/u_8329ce29/u_3aa346a2/u_402ff78a/SR[0]                                                                                          |                3 |             11 |         3.67 |
|  DPU_sys_i/clk_wiz_0/inst/clk_out150Mhz        | DPU_sys_i/dpu_eu_0/inst/g_e584eb07.u_822a997b/u_8329ce29/u_3aa346a2/u_dcd815c9/u_8a83412b/u_7b1e1ae2/g_5c347808.g_78b48482[0].s_b3fb9c55_reg_0                                      | DPU_sys_i/dpu_eu_0/inst/g_e584eb07.u_822a997b/u_8329ce29/u_3aa346a2/u_dcd815c9/s_e997ba3f                                                                                     |                3 |             11 |         3.67 |
|  DPU_sys_i/clk_wiz_0/inst/clk_out150Mhz        | DPU_sys_i/dpu_eu_0/inst/g_e584eb07.u_822a997b/u_8329ce29/u_3aa346a2/u_dcd815c9/s_e997ba3f                                                                                           |                                                                                                                                                                               |                2 |             11 |         5.50 |
|  DPU_sys_i/clk_wiz_0/inst/clk_out150Mhz        | DPU_sys_i/dpu_eu_0/inst/g_e584eb07.u_822a997b/u_8329ce29/u_3aa346a2/u_dcd815c9/s_3e27e2d2_reg_1[0]                                                                                  | DPU_sys_i/dpu_eu_0/inst/g_e584eb07.u_822a997b/u_8329ce29/u_3aa346a2/g_a9f824ad[0].u_bd702dd9/u_9e344dfd/s_e443fc5f_0                                                          |                3 |             11 |         3.67 |
|  DPU_sys_i/clk_wiz_0/inst/clk_out150Mhz        | DPU_sys_i/dpu_eu_0/inst/g_e584eb07.u_822a997b/u_8329ce29/u_4314ae56/m_dad332bf/m_705b8e64/g_be0756b3[0].g_40ae2e02.m_1dba719c/s_cec47b3b                                            | DPU_sys_i/dpu_eu_0/inst/g_e584eb07.u_822a997b/u_8329ce29/u_4314ae56/m_dad332bf/m_705b8e64/g_be0756b3[0].g_40ae2e02.m_1dba719c/s_e891c4b5                                      |                3 |             11 |         3.67 |
|  DPU_sys_i/clk_wiz_0/inst/clk_out150Mhz        | DPU_sys_i/dpu_eu_0/inst/g_e584eb07.u_822a997b/u_8329ce29/u_4314ae56/m_dad332bf/m_705b8e64/g_be0756b3[1].g_40ae2e02.m_1dba719c/s_cec47b3b                                            | DPU_sys_i/dpu_eu_0/inst/g_e584eb07.u_822a997b/u_8329ce29/u_4314ae56/m_dad332bf/m_705b8e64/g_be0756b3[1].g_40ae2e02.m_1dba719c/s_e891c4b5                                      |                3 |             11 |         3.67 |
|  DPU_sys_i/clk_wiz_0/inst/clk_out150Mhz        | DPU_sys_i/dpu_eu_0/inst/g_e584eb07.u_822a997b/u_8329ce29/u_4314ae56/u_c264af15/g_c6859d57[1].u_efb10811/u_c2b52391/g_c6859d57[1].s_8642fa0d[15]_i_7_0[0]                            | DPU_sys_i/dpu_eu_0/inst/g_e584eb07.u_822a997b/u_8329ce29/u_4314ae56/u_c264af15/g_c6859d57[1].u_efb10811/u_c2b52391/s_6c37cafa_reg                                             |                2 |             11 |         5.50 |
|  DPU_sys_i/clk_wiz_0/inst/clk_out150Mhz        | DPU_sys_i/dpu_eu_0/inst/g_e584eb07.u_822a997b/u_8329ce29/u_4314ae56/m_dad332bf/m_705b8e64/g_be0756b3[0].s_376e7110[0][10]_i_1_n_0                                                   |                                                                                                                                                                               |                4 |             11 |         2.75 |
|  DPU_sys_i/clk_wiz_0/inst/clk_out150Mhz        | DPU_sys_i/dpu_eu_0/inst/g_e584eb07.u_822a997b/u_8329ce29/u_4314ae56/m_dad332bf/m_705b8e64/g_be0756b3[0].s_57c35ce8[10]_i_1_n_0                                                      |                                                                                                                                                                               |                3 |             11 |         3.67 |
|  DPU_sys_i/clk_wiz_0/inst/clk_out150Mhz        | DPU_sys_i/dpu_eu_0/inst/g_e584eb07.u_822a997b/u_8329ce29/u_4314ae56/m_dad332bf/m_705b8e64/g_be0756b3[0].s_88863b11[0][10]_i_1_n_0                                                   |                                                                                                                                                                               |                4 |             11 |         2.75 |
|  DPU_sys_i/clk_wiz_0/inst/clk_out150Mhz        | DPU_sys_i/dpu_eu_0/inst/g_e584eb07.u_822a997b/u_8329ce29/u_4314ae56/m_dad332bf/m_705b8e64/g_be0756b3[0].s_890f6521[0][10]_i_1_n_0                                                   |                                                                                                                                                                               |                3 |             11 |         3.67 |
|  DPU_sys_i/clk_wiz_0/inst/clk_out150Mhz        | DPU_sys_i/dpu_eu_0/inst/g_e584eb07.u_822a997b/u_8329ce29/u_d185dc89/u_1c8d8ad4/u_6c17acc6/s_fee67c05_reg_1[0]                                                                       | DPU_sys_i/dpu_eu_0/inst/g_e584eb07.u_822a997b/u_8329ce29/u_4314ae56/m_dad332bf/m_41ee7512/SR[0]                                                                               |                3 |             12 |         4.00 |
|  DPU_sys_i/clk_wiz_0/inst/clk_out150Mhz        | DPU_sys_i/dpu_eu_0/inst/g_e584eb07.u_822a997b/u_8329ce29/u_d185dc89/u_1c8d8ad4/u_87e1526d/s_68267184_reg_1[0]                                                                       | DPU_sys_i/dpu_eu_0/inst/g_e584eb07.u_822a997b/u_8329ce29/u_4314ae56/m_dad332bf/m_41ee7512/SR[0]                                                                               |                3 |             12 |         4.00 |
|  DPU_sys_i/clk_wiz_0/inst/clk_out150Mhz        | DPU_sys_i/dpu_eu_0/inst/g_e584eb07.u_822a997b/u_8329ce29/u_4314ae56/m_dad332bf/m_705b8e64/g_be0756b3[0].u_565c7de2/g_be0756b3[0].s_385c12d0_reg_0[0]                                | DPU_sys_i/dpu_eu_0/inst/g_e584eb07.u_822a997b/u_8329ce29/u_4314ae56/m_dad332bf/m_705b8e64/g_be0756b3[0].s_9592e805                                                            |                2 |             12 |         6.00 |
|  DPU_sys_i/clk_wiz_0/inst/clk_out150Mhz        | DPU_sys_i/dpu_eu_0/inst/g_e584eb07.u_822a997b/u_8329ce29/u_d185dc89/u_1c8d8ad4/u_87e1526d/s_68267184_reg_0[0]                                                                       | DPU_sys_i/dpu_eu_0/inst/g_e584eb07.u_822a997b/u_8329ce29/u_4314ae56/m_dad332bf/m_41ee7512/SR[0]                                                                               |                3 |             12 |         4.00 |
|  DPU_sys_i/clk_wiz_0/inst/clk_out150Mhz        | DPU_sys_i/dpu_eu_0/inst/g_e584eb07.u_822a997b/u_8329ce29/u_d185dc89/u_1c8d8ad4/u_6c17acc6/s_fee67c05_reg_2[0]                                                                       | DPU_sys_i/dpu_eu_0/inst/g_e584eb07.u_822a997b/u_8329ce29/u_4314ae56/m_dad332bf/m_41ee7512/SR[0]                                                                               |                3 |             12 |         4.00 |
|  DPU_sys_i/clk_wiz_0/inst/clk_out150Mhz        | DPU_sys_i/dpu_eu_0/inst/g_e584eb07.u_822a997b/u_8329ce29/u_d185dc89/u_1c8d8ad4/u_6c17acc6/s_fee67c05_reg_0[0]                                                                       | DPU_sys_i/dpu_eu_0/inst/g_e584eb07.u_822a997b/u_8329ce29/u_4314ae56/m_dad332bf/m_41ee7512/SR[0]                                                                               |                2 |             12 |         6.00 |
|  DPU_sys_i/clk_wiz_0/inst/clk_out150Mhz        | DPU_sys_i/dpu_eu_0/inst/g_e584eb07.u_822a997b/u_8329ce29/u_25c793f4/u_8f276c93/g_d4cf40a3[0].u_7d540bc6/u_900d28db/s_6838dad6[11]_i_1_n_0                                           | DPU_sys_i/dpu_eu_0/inst/g_e584eb07.u_822a997b/u_8329ce29/u_4314ae56/m_dad332bf/m_41ee7512/SR[0]                                                                               |                3 |             12 |         4.00 |
|  DPU_sys_i/clk_wiz_0/inst/clk_out150Mhz        | DPU_sys_i/dpu_eu_0/inst/g_e584eb07.u_822a997b/u_8329ce29/u_d185dc89/u_1c8d8ad4/u_4d784d88/s_3a28bee4_reg_0[0]                                                                       | DPU_sys_i/dpu_eu_0/inst/g_e584eb07.u_822a997b/u_8329ce29/u_4314ae56/m_dad332bf/m_41ee7512/SR[0]                                                                               |                4 |             12 |         3.00 |
|  DPU_sys_i/clk_wiz_0/inst/clk_out150Mhz        | DPU_sys_i/dpu_eu_0/inst/g_e584eb07.u_822a997b/u_8329ce29/u_d185dc89/u_1c8d8ad4/u_4d784d88/s_3a28bee4_reg_1[0]                                                                       | DPU_sys_i/dpu_eu_0/inst/g_e584eb07.u_822a997b/u_8329ce29/u_4314ae56/m_dad332bf/m_41ee7512/SR[0]                                                                               |                3 |             12 |         4.00 |
|  DPU_sys_i/clk_wiz_0/inst/clk_out150Mhz        | DPU_sys_i/dpu_eu_0/inst/g_e584eb07.u_822a997b/u_8329ce29/u_25c793f4/u_8f276c93/g_d4cf40a3[1].u_7d540bc6/u_900d28db/s_6838dad6[11]_i_1__0_n_0                                        | DPU_sys_i/dpu_eu_0/inst/g_e584eb07.u_822a997b/u_8329ce29/u_4314ae56/m_dad332bf/m_41ee7512/SR[0]                                                                               |                4 |             12 |         3.00 |
|  DPU_sys_i/clk_wiz_0/inst/clk_out150Mhz        | DPU_sys_i/dpu_eu_0/inst/g_e584eb07.u_822a997b/u_8329ce29/u_3aa346a2/u_4fc06dda/u_5e5a7180/u_0602f15c/u_d69eca3d/u_c2b52391/E[0]                                                     |                                                                                                                                                                               |                3 |             12 |         4.00 |
|  DPU_sys_i/clk_wiz_0/inst/clk_out150Mhz        | DPU_sys_i/dpu_eu_0/inst/g_e584eb07.u_822a997b/u_8329ce29/u_d185dc89/u_1c8d8ad4/u_4d784d88/E[0]                                                                                      | DPU_sys_i/dpu_eu_0/inst/g_e584eb07.u_822a997b/u_8329ce29/u_4314ae56/m_dad332bf/m_41ee7512/SR[0]                                                                               |                4 |             12 |         3.00 |
|  DPU_sys_i/processing_system7_0/inst/FCLK_CLK0 | DPU_sys_i/dpu_eu_0/inst/u_0fdf40ec/s_cb174f190                                                                                                                                      |                                                                                                                                                                               |                3 |             12 |         4.00 |
|  DPU_sys_i/processing_system7_0/inst/FCLK_CLK0 | DPU_sys_i/dpu_eu_0/inst/u_0fdf40ec/s_97656b570                                                                                                                                      |                                                                                                                                                                               |                2 |             12 |         6.00 |
|  DPU_sys_i/clk_wiz_0/inst/clk_out150Mhz        | DPU_sys_i/dpu_eu_0/inst/g_e584eb07.u_822a997b/u_8329ce29/u_4314ae56/m_dad332bf/m_705b8e64/g_be0756b3[1].u_565c7de2/g_be0756b3[1].s_385c12d0_reg_0[0]                                | DPU_sys_i/dpu_eu_0/inst/g_e584eb07.u_822a997b/u_8329ce29/u_4314ae56/m_dad332bf/m_705b8e64/g_be0756b3[1].s_9592e805                                                            |                2 |             12 |         6.00 |
|  DPU_sys_i/clk_wiz_0/inst/clk_out150Mhz        | DPU_sys_i/dpu_eu_0/inst/g_e584eb07.u_822a997b/u_8329ce29/u_4314ae56/m_dad332bf/m_705b8e64/g_be0756b3[1].u_12cb6f66/g_7f7da5da.u_52ef9738/s_51ef754a[5]_i_1__3_n_0                   | DPU_sys_i/dpu_eu_0/inst/g_e584eb07.u_822a997b/u_8329ce29/u_4314ae56/m_dad332bf/m_41ee7512/SR[0]                                                                               |                2 |             12 |         6.00 |
|  DPU_sys_i/processing_system7_0/inst/FCLK_CLK0 | DPU_sys_i/dpu_eu_0/inst/u_0fdf40ec/s_13b2b7960                                                                                                                                      |                                                                                                                                                                               |                2 |             12 |         6.00 |
|  DPU_sys_i/clk_wiz_0/inst/clk_out150Mhz        | DPU_sys_i/dpu_eu_0/inst/g_e584eb07.u_822a997b/u_8329ce29/u_d185dc89/u_1c8d8ad4/u_c17d2da9/s_e6a9c0cb_reg_0[0]                                                                       | DPU_sys_i/dpu_eu_0/inst/g_e584eb07.u_822a997b/u_8329ce29/u_4314ae56/m_dad332bf/m_41ee7512/SR[0]                                                                               |                3 |             12 |         4.00 |
|  DPU_sys_i/clk_wiz_0/inst/clk_out150Mhz        | DPU_sys_i/dpu_eu_0/inst/g_e584eb07.u_822a997b/u_8329ce29/u_d185dc89/u_1c8d8ad4/u_c17d2da9/s_e6a9c0cb_reg_2[0]                                                                       | DPU_sys_i/dpu_eu_0/inst/g_e584eb07.u_822a997b/u_8329ce29/u_4314ae56/m_dad332bf/m_41ee7512/SR[0]                                                                               |                3 |             12 |         4.00 |
|  DPU_sys_i/clk_wiz_0/inst/clk_out150Mhz        | DPU_sys_i/dpu_eu_0/inst/g_e584eb07.u_822a997b/u_8329ce29/u_d185dc89/u_1c8d8ad4/u_c17d2da9/s_e6a9c0cb_reg_1[0]                                                                       | DPU_sys_i/dpu_eu_0/inst/g_e584eb07.u_822a997b/u_8329ce29/u_4314ae56/m_dad332bf/m_41ee7512/SR[0]                                                                               |                4 |             12 |         3.00 |
|  DPU_sys_i/clk_wiz_0/inst/clk_out150Mhz        | DPU_sys_i/dpu_eu_0/inst/g_e584eb07.u_822a997b/u_8329ce29/u_d185dc89/u_1c8d8ad4/u_87e1526d/s_68267184_reg_2[0]                                                                       | DPU_sys_i/dpu_eu_0/inst/g_e584eb07.u_822a997b/u_8329ce29/u_4314ae56/m_dad332bf/m_41ee7512/SR[0]                                                                               |                3 |             12 |         4.00 |
|  DPU_sys_i/clk_wiz_0/inst/clk_out150Mhz        | DPU_sys_i/dpu_eu_0/inst/g_e584eb07.u_822a997b/u_8329ce29/u_4314ae56/u_fcfb07e1/g_2b070d9a[1].s_7d35ffb6[12]_i_1_n_0                                                                 |                                                                                                                                                                               |                2 |             13 |         6.50 |
|  DPU_sys_i/clk_wiz_0/inst/clk_out150Mhz        | DPU_sys_i/dpu_eu_0/inst/g_e584eb07.u_822a997b/u_8329ce29/u_4314ae56/m_dad332bf/m_705b8e64/g_be0756b3[0].u_565c7de2/g_f969817d[0].s_5e754742_reg[0][0]                               | DPU_sys_i/dpu_eu_0/inst/g_e584eb07.u_822a997b/u_8329ce29/u_4314ae56/m_dad332bf/m_41ee7512/SR[0]                                                                               |                3 |             13 |         4.33 |
|  DPU_sys_i/clk_wiz_0/inst/clk_out150Mhz        | DPU_sys_i/dpu_eu_0/inst/g_e584eb07.u_822a997b/u_8329ce29/u_25c793f4/u_8f276c93/g_d4cf40a3[0].u_7d540bc6/u_900d28db/u_e98a63ed/sel[0]                                                | DPU_sys_i/dpu_eu_0/inst/g_e584eb07.u_822a997b/u_8329ce29/u_4314ae56/m_dad332bf/m_41ee7512/SR[0]                                                                               |                5 |             13 |         2.60 |
|  DPU_sys_i/clk_wiz_0/inst/clk_out150Mhz        | DPU_sys_i/dpu_eu_0/inst/g_e584eb07.u_822a997b/u_8329ce29/u_4314ae56/m_dad332bf/m_41ee7512/p_248_out                                                                                 | DPU_sys_i/dpu_eu_0/inst/g_e584eb07.u_822a997b/u_8329ce29/u_4314ae56/m_dad332bf/m_41ee7512/SR[0]                                                                               |                4 |             13 |         3.25 |
|  DPU_sys_i/clk_wiz_0/inst/clk_out150Mhz        | DPU_sys_i/dpu_eu_0/inst/g_e584eb07.u_822a997b/u_8329ce29/u_4314ae56/u_fcfb07e1/g_2b070d9a[0].s_7d35ffb6[12]_i_1_n_0                                                                 |                                                                                                                                                                               |                2 |             13 |         6.50 |
|  DPU_sys_i/clk_wiz_0/inst/clk_out150Mhz        | DPU_sys_i/dpu_eu_0/inst/g_e584eb07.u_822a997b/u_8329ce29/u_4314ae56/m_dad332bf/m_705b8e64/g_be0756b3[0].u_565c7de2/g_be0756b3[0].s_385c12d0_reg_1[0]                                | DPU_sys_i/dpu_eu_0/inst/g_e584eb07.u_822a997b/u_8329ce29/u_4314ae56/m_dad332bf/m_41ee7512/SR[0]                                                                               |                4 |             13 |         3.25 |
|  DPU_sys_i/clk_wiz_0/inst/clk_out150Mhz        | DPU_sys_i/dpu_eu_0/inst/g_e584eb07.u_822a997b/u_8329ce29/u_4314ae56/m_dad332bf/m_41ee7512/E[0]                                                                                      | DPU_sys_i/dpu_eu_0/inst/g_e584eb07.u_822a997b/u_8329ce29/u_4314ae56/m_dad332bf/m_41ee7512/SR[0]                                                                               |                4 |             13 |         3.25 |
|  DPU_sys_i/clk_wiz_0/inst/clk_out150Mhz        | DPU_sys_i/dpu_eu_0/inst/g_e584eb07.u_822a997b/u_8329ce29/u_4314ae56/m_dad332bf/m_705b8e64/g_be0756b3[1].u_565c7de2/g_f969817d[1].s_5e754742_reg[1][0]                               | DPU_sys_i/dpu_eu_0/inst/g_e584eb07.u_822a997b/u_8329ce29/u_4314ae56/m_dad332bf/m_41ee7512/SR[0]                                                                               |                4 |             13 |         3.25 |
|  DPU_sys_i/clk_wiz_0/inst/clk_out150Mhz        | DPU_sys_i/dpu_eu_0/inst/g_e584eb07.u_822a997b/u_8329ce29/u_4314ae56/m_dad332bf/m_705b8e64/g_be0756b3[1].u_565c7de2/E[0]                                                             | DPU_sys_i/dpu_eu_0/inst/g_e584eb07.u_822a997b/u_8329ce29/u_4314ae56/m_dad332bf/m_41ee7512/SR[0]                                                                               |                4 |             13 |         3.25 |
|  DPU_sys_i/clk_wiz_0/inst/clk_out150Mhz        |                                                                                                                                                                                     | DPU_sys_i/dpu_eu_0/inst/g_e584eb07.u_822a997b/u_8329ce29/u_4314ae56/m_dad332bf/m_705b8e64/g_be0756b3[0].s_9fd1daf9_reg[0]_1                                                   |                2 |             13 |         6.50 |
|  DPU_sys_i/clk_wiz_0/inst/clk_out300Mhz        | DPU_sys_i/dpu_eu_0/inst/g_e584eb07.u_822a997b/u_8329ce29/u_3aa346a2/u_dcd815c9/u_6c52c68e/g_7b54f91e[10].g_07af5fd4[0].g_9aa100cb[3].u_a326a45b/g_6779d86c[0].g_1714e1cc.s_d2403251 |                                                                                                                                                                               |                8 |             14 |         1.75 |
|  DPU_sys_i/clk_wiz_0/inst/clk_out300Mhz        | DPU_sys_i/dpu_eu_0/inst/g_e584eb07.u_822a997b/u_8329ce29/u_3aa346a2/u_dcd815c9/u_6c52c68e/g_7b54f91e[5].g_07af5fd4[0].g_9aa100cb[2].u_a326a45b/g_6779d86c[1].g_1714e1cc.s_d2403251  |                                                                                                                                                                               |                2 |             14 |         7.00 |
|  DPU_sys_i/clk_wiz_0/inst/clk_out300Mhz        | DPU_sys_i/dpu_eu_0/inst/g_e584eb07.u_822a997b/u_8329ce29/u_3aa346a2/u_dcd815c9/u_6c52c68e/g_7b54f91e[2].g_07af5fd4[0].g_9aa100cb[5].u_a326a45b/g_6779d86c[0].g_1714e1cc.s_d2403251  |                                                                                                                                                                               |                2 |             14 |         7.00 |
|  DPU_sys_i/clk_wiz_0/inst/clk_out150Mhz        | DPU_sys_i/dpu_eu_0/inst/g_e584eb07.u_822a997b/u_8329ce29/u_030d789c/u_099c94b4/g_64cdfbca[1].u_d4d6c03f/g_9e5ab1fb.u_a7dfcfe5/g_d1dd9bbb.s_c2e42db3_reg[0]                          |                                                                                                                                                                               |                4 |             14 |         3.50 |
|  DPU_sys_i/clk_wiz_0/inst/clk_out300Mhz        | DPU_sys_i/dpu_eu_0/inst/g_e584eb07.u_822a997b/u_8329ce29/u_3aa346a2/u_dcd815c9/u_6c52c68e/g_7b54f91e[7].g_07af5fd4[0].g_9aa100cb[0].u_a326a45b/g_6779d86c[1].g_1714e1cc.s_d2403251  |                                                                                                                                                                               |                3 |             14 |         4.67 |
|  DPU_sys_i/clk_wiz_0/inst/clk_out300Mhz        | DPU_sys_i/dpu_eu_0/inst/g_e584eb07.u_822a997b/u_8329ce29/u_3aa346a2/u_dcd815c9/u_6c52c68e/g_7b54f91e[1].g_07af5fd4[0].g_9aa100cb[0].u_a326a45b/g_6779d86c[1].g_1714e1cc.s_d2403251  |                                                                                                                                                                               |                2 |             14 |         7.00 |
|  DPU_sys_i/clk_wiz_0/inst/clk_out300Mhz        | DPU_sys_i/dpu_eu_0/inst/g_e584eb07.u_822a997b/u_8329ce29/u_3aa346a2/u_dcd815c9/u_6c52c68e/g_7b54f91e[1].g_07af5fd4[0].g_9aa100cb[4].u_a326a45b/g_6779d86c[1].g_1714e1cc.s_d2403251  |                                                                                                                                                                               |                3 |             14 |         4.67 |
|  DPU_sys_i/clk_wiz_0/inst/clk_out150Mhz        | DPU_sys_i/dpu_eu_0/inst/g_e584eb07.u_822a997b/u_8329ce29/u_030d789c/u_099c94b4/g_64cdfbca[3].u_d4d6c03f/g_9e5ab1fb.u_a7dfcfe5/g_d1dd9bbb.s_c2e42db3_reg[0]                          |                                                                                                                                                                               |                2 |             14 |         7.00 |
|  DPU_sys_i/clk_wiz_0/inst/clk_out150Mhz        | DPU_sys_i/dpu_eu_0/inst/g_e584eb07.u_822a997b/u_8329ce29/u_030d789c/u_099c94b4/g_64cdfbca[2].u_d4d6c03f/g_9e5ab1fb.u_a7dfcfe5/g_d1dd9bbb.s_c2e42db3_reg[0]                          |                                                                                                                                                                               |                2 |             14 |         7.00 |
|  DPU_sys_i/clk_wiz_0/inst/clk_out300Mhz        | DPU_sys_i/dpu_eu_0/inst/g_e584eb07.u_822a997b/u_8329ce29/u_3aa346a2/u_dcd815c9/u_6c52c68e/g_7b54f91e[0].g_07af5fd4[0].g_9aa100cb[5].u_a326a45b/g_6779d86c[0].g_1714e1cc.s_d2403251  |                                                                                                                                                                               |                2 |             14 |         7.00 |
|  DPU_sys_i/clk_wiz_0/inst/clk_out300Mhz        | DPU_sys_i/dpu_eu_0/inst/g_e584eb07.u_822a997b/u_8329ce29/u_3aa346a2/u_dcd815c9/u_6c52c68e/g_7b54f91e[8].g_07af5fd4[0].g_9aa100cb[1].u_a326a45b/g_6779d86c[0].g_1714e1cc.s_d2403251  |                                                                                                                                                                               |                2 |             14 |         7.00 |
|  DPU_sys_i/clk_wiz_0/inst/clk_out300Mhz        | DPU_sys_i/dpu_eu_0/inst/g_e584eb07.u_822a997b/u_8329ce29/u_3aa346a2/u_dcd815c9/u_6c52c68e/g_7b54f91e[0].g_07af5fd4[0].g_9aa100cb[3].u_a326a45b/g_6779d86c[1].g_1714e1cc.s_d2403251  |                                                                                                                                                                               |                4 |             14 |         3.50 |
|  DPU_sys_i/clk_wiz_0/inst/clk_out300Mhz        | DPU_sys_i/dpu_eu_0/inst/g_e584eb07.u_822a997b/u_8329ce29/u_3aa346a2/u_dcd815c9/u_6c52c68e/g_7b54f91e[6].g_07af5fd4[0].g_9aa100cb[5].u_a326a45b/g_6779d86c[1].g_1714e1cc.s_d2403251  |                                                                                                                                                                               |                2 |             14 |         7.00 |
|  DPU_sys_i/clk_wiz_0/inst/clk_out300Mhz        | DPU_sys_i/dpu_eu_0/inst/g_e584eb07.u_822a997b/u_8329ce29/u_3aa346a2/u_dcd815c9/u_6c52c68e/g_7b54f91e[1].g_07af5fd4[0].g_9aa100cb[3].u_a326a45b/g_6779d86c[0].g_1714e1cc.s_d2403251  |                                                                                                                                                                               |                2 |             14 |         7.00 |
|  DPU_sys_i/clk_wiz_0/inst/clk_out150Mhz        | DPU_sys_i/dpu_eu_0/inst/g_e584eb07.u_822a997b/u_8329ce29/u_25c793f4/u_8f276c93/g_d4cf40a3[1].u_7d540bc6/u_900d28db/u_e98a63ed/g_d1dd9bbb.s_c2e42db3_reg_0                           | DPU_sys_i/dpu_eu_0/inst/g_e584eb07.u_822a997b/u_8329ce29/u_4314ae56/m_dad332bf/m_41ee7512/SR[0]                                                                               |                3 |             14 |         4.67 |
|  DPU_sys_i/clk_wiz_0/inst/clk_out300Mhz        | DPU_sys_i/dpu_eu_0/inst/g_e584eb07.u_822a997b/u_8329ce29/u_3aa346a2/u_dcd815c9/u_6c52c68e/g_7b54f91e[10].g_07af5fd4[0].g_9aa100cb[1].u_a326a45b/g_6779d86c[0].g_1714e1cc.s_d2403251 |                                                                                                                                                                               |                4 |             14 |         3.50 |
|  DPU_sys_i/clk_wiz_0/inst/clk_out300Mhz        | DPU_sys_i/dpu_eu_0/inst/g_e584eb07.u_822a997b/u_8329ce29/u_3aa346a2/u_dcd815c9/u_6c52c68e/g_7b54f91e[9].g_07af5fd4[0].g_9aa100cb[1].u_a326a45b/g_6779d86c[1].g_1714e1cc.s_d2403251  |                                                                                                                                                                               |                5 |             14 |         2.80 |
|  DPU_sys_i/clk_wiz_0/inst/clk_out300Mhz        | DPU_sys_i/dpu_eu_0/inst/g_e584eb07.u_822a997b/u_8329ce29/u_3aa346a2/u_dcd815c9/u_6c52c68e/g_7b54f91e[10].g_07af5fd4[0].g_9aa100cb[1].u_a326a45b/g_6779d86c[1].g_1714e1cc.s_d2403251 |                                                                                                                                                                               |                2 |             14 |         7.00 |
|  DPU_sys_i/clk_wiz_0/inst/clk_out300Mhz        | DPU_sys_i/dpu_eu_0/inst/g_e584eb07.u_822a997b/u_8329ce29/u_3aa346a2/u_dcd815c9/u_6c52c68e/g_7b54f91e[2].g_07af5fd4[0].g_9aa100cb[2].u_a326a45b/g_6779d86c[1].g_1714e1cc.s_d2403251  |                                                                                                                                                                               |                3 |             14 |         4.67 |
|  DPU_sys_i/clk_wiz_0/inst/clk_out300Mhz        | DPU_sys_i/dpu_eu_0/inst/g_e584eb07.u_822a997b/u_8329ce29/u_3aa346a2/u_dcd815c9/u_6c52c68e/g_7b54f91e[0].g_07af5fd4[0].g_9aa100cb[4].u_a326a45b/g_6779d86c[1].g_1714e1cc.s_d2403251  |                                                                                                                                                                               |                2 |             14 |         7.00 |
|  DPU_sys_i/clk_wiz_0/inst/clk_out150Mhz        | DPU_sys_i/dpu_eu_0/inst/g_e584eb07.u_822a997b/u_8329ce29/u_4314ae56/u_c264af15/g_c6859d57[1].u_efb10811/u_c2b52391/g_c6859d57[1].s_3593aff8_reg_0[0]                                | DPU_sys_i/dpu_eu_0/inst/g_e584eb07.u_822a997b/u_8329ce29/u_4314ae56/m_dad332bf/m_41ee7512/SR[0]                                                                               |                4 |             14 |         3.50 |
|  DPU_sys_i/clk_wiz_0/inst/clk_out300Mhz        | DPU_sys_i/dpu_eu_0/inst/g_e584eb07.u_822a997b/u_8329ce29/u_3aa346a2/u_dcd815c9/u_6c52c68e/g_7b54f91e[7].g_07af5fd4[0].g_9aa100cb[5].u_a326a45b/g_6779d86c[0].g_1714e1cc.s_d2403251  |                                                                                                                                                                               |                2 |             14 |         7.00 |
|  DPU_sys_i/clk_wiz_0/inst/clk_out300Mhz        | DPU_sys_i/dpu_eu_0/inst/g_e584eb07.u_822a997b/u_8329ce29/u_3aa346a2/u_dcd815c9/u_6c52c68e/g_7b54f91e[9].g_07af5fd4[0].g_9aa100cb[1].u_a326a45b/g_6779d86c[0].g_1714e1cc.s_d2403251  |                                                                                                                                                                               |                4 |             14 |         3.50 |
|  DPU_sys_i/clk_wiz_0/inst/clk_out300Mhz        | DPU_sys_i/dpu_eu_0/inst/g_e584eb07.u_822a997b/u_8329ce29/u_3aa346a2/u_dcd815c9/u_6c52c68e/g_7b54f91e[1].g_07af5fd4[0].g_9aa100cb[2].u_a326a45b/g_6779d86c[1].g_1714e1cc.s_d2403251  |                                                                                                                                                                               |                2 |             14 |         7.00 |
|  DPU_sys_i/clk_wiz_0/inst/clk_out150Mhz        | DPU_sys_i/dpu_eu_0/inst/g_e584eb07.u_822a997b/u_8329ce29/u_25c793f4/u_8f276c93/g_d4cf40a3[1].u_7d540bc6/u_7ca692bc/s_fa9319d3                                                       |                                                                                                                                                                               |                2 |             14 |         7.00 |
|  DPU_sys_i/clk_wiz_0/inst/clk_out300Mhz        | DPU_sys_i/dpu_eu_0/inst/g_e584eb07.u_822a997b/u_8329ce29/u_3aa346a2/u_dcd815c9/u_6c52c68e/g_7b54f91e[0].g_07af5fd4[0].g_9aa100cb[2].u_a326a45b/g_6779d86c[1].g_1714e1cc.s_d2403251  |                                                                                                                                                                               |                2 |             14 |         7.00 |
|  DPU_sys_i/clk_wiz_0/inst/clk_out150Mhz        | DPU_sys_i/dpu_eu_0/inst/g_e584eb07.u_822a997b/u_8329ce29/u_030d789c/u_3124dbb0/g_35d7d1fc[1].u_896d2935/g_290768fc.u_d24cacb9/g_2c1b3bfa.s_4605a0de_reg_3[0]                        |                                                                                                                                                                               |                2 |             14 |         7.00 |
|  DPU_sys_i/clk_wiz_0/inst/clk_out300Mhz        | DPU_sys_i/dpu_eu_0/inst/g_e584eb07.u_822a997b/u_8329ce29/u_3aa346a2/u_dcd815c9/u_6c52c68e/g_7b54f91e[6].g_07af5fd4[0].g_9aa100cb[3].u_a326a45b/g_6779d86c[0].g_1714e1cc.s_d2403251  |                                                                                                                                                                               |                3 |             14 |         4.67 |
|  DPU_sys_i/clk_wiz_0/inst/clk_out300Mhz        | DPU_sys_i/dpu_eu_0/inst/g_e584eb07.u_822a997b/u_8329ce29/u_3aa346a2/u_dcd815c9/u_6c52c68e/g_7b54f91e[6].g_07af5fd4[0].g_9aa100cb[2].u_a326a45b/g_6779d86c[1].g_1714e1cc.s_d2403251  |                                                                                                                                                                               |                3 |             14 |         4.67 |
|  DPU_sys_i/clk_wiz_0/inst/clk_out300Mhz        | DPU_sys_i/dpu_eu_0/inst/g_e584eb07.u_822a997b/u_8329ce29/u_3aa346a2/u_dcd815c9/u_6c52c68e/g_7b54f91e[11].g_07af5fd4[0].g_9aa100cb[3].u_a326a45b/g_6779d86c[0].g_1714e1cc.s_d2403251 |                                                                                                                                                                               |                3 |             14 |         4.67 |
|  DPU_sys_i/clk_wiz_0/inst/clk_out300Mhz        | DPU_sys_i/dpu_eu_0/inst/g_e584eb07.u_822a997b/u_8329ce29/u_3aa346a2/u_dcd815c9/u_6c52c68e/g_7b54f91e[7].g_07af5fd4[0].g_9aa100cb[4].u_a326a45b/g_6779d86c[1].g_1714e1cc.s_d2403251  |                                                                                                                                                                               |                4 |             14 |         3.50 |
|  DPU_sys_i/clk_wiz_0/inst/clk_out150Mhz        | DPU_sys_i/dpu_eu_0/inst/g_e584eb07.u_822a997b/u_8329ce29/u_030d789c/u_3124dbb0/g_35d7d1fc[1].u_896d2935/g_290768fc.u_d24cacb9/g_2c1b3bfa.s_4605a0de_reg_2[0]                        |                                                                                                                                                                               |                3 |             14 |         4.67 |
|  DPU_sys_i/clk_wiz_0/inst/clk_out300Mhz        | DPU_sys_i/dpu_eu_0/inst/g_e584eb07.u_822a997b/u_8329ce29/u_3aa346a2/u_dcd815c9/u_6c52c68e/g_7b54f91e[6].g_07af5fd4[0].g_9aa100cb[2].u_a326a45b/g_6779d86c[0].g_1714e1cc.s_d2403251  |                                                                                                                                                                               |                4 |             14 |         3.50 |
|  DPU_sys_i/clk_wiz_0/inst/clk_out300Mhz        | DPU_sys_i/dpu_eu_0/inst/g_e584eb07.u_822a997b/u_8329ce29/u_3aa346a2/u_dcd815c9/u_6c52c68e/g_7b54f91e[4].g_07af5fd4[0].g_9aa100cb[2].u_a326a45b/g_6779d86c[1].g_1714e1cc.s_d2403251  |                                                                                                                                                                               |                4 |             14 |         3.50 |
|  DPU_sys_i/clk_wiz_0/inst/clk_out300Mhz        | DPU_sys_i/dpu_eu_0/inst/g_e584eb07.u_822a997b/u_8329ce29/u_3aa346a2/u_dcd815c9/u_6c52c68e/g_7b54f91e[1].g_07af5fd4[0].g_9aa100cb[1].u_a326a45b/g_6779d86c[1].g_1714e1cc.s_d2403251  |                                                                                                                                                                               |                3 |             14 |         4.67 |
|  DPU_sys_i/clk_wiz_0/inst/clk_out300Mhz        | DPU_sys_i/dpu_eu_0/inst/g_e584eb07.u_822a997b/u_8329ce29/u_3aa346a2/u_dcd815c9/u_6c52c68e/g_7b54f91e[2].g_07af5fd4[0].g_9aa100cb[3].u_a326a45b/g_6779d86c[0].g_1714e1cc.s_d2403251  |                                                                                                                                                                               |                2 |             14 |         7.00 |
|  DPU_sys_i/clk_wiz_0/inst/clk_out300Mhz        | DPU_sys_i/dpu_eu_0/inst/g_e584eb07.u_822a997b/u_8329ce29/u_3aa346a2/u_dcd815c9/u_6c52c68e/g_7b54f91e[10].g_07af5fd4[0].g_9aa100cb[4].u_a326a45b/g_6779d86c[0].g_1714e1cc.s_d2403251 |                                                                                                                                                                               |                4 |             14 |         3.50 |
|  DPU_sys_i/clk_wiz_0/inst/clk_out150Mhz        | DPU_sys_i/dpu_eu_0/inst/g_e584eb07.u_822a997b/u_8329ce29/u_4314ae56/u_c264af15/g_c6859d57[0].u_efb10811/u_c2b52391/g_c6859d57[0].s_d4616a45_reg[0]                                  | DPU_sys_i/dpu_eu_0/inst/g_e584eb07.u_822a997b/u_8329ce29/u_4314ae56/m_dad332bf/m_41ee7512/SR[0]                                                                               |                5 |             14 |         2.80 |
|  DPU_sys_i/clk_wiz_0/inst/clk_out300Mhz        | DPU_sys_i/dpu_eu_0/inst/g_e584eb07.u_822a997b/u_8329ce29/u_3aa346a2/u_dcd815c9/u_6c52c68e/g_7b54f91e[11].g_07af5fd4[0].g_9aa100cb[4].u_a326a45b/g_6779d86c[1].g_1714e1cc.s_d2403251 |                                                                                                                                                                               |                3 |             14 |         4.67 |
|  DPU_sys_i/clk_wiz_0/inst/clk_out300Mhz        | DPU_sys_i/dpu_eu_0/inst/g_e584eb07.u_822a997b/u_8329ce29/u_3aa346a2/u_dcd815c9/u_6c52c68e/g_7b54f91e[9].g_07af5fd4[0].g_9aa100cb[0].u_a326a45b/g_6779d86c[1].g_1714e1cc.s_d2403251  |                                                                                                                                                                               |                3 |             14 |         4.67 |
|  DPU_sys_i/clk_wiz_0/inst/clk_out300Mhz        | DPU_sys_i/dpu_eu_0/inst/g_e584eb07.u_822a997b/u_8329ce29/u_3aa346a2/u_dcd815c9/u_6c52c68e/g_7b54f91e[10].g_07af5fd4[0].g_9aa100cb[0].u_a326a45b/g_6779d86c[0].g_1714e1cc.s_d2403251 |                                                                                                                                                                               |                3 |             14 |         4.67 |
|  DPU_sys_i/clk_wiz_0/inst/clk_out150Mhz        | DPU_sys_i/dpu_eu_0/inst/g_e584eb07.u_822a997b/u_8329ce29/u_5e95f3e2/u_d8bbec23/u_9bebb493/s_e3919127                                                                                | DPU_sys_i/dpu_eu_0/inst/g_e584eb07.u_822a997b/u_8329ce29/u_5e95f3e2/u_d8bbec23/u_9bebb493/g_d1dd9bbb.s_e1ab976b[13]_i_1_n_0                                                   |                3 |             14 |         4.67 |
|  DPU_sys_i/clk_wiz_0/inst/clk_out300Mhz        | DPU_sys_i/dpu_eu_0/inst/g_e584eb07.u_822a997b/u_8329ce29/u_3aa346a2/u_dcd815c9/u_6c52c68e/g_7b54f91e[8].g_07af5fd4[0].g_9aa100cb[3].u_a326a45b/g_6779d86c[0].g_1714e1cc.s_d2403251  |                                                                                                                                                                               |                3 |             14 |         4.67 |
|  DPU_sys_i/clk_wiz_0/inst/clk_out300Mhz        | DPU_sys_i/dpu_eu_0/inst/g_e584eb07.u_822a997b/u_8329ce29/u_3aa346a2/u_dcd815c9/u_6c52c68e/g_7b54f91e[8].g_07af5fd4[0].g_9aa100cb[2].u_a326a45b/g_6779d86c[1].g_1714e1cc.s_d2403251  |                                                                                                                                                                               |                3 |             14 |         4.67 |
|  DPU_sys_i/clk_wiz_0/inst/clk_out300Mhz        | DPU_sys_i/dpu_eu_0/inst/g_e584eb07.u_822a997b/u_8329ce29/u_3aa346a2/u_dcd815c9/u_6c52c68e/g_7b54f91e[8].g_07af5fd4[0].g_9aa100cb[1].u_a326a45b/g_6779d86c[1].g_1714e1cc.s_d2403251  |                                                                                                                                                                               |                2 |             14 |         7.00 |
|  DPU_sys_i/clk_wiz_0/inst/clk_out300Mhz        | DPU_sys_i/dpu_eu_0/inst/g_e584eb07.u_822a997b/u_8329ce29/u_3aa346a2/u_dcd815c9/u_6c52c68e/g_7b54f91e[8].g_07af5fd4[0].g_9aa100cb[0].u_a326a45b/g_6779d86c[1].g_1714e1cc.s_d2403251  |                                                                                                                                                                               |                2 |             14 |         7.00 |
|  DPU_sys_i/clk_wiz_0/inst/clk_out300Mhz        | DPU_sys_i/dpu_eu_0/inst/g_e584eb07.u_822a997b/u_8329ce29/u_3aa346a2/u_dcd815c9/u_6c52c68e/g_7b54f91e[0].g_07af5fd4[0].g_9aa100cb[0].u_a326a45b/g_6779d86c[1].g_1714e1cc.s_d2403251  |                                                                                                                                                                               |                2 |             14 |         7.00 |
|  DPU_sys_i/clk_wiz_0/inst/clk_out300Mhz        | DPU_sys_i/dpu_eu_0/inst/g_e584eb07.u_822a997b/u_8329ce29/u_3aa346a2/u_dcd815c9/u_6c52c68e/g_7b54f91e[7].g_07af5fd4[0].g_9aa100cb[2].u_a326a45b/g_6779d86c[0].g_1714e1cc.s_d2403251  |                                                                                                                                                                               |                3 |             14 |         4.67 |
|  DPU_sys_i/clk_wiz_0/inst/clk_out300Mhz        | DPU_sys_i/dpu_eu_0/inst/g_e584eb07.u_822a997b/u_8329ce29/u_3aa346a2/u_dcd815c9/u_6c52c68e/g_7b54f91e[7].g_07af5fd4[0].g_9aa100cb[1].u_a326a45b/g_6779d86c[1].g_1714e1cc.s_d2403251  |                                                                                                                                                                               |                3 |             14 |         4.67 |
|  DPU_sys_i/clk_wiz_0/inst/clk_out150Mhz        |                                                                                                                                                                                     | DPU_sys_i/dpu_eu_0/inst/g_e584eb07.u_822a997b/u_8329ce29/u_5e95f3e2/u_1134bd62/s_047b289e[5]                                                                                  |                4 |             14 |         3.50 |
|  DPU_sys_i/clk_wiz_0/inst/clk_out300Mhz        | DPU_sys_i/dpu_eu_0/inst/g_e584eb07.u_822a997b/u_8329ce29/u_3aa346a2/u_dcd815c9/u_6c52c68e/g_7b54f91e[3].g_07af5fd4[0].g_9aa100cb[1].u_a326a45b/g_6779d86c[1].g_1714e1cc.s_d2403251  |                                                                                                                                                                               |                2 |             14 |         7.00 |
|  DPU_sys_i/clk_wiz_0/inst/clk_out300Mhz        | DPU_sys_i/dpu_eu_0/inst/g_e584eb07.u_822a997b/u_8329ce29/u_3aa346a2/u_dcd815c9/u_6c52c68e/g_7b54f91e[6].g_07af5fd4[0].g_9aa100cb[1].u_a326a45b/g_6779d86c[0].g_1714e1cc.s_d2403251  |                                                                                                                                                                               |                3 |             14 |         4.67 |
|  DPU_sys_i/clk_wiz_0/inst/clk_out300Mhz        | DPU_sys_i/dpu_eu_0/inst/g_e584eb07.u_822a997b/u_8329ce29/u_3aa346a2/u_dcd815c9/u_6c52c68e/g_7b54f91e[2].g_07af5fd4[0].g_9aa100cb[1].u_a326a45b/g_6779d86c[1].g_1714e1cc.s_d2403251  |                                                                                                                                                                               |                2 |             14 |         7.00 |
|  DPU_sys_i/clk_wiz_0/inst/clk_out300Mhz        | DPU_sys_i/dpu_eu_0/inst/g_e584eb07.u_822a997b/u_8329ce29/u_3aa346a2/u_dcd815c9/u_6c52c68e/g_7b54f91e[6].g_07af5fd4[0].g_9aa100cb[1].u_a326a45b/g_6779d86c[1].g_1714e1cc.s_d2403251  |                                                                                                                                                                               |                5 |             14 |         2.80 |
|  DPU_sys_i/clk_wiz_0/inst/clk_out300Mhz        | DPU_sys_i/dpu_eu_0/inst/g_e584eb07.u_822a997b/u_8329ce29/u_3aa346a2/u_dcd815c9/u_6c52c68e/g_7b54f91e[1].g_07af5fd4[0].g_9aa100cb[3].u_a326a45b/g_6779d86c[1].g_1714e1cc.s_d2403251  |                                                                                                                                                                               |                3 |             14 |         4.67 |
|  DPU_sys_i/clk_wiz_0/inst/clk_out150Mhz        | DPU_sys_i/dpu_eu_0/inst/g_e584eb07.u_822a997b/u_8329ce29/u_25c793f4/u_8f276c93/g_d4cf40a3[0].u_7d540bc6/u_7ca692bc/s_fa9319d3                                                       |                                                                                                                                                                               |                2 |             14 |         7.00 |
|  DPU_sys_i/clk_wiz_0/inst/clk_out300Mhz        | DPU_sys_i/dpu_eu_0/inst/g_e584eb07.u_822a997b/u_8329ce29/u_3aa346a2/u_dcd815c9/u_6c52c68e/g_7b54f91e[0].g_07af5fd4[0].g_9aa100cb[1].u_a326a45b/g_6779d86c[1].g_1714e1cc.s_d2403251  |                                                                                                                                                                               |                2 |             14 |         7.00 |
|  DPU_sys_i/clk_wiz_0/inst/clk_out300Mhz        | DPU_sys_i/dpu_eu_0/inst/g_e584eb07.u_822a997b/u_8329ce29/u_3aa346a2/u_dcd815c9/u_6c52c68e/g_7b54f91e[7].g_07af5fd4[0].g_9aa100cb[5].u_a326a45b/g_6779d86c[1].g_1714e1cc.s_d2403251  |                                                                                                                                                                               |                2 |             14 |         7.00 |
|  DPU_sys_i/clk_wiz_0/inst/clk_out300Mhz        | DPU_sys_i/dpu_eu_0/inst/g_e584eb07.u_822a997b/u_8329ce29/u_3aa346a2/u_dcd815c9/u_6c52c68e/g_7b54f91e[9].g_07af5fd4[0].g_9aa100cb[4].u_a326a45b/g_6779d86c[1].g_1714e1cc.s_d2403251  |                                                                                                                                                                               |                3 |             14 |         4.67 |
|  DPU_sys_i/clk_wiz_0/inst/clk_out300Mhz        | DPU_sys_i/dpu_eu_0/inst/g_e584eb07.u_822a997b/u_8329ce29/u_3aa346a2/u_dcd815c9/u_6c52c68e/g_7b54f91e[11].g_07af5fd4[0].g_9aa100cb[5].u_a326a45b/g_6779d86c[0].g_1714e1cc.s_d2403251 |                                                                                                                                                                               |                2 |             14 |         7.00 |
|  DPU_sys_i/clk_wiz_0/inst/clk_out150Mhz        | DPU_sys_i/dpu_eu_0/inst/g_e584eb07.u_822a997b/u_8329ce29/u_4314ae56/u_c264af15/g_c6859d57[0].u_efb10811/u_c2b52391/E[0]                                                             | DPU_sys_i/dpu_eu_0/inst/g_e584eb07.u_822a997b/u_8329ce29/u_4314ae56/m_dad332bf/m_41ee7512/SR[0]                                                                               |                3 |             16 |         5.33 |
|  DPU_sys_i/clk_wiz_0/inst/clk_out150Mhz        | DPU_sys_i/dpu_eu_0/inst/g_e584eb07.u_822a997b/u_8329ce29/u_d185dc89/u_1c8d8ad4/u_87e1526d/s_5b434174                                                                                | DPU_sys_i/dpu_eu_0/inst/u_regs4/s_b3608e09_reg_0                                                                                                                              |                4 |             16 |         4.00 |
|  DPU_sys_i/clk_wiz_0/inst/clk_out150Mhz        | DPU_sys_i/dpu_eu_0/inst/g_e584eb07.u_822a997b/u_8329ce29/u_4314ae56/u_c264af15/g_c6859d57[0].u_efb10811/u_c2b52391/s_f9de5723_reg[33]_0                                             | DPU_sys_i/dpu_eu_0/inst/g_e584eb07.u_822a997b/u_8329ce29/u_4314ae56/u_c264af15/g_c6859d57[0].u_efb10811/u_c2b52391/s_f9de5723_reg[19]_0[0]                                    |                2 |             16 |         8.00 |
|  DPU_sys_i/clk_wiz_0/inst/clk_out300Mhz        | DPU_sys_i/dpu_eu_0/inst/g_e584eb07.u_822a997b/u_8329ce29/u_3aa346a2/u_dcd815c9/u_6c52c68e/g_7b54f91e[0].g_07af5fd4[0].g_9aa100cb[5].u_a326a45b/g_6779d86c[1].g_1714e1cc.s_d2403251  |                                                                                                                                                                               |                2 |             16 |         8.00 |
|  DPU_sys_i/clk_wiz_0/inst/clk_out150Mhz        | DPU_sys_i/dpu_eu_0/inst/g_e584eb07.u_822a997b/u_8329ce29/u_4314ae56/m_dad332bf/m_705b8e64/g_be0756b3[1].u_565c7de2/g_be0756b3[1].s_4fbc0f6a_reg_1[0]                                |                                                                                                                                                                               |                5 |             16 |         3.20 |
|  DPU_sys_i/clk_wiz_0/inst/clk_out150Mhz        | DPU_sys_i/dpu_eu_0/inst/g_e584eb07.u_822a997b/u_8329ce29/u_4314ae56/u_fcfb07e1/p_87_out                                                                                             |                                                                                                                                                                               |                4 |             16 |         4.00 |
|  DPU_sys_i/clk_wiz_0/inst/clk_out150Mhz        | DPU_sys_i/dpu_eu_0/inst/g_e584eb07.u_822a997b/u_8329ce29/u_3aa346a2/u_4fc06dda/u_5e5a7180/u_1bcf02f8/s_3ff0fa18_reg[0]_0[0]                                                         |                                                                                                                                                                               |                4 |             16 |         4.00 |
|  DPU_sys_i/clk_wiz_0/inst/clk_out150Mhz        | DPU_sys_i/dpu_eu_0/inst/g_e584eb07.u_822a997b/u_8329ce29/u_5e95f3e2/u_1134bd62/inst_rd_pool_img/u_e516a241/s_f8ec48ab_reg[0]_0[0]                                                   |                                                                                                                                                                               |                4 |             16 |         4.00 |
|  DPU_sys_i/clk_wiz_0/inst/clk_out150Mhz        | DPU_sys_i/dpu_eu_0/inst/g_e584eb07.u_822a997b/u_8329ce29/u_4314ae56/u_c264af15/g_c6859d57[1].u_efb10811/u_c2b52391/g_c6859d57[1].s_8642fa0d[15]_i_7_0[0]                            | DPU_sys_i/dpu_eu_0/inst/g_e584eb07.u_822a997b/u_8329ce29/u_4314ae56/u_c264af15/g_c6859d57[1].u_efb10811/u_c2b52391/g_e584eb07.s_73c644f6_reg[0]                               |                2 |             16 |         8.00 |
|  DPU_sys_i/clk_wiz_0/inst/clk_out300Mhz        | DPU_sys_i/dpu_eu_0/inst/g_e584eb07.u_822a997b/u_8329ce29/u_3aa346a2/u_dcd815c9/u_6c52c68e/g_7b54f91e[6].g_07af5fd4[0].g_9aa100cb[4].u_a326a45b/g_6779d86c[1].g_1714e1cc.s_d2403251  |                                                                                                                                                                               |                2 |             16 |         8.00 |
|  DPU_sys_i/clk_wiz_0/inst/clk_out150Mhz        | DPU_sys_i/dpu_eu_0/inst/g_e584eb07.u_822a997b/u_8329ce29/u_d185dc89/u_1c8d8ad4/u_6c17acc6/s_5744a458_reg_2                                                                          | DPU_sys_i/dpu_eu_0/inst/u_regs4/s_b3608e09_reg_0                                                                                                                              |                4 |             16 |         4.00 |
|  DPU_sys_i/clk_wiz_0/inst/clk_out150Mhz        | DPU_sys_i/dpu_eu_0/inst/g_e584eb07.u_822a997b/u_8329ce29/u_d185dc89/u_1c8d8ad4/u_6c17acc6/s_a1e54a55_reg_1                                                                          | DPU_sys_i/dpu_eu_0/inst/u_regs4/s_b3608e09_reg_0                                                                                                                              |                4 |             16 |         4.00 |
|  DPU_sys_i/clk_wiz_0/inst/clk_out150Mhz        | DPU_sys_i/dpu_eu_0/inst/g_e584eb07.u_822a997b/u_8329ce29/u_4314ae56/u_fcfb07e1/g_2b070d9a[0].s_042081e8[15]_i_2_n_0                                                                 | DPU_sys_i/dpu_eu_0/inst/g_e584eb07.u_822a997b/u_8329ce29/u_4314ae56/u_fcfb07e1/g_2b070d9a[0].s_042081e8[15]_i_1_n_0                                                           |                3 |             16 |         5.33 |
|  DPU_sys_i/clk_wiz_0/inst/clk_out150Mhz        | DPU_sys_i/dpu_eu_0/inst/g_e584eb07.u_822a997b/u_8329ce29/u_d185dc89/u_1c8d8ad4/u_87e1526d/s_858eb1ed                                                                                | DPU_sys_i/dpu_eu_0/inst/u_regs4/s_b3608e09_reg_0                                                                                                                              |                4 |             16 |         4.00 |
|  DPU_sys_i/clk_wiz_0/inst/clk_out150Mhz        | DPU_sys_i/dpu_eu_0/inst/g_e584eb07.u_822a997b/u_8329ce29/u_d185dc89/u_1c8d8ad4/u_4d784d88/s_535350ca                                                                                | DPU_sys_i/dpu_eu_0/inst/u_regs4/s_b3608e09_reg_0                                                                                                                              |                4 |             16 |         4.00 |
|  DPU_sys_i/clk_wiz_0/inst/clk_out150Mhz        | DPU_sys_i/dpu_eu_0/inst/g_e584eb07.u_822a997b/u_8329ce29/u_4314ae56/u_fcfb07e1/g_2b070d9a[1].s_042081e8[15]_i_2_n_0                                                                 | DPU_sys_i/dpu_eu_0/inst/g_e584eb07.u_822a997b/u_8329ce29/u_4314ae56/u_fcfb07e1/g_2b070d9a[1].s_042081e8[15]_i_1_n_0                                                           |                4 |             16 |         4.00 |
|  DPU_sys_i/clk_wiz_0/inst/clk_out150Mhz        | DPU_sys_i/dpu_eu_0/inst/g_e584eb07.u_822a997b/u_8329ce29/u_5e95f3e2/u_1134bd62/inst_rd_pool_img/u_e516a241/s_1bb707ce_reg[2]_0                                                      |                                                                                                                                                                               |                2 |             16 |         8.00 |
|  DPU_sys_i/clk_wiz_0/inst/clk_out150Mhz        | DPU_sys_i/dpu_eu_0/inst/g_e584eb07.u_822a997b/u_8329ce29/u_4314ae56/m_dad332bf/m_705b8e64/g_be0756b3[0].u_565c7de2/E[0]                                                             |                                                                                                                                                                               |                5 |             16 |         3.20 |
|  DPU_sys_i/clk_wiz_0/inst/clk_out150Mhz        | DPU_sys_i/dpu_eu_0/inst/g_e584eb07.u_822a997b/u_8329ce29/u_d185dc89/u_1c8d8ad4/u_4d784d88/s_82dd2883                                                                                | DPU_sys_i/dpu_eu_0/inst/u_regs4/s_b3608e09_reg_0                                                                                                                              |                4 |             16 |         4.00 |
|  DPU_sys_i/clk_wiz_0/inst/clk_out150Mhz        | DPU_sys_i/dpu_eu_0/inst/g_e584eb07.u_822a997b/u_8329ce29/u_4314ae56/u_c264af15/g_c6859d57[1].u_efb10811/u_c2b52391/g_c6859d57[1].s_8642fa0d[15]_i_7_0[0]                            | DPU_sys_i/dpu_eu_0/inst/g_e584eb07.u_822a997b/u_8329ce29/u_4314ae56/u_c264af15/g_c6859d57[1].u_efb10811/u_c2b52391/SR[0]                                                      |                4 |             16 |         4.00 |
|  DPU_sys_i/clk_wiz_0/inst/clk_out300Mhz        | DPU_sys_i/dpu_eu_0/inst/g_e584eb07.u_822a997b/u_8329ce29/u_3aa346a2/u_dcd815c9/u_6c52c68e/g_7b54f91e[9].g_07af5fd4[0].g_9aa100cb[3].u_a326a45b/g_6779d86c[0].g_1714e1cc.s_d2403251  |                                                                                                                                                                               |                4 |             16 |         4.00 |
|  DPU_sys_i/clk_wiz_0/inst/clk_out300Mhz        | DPU_sys_i/dpu_eu_0/inst/g_e584eb07.u_822a997b/u_8329ce29/u_3aa346a2/u_dcd815c9/u_6c52c68e/g_7b54f91e[3].g_07af5fd4[0].g_9aa100cb[5].u_a326a45b/g_6779d86c[0].g_1714e1cc.s_d2403251  |                                                                                                                                                                               |                2 |             16 |         8.00 |
|  DPU_sys_i/clk_wiz_0/inst/clk_out150Mhz        | DPU_sys_i/dpu_eu_0/inst/g_e584eb07.u_822a997b/u_8329ce29/u_4314ae56/u_c264af15/g_c6859d57[1].u_efb10811/u_c2b52391/E[0]                                                             | DPU_sys_i/dpu_eu_0/inst/g_e584eb07.u_822a997b/u_8329ce29/u_4314ae56/m_dad332bf/m_41ee7512/SR[0]                                                                               |                3 |             16 |         5.33 |
|  DPU_sys_i/clk_wiz_0/inst/clk_out150Mhz        | DPU_sys_i/dpu_eu_0/inst/g_e584eb07.u_822a997b/u_8329ce29/u_4314ae56/u_fcfb07e1/p_72_out                                                                                             |                                                                                                                                                                               |                4 |             16 |         4.00 |
|  DPU_sys_i/clk_wiz_0/inst/clk_out150Mhz        | DPU_sys_i/dpu_eu_0/inst/g_e584eb07.u_822a997b/u_8329ce29/u_d185dc89/u_1c8d8ad4/u_c17d2da9/s_a490e395                                                                                | DPU_sys_i/dpu_eu_0/inst/u_regs4/s_b3608e09_reg_0                                                                                                                              |                4 |             16 |         4.00 |
|  DPU_sys_i/clk_wiz_0/inst/clk_out150Mhz        | DPU_sys_i/dpu_eu_0/inst/g_e584eb07.u_822a997b/u_8329ce29/u_d185dc89/u_1c8d8ad4/u_c17d2da9/s_244d5df4                                                                                | DPU_sys_i/dpu_eu_0/inst/u_regs4/s_b3608e09_reg_0                                                                                                                              |                4 |             16 |         4.00 |
|  DPU_sys_i/clk_wiz_0/inst/clk_out150Mhz        | DPU_sys_i/dpu_eu_0/inst/g_e584eb07.u_822a997b/u_8329ce29/u_4314ae56/u_c264af15/g_c6859d57[0].u_efb10811/u_c2b52391/s_f9de5723_reg[33]_0                                             | DPU_sys_i/dpu_eu_0/inst/g_e584eb07.u_822a997b/u_8329ce29/u_4314ae56/u_c264af15/g_c6859d57[0].u_efb10811/u_c2b52391/SR[0]                                                      |                4 |             16 |         4.00 |
|  DPU_sys_i/clk_wiz_0/inst/clk_out150Mhz        |                                                                                                                                                                                     | DPU_sys_i/dpu_eu_0/inst/g_e584eb07.u_822a997b/u_8329ce29/u_3aa346a2/u_4fc06dda/s_1628753e                                                                                     |                3 |             18 |         6.00 |
|  DPU_sys_i/clk_wiz_0/inst/clk_out150Mhz        | DPU_sys_i/dpu_eu_0/inst/g_e584eb07.u_822a997b/u_8329ce29/u_25c793f4/u_8f276c93/g_d4cf40a3[1].u_aa097d77/s_c74083b5[18]_i_1__0_n_0                                                   |                                                                                                                                                                               |                5 |             19 |         3.80 |
|  DPU_sys_i/clk_wiz_0/inst/clk_out150Mhz        | DPU_sys_i/dpu_eu_0/inst/g_e584eb07.u_822a997b/u_8329ce29/u_25c793f4/u_8f276c93/g_d4cf40a3[0].u_aa097d77/s_c74083b5[18]_i_1_n_0                                                      |                                                                                                                                                                               |                6 |             19 |         3.17 |
|  DPU_sys_i/clk_wiz_0/inst/clk_out150Mhz        | DPU_sys_i/dpu_eu_0/inst/g_e584eb07.u_822a997b/u_8329ce29/u_4314ae56/u_c264af15/g_c6859d57[0].u_efb10811/u_c2b52391/s_6c37cafa_reg_0                                                 | DPU_sys_i/dpu_eu_0/inst/g_e584eb07.u_822a997b/u_8329ce29/u_4314ae56/m_dad332bf/m_41ee7512/SR[0]                                                                               |                5 |             20 |         4.00 |
|  DPU_sys_i/clk_wiz_0/inst/clk_out150Mhz        | DPU_sys_i/dpu_eu_0/inst/g_e584eb07.u_822a997b/u_8329ce29/u_4314ae56/u_c264af15/g_c6859d57[1].u_efb10811/u_c2b52391/g_c6859d57[1].s_3593aff8_reg                                     | DPU_sys_i/dpu_eu_0/inst/g_e584eb07.u_822a997b/u_8329ce29/u_4314ae56/m_dad332bf/m_41ee7512/SR[0]                                                                               |                4 |             20 |         5.00 |
|  DPU_sys_i/clk_wiz_0/inst/clk_out150Mhz        | DPU_sys_i/dpu_eu_0/inst/g_e584eb07.u_822a997b/u_8329ce29/u_25c793f4/u_8f276c93/g_d4cf40a3[0].u_aa097d77/p_1_in                                                                      |                                                                                                                                                                               |                4 |             20 |         5.00 |
|  DPU_sys_i/clk_wiz_0/inst/clk_out150Mhz        | DPU_sys_i/dpu_eu_0/inst/g_e584eb07.u_822a997b/u_8329ce29/u_5e95f3e2/u_55dd7bd4/s_6c383128                                                                                           |                                                                                                                                                                               |                6 |             22 |         3.67 |
|  DPU_sys_i/clk_wiz_0/inst/clk_out150Mhz        | DPU_sys_i/dpu_eu_0/inst/g_e584eb07.u_822a997b/u_8329ce29/u_d185dc89/u_1c8d8ad4/u_87e1526d/s_acb6c7fd_reg[0]                                                                         |                                                                                                                                                                               |                7 |             22 |         3.14 |
|  DPU_sys_i/clk_wiz_0/inst/clk_out150Mhz        | DPU_sys_i/dpu_eu_0/inst/g_e584eb07.u_822a997b/u_8329ce29/u_25c793f4/u_8f276c93/g_d4cf40a3[0].u_aa097d77/s_8a287129_reg[1]_0[0]                                                      |                                                                                                                                                                               |                3 |             22 |         7.33 |
|  DPU_sys_i/clk_wiz_0/inst/clk_out150Mhz        | DPU_sys_i/dpu_eu_0/inst/g_e584eb07.u_822a997b/u_8329ce29/u_25c793f4/u_8f276c93/g_d4cf40a3[0].u_aa097d77/s_8a287129_reg[2]_0[0]                                                      |                                                                                                                                                                               |                3 |             22 |         7.33 |
|  DPU_sys_i/clk_wiz_0/inst/clk_out300Mhz        | DPU_sys_i/dpu_eu_0/inst/g_e584eb07.u_822a997b/u_8329ce29/u_3aa346a2/u_dcd815c9/u_6c52c68e/g_7b54f91e[7].g_07af5fd4[0].g_9aa100cb[2].u_a326a45b/g_6779d86c[1].g_1714e1cc.s_d2403251  |                                                                                                                                                                               |                4 |             22 |         5.50 |
|  DPU_sys_i/processing_system7_0/inst/FCLK_CLK0 | DPU_sys_i/dpu_eu_0/inst/u_0fdf40ec/s_ae9998a7_reg[0]_0[0]                                                                                                                           | DPU_sys_i/dpu_eu_0/inst/u_regs4/s_b522f14b1                                                                                                                                   |                5 |             22 |         4.40 |
|  DPU_sys_i/clk_wiz_0/inst/clk_out150Mhz        | DPU_sys_i/dpu_eu_0/inst/g_e584eb07.u_822a997b/u_8329ce29/u_3aa346a2/u_dcd815c9/s_04acc096                                                                                           |                                                                                                                                                                               |                6 |             22 |         3.67 |
|  DPU_sys_i/clk_wiz_0/inst/clk_out300Mhz        | DPU_sys_i/dpu_eu_0/inst/g_e584eb07.u_822a997b/u_8329ce29/u_3aa346a2/u_dcd815c9/u_6c52c68e/g_7b54f91e[5].g_07af5fd4[0].g_9aa100cb[0].u_a326a45b/g_6779d86c[0].g_1714e1cc.s_d2403251  |                                                                                                                                                                               |                4 |             22 |         5.50 |
|  DPU_sys_i/clk_wiz_0/inst/clk_out300Mhz        | DPU_sys_i/dpu_eu_0/inst/g_e584eb07.u_822a997b/u_8329ce29/u_3aa346a2/u_dcd815c9/u_6c52c68e/g_7b54f91e[6].g_07af5fd4[0].g_9aa100cb[3].u_a326a45b/g_6779d86c[1].g_1714e1cc.s_d2403251  |                                                                                                                                                                               |                4 |             22 |         5.50 |
|  DPU_sys_i/clk_wiz_0/inst/clk_out150Mhz        | DPU_sys_i/dpu_eu_0/inst/g_e584eb07.u_822a997b/u_8329ce29/u_25c793f4/u_8f276c93/g_d4cf40a3[0].u_7d540bc6/u_900d28db/s_c17d2b89[22]_i_1_n_0                                           | DPU_sys_i/dpu_eu_0/inst/g_e584eb07.u_822a997b/u_8329ce29/u_4314ae56/m_dad332bf/m_41ee7512/SR[0]                                                                               |                6 |             23 |         3.83 |
|  DPU_sys_i/clk_wiz_0/inst/clk_out150Mhz        | DPU_sys_i/dpu_eu_0/inst/g_e584eb07.u_822a997b/u_8329ce29/u_d185dc89/u_1c8d8ad4/u_33113ce4/s_cdd73aaf[39]_i_1_n_0                                                                    |                                                                                                                                                                               |                6 |             23 |         3.83 |
|  DPU_sys_i/clk_wiz_0/inst/clk_out150Mhz        | DPU_sys_i/dpu_eu_0/inst/g_e584eb07.u_822a997b/u_8329ce29/u_25c793f4/u_8f276c93/g_d4cf40a3[1].u_7d540bc6/u_900d28db/s_c17d2b89[22]_i_1__0_n_0                                        | DPU_sys_i/dpu_eu_0/inst/g_e584eb07.u_822a997b/u_8329ce29/u_4314ae56/m_dad332bf/m_41ee7512/SR[0]                                                                               |                6 |             23 |         3.83 |
|  DPU_sys_i/clk_wiz_0/inst/clk_out150Mhz        | DPU_sys_i/dpu_eu_0/inst/g_e584eb07.u_822a997b/u_8329ce29/u_3aa346a2/u_dcd815c9/u_cc4240ab/g_d5115c37[6].s_9fa8305b                                                                  |                                                                                                                                                                               |                3 |             24 |         8.00 |
|  DPU_sys_i/clk_wiz_0/inst/clk_out150Mhz        | DPU_sys_i/dpu_eu_0/inst/g_e584eb07.u_822a997b/u_8329ce29/u_3aa346a2/u_dcd815c9/u_cc4240ab/g_d5115c37[3].s_9fa8305b                                                                  |                                                                                                                                                                               |                9 |             24 |         2.67 |
|  DPU_sys_i/clk_wiz_0/inst/clk_out150Mhz        | DPU_sys_i/dpu_eu_0/inst/g_e584eb07.u_822a997b/u_8329ce29/u_3aa346a2/u_dcd815c9/u_cc4240ab/g_d5115c37[9].s_9fa8305b                                                                  |                                                                                                                                                                               |                6 |             24 |         4.00 |
|  DPU_sys_i/clk_wiz_0/inst/clk_out150Mhz        | DPU_sys_i/dpu_eu_0/inst/g_e584eb07.u_822a997b/u_8329ce29/u_3aa346a2/u_dcd815c9/u_cc4240ab/g_d5115c37[5].s_9fa8305b                                                                  |                                                                                                                                                                               |                6 |             24 |         4.00 |
|  DPU_sys_i/clk_wiz_0/inst/clk_out150Mhz        | DPU_sys_i/dpu_eu_0/inst/g_e584eb07.u_822a997b/u_8329ce29/u_3aa346a2/u_dcd815c9/u_cc4240ab/g_d5115c37[10].s_9fa8305b                                                                 |                                                                                                                                                                               |                3 |             24 |         8.00 |
|  DPU_sys_i/clk_wiz_0/inst/clk_out150Mhz        |                                                                                                                                                                                     | DPU_sys_i/dpu_eu_0/inst/g_e584eb07.u_822a997b/u_8329ce29/u_5e95f3e2/u_1134bd62/u_be4ea361/g_cedbdfb3.s_8010d7f1_reg[215][0]                                                   |                5 |             24 |         4.80 |
|  DPU_sys_i/clk_wiz_0/inst/clk_out150Mhz        |                                                                                                                                                                                     | DPU_sys_i/dpu_eu_0/inst/g_e584eb07.u_822a997b/u_8329ce29/u_5e95f3e2/u_1134bd62/u_be4ea361/g_cedbdfb3.s_8010d7f1_reg[119][0]                                                   |                4 |             24 |         6.00 |
|  DPU_sys_i/clk_wiz_0/inst/clk_out150Mhz        |                                                                                                                                                                                     | DPU_sys_i/dpu_eu_0/inst/g_e584eb07.u_822a997b/u_8329ce29/u_5e95f3e2/u_1134bd62/u_be4ea361/g_cedbdfb3.s_8010d7f1_reg[263][0]                                                   |                4 |             24 |         6.00 |
|  DPU_sys_i/clk_wiz_0/inst/clk_out150Mhz        |                                                                                                                                                                                     | DPU_sys_i/dpu_eu_0/inst/g_e584eb07.u_822a997b/u_8329ce29/u_5e95f3e2/u_1134bd62/u_be4ea361/g_cedbdfb3.s_8010d7f1_reg[47]_0[0]                                                  |                6 |             24 |         4.00 |
|  DPU_sys_i/clk_wiz_0/inst/clk_out150Mhz        |                                                                                                                                                                                     | DPU_sys_i/dpu_eu_0/inst/g_e584eb07.u_822a997b/u_8329ce29/u_5e95f3e2/u_1134bd62/u_be4ea361/g_cedbdfb3.s_8010d7f1_reg[143][0]                                                   |                6 |             24 |         4.00 |
|  DPU_sys_i/clk_wiz_0/inst/clk_out150Mhz        |                                                                                                                                                                                     | DPU_sys_i/dpu_eu_0/inst/g_e584eb07.u_822a997b/u_8329ce29/u_5e95f3e2/u_1134bd62/u_be4ea361/g_cedbdfb3.s_8010d7f1_reg[167][0]                                                   |                4 |             24 |         6.00 |
|  DPU_sys_i/clk_wiz_0/inst/clk_out150Mhz        | DPU_sys_i/dpu_eu_0/inst/g_e584eb07.u_822a997b/u_8329ce29/u_3aa346a2/u_dcd815c9/u_cc4240ab/g_d5115c37[8].s_9fa8305b                                                                  |                                                                                                                                                                               |                8 |             24 |         3.00 |
|  DPU_sys_i/clk_wiz_0/inst/clk_out150Mhz        | DPU_sys_i/dpu_eu_0/inst/g_e584eb07.u_822a997b/u_8329ce29/u_3aa346a2/u_dcd815c9/u_cc4240ab/g_d5115c37[7].s_9fa8305b                                                                  |                                                                                                                                                                               |                5 |             24 |         4.80 |
|  DPU_sys_i/clk_wiz_0/inst/clk_out150Mhz        | DPU_sys_i/dpu_eu_0/inst/g_e584eb07.u_822a997b/u_8329ce29/u_3aa346a2/u_4fc06dda/u_5e5a7180/u_1bcf02f8/u_de7d020f/s_03c29498[0]                                                       |                                                                                                                                                                               |                4 |             24 |         6.00 |
|  DPU_sys_i/clk_wiz_0/inst/clk_out150Mhz        |                                                                                                                                                                                     | DPU_sys_i/dpu_eu_0/inst/g_e584eb07.u_822a997b/u_8329ce29/u_5e95f3e2/u_1134bd62/u_be4ea361/g_cedbdfb3.s_8010d7f1_reg[95]_0[0]                                                  |                3 |             24 |         8.00 |
|  DPU_sys_i/clk_wiz_0/inst/clk_out150Mhz        |                                                                                                                                                                                     | DPU_sys_i/dpu_eu_0/inst/g_e584eb07.u_822a997b/u_8329ce29/u_5e95f3e2/u_1134bd62/u_be4ea361/g_cedbdfb3.s_8010d7f1_reg[71]_0[0]                                                  |                4 |             24 |         6.00 |
|  DPU_sys_i/clk_wiz_0/inst/clk_out150Mhz        |                                                                                                                                                                                     | DPU_sys_i/dpu_eu_0/inst/g_e584eb07.u_822a997b/u_8329ce29/u_5e95f3e2/u_1134bd62/u_be4ea361/g_cedbdfb3.s_8010d7f1_reg[287][0]                                                   |                4 |             24 |         6.00 |
|  DPU_sys_i/clk_wiz_0/inst/clk_out150Mhz        | DPU_sys_i/dpu_eu_0/inst/g_e584eb07.u_822a997b/u_8329ce29/u_3aa346a2/u_4fc06dda/u_5e5a7180/u_1bcf02f8/s_728ab622                                                                     |                                                                                                                                                                               |                3 |             24 |         8.00 |
|  DPU_sys_i/clk_wiz_0/inst/clk_out150Mhz        | DPU_sys_i/dpu_eu_0/inst/g_e584eb07.u_822a997b/u_8329ce29/u_3aa346a2/u_dcd815c9/u_cc4240ab/g_d5115c37[1].s_9fa8305b                                                                  |                                                                                                                                                                               |                4 |             24 |         6.00 |
|  DPU_sys_i/clk_wiz_0/inst/clk_out150Mhz        | DPU_sys_i/dpu_eu_0/inst/g_e584eb07.u_822a997b/u_8329ce29/u_3aa346a2/u_dcd815c9/u_cc4240ab/g_d5115c37[4].s_9fa8305b                                                                  |                                                                                                                                                                               |                3 |             24 |         8.00 |
|  DPU_sys_i/clk_wiz_0/inst/clk_out150Mhz        | DPU_sys_i/dpu_eu_0/inst/g_e584eb07.u_822a997b/u_8329ce29/u_3aa346a2/u_dcd815c9/u_cc4240ab/g_d5115c37[11].s_9fa8305b                                                                 |                                                                                                                                                                               |                5 |             24 |         4.80 |
|  DPU_sys_i/clk_wiz_0/inst/clk_out150Mhz        | DPU_sys_i/dpu_eu_0/inst/g_e584eb07.u_822a997b/u_8329ce29/u_3aa346a2/u_dcd815c9/u_cc4240ab/g_d5115c37[0].s_9fa8305b                                                                  |                                                                                                                                                                               |                4 |             24 |         6.00 |
|  DPU_sys_i/clk_wiz_0/inst/clk_out150Mhz        |                                                                                                                                                                                     | DPU_sys_i/dpu_eu_0/inst/g_e584eb07.u_822a997b/u_8329ce29/u_5e95f3e2/u_1134bd62/u_be4ea361/g_cedbdfb3.s_8010d7f1_reg[191][0]                                                   |                6 |             24 |         4.00 |
|  DPU_sys_i/clk_wiz_0/inst/clk_out150Mhz        |                                                                                                                                                                                     | DPU_sys_i/dpu_eu_0/inst/g_e584eb07.u_822a997b/u_8329ce29/u_5e95f3e2/u_1134bd62/u_be4ea361/g_cedbdfb3.s_8010d7f1_reg[239][0]                                                   |                6 |             24 |         4.00 |
|  DPU_sys_i/clk_wiz_0/inst/clk_out150Mhz        |                                                                                                                                                                                     | DPU_sys_i/dpu_eu_0/inst/g_e584eb07.u_822a997b/u_8329ce29/u_5e95f3e2/u_1134bd62/u_be4ea361/SR[0]                                                                               |                6 |             24 |         4.00 |
|  DPU_sys_i/clk_wiz_0/inst/clk_out150Mhz        | DPU_sys_i/dpu_eu_0/inst/g_e584eb07.u_822a997b/u_8329ce29/u_3aa346a2/u_dcd815c9/u_cc4240ab/g_d5115c37[2].s_9fa8305b                                                                  |                                                                                                                                                                               |                3 |             24 |         8.00 |
|  DPU_sys_i/processing_system7_0/inst/FCLK_CLK0 |                                                                                                                                                                                     | DPU_sys_i/dpu_eu_0/inst/u_regs4/s_b522f14b1                                                                                                                                   |                8 |             26 |         3.25 |
|  DPU_sys_i/clk_wiz_0/inst/clk_out150Mhz        | DPU_sys_i/dpu_eu_0/inst/g_e584eb07.u_822a997b/u_8329ce29/u_3aa346a2/u_402ff78a/E[0]                                                                                                 | DPU_sys_i/dpu_eu_0/inst/g_e584eb07.u_822a997b/u_8329ce29/u_4314ae56/m_dad332bf/m_41ee7512/SR[0]                                                                               |                5 |             26 |         5.20 |
|  DPU_sys_i/clk_wiz_0/inst/clk_out150Mhz        | DPU_sys_i/dpu_eu_0/inst/g_e584eb07.u_822a997b/u_8329ce29/u_030d789c/u_3124dbb0/g_35d7d1fc[1].u_896d2935/g_290768fc.u_d24cacb9/g_2c1b3bfa.s_4605a0de_reg_1[0]                        |                                                                                                                                                                               |                4 |             27 |         6.75 |
|  DPU_sys_i/clk_wiz_0/inst/clk_out150Mhz        |                                                                                                                                                                                     | DPU_sys_i/dpu_eu_0/inst/g_e584eb07.u_822a997b/u_8329ce29/u_3aa346a2/u_dcd815c9/u_8a83412b/g_c7ad9d63[9].g_bfd6fdf7[0].u_112c4c7a/s_62c5bfa4                                   |                4 |             28 |         7.00 |
|  DPU_sys_i/clk_wiz_0/inst/clk_out150Mhz        |                                                                                                                                                                                     | DPU_sys_i/dpu_eu_0/inst/g_e584eb07.u_822a997b/u_8329ce29/u_3aa346a2/u_dcd815c9/u_8a83412b/g_c7ad9d63[2].g_bfd6fdf7[0].u_112c4c7a/s_62c5bfa4                                   |                5 |             28 |         5.60 |
|  DPU_sys_i/clk_wiz_0/inst/clk_out150Mhz        | DPU_sys_i/dpu_eu_0/inst/g_e584eb07.u_822a997b/u_8329ce29/u_5e95f3e2/u_d8bbec23/u_f3f18915/s_188ee7f8[48]_i_1_n_0                                                                    |                                                                                                                                                                               |                6 |             28 |         4.67 |
|  DPU_sys_i/clk_wiz_0/inst/clk_out150Mhz        | DPU_sys_i/dpu_eu_0/inst/g_e584eb07.u_822a997b/u_8329ce29/u_5e95f3e2/u_d8bbec23/u_f3f18915/s_4e1f5760[48]_i_1_n_0                                                                    |                                                                                                                                                                               |                6 |             28 |         4.67 |
|  DPU_sys_i/clk_wiz_0/inst/clk_out150Mhz        | DPU_sys_i/dpu_eu_0/inst/g_e584eb07.u_822a997b/u_8329ce29/u_5e95f3e2/u_d8bbec23/u_f3f18915/s_545ebffe[48]_i_1_n_0                                                                    |                                                                                                                                                                               |                5 |             28 |         5.60 |
|  DPU_sys_i/clk_wiz_0/inst/clk_out150Mhz        | DPU_sys_i/dpu_eu_0/inst/g_e584eb07.u_822a997b/u_8329ce29/u_5e95f3e2/u_d8bbec23/u_f3f18915/s_eba187b1[48]_i_1_n_0                                                                    |                                                                                                                                                                               |                7 |             28 |         4.00 |
|  DPU_sys_i/clk_wiz_0/inst/clk_out150Mhz        | DPU_sys_i/dpu_eu_0/inst/g_e584eb07.u_822a997b/u_8329ce29/u_d185dc89/u_1c8d8ad4/u_2917af6a/u_d11ad605/E[4]                                                                           | DPU_sys_i/dpu_eu_0/inst/g_e584eb07.u_822a997b/u_8329ce29/u_d185dc89/u_1c8d8ad4/u_2917af6a/u_d11ad605/SR[0]                                                                    |                4 |             28 |         7.00 |
|  DPU_sys_i/clk_wiz_0/inst/clk_out150Mhz        |                                                                                                                                                                                     | DPU_sys_i/dpu_eu_0/inst/g_e584eb07.u_822a997b/u_8329ce29/u_3aa346a2/u_dcd815c9/u_8a83412b/g_c7ad9d63[3].g_bfd6fdf7[0].u_112c4c7a/s_62c5bfa4                                   |                5 |             28 |         5.60 |
|  DPU_sys_i/clk_wiz_0/inst/clk_out150Mhz        |                                                                                                                                                                                     | DPU_sys_i/dpu_eu_0/inst/g_e584eb07.u_822a997b/u_8329ce29/u_3aa346a2/u_dcd815c9/u_8a83412b/g_c7ad9d63[4].g_bfd6fdf7[0].u_112c4c7a/s_62c5bfa4                                   |                4 |             28 |         7.00 |
|  DPU_sys_i/clk_wiz_0/inst/clk_out150Mhz        |                                                                                                                                                                                     | DPU_sys_i/dpu_eu_0/inst/g_e584eb07.u_822a997b/u_8329ce29/u_3aa346a2/u_dcd815c9/u_8a83412b/g_c7ad9d63[0].g_bfd6fdf7[0].u_112c4c7a/s_62c5bfa4                                   |                4 |             28 |         7.00 |
|  DPU_sys_i/clk_wiz_0/inst/clk_out150Mhz        |                                                                                                                                                                                     | DPU_sys_i/dpu_eu_0/inst/g_e584eb07.u_822a997b/u_8329ce29/u_3aa346a2/u_dcd815c9/u_8a83412b/g_c7ad9d63[5].g_bfd6fdf7[0].u_112c4c7a/s_62c5bfa4                                   |                4 |             28 |         7.00 |
|  DPU_sys_i/processing_system7_0/inst/FCLK_CLK0 | DPU_sys_i/dpu_eu_0/inst/u_0fdf40ec/s_ae9998a7_reg[1]_1[0]                                                                                                                           |                                                                                                                                                                               |                8 |             28 |         3.50 |
|  DPU_sys_i/clk_wiz_0/inst/clk_out150Mhz        |                                                                                                                                                                                     | DPU_sys_i/dpu_eu_0/inst/g_e584eb07.u_822a997b/u_8329ce29/u_3aa346a2/u_dcd815c9/u_8a83412b/g_c7ad9d63[6].g_bfd6fdf7[0].u_112c4c7a/s_62c5bfa4                                   |                4 |             28 |         7.00 |
|  DPU_sys_i/clk_wiz_0/inst/clk_out150Mhz        |                                                                                                                                                                                     | DPU_sys_i/dpu_eu_0/inst/g_e584eb07.u_822a997b/u_8329ce29/u_3aa346a2/u_dcd815c9/u_8a83412b/g_c7ad9d63[11].g_bfd6fdf7[0].u_112c4c7a/s_62c5bfa4                                  |                5 |             28 |         5.60 |
|  DPU_sys_i/clk_wiz_0/inst/clk_out150Mhz        |                                                                                                                                                                                     | DPU_sys_i/dpu_eu_0/inst/g_e584eb07.u_822a997b/u_8329ce29/u_3aa346a2/u_dcd815c9/u_8a83412b/g_c7ad9d63[10].g_bfd6fdf7[0].u_112c4c7a/s_62c5bfa4                                  |                5 |             28 |         5.60 |
|  DPU_sys_i/clk_wiz_0/inst/clk_out150Mhz        |                                                                                                                                                                                     | DPU_sys_i/dpu_eu_0/inst/g_e584eb07.u_822a997b/u_8329ce29/u_3aa346a2/u_dcd815c9/u_8a83412b/g_c7ad9d63[1].g_bfd6fdf7[0].u_112c4c7a/s_62c5bfa4                                   |                5 |             28 |         5.60 |
|  DPU_sys_i/clk_wiz_0/inst/clk_out150Mhz        |                                                                                                                                                                                     | DPU_sys_i/dpu_eu_0/inst/g_e584eb07.u_822a997b/u_8329ce29/u_3aa346a2/u_dcd815c9/u_8a83412b/g_c7ad9d63[8].g_bfd6fdf7[0].u_112c4c7a/s_62c5bfa4                                   |                5 |             28 |         5.60 |
|  DPU_sys_i/clk_wiz_0/inst/clk_out150Mhz        |                                                                                                                                                                                     | DPU_sys_i/dpu_eu_0/inst/g_e584eb07.u_822a997b/u_8329ce29/u_3aa346a2/u_dcd815c9/u_8a83412b/g_c7ad9d63[7].g_bfd6fdf7[0].u_112c4c7a/s_62c5bfa4                                   |                6 |             28 |         4.67 |
|  DPU_sys_i/clk_wiz_0/inst/clk_out150Mhz        | DPU_sys_i/dpu_eu_0/inst/g_e584eb07.u_822a997b/u_8329ce29/u_5e95f3e2/u_1134bd62/inst_rd_pool_img/g_05566174.u_d40aac67/u_d69eca3d/u_c2b52391/s_f9de5723_reg[56]_0[0]                 |                                                                                                                                                                               |                7 |             28 |         4.00 |
|  DPU_sys_i/processing_system7_0/inst/FCLK_CLK0 | DPU_sys_i/dpu_eu_0/inst/u_0fdf40ec/s_97656b57_reg[10]_1[0]                                                                                                                          |                                                                                                                                                                               |                5 |             28 |         5.60 |
|  DPU_sys_i/processing_system7_0/inst/FCLK_CLK0 | DPU_sys_i/dpu_eu_0/inst/u_0fdf40ec/s_97656b57_reg[10]_0[0]                                                                                                                          |                                                                                                                                                                               |                6 |             28 |         4.67 |
|  DPU_sys_i/processing_system7_0/inst/FCLK_CLK0 | DPU_sys_i/dpu_eu_0/inst/u_0fdf40ec/s_ae9998a7_reg[1]_0[0]                                                                                                                           |                                                                                                                                                                               |                9 |             28 |         3.11 |
|  DPU_sys_i/clk_wiz_0/inst/clk_out150Mhz        | DPU_sys_i/dpu_eu_0/inst/g_e584eb07.u_822a997b/u_8329ce29/u_5e95f3e2/u_1134bd62/u_be4ea361/s_b3bfbcd7_reg_0                                                                          | DPU_sys_i/dpu_eu_0/inst/g_e584eb07.u_822a997b/u_8329ce29/u_5e95f3e2/u_d8bbec23/u_f3f18915/s_b94c8f41_reg_0                                                                    |                7 |             29 |         4.14 |
|  DPU_sys_i/clk_wiz_0/inst/clk_out300Mhz        | DPU_sys_i/dpu_eu_0/inst/g_e584eb07.u_822a997b/u_8329ce29/u_3aa346a2/u_dcd815c9/u_6c52c68e/g_7b54f91e[5].g_07af5fd4[0].g_9aa100cb[1].u_a326a45b/g_6779d86c[1].s_a8023107             |                                                                                                                                                                               |                8 |             32 |         4.00 |
|  DPU_sys_i/clk_wiz_0/inst/clk_out300Mhz        | DPU_sys_i/dpu_eu_0/inst/g_e584eb07.u_822a997b/u_8329ce29/u_3aa346a2/u_dcd815c9/u_6c52c68e/g_7b54f91e[5].g_07af5fd4[0].g_9aa100cb[1].u_a326a45b/g_6779d86c[1].s_7b55f7d8_reg_n_0     |                                                                                                                                                                               |                5 |             32 |         6.40 |
|  DPU_sys_i/clk_wiz_0/inst/clk_out300Mhz        | DPU_sys_i/dpu_eu_0/inst/g_e584eb07.u_822a997b/u_8329ce29/u_3aa346a2/u_dcd815c9/u_6c52c68e/g_7b54f91e[5].g_07af5fd4[0].g_9aa100cb[1].u_a326a45b/g_6779d86c[0].s_a8023107             |                                                                                                                                                                               |                8 |             32 |         4.00 |
|  DPU_sys_i/clk_wiz_0/inst/clk_out300Mhz        | DPU_sys_i/dpu_eu_0/inst/g_e584eb07.u_822a997b/u_8329ce29/u_3aa346a2/u_dcd815c9/u_6c52c68e/g_7b54f91e[5].g_07af5fd4[0].g_9aa100cb[1].u_a326a45b/g_6779d86c[0].s_27e0d716             |                                                                                                                                                                               |                8 |             32 |         4.00 |
|  DPU_sys_i/clk_wiz_0/inst/clk_out300Mhz        | DPU_sys_i/dpu_eu_0/inst/g_e584eb07.u_822a997b/u_8329ce29/u_3aa346a2/u_dcd815c9/u_6c52c68e/g_7b54f91e[5].g_07af5fd4[0].g_9aa100cb[0].u_a326a45b/g_6779d86c[1].s_a8023107             |                                                                                                                                                                               |                7 |             32 |         4.57 |
|  DPU_sys_i/clk_wiz_0/inst/clk_out300Mhz        | DPU_sys_i/dpu_eu_0/inst/g_e584eb07.u_822a997b/u_8329ce29/u_3aa346a2/u_dcd815c9/u_6c52c68e/g_7b54f91e[5].g_07af5fd4[0].g_9aa100cb[0].u_a326a45b/g_6779d86c[1].s_27e0d716             |                                                                                                                                                                               |                9 |             32 |         3.56 |
|  DPU_sys_i/clk_wiz_0/inst/clk_out300Mhz        | DPU_sys_i/dpu_eu_0/inst/g_e584eb07.u_822a997b/u_8329ce29/u_3aa346a2/u_dcd815c9/u_6c52c68e/g_7b54f91e[5].g_07af5fd4[0].g_9aa100cb[0].u_a326a45b/g_6779d86c[0].s_a8023107             |                                                                                                                                                                               |                6 |             32 |         5.33 |
|  DPU_sys_i/clk_wiz_0/inst/clk_out300Mhz        | DPU_sys_i/dpu_eu_0/inst/g_e584eb07.u_822a997b/u_8329ce29/u_3aa346a2/u_dcd815c9/u_6c52c68e/g_7b54f91e[5].g_07af5fd4[0].g_9aa100cb[0].u_a326a45b/g_6779d86c[0].s_27e0d716             |                                                                                                                                                                               |                5 |             32 |         6.40 |
|  DPU_sys_i/clk_wiz_0/inst/clk_out300Mhz        | DPU_sys_i/dpu_eu_0/inst/g_e584eb07.u_822a997b/u_8329ce29/u_3aa346a2/u_dcd815c9/u_6c52c68e/g_7b54f91e[4].g_07af5fd4[0].g_9aa100cb[5].u_a326a45b/g_6779d86c[1].s_a8023107             |                                                                                                                                                                               |                7 |             32 |         4.57 |
|  DPU_sys_i/clk_wiz_0/inst/clk_out300Mhz        | DPU_sys_i/dpu_eu_0/inst/g_e584eb07.u_822a997b/u_8329ce29/u_3aa346a2/u_dcd815c9/u_6c52c68e/g_7b54f91e[4].g_07af5fd4[0].g_9aa100cb[5].u_a326a45b/g_6779d86c[1].s_7b55f7d8_reg_n_0     |                                                                                                                                                                               |                6 |             32 |         5.33 |
|  DPU_sys_i/clk_wiz_0/inst/clk_out300Mhz        | DPU_sys_i/dpu_eu_0/inst/g_e584eb07.u_822a997b/u_8329ce29/u_3aa346a2/u_dcd815c9/u_6c52c68e/g_7b54f91e[4].g_07af5fd4[0].g_9aa100cb[5].u_a326a45b/g_6779d86c[1].s_27e0d716             |                                                                                                                                                                               |                7 |             32 |         4.57 |
|  DPU_sys_i/clk_wiz_0/inst/clk_out300Mhz        | DPU_sys_i/dpu_eu_0/inst/g_e584eb07.u_822a997b/u_8329ce29/u_3aa346a2/u_dcd815c9/u_6c52c68e/g_7b54f91e[4].g_07af5fd4[0].g_9aa100cb[5].u_a326a45b/g_6779d86c[0].s_a8023107             |                                                                                                                                                                               |                5 |             32 |         6.40 |
|  DPU_sys_i/clk_wiz_0/inst/clk_out300Mhz        | DPU_sys_i/dpu_eu_0/inst/g_e584eb07.u_822a997b/u_8329ce29/u_3aa346a2/u_dcd815c9/u_6c52c68e/g_7b54f91e[4].g_07af5fd4[0].g_9aa100cb[5].u_a326a45b/g_6779d86c[0].s_27e0d716             |                                                                                                                                                                               |                4 |             32 |         8.00 |
|  DPU_sys_i/clk_wiz_0/inst/clk_out300Mhz        | DPU_sys_i/dpu_eu_0/inst/g_e584eb07.u_822a997b/u_8329ce29/u_3aa346a2/u_dcd815c9/u_6c52c68e/g_7b54f91e[4].g_07af5fd4[0].g_9aa100cb[4].u_a326a45b/g_6779d86c[1].s_a8023107             |                                                                                                                                                                               |                5 |             32 |         6.40 |
|  DPU_sys_i/clk_wiz_0/inst/clk_out300Mhz        | DPU_sys_i/dpu_eu_0/inst/g_e584eb07.u_822a997b/u_8329ce29/u_3aa346a2/u_dcd815c9/u_6c52c68e/g_7b54f91e[4].g_07af5fd4[0].g_9aa100cb[4].u_a326a45b/g_6779d86c[1].s_27e0d716             |                                                                                                                                                                               |                5 |             32 |         6.40 |
|  DPU_sys_i/clk_wiz_0/inst/clk_out300Mhz        | DPU_sys_i/dpu_eu_0/inst/g_e584eb07.u_822a997b/u_8329ce29/u_3aa346a2/u_dcd815c9/u_6c52c68e/g_7b54f91e[4].g_07af5fd4[0].g_9aa100cb[4].u_a326a45b/g_6779d86c[0].s_27e0d716             |                                                                                                                                                                               |                5 |             32 |         6.40 |
|  DPU_sys_i/clk_wiz_0/inst/clk_out300Mhz        | DPU_sys_i/dpu_eu_0/inst/g_e584eb07.u_822a997b/u_8329ce29/u_3aa346a2/u_dcd815c9/u_6c52c68e/g_7b54f91e[4].g_07af5fd4[0].g_9aa100cb[4].u_a326a45b/g_6779d86c[0].s_a8023107             |                                                                                                                                                                               |                5 |             32 |         6.40 |
|  DPU_sys_i/clk_wiz_0/inst/clk_out300Mhz        | DPU_sys_i/dpu_eu_0/inst/g_e584eb07.u_822a997b/u_8329ce29/u_3aa346a2/u_dcd815c9/u_6c52c68e/g_7b54f91e[4].g_07af5fd4[0].g_9aa100cb[3].u_a326a45b/g_6779d86c[1].s_7b55f7d8_reg_n_0     |                                                                                                                                                                               |                6 |             32 |         5.33 |
|  DPU_sys_i/clk_wiz_0/inst/clk_out300Mhz        | DPU_sys_i/dpu_eu_0/inst/g_e584eb07.u_822a997b/u_8329ce29/u_3aa346a2/u_dcd815c9/u_6c52c68e/g_7b54f91e[4].g_07af5fd4[0].g_9aa100cb[3].u_a326a45b/g_6779d86c[1].s_a8023107             |                                                                                                                                                                               |                7 |             32 |         4.57 |
|  DPU_sys_i/clk_wiz_0/inst/clk_out300Mhz        | DPU_sys_i/dpu_eu_0/inst/g_e584eb07.u_822a997b/u_8329ce29/u_3aa346a2/u_dcd815c9/u_6c52c68e/g_7b54f91e[4].g_07af5fd4[0].g_9aa100cb[3].u_a326a45b/g_6779d86c[1].s_27e0d716             |                                                                                                                                                                               |                6 |             32 |         5.33 |
|  DPU_sys_i/clk_wiz_0/inst/clk_out300Mhz        | DPU_sys_i/dpu_eu_0/inst/g_e584eb07.u_822a997b/u_8329ce29/u_3aa346a2/u_dcd815c9/u_6c52c68e/g_7b54f91e[4].g_07af5fd4[0].g_9aa100cb[3].u_a326a45b/g_6779d86c[0].s_27e0d716             |                                                                                                                                                                               |                8 |             32 |         4.00 |
|  DPU_sys_i/clk_wiz_0/inst/clk_out300Mhz        | DPU_sys_i/dpu_eu_0/inst/g_e584eb07.u_822a997b/u_8329ce29/u_3aa346a2/u_dcd815c9/u_6c52c68e/g_7b54f91e[4].g_07af5fd4[0].g_9aa100cb[3].u_a326a45b/g_6779d86c[0].s_a8023107             |                                                                                                                                                                               |                7 |             32 |         4.57 |
|  DPU_sys_i/clk_wiz_0/inst/clk_out300Mhz        | DPU_sys_i/dpu_eu_0/inst/g_e584eb07.u_822a997b/u_8329ce29/u_3aa346a2/u_dcd815c9/u_6c52c68e/g_7b54f91e[4].g_07af5fd4[0].g_9aa100cb[2].u_a326a45b/g_6779d86c[1].s_a8023107             |                                                                                                                                                                               |                6 |             32 |         5.33 |
|  DPU_sys_i/clk_wiz_0/inst/clk_out300Mhz        | DPU_sys_i/dpu_eu_0/inst/g_e584eb07.u_822a997b/u_8329ce29/u_3aa346a2/u_dcd815c9/u_6c52c68e/g_7b54f91e[4].g_07af5fd4[0].g_9aa100cb[2].u_a326a45b/g_6779d86c[1].s_27e0d716             |                                                                                                                                                                               |                7 |             32 |         4.57 |
|  DPU_sys_i/clk_wiz_0/inst/clk_out300Mhz        | DPU_sys_i/dpu_eu_0/inst/g_e584eb07.u_822a997b/u_8329ce29/u_3aa346a2/u_dcd815c9/u_6c52c68e/g_7b54f91e[4].g_07af5fd4[0].g_9aa100cb[2].u_a326a45b/g_6779d86c[0].s_a8023107             |                                                                                                                                                                               |               10 |             32 |         3.20 |
|  DPU_sys_i/clk_wiz_0/inst/clk_out300Mhz        | DPU_sys_i/dpu_eu_0/inst/g_e584eb07.u_822a997b/u_8329ce29/u_3aa346a2/u_dcd815c9/u_6c52c68e/g_7b54f91e[4].g_07af5fd4[0].g_9aa100cb[2].u_a326a45b/g_6779d86c[0].s_27e0d716             |                                                                                                                                                                               |                8 |             32 |         4.00 |
|  DPU_sys_i/clk_wiz_0/inst/clk_out300Mhz        | DPU_sys_i/dpu_eu_0/inst/g_e584eb07.u_822a997b/u_8329ce29/u_3aa346a2/u_dcd815c9/u_6c52c68e/g_7b54f91e[4].g_07af5fd4[0].g_9aa100cb[1].u_a326a45b/g_6779d86c[1].s_a8023107             |                                                                                                                                                                               |                5 |             32 |         6.40 |
|  DPU_sys_i/clk_wiz_0/inst/clk_out300Mhz        | DPU_sys_i/dpu_eu_0/inst/g_e584eb07.u_822a997b/u_8329ce29/u_3aa346a2/u_dcd815c9/u_6c52c68e/g_7b54f91e[4].g_07af5fd4[0].g_9aa100cb[1].u_a326a45b/g_6779d86c[1].s_7b55f7d8_reg_n_0     |                                                                                                                                                                               |                5 |             32 |         6.40 |
|  DPU_sys_i/clk_wiz_0/inst/clk_out300Mhz        | DPU_sys_i/dpu_eu_0/inst/g_e584eb07.u_822a997b/u_8329ce29/u_3aa346a2/u_dcd815c9/u_6c52c68e/g_7b54f91e[4].g_07af5fd4[0].g_9aa100cb[1].u_a326a45b/g_6779d86c[1].s_27e0d716             |                                                                                                                                                                               |                5 |             32 |         6.40 |
|  DPU_sys_i/clk_wiz_0/inst/clk_out300Mhz        | DPU_sys_i/dpu_eu_0/inst/g_e584eb07.u_822a997b/u_8329ce29/u_3aa346a2/u_dcd815c9/u_6c52c68e/g_7b54f91e[4].g_07af5fd4[0].g_9aa100cb[1].u_a326a45b/g_6779d86c[0].s_a8023107             |                                                                                                                                                                               |                8 |             32 |         4.00 |
|  DPU_sys_i/clk_wiz_0/inst/clk_out300Mhz        | DPU_sys_i/dpu_eu_0/inst/g_e584eb07.u_822a997b/u_8329ce29/u_3aa346a2/u_dcd815c9/u_6c52c68e/g_7b54f91e[4].g_07af5fd4[0].g_9aa100cb[1].u_a326a45b/g_6779d86c[0].s_27e0d716             |                                                                                                                                                                               |                9 |             32 |         3.56 |
|  DPU_sys_i/clk_wiz_0/inst/clk_out300Mhz        | DPU_sys_i/dpu_eu_0/inst/g_e584eb07.u_822a997b/u_8329ce29/u_3aa346a2/u_dcd815c9/u_6c52c68e/g_7b54f91e[4].g_07af5fd4[0].g_9aa100cb[0].u_a326a45b/g_6779d86c[1].s_a8023107             |                                                                                                                                                                               |                8 |             32 |         4.00 |
|  DPU_sys_i/clk_wiz_0/inst/clk_out300Mhz        | DPU_sys_i/dpu_eu_0/inst/g_e584eb07.u_822a997b/u_8329ce29/u_3aa346a2/u_dcd815c9/u_6c52c68e/g_7b54f91e[4].g_07af5fd4[0].g_9aa100cb[0].u_a326a45b/g_6779d86c[1].s_27e0d716             |                                                                                                                                                                               |                6 |             32 |         5.33 |
|  DPU_sys_i/clk_wiz_0/inst/clk_out300Mhz        | DPU_sys_i/dpu_eu_0/inst/g_e584eb07.u_822a997b/u_8329ce29/u_3aa346a2/u_dcd815c9/u_6c52c68e/g_7b54f91e[4].g_07af5fd4[0].g_9aa100cb[0].u_a326a45b/g_6779d86c[0].s_a8023107             |                                                                                                                                                                               |                6 |             32 |         5.33 |
|  DPU_sys_i/clk_wiz_0/inst/clk_out300Mhz        | DPU_sys_i/dpu_eu_0/inst/g_e584eb07.u_822a997b/u_8329ce29/u_3aa346a2/u_dcd815c9/u_6c52c68e/g_7b54f91e[4].g_07af5fd4[0].g_9aa100cb[0].u_a326a45b/g_6779d86c[0].s_27e0d716             |                                                                                                                                                                               |                6 |             32 |         5.33 |
|  DPU_sys_i/clk_wiz_0/inst/clk_out300Mhz        | DPU_sys_i/dpu_eu_0/inst/g_e584eb07.u_822a997b/u_8329ce29/u_3aa346a2/u_dcd815c9/u_6c52c68e/g_7b54f91e[9].g_07af5fd4[0].g_9aa100cb[5].u_a326a45b/g_6779d86c[1].s_27e0d716             |                                                                                                                                                                               |                6 |             32 |         5.33 |
|  DPU_sys_i/clk_wiz_0/inst/clk_out300Mhz        | DPU_sys_i/dpu_eu_0/inst/g_e584eb07.u_822a997b/u_8329ce29/u_3aa346a2/u_dcd815c9/u_6c52c68e/g_7b54f91e[3].g_07af5fd4[0].g_9aa100cb[4].u_a326a45b/g_6779d86c[1].s_a8023107             |                                                                                                                                                                               |                5 |             32 |         6.40 |
|  DPU_sys_i/clk_wiz_0/inst/clk_out300Mhz        | DPU_sys_i/dpu_eu_0/inst/g_e584eb07.u_822a997b/u_8329ce29/u_3aa346a2/u_dcd815c9/u_6c52c68e/g_7b54f91e[3].g_07af5fd4[0].g_9aa100cb[4].u_a326a45b/g_6779d86c[1].s_27e0d716             |                                                                                                                                                                               |                4 |             32 |         8.00 |
|  DPU_sys_i/clk_wiz_0/inst/clk_out300Mhz        | DPU_sys_i/dpu_eu_0/inst/g_e584eb07.u_822a997b/u_8329ce29/u_3aa346a2/u_dcd815c9/u_6c52c68e/g_7b54f91e[9].g_07af5fd4[0].g_9aa100cb[5].u_a326a45b/g_6779d86c[1].s_7b55f7d8_reg_n_0     |                                                                                                                                                                               |                6 |             32 |         5.33 |
|  DPU_sys_i/clk_wiz_0/inst/clk_out300Mhz        | DPU_sys_i/dpu_eu_0/inst/g_e584eb07.u_822a997b/u_8329ce29/u_3aa346a2/u_dcd815c9/u_6c52c68e/g_7b54f91e[3].g_07af5fd4[0].g_9aa100cb[4].u_a326a45b/g_6779d86c[0].s_27e0d716             |                                                                                                                                                                               |                5 |             32 |         6.40 |
|  DPU_sys_i/clk_wiz_0/inst/clk_out300Mhz        | DPU_sys_i/dpu_eu_0/inst/g_e584eb07.u_822a997b/u_8329ce29/u_3aa346a2/u_dcd815c9/u_6c52c68e/g_7b54f91e[3].g_07af5fd4[0].g_9aa100cb[4].u_a326a45b/g_6779d86c[0].s_a8023107             |                                                                                                                                                                               |                6 |             32 |         5.33 |
|  DPU_sys_i/clk_wiz_0/inst/clk_out300Mhz        | DPU_sys_i/dpu_eu_0/inst/g_e584eb07.u_822a997b/u_8329ce29/u_3aa346a2/u_dcd815c9/u_6c52c68e/g_7b54f91e[3].g_07af5fd4[0].g_9aa100cb[3].u_a326a45b/g_6779d86c[1].s_7b55f7d8_reg_n_0     |                                                                                                                                                                               |                6 |             32 |         5.33 |
|  DPU_sys_i/clk_wiz_0/inst/clk_out300Mhz        | DPU_sys_i/dpu_eu_0/inst/g_e584eb07.u_822a997b/u_8329ce29/u_3aa346a2/u_dcd815c9/u_6c52c68e/g_7b54f91e[3].g_07af5fd4[0].g_9aa100cb[3].u_a326a45b/g_6779d86c[1].s_a8023107             |                                                                                                                                                                               |                5 |             32 |         6.40 |
|  DPU_sys_i/clk_wiz_0/inst/clk_out300Mhz        | DPU_sys_i/dpu_eu_0/inst/g_e584eb07.u_822a997b/u_8329ce29/u_3aa346a2/u_dcd815c9/u_6c52c68e/g_7b54f91e[3].g_07af5fd4[0].g_9aa100cb[3].u_a326a45b/g_6779d86c[1].s_27e0d716             |                                                                                                                                                                               |                7 |             32 |         4.57 |
|  DPU_sys_i/clk_wiz_0/inst/clk_out300Mhz        | DPU_sys_i/dpu_eu_0/inst/g_e584eb07.u_822a997b/u_8329ce29/u_3aa346a2/u_dcd815c9/u_6c52c68e/g_7b54f91e[3].g_07af5fd4[0].g_9aa100cb[3].u_a326a45b/g_6779d86c[0].s_a8023107             |                                                                                                                                                                               |                7 |             32 |         4.57 |
|  DPU_sys_i/clk_wiz_0/inst/clk_out300Mhz        | DPU_sys_i/dpu_eu_0/inst/g_e584eb07.u_822a997b/u_8329ce29/u_3aa346a2/u_dcd815c9/u_6c52c68e/g_7b54f91e[3].g_07af5fd4[0].g_9aa100cb[3].u_a326a45b/g_6779d86c[0].s_27e0d716             |                                                                                                                                                                               |                5 |             32 |         6.40 |
|  DPU_sys_i/clk_wiz_0/inst/clk_out300Mhz        | DPU_sys_i/dpu_eu_0/inst/g_e584eb07.u_822a997b/u_8329ce29/u_3aa346a2/u_dcd815c9/u_6c52c68e/g_7b54f91e[3].g_07af5fd4[0].g_9aa100cb[2].u_a326a45b/g_6779d86c[1].s_27e0d716             |                                                                                                                                                                               |                7 |             32 |         4.57 |
|  DPU_sys_i/clk_wiz_0/inst/clk_out300Mhz        | DPU_sys_i/dpu_eu_0/inst/g_e584eb07.u_822a997b/u_8329ce29/u_3aa346a2/u_dcd815c9/u_6c52c68e/g_7b54f91e[3].g_07af5fd4[0].g_9aa100cb[2].u_a326a45b/g_6779d86c[1].s_a8023107             |                                                                                                                                                                               |                6 |             32 |         5.33 |
|  DPU_sys_i/clk_wiz_0/inst/clk_out300Mhz        | DPU_sys_i/dpu_eu_0/inst/g_e584eb07.u_822a997b/u_8329ce29/u_3aa346a2/u_dcd815c9/u_6c52c68e/g_7b54f91e[3].g_07af5fd4[0].g_9aa100cb[2].u_a326a45b/g_6779d86c[0].s_27e0d716             |                                                                                                                                                                               |                6 |             32 |         5.33 |
|  DPU_sys_i/clk_wiz_0/inst/clk_out300Mhz        | DPU_sys_i/dpu_eu_0/inst/g_e584eb07.u_822a997b/u_8329ce29/u_3aa346a2/u_dcd815c9/u_6c52c68e/g_7b54f91e[3].g_07af5fd4[0].g_9aa100cb[2].u_a326a45b/g_6779d86c[0].s_a8023107             |                                                                                                                                                                               |                7 |             32 |         4.57 |
|  DPU_sys_i/clk_wiz_0/inst/clk_out300Mhz        | DPU_sys_i/dpu_eu_0/inst/g_e584eb07.u_822a997b/u_8329ce29/u_3aa346a2/u_dcd815c9/u_6c52c68e/g_7b54f91e[3].g_07af5fd4[0].g_9aa100cb[1].u_a326a45b/g_6779d86c[1].s_7b55f7d8_reg_n_0     |                                                                                                                                                                               |                6 |             32 |         5.33 |
|  DPU_sys_i/clk_wiz_0/inst/clk_out300Mhz        | DPU_sys_i/dpu_eu_0/inst/g_e584eb07.u_822a997b/u_8329ce29/u_3aa346a2/u_dcd815c9/u_6c52c68e/g_7b54f91e[3].g_07af5fd4[0].g_9aa100cb[1].u_a326a45b/g_6779d86c[1].s_27e0d716             |                                                                                                                                                                               |                6 |             32 |         5.33 |
|  DPU_sys_i/clk_wiz_0/inst/clk_out300Mhz        | DPU_sys_i/dpu_eu_0/inst/g_e584eb07.u_822a997b/u_8329ce29/u_3aa346a2/u_dcd815c9/u_6c52c68e/g_7b54f91e[3].g_07af5fd4[0].g_9aa100cb[1].u_a326a45b/g_6779d86c[0].s_a8023107             |                                                                                                                                                                               |                6 |             32 |         5.33 |
|  DPU_sys_i/clk_wiz_0/inst/clk_out300Mhz        | DPU_sys_i/dpu_eu_0/inst/g_e584eb07.u_822a997b/u_8329ce29/u_3aa346a2/u_dcd815c9/u_6c52c68e/g_7b54f91e[3].g_07af5fd4[0].g_9aa100cb[1].u_a326a45b/g_6779d86c[1].s_a8023107             |                                                                                                                                                                               |                6 |             32 |         5.33 |
|  DPU_sys_i/clk_wiz_0/inst/clk_out300Mhz        | DPU_sys_i/dpu_eu_0/inst/g_e584eb07.u_822a997b/u_8329ce29/u_3aa346a2/u_dcd815c9/u_6c52c68e/g_7b54f91e[3].g_07af5fd4[0].g_9aa100cb[1].u_a326a45b/g_6779d86c[0].s_27e0d716             |                                                                                                                                                                               |                8 |             32 |         4.00 |
|  DPU_sys_i/clk_wiz_0/inst/clk_out300Mhz        | DPU_sys_i/dpu_eu_0/inst/g_e584eb07.u_822a997b/u_8329ce29/u_3aa346a2/u_dcd815c9/u_6c52c68e/g_7b54f91e[3].g_07af5fd4[0].g_9aa100cb[0].u_a326a45b/g_6779d86c[1].s_27e0d716             |                                                                                                                                                                               |                7 |             32 |         4.57 |
|  DPU_sys_i/clk_wiz_0/inst/clk_out300Mhz        | DPU_sys_i/dpu_eu_0/inst/g_e584eb07.u_822a997b/u_8329ce29/u_3aa346a2/u_dcd815c9/u_6c52c68e/g_7b54f91e[9].g_07af5fd4[0].g_9aa100cb[5].u_a326a45b/g_6779d86c[1].s_a8023107             |                                                                                                                                                                               |                9 |             32 |         3.56 |
|  DPU_sys_i/clk_wiz_0/inst/clk_out300Mhz        | DPU_sys_i/dpu_eu_0/inst/g_e584eb07.u_822a997b/u_8329ce29/u_3aa346a2/u_dcd815c9/u_6c52c68e/g_7b54f91e[3].g_07af5fd4[0].g_9aa100cb[0].u_a326a45b/g_6779d86c[1].s_a8023107             |                                                                                                                                                                               |               10 |             32 |         3.20 |
|  DPU_sys_i/clk_wiz_0/inst/clk_out300Mhz        | DPU_sys_i/dpu_eu_0/inst/g_e584eb07.u_822a997b/u_8329ce29/u_3aa346a2/u_dcd815c9/u_6c52c68e/g_7b54f91e[9].g_07af5fd4[0].g_9aa100cb[5].u_a326a45b/g_6779d86c[0].s_27e0d716             |                                                                                                                                                                               |                4 |             32 |         8.00 |
|  DPU_sys_i/clk_wiz_0/inst/clk_out300Mhz        | DPU_sys_i/dpu_eu_0/inst/g_e584eb07.u_822a997b/u_8329ce29/u_3aa346a2/u_dcd815c9/u_6c52c68e/g_7b54f91e[9].g_07af5fd4[0].g_9aa100cb[5].u_a326a45b/g_6779d86c[0].s_a8023107             |                                                                                                                                                                               |                4 |             32 |         8.00 |
|  DPU_sys_i/clk_wiz_0/inst/clk_out300Mhz        | DPU_sys_i/dpu_eu_0/inst/g_e584eb07.u_822a997b/u_8329ce29/u_3aa346a2/u_dcd815c9/u_6c52c68e/g_7b54f91e[3].g_07af5fd4[0].g_9aa100cb[0].u_a326a45b/g_6779d86c[0].s_27e0d716             |                                                                                                                                                                               |                7 |             32 |         4.57 |
|  DPU_sys_i/clk_wiz_0/inst/clk_out300Mhz        | DPU_sys_i/dpu_eu_0/inst/g_e584eb07.u_822a997b/u_8329ce29/u_3aa346a2/u_dcd815c9/u_6c52c68e/g_7b54f91e[3].g_07af5fd4[0].g_9aa100cb[0].u_a326a45b/g_6779d86c[0].s_a8023107             |                                                                                                                                                                               |                7 |             32 |         4.57 |
|  DPU_sys_i/clk_wiz_0/inst/clk_out300Mhz        | DPU_sys_i/dpu_eu_0/inst/g_e584eb07.u_822a997b/u_8329ce29/u_3aa346a2/u_dcd815c9/u_6c52c68e/g_7b54f91e[2].g_07af5fd4[0].g_9aa100cb[5].u_a326a45b/g_6779d86c[1].s_27e0d716             |                                                                                                                                                                               |                7 |             32 |         4.57 |
|  DPU_sys_i/clk_wiz_0/inst/clk_out300Mhz        | DPU_sys_i/dpu_eu_0/inst/g_e584eb07.u_822a997b/u_8329ce29/u_3aa346a2/u_dcd815c9/u_6c52c68e/g_7b54f91e[2].g_07af5fd4[0].g_9aa100cb[5].u_a326a45b/g_6779d86c[1].s_7b55f7d8_reg_n_0     |                                                                                                                                                                               |                4 |             32 |         8.00 |
|  DPU_sys_i/clk_wiz_0/inst/clk_out300Mhz        | DPU_sys_i/dpu_eu_0/inst/g_e584eb07.u_822a997b/u_8329ce29/u_3aa346a2/u_dcd815c9/u_6c52c68e/g_7b54f91e[2].g_07af5fd4[0].g_9aa100cb[5].u_a326a45b/g_6779d86c[1].s_a8023107             |                                                                                                                                                                               |                6 |             32 |         5.33 |
|  DPU_sys_i/clk_wiz_0/inst/clk_out300Mhz        | DPU_sys_i/dpu_eu_0/inst/g_e584eb07.u_822a997b/u_8329ce29/u_3aa346a2/u_dcd815c9/u_6c52c68e/g_7b54f91e[2].g_07af5fd4[0].g_9aa100cb[5].u_a326a45b/g_6779d86c[0].s_27e0d716             |                                                                                                                                                                               |                5 |             32 |         6.40 |
|  DPU_sys_i/clk_wiz_0/inst/clk_out300Mhz        | DPU_sys_i/dpu_eu_0/inst/g_e584eb07.u_822a997b/u_8329ce29/u_3aa346a2/u_dcd815c9/u_6c52c68e/g_7b54f91e[2].g_07af5fd4[0].g_9aa100cb[5].u_a326a45b/g_6779d86c[0].s_a8023107             |                                                                                                                                                                               |                4 |             32 |         8.00 |
|  DPU_sys_i/clk_wiz_0/inst/clk_out300Mhz        | DPU_sys_i/dpu_eu_0/inst/g_e584eb07.u_822a997b/u_8329ce29/u_3aa346a2/u_dcd815c9/u_6c52c68e/g_7b54f91e[2].g_07af5fd4[0].g_9aa100cb[4].u_a326a45b/g_6779d86c[1].s_27e0d716             |                                                                                                                                                                               |                4 |             32 |         8.00 |
|  DPU_sys_i/clk_wiz_0/inst/clk_out300Mhz        | DPU_sys_i/dpu_eu_0/inst/g_e584eb07.u_822a997b/u_8329ce29/u_3aa346a2/u_dcd815c9/u_6c52c68e/g_7b54f91e[9].g_07af5fd4[0].g_9aa100cb[4].u_a326a45b/g_6779d86c[1].s_27e0d716             |                                                                                                                                                                               |                4 |             32 |         8.00 |
|  DPU_sys_i/clk_wiz_0/inst/clk_out300Mhz        | DPU_sys_i/dpu_eu_0/inst/g_e584eb07.u_822a997b/u_8329ce29/u_3aa346a2/u_dcd815c9/u_6c52c68e/g_7b54f91e[2].g_07af5fd4[0].g_9aa100cb[4].u_a326a45b/g_6779d86c[1].s_a8023107             |                                                                                                                                                                               |                5 |             32 |         6.40 |
|  DPU_sys_i/clk_wiz_0/inst/clk_out300Mhz        | DPU_sys_i/dpu_eu_0/inst/g_e584eb07.u_822a997b/u_8329ce29/u_3aa346a2/u_dcd815c9/u_6c52c68e/g_7b54f91e[2].g_07af5fd4[0].g_9aa100cb[4].u_a326a45b/g_6779d86c[0].s_a8023107             |                                                                                                                                                                               |                8 |             32 |         4.00 |
|  DPU_sys_i/clk_wiz_0/inst/clk_out300Mhz        | DPU_sys_i/dpu_eu_0/inst/g_e584eb07.u_822a997b/u_8329ce29/u_3aa346a2/u_dcd815c9/u_6c52c68e/g_7b54f91e[2].g_07af5fd4[0].g_9aa100cb[4].u_a326a45b/g_6779d86c[0].s_27e0d716             |                                                                                                                                                                               |                6 |             32 |         5.33 |
|  DPU_sys_i/clk_wiz_0/inst/clk_out300Mhz        | DPU_sys_i/dpu_eu_0/inst/g_e584eb07.u_822a997b/u_8329ce29/u_3aa346a2/u_dcd815c9/u_6c52c68e/g_7b54f91e[7].g_07af5fd4[0].g_9aa100cb[3].u_a326a45b/g_6779d86c[1].s_a8023107             |                                                                                                                                                                               |                7 |             32 |         4.57 |
|  DPU_sys_i/clk_wiz_0/inst/clk_out300Mhz        | DPU_sys_i/dpu_eu_0/inst/g_e584eb07.u_822a997b/u_8329ce29/u_3aa346a2/u_dcd815c9/u_6c52c68e/g_7b54f91e[7].g_07af5fd4[0].g_9aa100cb[3].u_a326a45b/g_6779d86c[1].s_27e0d716             |                                                                                                                                                                               |                6 |             32 |         5.33 |
|  DPU_sys_i/clk_wiz_0/inst/clk_out300Mhz        | DPU_sys_i/dpu_eu_0/inst/g_e584eb07.u_822a997b/u_8329ce29/u_3aa346a2/u_dcd815c9/u_6c52c68e/g_7b54f91e[7].g_07af5fd4[0].g_9aa100cb[3].u_a326a45b/g_6779d86c[1].s_7b55f7d8_reg_n_0     |                                                                                                                                                                               |                5 |             32 |         6.40 |
|  DPU_sys_i/clk_wiz_0/inst/clk_out300Mhz        | DPU_sys_i/dpu_eu_0/inst/g_e584eb07.u_822a997b/u_8329ce29/u_3aa346a2/u_dcd815c9/u_6c52c68e/g_7b54f91e[7].g_07af5fd4[0].g_9aa100cb[3].u_a326a45b/g_6779d86c[0].s_27e0d716             |                                                                                                                                                                               |                5 |             32 |         6.40 |
|  DPU_sys_i/clk_wiz_0/inst/clk_out300Mhz        | DPU_sys_i/dpu_eu_0/inst/g_e584eb07.u_822a997b/u_8329ce29/u_3aa346a2/u_dcd815c9/u_6c52c68e/g_7b54f91e[7].g_07af5fd4[0].g_9aa100cb[3].u_a326a45b/g_6779d86c[0].s_a8023107             |                                                                                                                                                                               |                5 |             32 |         6.40 |
|  DPU_sys_i/clk_wiz_0/inst/clk_out300Mhz        | DPU_sys_i/dpu_eu_0/inst/g_e584eb07.u_822a997b/u_8329ce29/u_3aa346a2/u_dcd815c9/u_6c52c68e/g_7b54f91e[7].g_07af5fd4[0].g_9aa100cb[4].u_a326a45b/g_6779d86c[1].s_a8023107             |                                                                                                                                                                               |                6 |             32 |         5.33 |
|  DPU_sys_i/clk_wiz_0/inst/clk_out300Mhz        | DPU_sys_i/dpu_eu_0/inst/g_e584eb07.u_822a997b/u_8329ce29/u_3aa346a2/u_dcd815c9/u_6c52c68e/g_7b54f91e[7].g_07af5fd4[0].g_9aa100cb[4].u_a326a45b/g_6779d86c[1].s_27e0d716             |                                                                                                                                                                               |                6 |             32 |         5.33 |
|  DPU_sys_i/clk_wiz_0/inst/clk_out300Mhz        | DPU_sys_i/dpu_eu_0/inst/g_e584eb07.u_822a997b/u_8329ce29/u_3aa346a2/u_dcd815c9/u_6c52c68e/g_7b54f91e[7].g_07af5fd4[0].g_9aa100cb[4].u_a326a45b/g_6779d86c[0].s_27e0d716             |                                                                                                                                                                               |                7 |             32 |         4.57 |
|  DPU_sys_i/clk_wiz_0/inst/clk_out300Mhz        | DPU_sys_i/dpu_eu_0/inst/g_e584eb07.u_822a997b/u_8329ce29/u_3aa346a2/u_dcd815c9/u_6c52c68e/g_7b54f91e[7].g_07af5fd4[0].g_9aa100cb[4].u_a326a45b/g_6779d86c[0].s_a8023107             |                                                                                                                                                                               |                7 |             32 |         4.57 |
|  DPU_sys_i/clk_wiz_0/inst/clk_out300Mhz        | DPU_sys_i/dpu_eu_0/inst/g_e584eb07.u_822a997b/u_8329ce29/u_3aa346a2/u_dcd815c9/u_6c52c68e/g_7b54f91e[2].g_07af5fd4[0].g_9aa100cb[3].u_a326a45b/g_6779d86c[1].s_7b55f7d8_reg_n_0     |                                                                                                                                                                               |                6 |             32 |         5.33 |
|  DPU_sys_i/clk_wiz_0/inst/clk_out300Mhz        | DPU_sys_i/dpu_eu_0/inst/g_e584eb07.u_822a997b/u_8329ce29/u_3aa346a2/u_dcd815c9/u_6c52c68e/g_7b54f91e[2].g_07af5fd4[0].g_9aa100cb[3].u_a326a45b/g_6779d86c[1].s_a8023107             |                                                                                                                                                                               |                7 |             32 |         4.57 |
|  DPU_sys_i/clk_wiz_0/inst/clk_out300Mhz        | DPU_sys_i/dpu_eu_0/inst/g_e584eb07.u_822a997b/u_8329ce29/u_3aa346a2/u_dcd815c9/u_6c52c68e/g_7b54f91e[2].g_07af5fd4[0].g_9aa100cb[3].u_a326a45b/g_6779d86c[1].s_27e0d716             |                                                                                                                                                                               |                7 |             32 |         4.57 |
|  DPU_sys_i/clk_wiz_0/inst/clk_out300Mhz        | DPU_sys_i/dpu_eu_0/inst/g_e584eb07.u_822a997b/u_8329ce29/u_3aa346a2/u_dcd815c9/u_6c52c68e/g_7b54f91e[2].g_07af5fd4[0].g_9aa100cb[3].u_a326a45b/g_6779d86c[0].s_27e0d716             |                                                                                                                                                                               |                9 |             32 |         3.56 |
|  DPU_sys_i/clk_wiz_0/inst/clk_out300Mhz        | DPU_sys_i/dpu_eu_0/inst/g_e584eb07.u_822a997b/u_8329ce29/u_3aa346a2/u_dcd815c9/u_6c52c68e/g_7b54f91e[2].g_07af5fd4[0].g_9aa100cb[3].u_a326a45b/g_6779d86c[0].s_a8023107             |                                                                                                                                                                               |                5 |             32 |         6.40 |
|  DPU_sys_i/clk_wiz_0/inst/clk_out300Mhz        | DPU_sys_i/dpu_eu_0/inst/g_e584eb07.u_822a997b/u_8329ce29/u_3aa346a2/u_dcd815c9/u_6c52c68e/g_7b54f91e[2].g_07af5fd4[0].g_9aa100cb[0].u_a326a45b/g_6779d86c[1].s_a8023107             |                                                                                                                                                                               |                7 |             32 |         4.57 |
|  DPU_sys_i/clk_wiz_0/inst/clk_out300Mhz        | DPU_sys_i/dpu_eu_0/inst/g_e584eb07.u_822a997b/u_8329ce29/u_3aa346a2/u_dcd815c9/u_6c52c68e/g_7b54f91e[2].g_07af5fd4[0].g_9aa100cb[0].u_a326a45b/g_6779d86c[1].s_27e0d716             |                                                                                                                                                                               |                8 |             32 |         4.00 |
|  DPU_sys_i/clk_wiz_0/inst/clk_out300Mhz        | DPU_sys_i/dpu_eu_0/inst/g_e584eb07.u_822a997b/u_8329ce29/u_3aa346a2/u_dcd815c9/u_6c52c68e/g_7b54f91e[2].g_07af5fd4[0].g_9aa100cb[0].u_a326a45b/g_6779d86c[0].s_a8023107             |                                                                                                                                                                               |                6 |             32 |         5.33 |
|  DPU_sys_i/clk_wiz_0/inst/clk_out300Mhz        | DPU_sys_i/dpu_eu_0/inst/g_e584eb07.u_822a997b/u_8329ce29/u_3aa346a2/u_dcd815c9/u_6c52c68e/g_7b54f91e[2].g_07af5fd4[0].g_9aa100cb[0].u_a326a45b/g_6779d86c[0].s_27e0d716             |                                                                                                                                                                               |                5 |             32 |         6.40 |
|  DPU_sys_i/clk_wiz_0/inst/clk_out300Mhz        | DPU_sys_i/dpu_eu_0/inst/g_e584eb07.u_822a997b/u_8329ce29/u_3aa346a2/u_dcd815c9/u_6c52c68e/g_7b54f91e[1].g_07af5fd4[0].g_9aa100cb[5].u_a326a45b/g_6779d86c[1].s_a8023107             |                                                                                                                                                                               |                7 |             32 |         4.57 |
|  DPU_sys_i/clk_wiz_0/inst/clk_out300Mhz        | DPU_sys_i/dpu_eu_0/inst/g_e584eb07.u_822a997b/u_8329ce29/u_3aa346a2/u_dcd815c9/u_6c52c68e/g_7b54f91e[1].g_07af5fd4[0].g_9aa100cb[5].u_a326a45b/g_6779d86c[1].s_27e0d716             |                                                                                                                                                                               |                6 |             32 |         5.33 |
|  DPU_sys_i/clk_wiz_0/inst/clk_out300Mhz        | DPU_sys_i/dpu_eu_0/inst/g_e584eb07.u_822a997b/u_8329ce29/u_3aa346a2/u_dcd815c9/u_6c52c68e/g_7b54f91e[1].g_07af5fd4[0].g_9aa100cb[5].u_a326a45b/g_6779d86c[1].s_7b55f7d8_reg_n_0     |                                                                                                                                                                               |                7 |             32 |         4.57 |
|  DPU_sys_i/clk_wiz_0/inst/clk_out300Mhz        | DPU_sys_i/dpu_eu_0/inst/g_e584eb07.u_822a997b/u_8329ce29/u_3aa346a2/u_dcd815c9/u_6c52c68e/g_7b54f91e[1].g_07af5fd4[0].g_9aa100cb[5].u_a326a45b/g_6779d86c[0].s_27e0d716             |                                                                                                                                                                               |                5 |             32 |         6.40 |
|  DPU_sys_i/clk_wiz_0/inst/clk_out300Mhz        | DPU_sys_i/dpu_eu_0/inst/g_e584eb07.u_822a997b/u_8329ce29/u_3aa346a2/u_dcd815c9/u_6c52c68e/g_7b54f91e[1].g_07af5fd4[0].g_9aa100cb[5].u_a326a45b/g_6779d86c[0].s_a8023107             |                                                                                                                                                                               |                6 |             32 |         5.33 |
|  DPU_sys_i/clk_wiz_0/inst/clk_out300Mhz        | DPU_sys_i/dpu_eu_0/inst/g_e584eb07.u_822a997b/u_8329ce29/u_3aa346a2/u_dcd815c9/u_6c52c68e/g_7b54f91e[1].g_07af5fd4[0].g_9aa100cb[4].u_a326a45b/g_6779d86c[1].s_27e0d716             |                                                                                                                                                                               |                5 |             32 |         6.40 |
|  DPU_sys_i/clk_wiz_0/inst/clk_out300Mhz        | DPU_sys_i/dpu_eu_0/inst/g_e584eb07.u_822a997b/u_8329ce29/u_3aa346a2/u_dcd815c9/u_6c52c68e/g_7b54f91e[1].g_07af5fd4[0].g_9aa100cb[4].u_a326a45b/g_6779d86c[1].s_a8023107             |                                                                                                                                                                               |                5 |             32 |         6.40 |
|  DPU_sys_i/clk_wiz_0/inst/clk_out300Mhz        | DPU_sys_i/dpu_eu_0/inst/g_e584eb07.u_822a997b/u_8329ce29/u_3aa346a2/u_dcd815c9/u_6c52c68e/g_7b54f91e[9].g_07af5fd4[0].g_9aa100cb[4].u_a326a45b/g_6779d86c[1].s_a8023107             |                                                                                                                                                                               |                5 |             32 |         6.40 |
|  DPU_sys_i/clk_wiz_0/inst/clk_out300Mhz        | DPU_sys_i/dpu_eu_0/inst/g_e584eb07.u_822a997b/u_8329ce29/u_3aa346a2/u_dcd815c9/u_6c52c68e/g_7b54f91e[9].g_07af5fd4[0].g_9aa100cb[4].u_a326a45b/g_6779d86c[0].s_a8023107             |                                                                                                                                                                               |                8 |             32 |         4.00 |
|  DPU_sys_i/clk_wiz_0/inst/clk_out300Mhz        | DPU_sys_i/dpu_eu_0/inst/g_e584eb07.u_822a997b/u_8329ce29/u_3aa346a2/u_dcd815c9/u_6c52c68e/g_7b54f91e[1].g_07af5fd4[0].g_9aa100cb[4].u_a326a45b/g_6779d86c[0].s_a8023107             |                                                                                                                                                                               |                6 |             32 |         5.33 |
|  DPU_sys_i/clk_wiz_0/inst/clk_out300Mhz        | DPU_sys_i/dpu_eu_0/inst/g_e584eb07.u_822a997b/u_8329ce29/u_3aa346a2/u_dcd815c9/u_6c52c68e/g_7b54f91e[1].g_07af5fd4[0].g_9aa100cb[4].u_a326a45b/g_6779d86c[0].s_27e0d716             |                                                                                                                                                                               |                4 |             32 |         8.00 |
|  DPU_sys_i/clk_wiz_0/inst/clk_out300Mhz        | DPU_sys_i/dpu_eu_0/inst/g_e584eb07.u_822a997b/u_8329ce29/u_3aa346a2/u_dcd815c9/u_6c52c68e/g_7b54f91e[1].g_07af5fd4[0].g_9aa100cb[3].u_a326a45b/g_6779d86c[1].s_7b55f7d8_reg_n_0     |                                                                                                                                                                               |                8 |             32 |         4.00 |
|  DPU_sys_i/clk_wiz_0/inst/clk_out300Mhz        | DPU_sys_i/dpu_eu_0/inst/g_e584eb07.u_822a997b/u_8329ce29/u_3aa346a2/u_dcd815c9/u_6c52c68e/g_7b54f91e[1].g_07af5fd4[0].g_9aa100cb[3].u_a326a45b/g_6779d86c[1].s_27e0d716             |                                                                                                                                                                               |                6 |             32 |         5.33 |
|  DPU_sys_i/clk_wiz_0/inst/clk_out300Mhz        | DPU_sys_i/dpu_eu_0/inst/g_e584eb07.u_822a997b/u_8329ce29/u_3aa346a2/u_dcd815c9/u_6c52c68e/g_7b54f91e[1].g_07af5fd4[0].g_9aa100cb[3].u_a326a45b/g_6779d86c[1].s_a8023107             |                                                                                                                                                                               |                5 |             32 |         6.40 |
|  DPU_sys_i/clk_wiz_0/inst/clk_out300Mhz        | DPU_sys_i/dpu_eu_0/inst/g_e584eb07.u_822a997b/u_8329ce29/u_3aa346a2/u_dcd815c9/u_6c52c68e/g_7b54f91e[1].g_07af5fd4[0].g_9aa100cb[3].u_a326a45b/g_6779d86c[0].s_a8023107             |                                                                                                                                                                               |                9 |             32 |         3.56 |
|  DPU_sys_i/clk_wiz_0/inst/clk_out300Mhz        | DPU_sys_i/dpu_eu_0/inst/g_e584eb07.u_822a997b/u_8329ce29/u_3aa346a2/u_dcd815c9/u_6c52c68e/g_7b54f91e[1].g_07af5fd4[0].g_9aa100cb[3].u_a326a45b/g_6779d86c[0].s_27e0d716             |                                                                                                                                                                               |                8 |             32 |         4.00 |
|  DPU_sys_i/clk_wiz_0/inst/clk_out300Mhz        | DPU_sys_i/dpu_eu_0/inst/g_e584eb07.u_822a997b/u_8329ce29/u_3aa346a2/u_dcd815c9/u_6c52c68e/g_7b54f91e[1].g_07af5fd4[0].g_9aa100cb[2].u_a326a45b/g_6779d86c[1].s_a8023107             |                                                                                                                                                                               |                9 |             32 |         3.56 |
|  DPU_sys_i/clk_wiz_0/inst/clk_out300Mhz        | DPU_sys_i/dpu_eu_0/inst/g_e584eb07.u_822a997b/u_8329ce29/u_3aa346a2/u_dcd815c9/u_6c52c68e/g_7b54f91e[1].g_07af5fd4[0].g_9aa100cb[2].u_a326a45b/g_6779d86c[1].s_27e0d716             |                                                                                                                                                                               |                9 |             32 |         3.56 |
|  DPU_sys_i/clk_wiz_0/inst/clk_out300Mhz        | DPU_sys_i/dpu_eu_0/inst/g_e584eb07.u_822a997b/u_8329ce29/u_3aa346a2/u_dcd815c9/u_6c52c68e/g_7b54f91e[9].g_07af5fd4[0].g_9aa100cb[4].u_a326a45b/g_6779d86c[0].s_27e0d716             |                                                                                                                                                                               |                6 |             32 |         5.33 |
|  DPU_sys_i/clk_wiz_0/inst/clk_out300Mhz        | DPU_sys_i/dpu_eu_0/inst/g_e584eb07.u_822a997b/u_8329ce29/u_3aa346a2/u_dcd815c9/u_6c52c68e/g_7b54f91e[1].g_07af5fd4[0].g_9aa100cb[2].u_a326a45b/g_6779d86c[0].s_a8023107             |                                                                                                                                                                               |                8 |             32 |         4.00 |
|  DPU_sys_i/clk_wiz_0/inst/clk_out300Mhz        | DPU_sys_i/dpu_eu_0/inst/g_e584eb07.u_822a997b/u_8329ce29/u_3aa346a2/u_dcd815c9/u_6c52c68e/g_7b54f91e[1].g_07af5fd4[0].g_9aa100cb[2].u_a326a45b/g_6779d86c[0].s_27e0d716             |                                                                                                                                                                               |                9 |             32 |         3.56 |
|  DPU_sys_i/clk_wiz_0/inst/clk_out300Mhz        | DPU_sys_i/dpu_eu_0/inst/g_e584eb07.u_822a997b/u_8329ce29/u_3aa346a2/u_dcd815c9/u_6c52c68e/g_7b54f91e[1].g_07af5fd4[0].g_9aa100cb[1].u_a326a45b/g_6779d86c[1].s_27e0d716             |                                                                                                                                                                               |                7 |             32 |         4.57 |
|  DPU_sys_i/clk_wiz_0/inst/clk_out300Mhz        | DPU_sys_i/dpu_eu_0/inst/g_e584eb07.u_822a997b/u_8329ce29/u_3aa346a2/u_dcd815c9/u_6c52c68e/g_7b54f91e[1].g_07af5fd4[0].g_9aa100cb[1].u_a326a45b/g_6779d86c[1].s_a8023107             |                                                                                                                                                                               |                7 |             32 |         4.57 |
|  DPU_sys_i/clk_wiz_0/inst/clk_out300Mhz        | DPU_sys_i/dpu_eu_0/inst/g_e584eb07.u_822a997b/u_8329ce29/u_3aa346a2/u_dcd815c9/u_6c52c68e/g_7b54f91e[1].g_07af5fd4[0].g_9aa100cb[1].u_a326a45b/g_6779d86c[1].s_7b55f7d8_reg_n_0     |                                                                                                                                                                               |                8 |             32 |         4.00 |
|  DPU_sys_i/clk_wiz_0/inst/clk_out300Mhz        | DPU_sys_i/dpu_eu_0/inst/g_e584eb07.u_822a997b/u_8329ce29/u_3aa346a2/u_dcd815c9/u_6c52c68e/g_7b54f91e[1].g_07af5fd4[0].g_9aa100cb[1].u_a326a45b/g_6779d86c[0].s_a8023107             |                                                                                                                                                                               |                8 |             32 |         4.00 |
|  DPU_sys_i/clk_wiz_0/inst/clk_out300Mhz        | DPU_sys_i/dpu_eu_0/inst/g_e584eb07.u_822a997b/u_8329ce29/u_3aa346a2/u_dcd815c9/u_6c52c68e/g_7b54f91e[1].g_07af5fd4[0].g_9aa100cb[1].u_a326a45b/g_6779d86c[0].s_27e0d716             |                                                                                                                                                                               |                8 |             32 |         4.00 |
|  DPU_sys_i/clk_wiz_0/inst/clk_out300Mhz        | DPU_sys_i/dpu_eu_0/inst/g_e584eb07.u_822a997b/u_8329ce29/u_3aa346a2/u_dcd815c9/u_6c52c68e/g_7b54f91e[1].g_07af5fd4[0].g_9aa100cb[0].u_a326a45b/g_6779d86c[1].s_a8023107             |                                                                                                                                                                               |                8 |             32 |         4.00 |
|  DPU_sys_i/clk_wiz_0/inst/clk_out300Mhz        | DPU_sys_i/dpu_eu_0/inst/g_e584eb07.u_822a997b/u_8329ce29/u_3aa346a2/u_dcd815c9/u_6c52c68e/g_7b54f91e[1].g_07af5fd4[0].g_9aa100cb[0].u_a326a45b/g_6779d86c[1].s_27e0d716             |                                                                                                                                                                               |               11 |             32 |         2.91 |
|  DPU_sys_i/clk_wiz_0/inst/clk_out300Mhz        | DPU_sys_i/dpu_eu_0/inst/g_e584eb07.u_822a997b/u_8329ce29/u_3aa346a2/u_dcd815c9/u_6c52c68e/g_7b54f91e[1].g_07af5fd4[0].g_9aa100cb[0].u_a326a45b/g_6779d86c[0].s_a8023107             |                                                                                                                                                                               |                6 |             32 |         5.33 |
|  DPU_sys_i/clk_wiz_0/inst/clk_out300Mhz        | DPU_sys_i/dpu_eu_0/inst/g_e584eb07.u_822a997b/u_8329ce29/u_3aa346a2/u_dcd815c9/u_6c52c68e/g_7b54f91e[1].g_07af5fd4[0].g_9aa100cb[0].u_a326a45b/g_6779d86c[0].s_27e0d716             |                                                                                                                                                                               |                4 |             32 |         8.00 |
|  DPU_sys_i/clk_wiz_0/inst/clk_out300Mhz        | DPU_sys_i/dpu_eu_0/inst/g_e584eb07.u_822a997b/u_8329ce29/u_3aa346a2/u_dcd815c9/u_6c52c68e/g_7b54f91e[11].g_07af5fd4[0].g_9aa100cb[5].u_a326a45b/g_6779d86c[1].s_a8023107            |                                                                                                                                                                               |                9 |             32 |         3.56 |
|  DPU_sys_i/clk_wiz_0/inst/clk_out300Mhz        | DPU_sys_i/dpu_eu_0/inst/g_e584eb07.u_822a997b/u_8329ce29/u_3aa346a2/u_dcd815c9/u_6c52c68e/g_7b54f91e[11].g_07af5fd4[0].g_9aa100cb[5].u_a326a45b/g_6779d86c[1].s_27e0d716            |                                                                                                                                                                               |                9 |             32 |         3.56 |
|  DPU_sys_i/clk_wiz_0/inst/clk_out300Mhz        | DPU_sys_i/dpu_eu_0/inst/g_e584eb07.u_822a997b/u_8329ce29/u_3aa346a2/u_dcd815c9/u_6c52c68e/g_7b54f91e[11].g_07af5fd4[0].g_9aa100cb[5].u_a326a45b/g_6779d86c[1].s_7b55f7d8_reg_n_0    |                                                                                                                                                                               |                9 |             32 |         3.56 |
|  DPU_sys_i/clk_wiz_0/inst/clk_out300Mhz        | DPU_sys_i/dpu_eu_0/inst/g_e584eb07.u_822a997b/u_8329ce29/u_3aa346a2/u_dcd815c9/u_6c52c68e/g_7b54f91e[11].g_07af5fd4[0].g_9aa100cb[5].u_a326a45b/g_6779d86c[0].s_a8023107            |                                                                                                                                                                               |                5 |             32 |         6.40 |
|  DPU_sys_i/clk_wiz_0/inst/clk_out300Mhz        | DPU_sys_i/dpu_eu_0/inst/g_e584eb07.u_822a997b/u_8329ce29/u_3aa346a2/u_dcd815c9/u_6c52c68e/g_7b54f91e[11].g_07af5fd4[0].g_9aa100cb[5].u_a326a45b/g_6779d86c[0].s_27e0d716            |                                                                                                                                                                               |                5 |             32 |         6.40 |
|  DPU_sys_i/clk_wiz_0/inst/clk_out300Mhz        | DPU_sys_i/dpu_eu_0/inst/g_e584eb07.u_822a997b/u_8329ce29/u_3aa346a2/u_dcd815c9/u_6c52c68e/g_7b54f91e[11].g_07af5fd4[0].g_9aa100cb[3].u_a326a45b/g_6779d86c[1].s_7b55f7d8_reg_n_0    |                                                                                                                                                                               |                4 |             32 |         8.00 |
|  DPU_sys_i/clk_wiz_0/inst/clk_out300Mhz        | DPU_sys_i/dpu_eu_0/inst/g_e584eb07.u_822a997b/u_8329ce29/u_3aa346a2/u_dcd815c9/u_6c52c68e/g_7b54f91e[11].g_07af5fd4[0].g_9aa100cb[3].u_a326a45b/g_6779d86c[1].s_a8023107            |                                                                                                                                                                               |                4 |             32 |         8.00 |
|  DPU_sys_i/clk_wiz_0/inst/clk_out300Mhz        | DPU_sys_i/dpu_eu_0/inst/g_e584eb07.u_822a997b/u_8329ce29/u_3aa346a2/u_dcd815c9/u_6c52c68e/g_7b54f91e[11].g_07af5fd4[0].g_9aa100cb[3].u_a326a45b/g_6779d86c[1].s_27e0d716            |                                                                                                                                                                               |                4 |             32 |         8.00 |
|  DPU_sys_i/clk_wiz_0/inst/clk_out300Mhz        | DPU_sys_i/dpu_eu_0/inst/g_e584eb07.u_822a997b/u_8329ce29/u_3aa346a2/u_dcd815c9/u_6c52c68e/g_7b54f91e[11].g_07af5fd4[0].g_9aa100cb[3].u_a326a45b/g_6779d86c[0].s_27e0d716            |                                                                                                                                                                               |                4 |             32 |         8.00 |
|  DPU_sys_i/clk_wiz_0/inst/clk_out300Mhz        | DPU_sys_i/dpu_eu_0/inst/g_e584eb07.u_822a997b/u_8329ce29/u_3aa346a2/u_dcd815c9/u_6c52c68e/g_7b54f91e[11].g_07af5fd4[0].g_9aa100cb[3].u_a326a45b/g_6779d86c[0].s_a8023107            |                                                                                                                                                                               |                6 |             32 |         5.33 |
|  DPU_sys_i/clk_wiz_0/inst/clk_out300Mhz        | DPU_sys_i/dpu_eu_0/inst/g_e584eb07.u_822a997b/u_8329ce29/u_3aa346a2/u_dcd815c9/u_6c52c68e/g_7b54f91e[11].g_07af5fd4[0].g_9aa100cb[2].u_a326a45b/g_6779d86c[1].s_a8023107            |                                                                                                                                                                               |                5 |             32 |         6.40 |
|  DPU_sys_i/clk_wiz_0/inst/clk_out300Mhz        | DPU_sys_i/dpu_eu_0/inst/g_e584eb07.u_822a997b/u_8329ce29/u_3aa346a2/u_dcd815c9/u_6c52c68e/g_7b54f91e[11].g_07af5fd4[0].g_9aa100cb[2].u_a326a45b/g_6779d86c[1].s_27e0d716            |                                                                                                                                                                               |                5 |             32 |         6.40 |
|  DPU_sys_i/clk_wiz_0/inst/clk_out300Mhz        | DPU_sys_i/dpu_eu_0/inst/g_e584eb07.u_822a997b/u_8329ce29/u_3aa346a2/u_dcd815c9/u_6c52c68e/g_7b54f91e[9].g_07af5fd4[0].g_9aa100cb[3].u_a326a45b/g_6779d86c[0].s_27e0d716             |                                                                                                                                                                               |                7 |             32 |         4.57 |
|  DPU_sys_i/clk_wiz_0/inst/clk_out300Mhz        | DPU_sys_i/dpu_eu_0/inst/g_e584eb07.u_822a997b/u_8329ce29/u_3aa346a2/u_dcd815c9/u_6c52c68e/g_7b54f91e[9].g_07af5fd4[0].g_9aa100cb[3].u_a326a45b/g_6779d86c[1].s_a8023107             |                                                                                                                                                                               |                6 |             32 |         5.33 |
|  DPU_sys_i/clk_wiz_0/inst/clk_out300Mhz        | DPU_sys_i/dpu_eu_0/inst/g_e584eb07.u_822a997b/u_8329ce29/u_3aa346a2/u_dcd815c9/u_6c52c68e/g_7b54f91e[9].g_07af5fd4[0].g_9aa100cb[3].u_a326a45b/g_6779d86c[1].s_7b55f7d8_reg_n_0     |                                                                                                                                                                               |                6 |             32 |         5.33 |
|  DPU_sys_i/clk_wiz_0/inst/clk_out300Mhz        | DPU_sys_i/dpu_eu_0/inst/g_e584eb07.u_822a997b/u_8329ce29/u_3aa346a2/u_dcd815c9/u_6c52c68e/g_7b54f91e[9].g_07af5fd4[0].g_9aa100cb[3].u_a326a45b/g_6779d86c[1].s_27e0d716             |                                                                                                                                                                               |                6 |             32 |         5.33 |
|  DPU_sys_i/clk_wiz_0/inst/clk_out300Mhz        | DPU_sys_i/dpu_eu_0/inst/g_e584eb07.u_822a997b/u_8329ce29/u_3aa346a2/u_dcd815c9/u_6c52c68e/g_7b54f91e[11].g_07af5fd4[0].g_9aa100cb[2].u_a326a45b/g_6779d86c[0].s_27e0d716            |                                                                                                                                                                               |                5 |             32 |         6.40 |
|  DPU_sys_i/clk_wiz_0/inst/clk_out300Mhz        | DPU_sys_i/dpu_eu_0/inst/g_e584eb07.u_822a997b/u_8329ce29/u_3aa346a2/u_dcd815c9/u_6c52c68e/g_7b54f91e[11].g_07af5fd4[0].g_9aa100cb[2].u_a326a45b/g_6779d86c[0].s_a8023107            |                                                                                                                                                                               |                8 |             32 |         4.00 |
|  DPU_sys_i/clk_wiz_0/inst/clk_out300Mhz        | DPU_sys_i/dpu_eu_0/inst/g_e584eb07.u_822a997b/u_8329ce29/u_3aa346a2/u_dcd815c9/u_6c52c68e/g_7b54f91e[11].g_07af5fd4[0].g_9aa100cb[1].u_a326a45b/g_6779d86c[1].s_a8023107            |                                                                                                                                                                               |                9 |             32 |         3.56 |
|  DPU_sys_i/clk_wiz_0/inst/clk_out300Mhz        | DPU_sys_i/dpu_eu_0/inst/g_e584eb07.u_822a997b/u_8329ce29/u_3aa346a2/u_dcd815c9/u_6c52c68e/g_7b54f91e[11].g_07af5fd4[0].g_9aa100cb[1].u_a326a45b/g_6779d86c[1].s_7b55f7d8_reg_n_0    |                                                                                                                                                                               |                7 |             32 |         4.57 |
|  DPU_sys_i/clk_wiz_0/inst/clk_out300Mhz        | DPU_sys_i/dpu_eu_0/inst/g_e584eb07.u_822a997b/u_8329ce29/u_3aa346a2/u_dcd815c9/u_6c52c68e/g_7b54f91e[11].g_07af5fd4[0].g_9aa100cb[1].u_a326a45b/g_6779d86c[1].s_27e0d716            |                                                                                                                                                                               |                9 |             32 |         3.56 |
|  DPU_sys_i/clk_wiz_0/inst/clk_out300Mhz        | DPU_sys_i/dpu_eu_0/inst/g_e584eb07.u_822a997b/u_8329ce29/u_3aa346a2/u_dcd815c9/u_6c52c68e/g_7b54f91e[11].g_07af5fd4[0].g_9aa100cb[1].u_a326a45b/g_6779d86c[0].s_a8023107            |                                                                                                                                                                               |                6 |             32 |         5.33 |
|  DPU_sys_i/clk_wiz_0/inst/clk_out300Mhz        | DPU_sys_i/dpu_eu_0/inst/g_e584eb07.u_822a997b/u_8329ce29/u_3aa346a2/u_dcd815c9/u_6c52c68e/g_7b54f91e[9].g_07af5fd4[0].g_9aa100cb[3].u_a326a45b/g_6779d86c[0].s_a8023107             |                                                                                                                                                                               |                6 |             32 |         5.33 |
|  DPU_sys_i/clk_wiz_0/inst/clk_out300Mhz        | DPU_sys_i/dpu_eu_0/inst/g_e584eb07.u_822a997b/u_8329ce29/u_3aa346a2/u_dcd815c9/u_6c52c68e/g_7b54f91e[9].g_07af5fd4[0].g_9aa100cb[2].u_a326a45b/g_6779d86c[1].s_27e0d716             |                                                                                                                                                                               |                5 |             32 |         6.40 |
|  DPU_sys_i/clk_wiz_0/inst/clk_out300Mhz        | DPU_sys_i/dpu_eu_0/inst/g_e584eb07.u_822a997b/u_8329ce29/u_3aa346a2/u_dcd815c9/u_6c52c68e/g_7b54f91e[9].g_07af5fd4[0].g_9aa100cb[2].u_a326a45b/g_6779d86c[1].s_a8023107             |                                                                                                                                                                               |                5 |             32 |         6.40 |
|  DPU_sys_i/clk_wiz_0/inst/clk_out300Mhz        | DPU_sys_i/dpu_eu_0/inst/g_e584eb07.u_822a997b/u_8329ce29/u_3aa346a2/u_dcd815c9/u_6c52c68e/g_7b54f91e[9].g_07af5fd4[0].g_9aa100cb[2].u_a326a45b/g_6779d86c[0].s_a8023107             |                                                                                                                                                                               |               12 |             32 |         2.67 |
|  DPU_sys_i/clk_wiz_0/inst/clk_out300Mhz        | DPU_sys_i/dpu_eu_0/inst/g_e584eb07.u_822a997b/u_8329ce29/u_3aa346a2/u_dcd815c9/u_6c52c68e/g_7b54f91e[9].g_07af5fd4[0].g_9aa100cb[2].u_a326a45b/g_6779d86c[0].s_27e0d716             |                                                                                                                                                                               |               11 |             32 |         2.91 |
|  DPU_sys_i/clk_wiz_0/inst/clk_out300Mhz        | DPU_sys_i/dpu_eu_0/inst/g_e584eb07.u_822a997b/u_8329ce29/u_3aa346a2/u_dcd815c9/u_6c52c68e/g_7b54f91e[9].g_07af5fd4[0].g_9aa100cb[1].u_a326a45b/g_6779d86c[1].s_7b55f7d8_reg_n_0     |                                                                                                                                                                               |                8 |             32 |         4.00 |
|  DPU_sys_i/clk_wiz_0/inst/clk_out300Mhz        | DPU_sys_i/dpu_eu_0/inst/g_e584eb07.u_822a997b/u_8329ce29/u_3aa346a2/u_dcd815c9/u_6c52c68e/g_7b54f91e[11].g_07af5fd4[0].g_9aa100cb[1].u_a326a45b/g_6779d86c[0].s_27e0d716            |                                                                                                                                                                               |                6 |             32 |         5.33 |
|  DPU_sys_i/clk_wiz_0/inst/clk_out300Mhz        | DPU_sys_i/dpu_eu_0/inst/g_e584eb07.u_822a997b/u_8329ce29/u_3aa346a2/u_dcd815c9/u_6c52c68e/g_7b54f91e[10].g_07af5fd4[0].g_9aa100cb[5].u_a326a45b/g_6779d86c[1].s_7b55f7d8_reg_n_0    |                                                                                                                                                                               |                6 |             32 |         5.33 |
|  DPU_sys_i/clk_wiz_0/inst/clk_out300Mhz        | DPU_sys_i/dpu_eu_0/inst/g_e584eb07.u_822a997b/u_8329ce29/u_3aa346a2/u_dcd815c9/u_6c52c68e/g_7b54f91e[10].g_07af5fd4[0].g_9aa100cb[5].u_a326a45b/g_6779d86c[1].s_27e0d716            |                                                                                                                                                                               |                8 |             32 |         4.00 |
|  DPU_sys_i/clk_wiz_0/inst/clk_out300Mhz        | DPU_sys_i/dpu_eu_0/inst/g_e584eb07.u_822a997b/u_8329ce29/u_3aa346a2/u_dcd815c9/u_6c52c68e/g_7b54f91e[10].g_07af5fd4[0].g_9aa100cb[5].u_a326a45b/g_6779d86c[1].s_a8023107            |                                                                                                                                                                               |                7 |             32 |         4.57 |
|  DPU_sys_i/clk_wiz_0/inst/clk_out300Mhz        | DPU_sys_i/dpu_eu_0/inst/g_e584eb07.u_822a997b/u_8329ce29/u_3aa346a2/u_dcd815c9/u_6c52c68e/g_7b54f91e[7].g_07af5fd4[0].g_9aa100cb[5].u_a326a45b/g_6779d86c[1].s_7b55f7d8_reg_n_0     |                                                                                                                                                                               |                5 |             32 |         6.40 |
|  DPU_sys_i/clk_wiz_0/inst/clk_out300Mhz        | DPU_sys_i/dpu_eu_0/inst/g_e584eb07.u_822a997b/u_8329ce29/u_3aa346a2/u_dcd815c9/u_6c52c68e/g_7b54f91e[7].g_07af5fd4[0].g_9aa100cb[5].u_a326a45b/g_6779d86c[1].s_27e0d716             |                                                                                                                                                                               |                5 |             32 |         6.40 |
|  DPU_sys_i/clk_wiz_0/inst/clk_out300Mhz        | DPU_sys_i/dpu_eu_0/inst/g_e584eb07.u_822a997b/u_8329ce29/u_3aa346a2/u_dcd815c9/u_6c52c68e/g_7b54f91e[7].g_07af5fd4[0].g_9aa100cb[5].u_a326a45b/g_6779d86c[1].s_a8023107             |                                                                                                                                                                               |                8 |             32 |         4.00 |
|  DPU_sys_i/clk_wiz_0/inst/clk_out300Mhz        | DPU_sys_i/dpu_eu_0/inst/g_e584eb07.u_822a997b/u_8329ce29/u_3aa346a2/u_dcd815c9/u_6c52c68e/g_7b54f91e[7].g_07af5fd4[0].g_9aa100cb[5].u_a326a45b/g_6779d86c[0].s_a8023107             |                                                                                                                                                                               |                7 |             32 |         4.57 |
|  DPU_sys_i/clk_wiz_0/inst/clk_out300Mhz        | DPU_sys_i/dpu_eu_0/inst/g_e584eb07.u_822a997b/u_8329ce29/u_3aa346a2/u_dcd815c9/u_6c52c68e/g_7b54f91e[7].g_07af5fd4[0].g_9aa100cb[5].u_a326a45b/g_6779d86c[0].s_27e0d716             |                                                                                                                                                                               |                4 |             32 |         8.00 |
|  DPU_sys_i/clk_wiz_0/inst/clk_out300Mhz        | DPU_sys_i/dpu_eu_0/inst/g_e584eb07.u_822a997b/u_8329ce29/u_3aa346a2/u_dcd815c9/u_6c52c68e/g_7b54f91e[10].g_07af5fd4[0].g_9aa100cb[4].u_a326a45b/g_6779d86c[1].s_27e0d716            |                                                                                                                                                                               |                4 |             32 |         8.00 |
|  DPU_sys_i/clk_wiz_0/inst/clk_out300Mhz        | DPU_sys_i/dpu_eu_0/inst/g_e584eb07.u_822a997b/u_8329ce29/u_3aa346a2/u_dcd815c9/u_6c52c68e/g_7b54f91e[10].g_07af5fd4[0].g_9aa100cb[4].u_a326a45b/g_6779d86c[1].s_a8023107            |                                                                                                                                                                               |                5 |             32 |         6.40 |
|  DPU_sys_i/clk_wiz_0/inst/clk_out300Mhz        | DPU_sys_i/dpu_eu_0/inst/g_e584eb07.u_822a997b/u_8329ce29/u_3aa346a2/u_dcd815c9/u_6c52c68e/g_7b54f91e[10].g_07af5fd4[0].g_9aa100cb[4].u_a326a45b/g_6779d86c[0].s_a8023107            |                                                                                                                                                                               |                5 |             32 |         6.40 |
|  DPU_sys_i/clk_wiz_0/inst/clk_out300Mhz        | DPU_sys_i/dpu_eu_0/inst/g_e584eb07.u_822a997b/u_8329ce29/u_3aa346a2/u_dcd815c9/u_6c52c68e/g_7b54f91e[10].g_07af5fd4[0].g_9aa100cb[4].u_a326a45b/g_6779d86c[0].s_27e0d716            |                                                                                                                                                                               |                6 |             32 |         5.33 |
|  DPU_sys_i/clk_wiz_0/inst/clk_out300Mhz        | DPU_sys_i/dpu_eu_0/inst/g_e584eb07.u_822a997b/u_8329ce29/u_3aa346a2/u_dcd815c9/u_6c52c68e/g_7b54f91e[10].g_07af5fd4[0].g_9aa100cb[3].u_a326a45b/g_6779d86c[1].s_27e0d716            |                                                                                                                                                                               |                6 |             32 |         5.33 |
|  DPU_sys_i/clk_wiz_0/inst/clk_out300Mhz        | DPU_sys_i/dpu_eu_0/inst/g_e584eb07.u_822a997b/u_8329ce29/u_3aa346a2/u_dcd815c9/u_6c52c68e/g_7b54f91e[10].g_07af5fd4[0].g_9aa100cb[3].u_a326a45b/g_6779d86c[1].s_7b55f7d8_reg_n_0    |                                                                                                                                                                               |                7 |             32 |         4.57 |
|  DPU_sys_i/clk_wiz_0/inst/clk_out300Mhz        | DPU_sys_i/dpu_eu_0/inst/g_e584eb07.u_822a997b/u_8329ce29/u_3aa346a2/u_dcd815c9/u_6c52c68e/g_7b54f91e[10].g_07af5fd4[0].g_9aa100cb[3].u_a326a45b/g_6779d86c[0].s_a8023107            |                                                                                                                                                                               |                6 |             32 |         5.33 |
|  DPU_sys_i/clk_wiz_0/inst/clk_out300Mhz        | DPU_sys_i/dpu_eu_0/inst/g_e584eb07.u_822a997b/u_8329ce29/u_3aa346a2/u_dcd815c9/u_6c52c68e/g_7b54f91e[10].g_07af5fd4[0].g_9aa100cb[3].u_a326a45b/g_6779d86c[1].s_a8023107            |                                                                                                                                                                               |                5 |             32 |         6.40 |
|  DPU_sys_i/clk_wiz_0/inst/clk_out300Mhz        | DPU_sys_i/dpu_eu_0/inst/g_e584eb07.u_822a997b/u_8329ce29/u_3aa346a2/u_dcd815c9/u_6c52c68e/g_7b54f91e[10].g_07af5fd4[0].g_9aa100cb[3].u_a326a45b/g_6779d86c[0].s_27e0d716            |                                                                                                                                                                               |                7 |             32 |         4.57 |
|  DPU_sys_i/clk_wiz_0/inst/clk_out150Mhz        |                                                                                                                                                                                     | DPU_sys_i/dpu_eu_0/inst/g_e584eb07.u_822a997b/u_8329ce29/u_3aa346a2/u_dcd815c9/u_d7fbebb7/g_7a0353b0[7].g_a34448e5.s_8b512823_reg[7][0]__0_rep__0_1                           |                8 |             32 |         4.00 |
|  DPU_sys_i/clk_wiz_0/inst/clk_out300Mhz        | DPU_sys_i/dpu_eu_0/inst/g_e584eb07.u_822a997b/u_8329ce29/u_3aa346a2/u_dcd815c9/u_6c52c68e/g_7b54f91e[10].g_07af5fd4[0].g_9aa100cb[2].u_a326a45b/g_6779d86c[1].s_a8023107            |                                                                                                                                                                               |                7 |             32 |         4.57 |
|  DPU_sys_i/clk_wiz_0/inst/clk_out300Mhz        | DPU_sys_i/dpu_eu_0/inst/g_e584eb07.u_822a997b/u_8329ce29/u_3aa346a2/u_dcd815c9/u_6c52c68e/g_7b54f91e[10].g_07af5fd4[0].g_9aa100cb[2].u_a326a45b/g_6779d86c[1].s_27e0d716            |                                                                                                                                                                               |                5 |             32 |         6.40 |
|  DPU_sys_i/clk_wiz_0/inst/clk_out300Mhz        | DPU_sys_i/dpu_eu_0/inst/g_e584eb07.u_822a997b/u_8329ce29/u_3aa346a2/u_dcd815c9/u_6c52c68e/g_7b54f91e[10].g_07af5fd4[0].g_9aa100cb[2].u_a326a45b/g_6779d86c[0].s_27e0d716            |                                                                                                                                                                               |                5 |             32 |         6.40 |
|  DPU_sys_i/clk_wiz_0/inst/clk_out300Mhz        | DPU_sys_i/dpu_eu_0/inst/g_e584eb07.u_822a997b/u_8329ce29/u_3aa346a2/u_dcd815c9/u_6c52c68e/g_7b54f91e[10].g_07af5fd4[0].g_9aa100cb[2].u_a326a45b/g_6779d86c[0].s_a8023107            |                                                                                                                                                                               |                5 |             32 |         6.40 |
|  DPU_sys_i/clk_wiz_0/inst/clk_out300Mhz        | DPU_sys_i/dpu_eu_0/inst/g_e584eb07.u_822a997b/u_8329ce29/u_3aa346a2/u_dcd815c9/u_6c52c68e/g_7b54f91e[10].g_07af5fd4[0].g_9aa100cb[1].u_a326a45b/g_6779d86c[1].s_7b55f7d8_reg_n_0    |                                                                                                                                                                               |                6 |             32 |         5.33 |
|  DPU_sys_i/clk_wiz_0/inst/clk_out300Mhz        | DPU_sys_i/dpu_eu_0/inst/g_e584eb07.u_822a997b/u_8329ce29/u_3aa346a2/u_dcd815c9/u_6c52c68e/g_7b54f91e[10].g_07af5fd4[0].g_9aa100cb[1].u_a326a45b/g_6779d86c[0].s_a8023107            |                                                                                                                                                                               |                6 |             32 |         5.33 |
|  DPU_sys_i/clk_wiz_0/inst/clk_out300Mhz        | DPU_sys_i/dpu_eu_0/inst/g_e584eb07.u_822a997b/u_8329ce29/u_3aa346a2/u_dcd815c9/u_6c52c68e/g_7b54f91e[10].g_07af5fd4[0].g_9aa100cb[1].u_a326a45b/g_6779d86c[1].s_a8023107            |                                                                                                                                                                               |                5 |             32 |         6.40 |
|  DPU_sys_i/clk_wiz_0/inst/clk_out300Mhz        | DPU_sys_i/dpu_eu_0/inst/g_e584eb07.u_822a997b/u_8329ce29/u_3aa346a2/u_dcd815c9/u_6c52c68e/g_7b54f91e[10].g_07af5fd4[0].g_9aa100cb[1].u_a326a45b/g_6779d86c[1].s_27e0d716            |                                                                                                                                                                               |                5 |             32 |         6.40 |
|  DPU_sys_i/clk_wiz_0/inst/clk_out300Mhz        | DPU_sys_i/dpu_eu_0/inst/g_e584eb07.u_822a997b/u_8329ce29/u_3aa346a2/u_dcd815c9/u_6c52c68e/g_7b54f91e[10].g_07af5fd4[0].g_9aa100cb[1].u_a326a45b/g_6779d86c[0].s_27e0d716            |                                                                                                                                                                               |                7 |             32 |         4.57 |
|  DPU_sys_i/clk_wiz_0/inst/clk_out300Mhz        | DPU_sys_i/dpu_eu_0/inst/g_e584eb07.u_822a997b/u_8329ce29/u_3aa346a2/u_dcd815c9/u_6c52c68e/g_7b54f91e[2].g_07af5fd4[0].g_9aa100cb[1].u_a326a45b/g_6779d86c[1].s_a8023107             |                                                                                                                                                                               |                6 |             32 |         5.33 |
|  DPU_sys_i/clk_wiz_0/inst/clk_out300Mhz        | DPU_sys_i/dpu_eu_0/inst/g_e584eb07.u_822a997b/u_8329ce29/u_3aa346a2/u_dcd815c9/u_6c52c68e/g_7b54f91e[2].g_07af5fd4[0].g_9aa100cb[1].u_a326a45b/g_6779d86c[1].s_27e0d716             |                                                                                                                                                                               |                6 |             32 |         5.33 |
|  DPU_sys_i/clk_wiz_0/inst/clk_out300Mhz        | DPU_sys_i/dpu_eu_0/inst/g_e584eb07.u_822a997b/u_8329ce29/u_3aa346a2/u_dcd815c9/u_6c52c68e/g_7b54f91e[2].g_07af5fd4[0].g_9aa100cb[1].u_a326a45b/g_6779d86c[1].s_7b55f7d8_reg_n_0     |                                                                                                                                                                               |                4 |             32 |         8.00 |
|  DPU_sys_i/clk_wiz_0/inst/clk_out300Mhz        | DPU_sys_i/dpu_eu_0/inst/g_e584eb07.u_822a997b/u_8329ce29/u_3aa346a2/u_dcd815c9/u_6c52c68e/g_7b54f91e[2].g_07af5fd4[0].g_9aa100cb[1].u_a326a45b/g_6779d86c[0].s_a8023107             |                                                                                                                                                                               |                6 |             32 |         5.33 |
|  DPU_sys_i/clk_wiz_0/inst/clk_out300Mhz        | DPU_sys_i/dpu_eu_0/inst/g_e584eb07.u_822a997b/u_8329ce29/u_3aa346a2/u_dcd815c9/u_6c52c68e/g_7b54f91e[2].g_07af5fd4[0].g_9aa100cb[1].u_a326a45b/g_6779d86c[0].s_27e0d716             |                                                                                                                                                                               |                6 |             32 |         5.33 |
|  DPU_sys_i/clk_wiz_0/inst/clk_out300Mhz        | DPU_sys_i/dpu_eu_0/inst/g_e584eb07.u_822a997b/u_8329ce29/u_3aa346a2/u_dcd815c9/u_6c52c68e/g_7b54f91e[10].g_07af5fd4[0].g_9aa100cb[5].u_a326a45b/g_6779d86c[0].s_a8023107            |                                                                                                                                                                               |                5 |             32 |         6.40 |
|  DPU_sys_i/clk_wiz_0/inst/clk_out300Mhz        | DPU_sys_i/dpu_eu_0/inst/g_e584eb07.u_822a997b/u_8329ce29/u_3aa346a2/u_dcd815c9/u_6c52c68e/g_7b54f91e[10].g_07af5fd4[0].g_9aa100cb[5].u_a326a45b/g_6779d86c[0].s_27e0d716            |                                                                                                                                                                               |                4 |             32 |         8.00 |
|  DPU_sys_i/clk_wiz_0/inst/clk_out300Mhz        | DPU_sys_i/dpu_eu_0/inst/g_e584eb07.u_822a997b/u_8329ce29/u_3aa346a2/u_dcd815c9/u_6c52c68e/g_7b54f91e[2].g_07af5fd4[0].g_9aa100cb[2].u_a326a45b/g_6779d86c[1].s_27e0d716             |                                                                                                                                                                               |                6 |             32 |         5.33 |
|  DPU_sys_i/clk_wiz_0/inst/clk_out300Mhz        | DPU_sys_i/dpu_eu_0/inst/g_e584eb07.u_822a997b/u_8329ce29/u_3aa346a2/u_dcd815c9/u_6c52c68e/g_7b54f91e[2].g_07af5fd4[0].g_9aa100cb[2].u_a326a45b/g_6779d86c[1].s_a8023107             |                                                                                                                                                                               |                5 |             32 |         6.40 |
|  DPU_sys_i/clk_wiz_0/inst/clk_out300Mhz        | DPU_sys_i/dpu_eu_0/inst/g_e584eb07.u_822a997b/u_8329ce29/u_3aa346a2/u_dcd815c9/u_6c52c68e/g_7b54f91e[2].g_07af5fd4[0].g_9aa100cb[2].u_a326a45b/g_6779d86c[0].s_a8023107             |                                                                                                                                                                               |                5 |             32 |         6.40 |
|  DPU_sys_i/clk_wiz_0/inst/clk_out300Mhz        | DPU_sys_i/dpu_eu_0/inst/g_e584eb07.u_822a997b/u_8329ce29/u_3aa346a2/u_dcd815c9/u_6c52c68e/g_7b54f91e[2].g_07af5fd4[0].g_9aa100cb[2].u_a326a45b/g_6779d86c[0].s_27e0d716             |                                                                                                                                                                               |                4 |             32 |         8.00 |
|  DPU_sys_i/clk_wiz_0/inst/clk_out300Mhz        | DPU_sys_i/dpu_eu_0/inst/g_e584eb07.u_822a997b/u_8329ce29/u_3aa346a2/u_dcd815c9/u_6c52c68e/g_7b54f91e[3].g_07af5fd4[0].g_9aa100cb[5].u_a326a45b/g_6779d86c[1].s_a8023107             |                                                                                                                                                                               |                6 |             32 |         5.33 |
|  DPU_sys_i/clk_wiz_0/inst/clk_out300Mhz        | DPU_sys_i/dpu_eu_0/inst/g_e584eb07.u_822a997b/u_8329ce29/u_3aa346a2/u_dcd815c9/u_6c52c68e/g_7b54f91e[3].g_07af5fd4[0].g_9aa100cb[5].u_a326a45b/g_6779d86c[1].s_7b55f7d8_reg_n_0     |                                                                                                                                                                               |                5 |             32 |         6.40 |
|  DPU_sys_i/clk_wiz_0/inst/clk_out300Mhz        | DPU_sys_i/dpu_eu_0/inst/g_e584eb07.u_822a997b/u_8329ce29/u_3aa346a2/u_dcd815c9/u_6c52c68e/g_7b54f91e[3].g_07af5fd4[0].g_9aa100cb[5].u_a326a45b/g_6779d86c[1].s_27e0d716             |                                                                                                                                                                               |                5 |             32 |         6.40 |
|  DPU_sys_i/clk_wiz_0/inst/clk_out300Mhz        | DPU_sys_i/dpu_eu_0/inst/g_e584eb07.u_822a997b/u_8329ce29/u_3aa346a2/u_dcd815c9/u_6c52c68e/g_7b54f91e[3].g_07af5fd4[0].g_9aa100cb[5].u_a326a45b/g_6779d86c[0].s_a8023107             |                                                                                                                                                                               |                6 |             32 |         5.33 |
|  DPU_sys_i/clk_wiz_0/inst/clk_out300Mhz        | DPU_sys_i/dpu_eu_0/inst/g_e584eb07.u_822a997b/u_8329ce29/u_3aa346a2/u_dcd815c9/u_6c52c68e/g_7b54f91e[3].g_07af5fd4[0].g_9aa100cb[5].u_a326a45b/g_6779d86c[0].s_27e0d716             |                                                                                                                                                                               |                5 |             32 |         6.40 |
|  DPU_sys_i/clk_wiz_0/inst/clk_out300Mhz        | DPU_sys_i/dpu_eu_0/inst/g_e584eb07.u_822a997b/u_8329ce29/u_3aa346a2/u_dcd815c9/u_6c52c68e/g_7b54f91e[0].g_07af5fd4[0].g_9aa100cb[2].u_a326a45b/g_6779d86c[1].s_a8023107             |                                                                                                                                                                               |                6 |             32 |         5.33 |
|  DPU_sys_i/clk_wiz_0/inst/clk_out300Mhz        | DPU_sys_i/dpu_eu_0/inst/g_e584eb07.u_822a997b/u_8329ce29/u_3aa346a2/u_dcd815c9/u_6c52c68e/g_7b54f91e[0].g_07af5fd4[0].g_9aa100cb[2].u_a326a45b/g_6779d86c[1].s_27e0d716             |                                                                                                                                                                               |                6 |             32 |         5.33 |
|  DPU_sys_i/clk_wiz_0/inst/clk_out300Mhz        | DPU_sys_i/dpu_eu_0/inst/g_e584eb07.u_822a997b/u_8329ce29/u_3aa346a2/u_dcd815c9/u_6c52c68e/g_7b54f91e[0].g_07af5fd4[0].g_9aa100cb[2].u_a326a45b/g_6779d86c[0].s_27e0d716             |                                                                                                                                                                               |                5 |             32 |         6.40 |
|  DPU_sys_i/clk_wiz_0/inst/clk_out300Mhz        | DPU_sys_i/dpu_eu_0/inst/g_e584eb07.u_822a997b/u_8329ce29/u_3aa346a2/u_dcd815c9/u_6c52c68e/g_7b54f91e[0].g_07af5fd4[0].g_9aa100cb[2].u_a326a45b/g_6779d86c[0].s_a8023107             |                                                                                                                                                                               |                6 |             32 |         5.33 |
|  DPU_sys_i/clk_wiz_0/inst/clk_out300Mhz        | DPU_sys_i/dpu_eu_0/inst/g_e584eb07.u_822a997b/u_8329ce29/u_3aa346a2/u_dcd815c9/u_6c52c68e/g_7b54f91e[0].g_07af5fd4[0].g_9aa100cb[3].u_a326a45b/g_6779d86c[1].s_27e0d716             |                                                                                                                                                                               |                4 |             32 |         8.00 |
|  DPU_sys_i/clk_wiz_0/inst/clk_out300Mhz        | DPU_sys_i/dpu_eu_0/inst/g_e584eb07.u_822a997b/u_8329ce29/u_3aa346a2/u_dcd815c9/u_6c52c68e/g_7b54f91e[0].g_07af5fd4[0].g_9aa100cb[3].u_a326a45b/g_6779d86c[1].s_a8023107             |                                                                                                                                                                               |                5 |             32 |         6.40 |
|  DPU_sys_i/clk_wiz_0/inst/clk_out300Mhz        | DPU_sys_i/dpu_eu_0/inst/g_e584eb07.u_822a997b/u_8329ce29/u_3aa346a2/u_dcd815c9/u_6c52c68e/g_7b54f91e[0].g_07af5fd4[0].g_9aa100cb[3].u_a326a45b/g_6779d86c[1].s_7b55f7d8_reg_n_0     |                                                                                                                                                                               |                5 |             32 |         6.40 |
|  DPU_sys_i/clk_wiz_0/inst/clk_out150Mhz        | DPU_sys_i/dpu_eu_0/inst/g_e584eb07.u_822a997b/u_8329ce29/u_4314ae56/u_fcfb07e1/g_2b070d9a[0].s_d4f9af2f                                                                             |                                                                                                                                                                               |                9 |             32 |         3.56 |
|  DPU_sys_i/clk_wiz_0/inst/clk_out300Mhz        | DPU_sys_i/dpu_eu_0/inst/g_e584eb07.u_822a997b/u_8329ce29/u_3aa346a2/u_dcd815c9/u_6c52c68e/g_7b54f91e[0].g_07af5fd4[0].g_9aa100cb[3].u_a326a45b/g_6779d86c[0].s_a8023107             |                                                                                                                                                                               |                9 |             32 |         3.56 |
|  DPU_sys_i/clk_wiz_0/inst/clk_out300Mhz        | DPU_sys_i/dpu_eu_0/inst/g_e584eb07.u_822a997b/u_8329ce29/u_3aa346a2/u_dcd815c9/u_6c52c68e/g_7b54f91e[0].g_07af5fd4[0].g_9aa100cb[3].u_a326a45b/g_6779d86c[0].s_27e0d716             |                                                                                                                                                                               |               10 |             32 |         3.20 |
|  DPU_sys_i/clk_wiz_0/inst/clk_out300Mhz        | DPU_sys_i/dpu_eu_0/inst/g_e584eb07.u_822a997b/u_8329ce29/u_3aa346a2/u_dcd815c9/u_6c52c68e/g_7b54f91e[0].g_07af5fd4[0].g_9aa100cb[1].u_a326a45b/g_6779d86c[1].s_a8023107             |                                                                                                                                                                               |                7 |             32 |         4.57 |
|  DPU_sys_i/clk_wiz_0/inst/clk_out300Mhz        | DPU_sys_i/dpu_eu_0/inst/g_e584eb07.u_822a997b/u_8329ce29/u_3aa346a2/u_dcd815c9/u_6c52c68e/g_7b54f91e[0].g_07af5fd4[0].g_9aa100cb[1].u_a326a45b/g_6779d86c[1].s_27e0d716             |                                                                                                                                                                               |                5 |             32 |         6.40 |
|  DPU_sys_i/clk_wiz_0/inst/clk_out150Mhz        | DPU_sys_i/dpu_eu_0/inst/g_e584eb07.u_822a997b/u_8329ce29/u_4314ae56/u_fcfb07e1/g_2b070d9a[1].s_d4f9af2f                                                                             |                                                                                                                                                                               |                9 |             32 |         3.56 |
|  DPU_sys_i/clk_wiz_0/inst/clk_out300Mhz        | DPU_sys_i/dpu_eu_0/inst/g_e584eb07.u_822a997b/u_8329ce29/u_3aa346a2/u_dcd815c9/u_6c52c68e/g_7b54f91e[0].g_07af5fd4[0].g_9aa100cb[1].u_a326a45b/g_6779d86c[1].s_7b55f7d8             |                                                                                                                                                                               |                5 |             32 |         6.40 |
|  DPU_sys_i/clk_wiz_0/inst/clk_out300Mhz        | DPU_sys_i/dpu_eu_0/inst/g_e584eb07.u_822a997b/u_8329ce29/u_3aa346a2/u_dcd815c9/u_6c52c68e/g_7b54f91e[0].g_07af5fd4[0].g_9aa100cb[1].u_a326a45b/g_6779d86c[0].s_a8023107             |                                                                                                                                                                               |                7 |             32 |         4.57 |
|  DPU_sys_i/clk_wiz_0/inst/clk_out300Mhz        | DPU_sys_i/dpu_eu_0/inst/g_e584eb07.u_822a997b/u_8329ce29/u_3aa346a2/u_dcd815c9/u_6c52c68e/g_7b54f91e[0].g_07af5fd4[0].g_9aa100cb[1].u_a326a45b/g_6779d86c[0].s_27e0d716             |                                                                                                                                                                               |                7 |             32 |         4.57 |
|  DPU_sys_i/clk_wiz_0/inst/clk_out300Mhz        | DPU_sys_i/dpu_eu_0/inst/g_e584eb07.u_822a997b/u_8329ce29/u_3aa346a2/u_dcd815c9/u_6c52c68e/g_7b54f91e[0].g_07af5fd4[0].g_9aa100cb[0].u_a326a45b/g_6779d86c[1].s_a8023107             |                                                                                                                                                                               |                6 |             32 |         5.33 |
|  DPU_sys_i/clk_wiz_0/inst/clk_out300Mhz        | DPU_sys_i/dpu_eu_0/inst/g_e584eb07.u_822a997b/u_8329ce29/u_3aa346a2/u_dcd815c9/u_6c52c68e/g_7b54f91e[6].g_07af5fd4[0].g_9aa100cb[0].u_a326a45b/g_6779d86c[0].s_a8023107             |                                                                                                                                                                               |                7 |             32 |         4.57 |
|  DPU_sys_i/clk_wiz_0/inst/clk_out300Mhz        | DPU_sys_i/dpu_eu_0/inst/g_e584eb07.u_822a997b/u_8329ce29/u_3aa346a2/u_dcd815c9/u_6c52c68e/g_7b54f91e[9].g_07af5fd4[0].g_9aa100cb[1].u_a326a45b/g_6779d86c[1].s_a8023107             |                                                                                                                                                                               |                7 |             32 |         4.57 |
|  DPU_sys_i/clk_wiz_0/inst/clk_out300Mhz        | DPU_sys_i/dpu_eu_0/inst/g_e584eb07.u_822a997b/u_8329ce29/u_3aa346a2/u_dcd815c9/u_6c52c68e/g_7b54f91e[0].g_07af5fd4[0].g_9aa100cb[0].u_a326a45b/g_6779d86c[1].s_27e0d716             |                                                                                                                                                                               |                5 |             32 |         6.40 |
|  DPU_sys_i/clk_wiz_0/inst/clk_out300Mhz        | DPU_sys_i/dpu_eu_0/inst/g_e584eb07.u_822a997b/u_8329ce29/u_3aa346a2/u_dcd815c9/u_6c52c68e/g_7b54f91e[9].g_07af5fd4[0].g_9aa100cb[1].u_a326a45b/g_6779d86c[1].s_27e0d716             |                                                                                                                                                                               |                5 |             32 |         6.40 |
|  DPU_sys_i/clk_wiz_0/inst/clk_out300Mhz        | DPU_sys_i/dpu_eu_0/inst/g_e584eb07.u_822a997b/u_8329ce29/u_3aa346a2/u_dcd815c9/u_6c52c68e/g_7b54f91e[0].g_07af5fd4[0].g_9aa100cb[0].u_a326a45b/g_6779d86c[0].s_a8023107             |                                                                                                                                                                               |                7 |             32 |         4.57 |
|  DPU_sys_i/clk_wiz_0/inst/clk_out300Mhz        | DPU_sys_i/dpu_eu_0/inst/g_e584eb07.u_822a997b/u_8329ce29/u_3aa346a2/u_dcd815c9/u_6c52c68e/g_7b54f91e[9].g_07af5fd4[0].g_9aa100cb[1].u_a326a45b/g_6779d86c[0].s_a8023107             |                                                                                                                                                                               |               10 |             32 |         3.20 |
|  DPU_sys_i/clk_wiz_0/inst/clk_out150Mhz        |                                                                                                                                                                                     | DPU_sys_i/dpu_eu_0/inst/g_e584eb07.u_822a997b/u_8329ce29/u_4314ae56/m_dad332bf/m_705b8e64/g_be0756b3[0].g_40ae2e02.m_1dba719c/s_4311b6e4[95]_i_1_n_0                          |                4 |             32 |         8.00 |
|  DPU_sys_i/clk_wiz_0/inst/clk_out300Mhz        | DPU_sys_i/dpu_eu_0/inst/g_e584eb07.u_822a997b/u_8329ce29/u_3aa346a2/u_dcd815c9/u_6c52c68e/g_7b54f91e[0].g_07af5fd4[0].g_9aa100cb[0].u_a326a45b/g_6779d86c[0].s_27e0d716             |                                                                                                                                                                               |                5 |             32 |         6.40 |
|  DPU_sys_i/clk_wiz_0/inst/clk_out300Mhz        | DPU_sys_i/dpu_eu_0/inst/g_e584eb07.u_822a997b/u_8329ce29/u_3aa346a2/u_dcd815c9/u_6c52c68e/g_7b54f91e[9].g_07af5fd4[0].g_9aa100cb[1].u_a326a45b/g_6779d86c[0].s_27e0d716             |                                                                                                                                                                               |                8 |             32 |         4.00 |
|  DPU_sys_i/clk_wiz_0/inst/clk_out300Mhz        | DPU_sys_i/dpu_eu_0/inst/g_e584eb07.u_822a997b/u_8329ce29/u_3aa346a2/u_dcd815c9/u_6c52c68e/g_7b54f91e[11].g_07af5fd4[0].g_9aa100cb[0].u_a326a45b/g_6779d86c[1].s_27e0d716            |                                                                                                                                                                               |                6 |             32 |         5.33 |
|  DPU_sys_i/clk_wiz_0/inst/clk_out300Mhz        | DPU_sys_i/dpu_eu_0/inst/g_e584eb07.u_822a997b/u_8329ce29/u_3aa346a2/u_dcd815c9/u_6c52c68e/g_7b54f91e[11].g_07af5fd4[0].g_9aa100cb[0].u_a326a45b/g_6779d86c[1].s_a8023107            |                                                                                                                                                                               |                9 |             32 |         3.56 |
|  DPU_sys_i/clk_wiz_0/inst/clk_out300Mhz        | DPU_sys_i/dpu_eu_0/inst/g_e584eb07.u_822a997b/u_8329ce29/u_3aa346a2/u_dcd815c9/u_6c52c68e/g_7b54f91e[11].g_07af5fd4[0].g_9aa100cb[0].u_a326a45b/g_6779d86c[0].s_a8023107            |                                                                                                                                                                               |                5 |             32 |         6.40 |
|  DPU_sys_i/clk_wiz_0/inst/clk_out300Mhz        | DPU_sys_i/dpu_eu_0/inst/g_e584eb07.u_822a997b/u_8329ce29/u_3aa346a2/u_dcd815c9/u_6c52c68e/g_7b54f91e[11].g_07af5fd4[0].g_9aa100cb[0].u_a326a45b/g_6779d86c[0].s_27e0d716            |                                                                                                                                                                               |                5 |             32 |         6.40 |
|  DPU_sys_i/clk_wiz_0/inst/clk_out300Mhz        | DPU_sys_i/dpu_eu_0/inst/g_e584eb07.u_822a997b/u_8329ce29/u_3aa346a2/u_dcd815c9/u_6c52c68e/g_7b54f91e[0].g_07af5fd4[0].g_9aa100cb[4].u_a326a45b/g_6779d86c[1].s_a8023107             |                                                                                                                                                                               |                7 |             32 |         4.57 |
|  DPU_sys_i/clk_wiz_0/inst/clk_out300Mhz        | DPU_sys_i/dpu_eu_0/inst/g_e584eb07.u_822a997b/u_8329ce29/u_3aa346a2/u_dcd815c9/u_6c52c68e/g_7b54f91e[0].g_07af5fd4[0].g_9aa100cb[4].u_a326a45b/g_6779d86c[1].s_27e0d716             |                                                                                                                                                                               |                7 |             32 |         4.57 |
|  DPU_sys_i/clk_wiz_0/inst/clk_out300Mhz        | DPU_sys_i/dpu_eu_0/inst/g_e584eb07.u_822a997b/u_8329ce29/u_3aa346a2/u_dcd815c9/u_6c52c68e/g_7b54f91e[0].g_07af5fd4[0].g_9aa100cb[4].u_a326a45b/g_6779d86c[0].s_a8023107             |                                                                                                                                                                               |                8 |             32 |         4.00 |
|  DPU_sys_i/clk_wiz_0/inst/clk_out300Mhz        | DPU_sys_i/dpu_eu_0/inst/g_e584eb07.u_822a997b/u_8329ce29/u_3aa346a2/u_dcd815c9/u_6c52c68e/g_7b54f91e[0].g_07af5fd4[0].g_9aa100cb[4].u_a326a45b/g_6779d86c[0].s_27e0d716             |                                                                                                                                                                               |                5 |             32 |         6.40 |
|  DPU_sys_i/clk_wiz_0/inst/clk_out300Mhz        | DPU_sys_i/dpu_eu_0/inst/g_e584eb07.u_822a997b/u_8329ce29/u_3aa346a2/u_dcd815c9/u_6c52c68e/g_7b54f91e[0].g_07af5fd4[0].g_9aa100cb[5].u_a326a45b/g_6779d86c[1].s_a8023107             |                                                                                                                                                                               |                6 |             32 |         5.33 |
|  DPU_sys_i/clk_wiz_0/inst/clk_out300Mhz        | DPU_sys_i/dpu_eu_0/inst/g_e584eb07.u_822a997b/u_8329ce29/u_3aa346a2/u_dcd815c9/u_6c52c68e/g_7b54f91e[0].g_07af5fd4[0].g_9aa100cb[5].u_a326a45b/g_6779d86c[1].s_27e0d716             |                                                                                                                                                                               |                6 |             32 |         5.33 |
|  DPU_sys_i/clk_wiz_0/inst/clk_out300Mhz        | DPU_sys_i/dpu_eu_0/inst/g_e584eb07.u_822a997b/u_8329ce29/u_3aa346a2/u_dcd815c9/u_6c52c68e/g_7b54f91e[0].g_07af5fd4[0].g_9aa100cb[5].u_a326a45b/g_6779d86c[0].s_a8023107             |                                                                                                                                                                               |                6 |             32 |         5.33 |
|  DPU_sys_i/clk_wiz_0/inst/clk_out300Mhz        | DPU_sys_i/dpu_eu_0/inst/g_e584eb07.u_822a997b/u_8329ce29/u_3aa346a2/u_dcd815c9/u_6c52c68e/g_7b54f91e[0].g_07af5fd4[0].g_9aa100cb[5].u_a326a45b/g_6779d86c[1].s_7b55f7d8_reg_n_0     |                                                                                                                                                                               |                6 |             32 |         5.33 |
|  DPU_sys_i/clk_wiz_0/inst/clk_out300Mhz        | DPU_sys_i/dpu_eu_0/inst/g_e584eb07.u_822a997b/u_8329ce29/u_3aa346a2/u_dcd815c9/u_6c52c68e/g_7b54f91e[11].g_07af5fd4[0].g_9aa100cb[4].u_a326a45b/g_6779d86c[1].s_27e0d716            |                                                                                                                                                                               |                5 |             32 |         6.40 |
|  DPU_sys_i/clk_wiz_0/inst/clk_out300Mhz        | DPU_sys_i/dpu_eu_0/inst/g_e584eb07.u_822a997b/u_8329ce29/u_3aa346a2/u_dcd815c9/u_6c52c68e/g_7b54f91e[11].g_07af5fd4[0].g_9aa100cb[4].u_a326a45b/g_6779d86c[1].s_a8023107            |                                                                                                                                                                               |                5 |             32 |         6.40 |
|  DPU_sys_i/clk_wiz_0/inst/clk_out300Mhz        | DPU_sys_i/dpu_eu_0/inst/g_e584eb07.u_822a997b/u_8329ce29/u_3aa346a2/u_dcd815c9/u_6c52c68e/g_7b54f91e[7].g_07af5fd4[0].g_9aa100cb[1].u_a326a45b/g_6779d86c[0].s_a8023107             |                                                                                                                                                                               |                6 |             32 |         5.33 |
|  DPU_sys_i/clk_wiz_0/inst/clk_out300Mhz        | DPU_sys_i/dpu_eu_0/inst/g_e584eb07.u_822a997b/u_8329ce29/u_3aa346a2/u_dcd815c9/u_6c52c68e/g_7b54f91e[11].g_07af5fd4[0].g_9aa100cb[4].u_a326a45b/g_6779d86c[0].s_27e0d716            |                                                                                                                                                                               |                5 |             32 |         6.40 |
|  DPU_sys_i/clk_wiz_0/inst/clk_out300Mhz        | DPU_sys_i/dpu_eu_0/inst/g_e584eb07.u_822a997b/u_8329ce29/u_3aa346a2/u_dcd815c9/u_6c52c68e/g_7b54f91e[11].g_07af5fd4[0].g_9aa100cb[4].u_a326a45b/g_6779d86c[0].s_a8023107            |                                                                                                                                                                               |                7 |             32 |         4.57 |
|  DPU_sys_i/clk_wiz_0/inst/clk_out300Mhz        | DPU_sys_i/dpu_eu_0/inst/g_e584eb07.u_822a997b/u_8329ce29/u_3aa346a2/u_dcd815c9/u_6c52c68e/g_7b54f91e[10].g_07af5fd4[0].g_9aa100cb[0].u_a326a45b/g_6779d86c[1].s_a8023107            |                                                                                                                                                                               |                6 |             32 |         5.33 |
|  DPU_sys_i/clk_wiz_0/inst/clk_out300Mhz        | DPU_sys_i/dpu_eu_0/inst/g_e584eb07.u_822a997b/u_8329ce29/u_3aa346a2/u_dcd815c9/u_6c52c68e/g_7b54f91e[10].g_07af5fd4[0].g_9aa100cb[0].u_a326a45b/g_6779d86c[1].s_27e0d716            |                                                                                                                                                                               |                6 |             32 |         5.33 |
|  DPU_sys_i/clk_wiz_0/inst/clk_out300Mhz        | DPU_sys_i/dpu_eu_0/inst/g_e584eb07.u_822a997b/u_8329ce29/u_3aa346a2/u_dcd815c9/u_6c52c68e/g_7b54f91e[10].g_07af5fd4[0].g_9aa100cb[0].u_a326a45b/g_6779d86c[0].s_a8023107            |                                                                                                                                                                               |                6 |             32 |         5.33 |
|  DPU_sys_i/clk_wiz_0/inst/clk_out300Mhz        | DPU_sys_i/dpu_eu_0/inst/g_e584eb07.u_822a997b/u_8329ce29/u_3aa346a2/u_dcd815c9/u_6c52c68e/g_7b54f91e[7].g_07af5fd4[0].g_9aa100cb[1].u_a326a45b/g_6779d86c[0].s_27e0d716             |                                                                                                                                                                               |                6 |             32 |         5.33 |
|  DPU_sys_i/clk_wiz_0/inst/clk_out300Mhz        | DPU_sys_i/dpu_eu_0/inst/g_e584eb07.u_822a997b/u_8329ce29/u_3aa346a2/u_dcd815c9/u_6c52c68e/g_7b54f91e[9].g_07af5fd4[0].g_9aa100cb[0].u_a326a45b/g_6779d86c[1].s_a8023107             |                                                                                                                                                                               |                7 |             32 |         4.57 |
|  DPU_sys_i/clk_wiz_0/inst/clk_out150Mhz        |                                                                                                                                                                                     | DPU_sys_i/dpu_eu_0/inst/g_e584eb07.u_822a997b/u_8329ce29/u_4314ae56/m_dad332bf/m_705b8e64/g_be0756b3[0].g_40ae2e02.m_1dba719c/s_6e1b51e0[95]_i_1_n_0                          |                5 |             32 |         6.40 |
|  DPU_sys_i/clk_wiz_0/inst/clk_out300Mhz        | DPU_sys_i/dpu_eu_0/inst/g_e584eb07.u_822a997b/u_8329ce29/u_3aa346a2/u_dcd815c9/u_6c52c68e/g_7b54f91e[10].g_07af5fd4[0].g_9aa100cb[0].u_a326a45b/g_6779d86c[0].s_27e0d716            |                                                                                                                                                                               |                4 |             32 |         8.00 |
|  DPU_sys_i/clk_wiz_0/inst/clk_out300Mhz        | DPU_sys_i/dpu_eu_0/inst/g_e584eb07.u_822a997b/u_8329ce29/u_3aa346a2/u_dcd815c9/u_6c52c68e/g_7b54f91e[9].g_07af5fd4[0].g_9aa100cb[0].u_a326a45b/g_6779d86c[1].s_27e0d716             |                                                                                                                                                                               |                6 |             32 |         5.33 |
|  DPU_sys_i/clk_wiz_0/inst/clk_out300Mhz        | DPU_sys_i/dpu_eu_0/inst/g_e584eb07.u_822a997b/u_8329ce29/u_3aa346a2/u_dcd815c9/u_6c52c68e/g_7b54f91e[7].g_07af5fd4[0].g_9aa100cb[0].u_a326a45b/g_6779d86c[1].s_27e0d716             |                                                                                                                                                                               |                7 |             32 |         4.57 |
|  DPU_sys_i/clk_wiz_0/inst/clk_out300Mhz        | DPU_sys_i/dpu_eu_0/inst/g_e584eb07.u_822a997b/u_8329ce29/u_3aa346a2/u_dcd815c9/u_6c52c68e/g_7b54f91e[7].g_07af5fd4[0].g_9aa100cb[0].u_a326a45b/g_6779d86c[1].s_a8023107             |                                                                                                                                                                               |                8 |             32 |         4.00 |
|  DPU_sys_i/clk_wiz_0/inst/clk_out300Mhz        | DPU_sys_i/dpu_eu_0/inst/g_e584eb07.u_822a997b/u_8329ce29/u_3aa346a2/u_dcd815c9/u_6c52c68e/g_7b54f91e[7].g_07af5fd4[0].g_9aa100cb[0].u_a326a45b/g_6779d86c[0].s_27e0d716             |                                                                                                                                                                               |                8 |             32 |         4.00 |
|  DPU_sys_i/clk_wiz_0/inst/clk_out150Mhz        |                                                                                                                                                                                     | DPU_sys_i/dpu_eu_0/inst/g_e584eb07.u_822a997b/u_8329ce29/u_4314ae56/m_dad332bf/m_705b8e64/g_be0756b3[1].g_40ae2e02.m_1dba719c/s_6e1b51e0[93]_i_1_n_0                          |                4 |             32 |         8.00 |
|  DPU_sys_i/clk_wiz_0/inst/clk_out300Mhz        | DPU_sys_i/dpu_eu_0/inst/g_e584eb07.u_822a997b/u_8329ce29/u_3aa346a2/u_dcd815c9/u_6c52c68e/g_7b54f91e[8].g_07af5fd4[0].g_9aa100cb[5].u_a326a45b/g_6779d86c[1].s_7b55f7d8_reg_n_0     |                                                                                                                                                                               |                5 |             32 |         6.40 |
|  DPU_sys_i/clk_wiz_0/inst/clk_out300Mhz        | DPU_sys_i/dpu_eu_0/inst/g_e584eb07.u_822a997b/u_8329ce29/u_3aa346a2/u_dcd815c9/u_6c52c68e/g_7b54f91e[8].g_07af5fd4[0].g_9aa100cb[5].u_a326a45b/g_6779d86c[1].s_27e0d716             |                                                                                                                                                                               |                8 |             32 |         4.00 |
|  DPU_sys_i/clk_wiz_0/inst/clk_out150Mhz        |                                                                                                                                                                                     | DPU_sys_i/dpu_eu_0/inst/g_e584eb07.u_822a997b/u_8329ce29/u_4314ae56/m_dad332bf/m_705b8e64/g_be0756b3[1].g_40ae2e02.m_1dba719c/s_4311b6e4[93]_i_1_n_0                          |                5 |             32 |         6.40 |
|  DPU_sys_i/clk_wiz_0/inst/clk_out300Mhz        | DPU_sys_i/dpu_eu_0/inst/g_e584eb07.u_822a997b/u_8329ce29/u_3aa346a2/u_dcd815c9/u_6c52c68e/g_7b54f91e[7].g_07af5fd4[0].g_9aa100cb[0].u_a326a45b/g_6779d86c[0].s_a8023107             |                                                                                                                                                                               |                7 |             32 |         4.57 |
|  DPU_sys_i/clk_wiz_0/inst/clk_out300Mhz        | DPU_sys_i/dpu_eu_0/inst/g_e584eb07.u_822a997b/u_8329ce29/u_3aa346a2/u_dcd815c9/u_6c52c68e/g_7b54f91e[8].g_07af5fd4[0].g_9aa100cb[5].u_a326a45b/g_6779d86c[1].s_a8023107             |                                                                                                                                                                               |                7 |             32 |         4.57 |
|  DPU_sys_i/clk_wiz_0/inst/clk_out300Mhz        | DPU_sys_i/dpu_eu_0/inst/g_e584eb07.u_822a997b/u_8329ce29/u_3aa346a2/u_dcd815c9/u_6c52c68e/g_7b54f91e[8].g_07af5fd4[0].g_9aa100cb[5].u_a326a45b/g_6779d86c[0].s_27e0d716             |                                                                                                                                                                               |                6 |             32 |         5.33 |
|  DPU_sys_i/clk_wiz_0/inst/clk_out300Mhz        | DPU_sys_i/dpu_eu_0/inst/g_e584eb07.u_822a997b/u_8329ce29/u_3aa346a2/u_dcd815c9/u_6c52c68e/g_7b54f91e[8].g_07af5fd4[0].g_9aa100cb[5].u_a326a45b/g_6779d86c[0].s_a8023107             |                                                                                                                                                                               |                7 |             32 |         4.57 |
|  DPU_sys_i/clk_wiz_0/inst/clk_out300Mhz        | DPU_sys_i/dpu_eu_0/inst/g_e584eb07.u_822a997b/u_8329ce29/u_3aa346a2/u_dcd815c9/u_6c52c68e/g_7b54f91e[8].g_07af5fd4[0].g_9aa100cb[4].u_a326a45b/g_6779d86c[1].s_27e0d716             |                                                                                                                                                                               |                5 |             32 |         6.40 |
|  DPU_sys_i/clk_wiz_0/inst/clk_out300Mhz        | DPU_sys_i/dpu_eu_0/inst/g_e584eb07.u_822a997b/u_8329ce29/u_3aa346a2/u_dcd815c9/u_6c52c68e/g_7b54f91e[6].g_07af5fd4[0].g_9aa100cb[5].u_a326a45b/g_6779d86c[1].s_a8023107             |                                                                                                                                                                               |                8 |             32 |         4.00 |
|  DPU_sys_i/clk_wiz_0/inst/clk_out150Mhz        | DPU_sys_i/dpu_eu_0/inst/g_e584eb07.u_822a997b/u_8329ce29/u_d185dc89/u_1c8d8ad4/u_2917af6a/u_d11ad605/u_c2b52391/E[0]                                                                |                                                                                                                                                                               |               11 |             32 |         2.91 |
|  DPU_sys_i/clk_wiz_0/inst/clk_out300Mhz        | DPU_sys_i/dpu_eu_0/inst/g_e584eb07.u_822a997b/u_8329ce29/u_3aa346a2/u_dcd815c9/u_6c52c68e/g_7b54f91e[6].g_07af5fd4[0].g_9aa100cb[5].u_a326a45b/g_6779d86c[1].s_7b55f7d8_reg_n_0     |                                                                                                                                                                               |                5 |             32 |         6.40 |
|  DPU_sys_i/clk_wiz_0/inst/clk_out300Mhz        | DPU_sys_i/dpu_eu_0/inst/g_e584eb07.u_822a997b/u_8329ce29/u_3aa346a2/u_dcd815c9/u_6c52c68e/g_7b54f91e[8].g_07af5fd4[0].g_9aa100cb[4].u_a326a45b/g_6779d86c[1].s_a8023107             |                                                                                                                                                                               |                5 |             32 |         6.40 |
|  DPU_sys_i/clk_wiz_0/inst/clk_out300Mhz        | DPU_sys_i/dpu_eu_0/inst/g_e584eb07.u_822a997b/u_8329ce29/u_3aa346a2/u_dcd815c9/u_6c52c68e/g_7b54f91e[8].g_07af5fd4[0].g_9aa100cb[4].u_a326a45b/g_6779d86c[0].s_a8023107             |                                                                                                                                                                               |                5 |             32 |         6.40 |
|  DPU_sys_i/clk_wiz_0/inst/clk_out300Mhz        | DPU_sys_i/dpu_eu_0/inst/g_e584eb07.u_822a997b/u_8329ce29/u_3aa346a2/u_dcd815c9/u_6c52c68e/g_7b54f91e[8].g_07af5fd4[0].g_9aa100cb[4].u_a326a45b/g_6779d86c[0].s_27e0d716             |                                                                                                                                                                               |                4 |             32 |         8.00 |
|  DPU_sys_i/clk_wiz_0/inst/clk_out300Mhz        | DPU_sys_i/dpu_eu_0/inst/g_e584eb07.u_822a997b/u_8329ce29/u_3aa346a2/u_dcd815c9/u_6c52c68e/g_7b54f91e[8].g_07af5fd4[0].g_9aa100cb[3].u_a326a45b/g_6779d86c[1].s_7b55f7d8_reg_n_0     |                                                                                                                                                                               |                4 |             32 |         8.00 |
|  DPU_sys_i/clk_wiz_0/inst/clk_out300Mhz        | DPU_sys_i/dpu_eu_0/inst/g_e584eb07.u_822a997b/u_8329ce29/u_3aa346a2/u_dcd815c9/u_6c52c68e/g_7b54f91e[8].g_07af5fd4[0].g_9aa100cb[3].u_a326a45b/g_6779d86c[1].s_27e0d716             |                                                                                                                                                                               |                5 |             32 |         6.40 |
|  DPU_sys_i/clk_wiz_0/inst/clk_out300Mhz        | DPU_sys_i/dpu_eu_0/inst/g_e584eb07.u_822a997b/u_8329ce29/u_3aa346a2/u_dcd815c9/u_6c52c68e/g_7b54f91e[8].g_07af5fd4[0].g_9aa100cb[3].u_a326a45b/g_6779d86c[1].s_a8023107             |                                                                                                                                                                               |                5 |             32 |         6.40 |
|  DPU_sys_i/clk_wiz_0/inst/clk_out300Mhz        | DPU_sys_i/dpu_eu_0/inst/g_e584eb07.u_822a997b/u_8329ce29/u_3aa346a2/u_dcd815c9/u_6c52c68e/g_7b54f91e[6].g_07af5fd4[0].g_9aa100cb[5].u_a326a45b/g_6779d86c[1].s_27e0d716             |                                                                                                                                                                               |                7 |             32 |         4.57 |
|  DPU_sys_i/clk_wiz_0/inst/clk_out300Mhz        | DPU_sys_i/dpu_eu_0/inst/g_e584eb07.u_822a997b/u_8329ce29/u_3aa346a2/u_dcd815c9/u_6c52c68e/g_7b54f91e[6].g_07af5fd4[0].g_9aa100cb[5].u_a326a45b/g_6779d86c[0].s_27e0d716             |                                                                                                                                                                               |                4 |             32 |         8.00 |
|  DPU_sys_i/clk_wiz_0/inst/clk_out300Mhz        | DPU_sys_i/dpu_eu_0/inst/g_e584eb07.u_822a997b/u_8329ce29/u_3aa346a2/u_dcd815c9/u_6c52c68e/g_7b54f91e[8].g_07af5fd4[0].g_9aa100cb[3].u_a326a45b/g_6779d86c[0].s_27e0d716             |                                                                                                                                                                               |                6 |             32 |         5.33 |
|  DPU_sys_i/clk_wiz_0/inst/clk_out300Mhz        | DPU_sys_i/dpu_eu_0/inst/g_e584eb07.u_822a997b/u_8329ce29/u_3aa346a2/u_dcd815c9/u_6c52c68e/g_7b54f91e[6].g_07af5fd4[0].g_9aa100cb[5].u_a326a45b/g_6779d86c[0].s_a8023107             |                                                                                                                                                                               |                5 |             32 |         6.40 |
|  DPU_sys_i/clk_wiz_0/inst/clk_out300Mhz        | DPU_sys_i/dpu_eu_0/inst/g_e584eb07.u_822a997b/u_8329ce29/u_3aa346a2/u_dcd815c9/u_6c52c68e/g_7b54f91e[6].g_07af5fd4[0].g_9aa100cb[4].u_a326a45b/g_6779d86c[1].s_27e0d716             |                                                                                                                                                                               |                6 |             32 |         5.33 |
|  DPU_sys_i/clk_wiz_0/inst/clk_out150Mhz        | DPU_sys_i/dpu_eu_0/inst/g_e584eb07.u_822a997b/u_8329ce29/u_d185dc89/u_1c8d8ad4/u_2917af6a/u_d11ad605/E[2]                                                                           | DPU_sys_i/dpu_eu_0/inst/g_e584eb07.u_822a997b/u_8329ce29/u_d185dc89/u_1c8d8ad4/u_2917af6a/u_d11ad605/SR[0]                                                                    |                4 |             32 |         8.00 |
|  DPU_sys_i/clk_wiz_0/inst/clk_out150Mhz        | DPU_sys_i/dpu_eu_0/inst/g_e584eb07.u_822a997b/u_8329ce29/u_d185dc89/u_1c8d8ad4/u_2917af6a/u_d11ad605/E[0]                                                                           | DPU_sys_i/dpu_eu_0/inst/g_e584eb07.u_822a997b/u_8329ce29/u_d185dc89/u_1c8d8ad4/u_2917af6a/u_d11ad605/SR[0]                                                                    |                5 |             32 |         6.40 |
|  DPU_sys_i/clk_wiz_0/inst/clk_out300Mhz        | DPU_sys_i/dpu_eu_0/inst/g_e584eb07.u_822a997b/u_8329ce29/u_3aa346a2/u_dcd815c9/u_6c52c68e/g_7b54f91e[8].g_07af5fd4[0].g_9aa100cb[3].u_a326a45b/g_6779d86c[0].s_a8023107             |                                                                                                                                                                               |                7 |             32 |         4.57 |
|  DPU_sys_i/clk_wiz_0/inst/clk_out300Mhz        | DPU_sys_i/dpu_eu_0/inst/g_e584eb07.u_822a997b/u_8329ce29/u_3aa346a2/u_dcd815c9/u_6c52c68e/g_7b54f91e[6].g_07af5fd4[0].g_9aa100cb[4].u_a326a45b/g_6779d86c[1].s_a8023107             |                                                                                                                                                                               |                6 |             32 |         5.33 |
|  DPU_sys_i/clk_wiz_0/inst/clk_out150Mhz        | DPU_sys_i/dpu_eu_0/inst/g_e584eb07.u_822a997b/u_8329ce29/u_d185dc89/u_1c8d8ad4/u_2917af6a/u_d11ad605/E[1]                                                                           | DPU_sys_i/dpu_eu_0/inst/g_e584eb07.u_822a997b/u_8329ce29/u_d185dc89/u_1c8d8ad4/u_2917af6a/u_d11ad605/SR[0]                                                                    |                5 |             32 |         6.40 |
|  DPU_sys_i/clk_wiz_0/inst/clk_out150Mhz        | DPU_sys_i/dpu_eu_0/inst/g_e584eb07.u_822a997b/u_8329ce29/u_d185dc89/u_1c8d8ad4/u_2917af6a/u_d11ad605/E[3]                                                                           | DPU_sys_i/dpu_eu_0/inst/g_e584eb07.u_822a997b/u_8329ce29/u_d185dc89/u_1c8d8ad4/u_2917af6a/u_d11ad605/SR[0]                                                                    |                5 |             32 |         6.40 |
|  DPU_sys_i/clk_wiz_0/inst/clk_out300Mhz        | DPU_sys_i/dpu_eu_0/inst/g_e584eb07.u_822a997b/u_8329ce29/u_3aa346a2/u_dcd815c9/u_6c52c68e/g_7b54f91e[6].g_07af5fd4[0].g_9aa100cb[4].u_a326a45b/g_6779d86c[0].s_27e0d716             |                                                                                                                                                                               |                6 |             32 |         5.33 |
|  DPU_sys_i/clk_wiz_0/inst/clk_out300Mhz        | DPU_sys_i/dpu_eu_0/inst/g_e584eb07.u_822a997b/u_8329ce29/u_3aa346a2/u_dcd815c9/u_6c52c68e/g_7b54f91e[8].g_07af5fd4[0].g_9aa100cb[2].u_a326a45b/g_6779d86c[1].s_a8023107             |                                                                                                                                                                               |                6 |             32 |         5.33 |
|  DPU_sys_i/clk_wiz_0/inst/clk_out300Mhz        | DPU_sys_i/dpu_eu_0/inst/g_e584eb07.u_822a997b/u_8329ce29/u_3aa346a2/u_dcd815c9/u_6c52c68e/g_7b54f91e[8].g_07af5fd4[0].g_9aa100cb[2].u_a326a45b/g_6779d86c[1].s_27e0d716             |                                                                                                                                                                               |                6 |             32 |         5.33 |
|  DPU_sys_i/clk_wiz_0/inst/clk_out300Mhz        | DPU_sys_i/dpu_eu_0/inst/g_e584eb07.u_822a997b/u_8329ce29/u_3aa346a2/u_dcd815c9/u_6c52c68e/g_7b54f91e[6].g_07af5fd4[0].g_9aa100cb[4].u_a326a45b/g_6779d86c[0].s_a8023107             |                                                                                                                                                                               |                4 |             32 |         8.00 |
|  DPU_sys_i/clk_wiz_0/inst/clk_out300Mhz        | DPU_sys_i/dpu_eu_0/inst/g_e584eb07.u_822a997b/u_8329ce29/u_3aa346a2/u_dcd815c9/u_6c52c68e/g_7b54f91e[8].g_07af5fd4[0].g_9aa100cb[2].u_a326a45b/g_6779d86c[0].s_27e0d716             |                                                                                                                                                                               |                4 |             32 |         8.00 |
|  DPU_sys_i/clk_wiz_0/inst/clk_out300Mhz        | DPU_sys_i/dpu_eu_0/inst/g_e584eb07.u_822a997b/u_8329ce29/u_3aa346a2/u_dcd815c9/u_6c52c68e/g_7b54f91e[6].g_07af5fd4[0].g_9aa100cb[3].u_a326a45b/g_6779d86c[1].s_a8023107             |                                                                                                                                                                               |                7 |             32 |         4.57 |
|  DPU_sys_i/clk_wiz_0/inst/clk_out300Mhz        | DPU_sys_i/dpu_eu_0/inst/g_e584eb07.u_822a997b/u_8329ce29/u_3aa346a2/u_dcd815c9/u_6c52c68e/g_7b54f91e[8].g_07af5fd4[0].g_9aa100cb[2].u_a326a45b/g_6779d86c[0].s_a8023107             |                                                                                                                                                                               |                4 |             32 |         8.00 |
|  DPU_sys_i/clk_wiz_0/inst/clk_out300Mhz        | DPU_sys_i/dpu_eu_0/inst/g_e584eb07.u_822a997b/u_8329ce29/u_3aa346a2/u_dcd815c9/u_6c52c68e/g_7b54f91e[8].g_07af5fd4[0].g_9aa100cb[1].u_a326a45b/g_6779d86c[1].s_a8023107             |                                                                                                                                                                               |                5 |             32 |         6.40 |
|  DPU_sys_i/clk_wiz_0/inst/clk_out300Mhz        | DPU_sys_i/dpu_eu_0/inst/g_e584eb07.u_822a997b/u_8329ce29/u_3aa346a2/u_dcd815c9/u_6c52c68e/g_7b54f91e[6].g_07af5fd4[0].g_9aa100cb[3].u_a326a45b/g_6779d86c[1].s_7b55f7d8_reg_n_0     |                                                                                                                                                                               |                6 |             32 |         5.33 |
|  DPU_sys_i/clk_wiz_0/inst/clk_out300Mhz        | DPU_sys_i/dpu_eu_0/inst/g_e584eb07.u_822a997b/u_8329ce29/u_3aa346a2/u_dcd815c9/u_6c52c68e/g_7b54f91e[8].g_07af5fd4[0].g_9aa100cb[1].u_a326a45b/g_6779d86c[0].s_27e0d716             |                                                                                                                                                                               |                7 |             32 |         4.57 |
|  DPU_sys_i/clk_wiz_0/inst/clk_out300Mhz        | DPU_sys_i/dpu_eu_0/inst/g_e584eb07.u_822a997b/u_8329ce29/u_3aa346a2/u_dcd815c9/u_6c52c68e/g_7b54f91e[8].g_07af5fd4[0].g_9aa100cb[1].u_a326a45b/g_6779d86c[0].s_a8023107             |                                                                                                                                                                               |                5 |             32 |         6.40 |
|  DPU_sys_i/clk_wiz_0/inst/clk_out300Mhz        | DPU_sys_i/dpu_eu_0/inst/g_e584eb07.u_822a997b/u_8329ce29/u_3aa346a2/u_dcd815c9/u_6c52c68e/g_7b54f91e[0].g_07af5fd4[0].g_9aa100cb[5].u_a326a45b/g_6779d86c[0].s_27e0d716             |                                                                                                                                                                               |                6 |             32 |         5.33 |
|  DPU_sys_i/clk_wiz_0/inst/clk_out300Mhz        | DPU_sys_i/dpu_eu_0/inst/g_e584eb07.u_822a997b/u_8329ce29/u_3aa346a2/u_dcd815c9/u_6c52c68e/g_7b54f91e[6].g_07af5fd4[0].g_9aa100cb[3].u_a326a45b/g_6779d86c[1].s_27e0d716             |                                                                                                                                                                               |                5 |             32 |         6.40 |
|  DPU_sys_i/clk_wiz_0/inst/clk_out300Mhz        | DPU_sys_i/dpu_eu_0/inst/g_e584eb07.u_822a997b/u_8329ce29/u_3aa346a2/u_dcd815c9/u_6c52c68e/g_7b54f91e[6].g_07af5fd4[0].g_9aa100cb[3].u_a326a45b/g_6779d86c[0].s_a8023107             |                                                                                                                                                                               |                7 |             32 |         4.57 |
|  DPU_sys_i/clk_wiz_0/inst/clk_out300Mhz        | DPU_sys_i/dpu_eu_0/inst/g_e584eb07.u_822a997b/u_8329ce29/u_3aa346a2/u_dcd815c9/u_6c52c68e/g_7b54f91e[6].g_07af5fd4[0].g_9aa100cb[3].u_a326a45b/g_6779d86c[0].s_27e0d716             |                                                                                                                                                                               |                6 |             32 |         5.33 |
|  DPU_sys_i/clk_wiz_0/inst/clk_out300Mhz        | DPU_sys_i/dpu_eu_0/inst/g_e584eb07.u_822a997b/u_8329ce29/u_3aa346a2/u_dcd815c9/u_6c52c68e/g_7b54f91e[6].g_07af5fd4[0].g_9aa100cb[2].u_a326a45b/g_6779d86c[1].s_27e0d716             |                                                                                                                                                                               |                5 |             32 |         6.40 |
|  DPU_sys_i/clk_wiz_0/inst/clk_out300Mhz        | DPU_sys_i/dpu_eu_0/inst/g_e584eb07.u_822a997b/u_8329ce29/u_3aa346a2/u_dcd815c9/u_6c52c68e/g_7b54f91e[6].g_07af5fd4[0].g_9aa100cb[2].u_a326a45b/g_6779d86c[1].s_a8023107             |                                                                                                                                                                               |                4 |             32 |         8.00 |
|  DPU_sys_i/clk_wiz_0/inst/clk_out300Mhz        | DPU_sys_i/dpu_eu_0/inst/g_e584eb07.u_822a997b/u_8329ce29/u_3aa346a2/u_dcd815c9/u_6c52c68e/g_7b54f91e[8].g_07af5fd4[0].g_9aa100cb[1].u_a326a45b/g_6779d86c[1].s_7b55f7d8_reg_n_0     |                                                                                                                                                                               |                6 |             32 |         5.33 |
|  DPU_sys_i/clk_wiz_0/inst/clk_out300Mhz        | DPU_sys_i/dpu_eu_0/inst/g_e584eb07.u_822a997b/u_8329ce29/u_3aa346a2/u_dcd815c9/u_6c52c68e/g_7b54f91e[8].g_07af5fd4[0].g_9aa100cb[1].u_a326a45b/g_6779d86c[1].s_27e0d716             |                                                                                                                                                                               |                5 |             32 |         6.40 |
|  DPU_sys_i/clk_wiz_0/inst/clk_out300Mhz        | DPU_sys_i/dpu_eu_0/inst/g_e584eb07.u_822a997b/u_8329ce29/u_3aa346a2/u_dcd815c9/u_6c52c68e/g_7b54f91e[8].g_07af5fd4[0].g_9aa100cb[0].u_a326a45b/g_6779d86c[1].s_a8023107             |                                                                                                                                                                               |                7 |             32 |         4.57 |
|  DPU_sys_i/clk_wiz_0/inst/clk_out300Mhz        | DPU_sys_i/dpu_eu_0/inst/g_e584eb07.u_822a997b/u_8329ce29/u_3aa346a2/u_dcd815c9/u_6c52c68e/g_7b54f91e[8].g_07af5fd4[0].g_9aa100cb[0].u_a326a45b/g_6779d86c[1].s_27e0d716             |                                                                                                                                                                               |                6 |             32 |         5.33 |
|  DPU_sys_i/clk_wiz_0/inst/clk_out300Mhz        | DPU_sys_i/dpu_eu_0/inst/g_e584eb07.u_822a997b/u_8329ce29/u_3aa346a2/u_dcd815c9/u_6c52c68e/g_7b54f91e[6].g_07af5fd4[0].g_9aa100cb[2].u_a326a45b/g_6779d86c[0].s_a8023107             |                                                                                                                                                                               |                7 |             32 |         4.57 |
|  DPU_sys_i/clk_wiz_0/inst/clk_out300Mhz        | DPU_sys_i/dpu_eu_0/inst/g_e584eb07.u_822a997b/u_8329ce29/u_3aa346a2/u_dcd815c9/u_6c52c68e/g_7b54f91e[8].g_07af5fd4[0].g_9aa100cb[0].u_a326a45b/g_6779d86c[0].s_27e0d716             |                                                                                                                                                                               |                7 |             32 |         4.57 |
|  DPU_sys_i/clk_wiz_0/inst/clk_out300Mhz        | DPU_sys_i/dpu_eu_0/inst/g_e584eb07.u_822a997b/u_8329ce29/u_3aa346a2/u_dcd815c9/u_6c52c68e/g_7b54f91e[8].g_07af5fd4[0].g_9aa100cb[0].u_a326a45b/g_6779d86c[0].s_a8023107             |                                                                                                                                                                               |                7 |             32 |         4.57 |
|  DPU_sys_i/clk_wiz_0/inst/clk_out300Mhz        | DPU_sys_i/dpu_eu_0/inst/g_e584eb07.u_822a997b/u_8329ce29/u_3aa346a2/u_dcd815c9/u_6c52c68e/g_7b54f91e[9].g_07af5fd4[0].g_9aa100cb[0].u_a326a45b/g_6779d86c[0].s_a8023107             |                                                                                                                                                                               |                7 |             32 |         4.57 |
|  DPU_sys_i/clk_wiz_0/inst/clk_out300Mhz        | DPU_sys_i/dpu_eu_0/inst/g_e584eb07.u_822a997b/u_8329ce29/u_3aa346a2/u_dcd815c9/u_6c52c68e/g_7b54f91e[9].g_07af5fd4[0].g_9aa100cb[0].u_a326a45b/g_6779d86c[0].s_27e0d716             |                                                                                                                                                                               |                5 |             32 |         6.40 |
|  DPU_sys_i/clk_wiz_0/inst/clk_out300Mhz        | DPU_sys_i/dpu_eu_0/inst/g_e584eb07.u_822a997b/u_8329ce29/u_3aa346a2/u_dcd815c9/u_6c52c68e/g_7b54f91e[6].g_07af5fd4[0].g_9aa100cb[2].u_a326a45b/g_6779d86c[0].s_27e0d716             |                                                                                                                                                                               |                5 |             32 |         6.40 |
|  DPU_sys_i/clk_wiz_0/inst/clk_out300Mhz        | DPU_sys_i/dpu_eu_0/inst/g_e584eb07.u_822a997b/u_8329ce29/u_3aa346a2/u_dcd815c9/u_6c52c68e/g_7b54f91e[6].g_07af5fd4[0].g_9aa100cb[1].u_a326a45b/g_6779d86c[0].s_27e0d716             |                                                                                                                                                                               |                7 |             32 |         4.57 |
|  DPU_sys_i/clk_wiz_0/inst/clk_out300Mhz        | DPU_sys_i/dpu_eu_0/inst/g_e584eb07.u_822a997b/u_8329ce29/u_3aa346a2/u_dcd815c9/u_6c52c68e/g_7b54f91e[6].g_07af5fd4[0].g_9aa100cb[1].u_a326a45b/g_6779d86c[0].s_a8023107             |                                                                                                                                                                               |                7 |             32 |         4.57 |
|  DPU_sys_i/clk_wiz_0/inst/clk_out300Mhz        | DPU_sys_i/dpu_eu_0/inst/g_e584eb07.u_822a997b/u_8329ce29/u_3aa346a2/u_dcd815c9/u_6c52c68e/g_7b54f91e[6].g_07af5fd4[0].g_9aa100cb[0].u_a326a45b/g_6779d86c[1].s_a8023107             |                                                                                                                                                                               |               10 |             32 |         3.20 |
|  DPU_sys_i/clk_wiz_0/inst/clk_out300Mhz        | DPU_sys_i/dpu_eu_0/inst/g_e584eb07.u_822a997b/u_8329ce29/u_3aa346a2/u_dcd815c9/u_6c52c68e/g_7b54f91e[6].g_07af5fd4[0].g_9aa100cb[0].u_a326a45b/g_6779d86c[1].s_27e0d716             |                                                                                                                                                                               |                6 |             32 |         5.33 |
|  DPU_sys_i/clk_wiz_0/inst/clk_out300Mhz        | DPU_sys_i/dpu_eu_0/inst/g_e584eb07.u_822a997b/u_8329ce29/u_3aa346a2/u_dcd815c9/u_6c52c68e/g_7b54f91e[6].g_07af5fd4[0].g_9aa100cb[0].u_a326a45b/g_6779d86c[0].s_27e0d716             |                                                                                                                                                                               |                7 |             32 |         4.57 |
|  DPU_sys_i/clk_wiz_0/inst/clk_out300Mhz        | DPU_sys_i/dpu_eu_0/inst/g_e584eb07.u_822a997b/u_8329ce29/u_3aa346a2/u_dcd815c9/u_6c52c68e/g_7b54f91e[7].g_07af5fd4[0].g_9aa100cb[2].u_a326a45b/g_6779d86c[0].s_a8023107             |                                                                                                                                                                               |                6 |             32 |         5.33 |
|  DPU_sys_i/clk_wiz_0/inst/clk_out300Mhz        | DPU_sys_i/dpu_eu_0/inst/g_e584eb07.u_822a997b/u_8329ce29/u_3aa346a2/u_dcd815c9/u_6c52c68e/g_7b54f91e[6].g_07af5fd4[0].g_9aa100cb[1].u_a326a45b/g_6779d86c[1].s_a8023107             |                                                                                                                                                                               |                9 |             32 |         3.56 |
|  DPU_sys_i/clk_wiz_0/inst/clk_out300Mhz        | DPU_sys_i/dpu_eu_0/inst/g_e584eb07.u_822a997b/u_8329ce29/u_3aa346a2/u_dcd815c9/u_6c52c68e/g_7b54f91e[6].g_07af5fd4[0].g_9aa100cb[1].u_a326a45b/g_6779d86c[1].s_7b55f7d8_reg_n_0     |                                                                                                                                                                               |                6 |             32 |         5.33 |
|  DPU_sys_i/clk_wiz_0/inst/clk_out300Mhz        | DPU_sys_i/dpu_eu_0/inst/g_e584eb07.u_822a997b/u_8329ce29/u_3aa346a2/u_dcd815c9/u_6c52c68e/g_7b54f91e[6].g_07af5fd4[0].g_9aa100cb[1].u_a326a45b/g_6779d86c[1].s_27e0d716             |                                                                                                                                                                               |                9 |             32 |         3.56 |
|  DPU_sys_i/clk_wiz_0/inst/clk_out300Mhz        | DPU_sys_i/dpu_eu_0/inst/g_e584eb07.u_822a997b/u_8329ce29/u_3aa346a2/u_dcd815c9/u_6c52c68e/g_7b54f91e[5].g_07af5fd4[0].g_9aa100cb[5].u_a326a45b/g_6779d86c[1].s_a8023107             |                                                                                                                                                                               |                7 |             32 |         4.57 |
|  DPU_sys_i/clk_wiz_0/inst/clk_out300Mhz        | DPU_sys_i/dpu_eu_0/inst/g_e584eb07.u_822a997b/u_8329ce29/u_3aa346a2/u_dcd815c9/u_6c52c68e/g_7b54f91e[5].g_07af5fd4[0].g_9aa100cb[5].u_a326a45b/g_6779d86c[1].s_7b55f7d8_reg_n_0     |                                                                                                                                                                               |                8 |             32 |         4.00 |
|  DPU_sys_i/clk_wiz_0/inst/clk_out300Mhz        | DPU_sys_i/dpu_eu_0/inst/g_e584eb07.u_822a997b/u_8329ce29/u_3aa346a2/u_dcd815c9/u_6c52c68e/g_7b54f91e[5].g_07af5fd4[0].g_9aa100cb[5].u_a326a45b/g_6779d86c[1].s_27e0d716             |                                                                                                                                                                               |                4 |             32 |         8.00 |
|  DPU_sys_i/clk_wiz_0/inst/clk_out300Mhz        | DPU_sys_i/dpu_eu_0/inst/g_e584eb07.u_822a997b/u_8329ce29/u_3aa346a2/u_dcd815c9/u_6c52c68e/g_7b54f91e[7].g_07af5fd4[0].g_9aa100cb[2].u_a326a45b/g_6779d86c[0].s_27e0d716             |                                                                                                                                                                               |                4 |             32 |         8.00 |
|  DPU_sys_i/clk_wiz_0/inst/clk_out300Mhz        | DPU_sys_i/dpu_eu_0/inst/g_e584eb07.u_822a997b/u_8329ce29/u_3aa346a2/u_dcd815c9/u_6c52c68e/g_7b54f91e[7].g_07af5fd4[0].g_9aa100cb[2].u_a326a45b/g_6779d86c[1].s_27e0d716             |                                                                                                                                                                               |                5 |             32 |         6.40 |
|  DPU_sys_i/clk_wiz_0/inst/clk_out300Mhz        | DPU_sys_i/dpu_eu_0/inst/g_e584eb07.u_822a997b/u_8329ce29/u_3aa346a2/u_dcd815c9/u_6c52c68e/g_7b54f91e[7].g_07af5fd4[0].g_9aa100cb[2].u_a326a45b/g_6779d86c[1].s_a8023107             |                                                                                                                                                                               |                5 |             32 |         6.40 |
|  DPU_sys_i/clk_wiz_0/inst/clk_out300Mhz        | DPU_sys_i/dpu_eu_0/inst/g_e584eb07.u_822a997b/u_8329ce29/u_3aa346a2/u_dcd815c9/u_6c52c68e/g_7b54f91e[5].g_07af5fd4[0].g_9aa100cb[5].u_a326a45b/g_6779d86c[0].s_27e0d716             |                                                                                                                                                                               |                6 |             32 |         5.33 |
|  DPU_sys_i/clk_wiz_0/inst/clk_out300Mhz        | DPU_sys_i/dpu_eu_0/inst/g_e584eb07.u_822a997b/u_8329ce29/u_3aa346a2/u_dcd815c9/u_6c52c68e/g_7b54f91e[5].g_07af5fd4[0].g_9aa100cb[5].u_a326a45b/g_6779d86c[0].s_a8023107             |                                                                                                                                                                               |                5 |             32 |         6.40 |
|  DPU_sys_i/clk_wiz_0/inst/clk_out300Mhz        | DPU_sys_i/dpu_eu_0/inst/g_e584eb07.u_822a997b/u_8329ce29/u_3aa346a2/u_dcd815c9/u_6c52c68e/g_7b54f91e[5].g_07af5fd4[0].g_9aa100cb[4].u_a326a45b/g_6779d86c[0].s_a8023107             |                                                                                                                                                                               |                5 |             32 |         6.40 |
|  DPU_sys_i/clk_wiz_0/inst/clk_out300Mhz        | DPU_sys_i/dpu_eu_0/inst/g_e584eb07.u_822a997b/u_8329ce29/u_3aa346a2/u_dcd815c9/u_6c52c68e/g_7b54f91e[5].g_07af5fd4[0].g_9aa100cb[4].u_a326a45b/g_6779d86c[0].s_27e0d716             |                                                                                                                                                                               |                7 |             32 |         4.57 |
|  DPU_sys_i/clk_wiz_0/inst/clk_out300Mhz        | DPU_sys_i/dpu_eu_0/inst/g_e584eb07.u_822a997b/u_8329ce29/u_3aa346a2/u_dcd815c9/u_6c52c68e/g_7b54f91e[5].g_07af5fd4[0].g_9aa100cb[4].u_a326a45b/g_6779d86c[1].s_a8023107             |                                                                                                                                                                               |                5 |             32 |         6.40 |
|  DPU_sys_i/clk_wiz_0/inst/clk_out300Mhz        | DPU_sys_i/dpu_eu_0/inst/g_e584eb07.u_822a997b/u_8329ce29/u_3aa346a2/u_dcd815c9/u_6c52c68e/g_7b54f91e[5].g_07af5fd4[0].g_9aa100cb[4].u_a326a45b/g_6779d86c[1].s_27e0d716             |                                                                                                                                                                               |                5 |             32 |         6.40 |
|  DPU_sys_i/clk_wiz_0/inst/clk_out300Mhz        | DPU_sys_i/dpu_eu_0/inst/g_e584eb07.u_822a997b/u_8329ce29/u_3aa346a2/u_dcd815c9/u_6c52c68e/g_7b54f91e[5].g_07af5fd4[0].g_9aa100cb[3].u_a326a45b/g_6779d86c[1].s_27e0d716             |                                                                                                                                                                               |                5 |             32 |         6.40 |
|  DPU_sys_i/clk_wiz_0/inst/clk_out300Mhz        | DPU_sys_i/dpu_eu_0/inst/g_e584eb07.u_822a997b/u_8329ce29/u_3aa346a2/u_dcd815c9/u_6c52c68e/g_7b54f91e[5].g_07af5fd4[0].g_9aa100cb[3].u_a326a45b/g_6779d86c[1].s_7b55f7d8_reg_n_0     |                                                                                                                                                                               |                5 |             32 |         6.40 |
|  DPU_sys_i/clk_wiz_0/inst/clk_out300Mhz        | DPU_sys_i/dpu_eu_0/inst/g_e584eb07.u_822a997b/u_8329ce29/u_3aa346a2/u_dcd815c9/u_6c52c68e/g_7b54f91e[5].g_07af5fd4[0].g_9aa100cb[3].u_a326a45b/g_6779d86c[1].s_a8023107             |                                                                                                                                                                               |                5 |             32 |         6.40 |
|  DPU_sys_i/processing_system7_0/inst/FCLK_CLK0 | DPU_sys_i/dpu_eu_0/inst/u_0fdf40ec/s_3ce9bc8c0                                                                                                                                      |                                                                                                                                                                               |                7 |             32 |         4.57 |
|  DPU_sys_i/clk_wiz_0/inst/clk_out300Mhz        | DPU_sys_i/dpu_eu_0/inst/g_e584eb07.u_822a997b/u_8329ce29/u_3aa346a2/u_dcd815c9/u_6c52c68e/g_7b54f91e[5].g_07af5fd4[0].g_9aa100cb[3].u_a326a45b/g_6779d86c[0].s_a8023107             |                                                                                                                                                                               |                7 |             32 |         4.57 |
|  DPU_sys_i/clk_wiz_0/inst/clk_out300Mhz        | DPU_sys_i/dpu_eu_0/inst/g_e584eb07.u_822a997b/u_8329ce29/u_3aa346a2/u_dcd815c9/u_6c52c68e/g_7b54f91e[7].g_07af5fd4[0].g_9aa100cb[1].u_a326a45b/g_6779d86c[1].s_a8023107             |                                                                                                                                                                               |                6 |             32 |         5.33 |
|  DPU_sys_i/clk_wiz_0/inst/clk_out300Mhz        | DPU_sys_i/dpu_eu_0/inst/g_e584eb07.u_822a997b/u_8329ce29/u_3aa346a2/u_dcd815c9/u_6c52c68e/g_7b54f91e[7].g_07af5fd4[0].g_9aa100cb[1].u_a326a45b/g_6779d86c[1].s_7b55f7d8_reg_n_0     |                                                                                                                                                                               |                7 |             32 |         4.57 |
|  DPU_sys_i/clk_wiz_0/inst/clk_out300Mhz        | DPU_sys_i/dpu_eu_0/inst/g_e584eb07.u_822a997b/u_8329ce29/u_3aa346a2/u_dcd815c9/u_6c52c68e/g_7b54f91e[7].g_07af5fd4[0].g_9aa100cb[1].u_a326a45b/g_6779d86c[1].s_27e0d716             |                                                                                                                                                                               |                5 |             32 |         6.40 |
|  DPU_sys_i/processing_system7_0/inst/FCLK_CLK0 | DPU_sys_i/dpu_eu_0/inst/u_0fdf40ec/s_edf60c170                                                                                                                                      | DPU_sys_i/dpu_eu_0/inst/u_regs4/s_edf60c17[31]_i_1_n_0                                                                                                                        |                8 |             32 |         4.00 |
|  DPU_sys_i/processing_system7_0/inst/FCLK_CLK0 | DPU_sys_i/dpu_eu_0/inst/u_0fdf40ec/s_b1cd62310                                                                                                                                      |                                                                                                                                                                               |                7 |             32 |         4.57 |
|  DPU_sys_i/clk_wiz_0/inst/clk_out300Mhz        | DPU_sys_i/dpu_eu_0/inst/g_e584eb07.u_822a997b/u_8329ce29/u_3aa346a2/u_dcd815c9/u_6c52c68e/g_7b54f91e[5].g_07af5fd4[0].g_9aa100cb[3].u_a326a45b/g_6779d86c[0].s_27e0d716             |                                                                                                                                                                               |                5 |             32 |         6.40 |
|  DPU_sys_i/processing_system7_0/inst/FCLK_CLK0 | DPU_sys_i/dpu_eu_0/inst/u_0fdf40ec/E[0]                                                                                                                                             | DPU_sys_i/dpu_eu_0/inst/u_regs4/s_b522f14b1                                                                                                                                   |                7 |             32 |         4.57 |
|  DPU_sys_i/clk_wiz_0/inst/clk_out300Mhz        | DPU_sys_i/dpu_eu_0/inst/g_e584eb07.u_822a997b/u_8329ce29/u_3aa346a2/u_dcd815c9/u_6c52c68e/g_7b54f91e[5].g_07af5fd4[0].g_9aa100cb[2].u_a326a45b/g_6779d86c[1].s_a8023107             |                                                                                                                                                                               |                7 |             32 |         4.57 |
|  DPU_sys_i/processing_system7_0/inst/FCLK_CLK0 | DPU_sys_i/dpu_eu_0/inst/u_0fdf40ec/s_ae9998a7_reg[1]_11[0]                                                                                                                          |                                                                                                                                                                               |                6 |             32 |         5.33 |
|  DPU_sys_i/clk_wiz_0/inst/clk_out300Mhz        | DPU_sys_i/dpu_eu_0/inst/g_e584eb07.u_822a997b/u_8329ce29/u_3aa346a2/u_dcd815c9/u_6c52c68e/g_7b54f91e[5].g_07af5fd4[0].g_9aa100cb[2].u_a326a45b/g_6779d86c[1].s_27e0d716             |                                                                                                                                                                               |                8 |             32 |         4.00 |
|  DPU_sys_i/processing_system7_0/inst/FCLK_CLK0 | DPU_sys_i/dpu_eu_0/inst/u_0fdf40ec/s_ae9998a7_reg[1]_15[0]                                                                                                                          |                                                                                                                                                                               |                5 |             32 |         6.40 |
|  DPU_sys_i/processing_system7_0/inst/FCLK_CLK0 | DPU_sys_i/dpu_eu_0/inst/u_0fdf40ec/s_ae9998a7_reg[1]_14[0]                                                                                                                          |                                                                                                                                                                               |                6 |             32 |         5.33 |
|  DPU_sys_i/processing_system7_0/inst/FCLK_CLK0 | DPU_sys_i/dpu_eu_0/inst/u_0fdf40ec/s_ae9998a7_reg[1]_4[0]                                                                                                                           |                                                                                                                                                                               |                7 |             32 |         4.57 |
|  DPU_sys_i/processing_system7_0/inst/FCLK_CLK0 | DPU_sys_i/dpu_eu_0/inst/u_0fdf40ec/s_ae9998a7_reg[1]_9[0]                                                                                                                           |                                                                                                                                                                               |                6 |             32 |         5.33 |
|  DPU_sys_i/clk_wiz_0/inst/clk_out300Mhz        | DPU_sys_i/dpu_eu_0/inst/g_e584eb07.u_822a997b/u_8329ce29/u_3aa346a2/u_dcd815c9/u_6c52c68e/g_7b54f91e[5].g_07af5fd4[0].g_9aa100cb[2].u_a326a45b/g_6779d86c[0].s_a8023107             |                                                                                                                                                                               |                7 |             32 |         4.57 |
|  DPU_sys_i/processing_system7_0/inst/FCLK_CLK0 | DPU_sys_i/dpu_eu_0/inst/u_0fdf40ec/s_ae9998a7_reg[1]_13[0]                                                                                                                          |                                                                                                                                                                               |                6 |             32 |         5.33 |
|  DPU_sys_i/processing_system7_0/inst/FCLK_CLK0 | DPU_sys_i/dpu_eu_0/inst/u_0fdf40ec/s_ae9998a7_reg[1]_10[0]                                                                                                                          |                                                                                                                                                                               |                7 |             32 |         4.57 |
|  DPU_sys_i/processing_system7_0/inst/FCLK_CLK0 | DPU_sys_i/dpu_eu_0/inst/u_0fdf40ec/s_ae9998a7_reg[1]_5[0]                                                                                                                           |                                                                                                                                                                               |                8 |             32 |         4.00 |
|  DPU_sys_i/processing_system7_0/inst/FCLK_CLK0 | DPU_sys_i/dpu_eu_0/inst/u_0fdf40ec/s_ae9998a7_reg[1]_16[0]                                                                                                                          |                                                                                                                                                                               |                7 |             32 |         4.57 |
|  DPU_sys_i/processing_system7_0/inst/FCLK_CLK0 | DPU_sys_i/dpu_eu_0/inst/u_0fdf40ec/s_ae9998a7_reg[1]_8[0]                                                                                                                           |                                                                                                                                                                               |                6 |             32 |         5.33 |
|  DPU_sys_i/processing_system7_0/inst/FCLK_CLK0 | DPU_sys_i/dpu_eu_0/inst/u_0fdf40ec/s_ae9998a7_reg[1]_12[0]                                                                                                                          |                                                                                                                                                                               |                8 |             32 |         4.00 |
|  DPU_sys_i/clk_wiz_0/inst/clk_out300Mhz        | DPU_sys_i/dpu_eu_0/inst/g_e584eb07.u_822a997b/u_8329ce29/u_3aa346a2/u_dcd815c9/u_6c52c68e/g_7b54f91e[5].g_07af5fd4[0].g_9aa100cb[2].u_a326a45b/g_6779d86c[0].s_27e0d716             |                                                                                                                                                                               |                7 |             32 |         4.57 |
|  DPU_sys_i/processing_system7_0/inst/FCLK_CLK0 | DPU_sys_i/dpu_eu_0/inst/u_0fdf40ec/s_ae9998a7_reg[1]_6[0]                                                                                                                           |                                                                                                                                                                               |                6 |             32 |         5.33 |
|  DPU_sys_i/processing_system7_0/inst/FCLK_CLK0 | DPU_sys_i/dpu_eu_0/inst/u_0fdf40ec/s_ae9998a7_reg[1]_2[0]                                                                                                                           |                                                                                                                                                                               |                7 |             32 |         4.57 |
|  DPU_sys_i/processing_system7_0/inst/FCLK_CLK0 | DPU_sys_i/dpu_eu_0/inst/u_0fdf40ec/s_ae9998a7_reg[1]_7[0]                                                                                                                           |                                                                                                                                                                               |                8 |             32 |         4.00 |
|  DPU_sys_i/clk_wiz_0/inst/clk_out300Mhz        | DPU_sys_i/dpu_eu_0/inst/g_e584eb07.u_822a997b/u_8329ce29/u_3aa346a2/u_dcd815c9/u_6c52c68e/g_7b54f91e[5].g_07af5fd4[0].g_9aa100cb[1].u_a326a45b/g_6779d86c[1].s_27e0d716             |                                                                                                                                                                               |                8 |             32 |         4.00 |
|  DPU_sys_i/processing_system7_0/inst/FCLK_CLK0 | DPU_sys_i/dpu_eu_0/inst/u_0fdf40ec/s_ae9998a7_reg[1]_3[0]                                                                                                                           |                                                                                                                                                                               |                9 |             32 |         3.56 |
|  DPU_sys_i/processing_system7_0/inst/FCLK_CLK0 | DPU_sys_i/dpu_eu_0/inst/u_0fdf40ec/s_ae9998a7_reg[1]_17[0]                                                                                                                          |                                                                                                                                                                               |                6 |             32 |         5.33 |
|  DPU_sys_i/clk_wiz_0/inst/clk_out300Mhz        | DPU_sys_i/dpu_eu_0/inst/g_e584eb07.u_822a997b/u_8329ce29/u_3aa346a2/u_dcd815c9/u_6c52c68e/g_7b54f91e[2].g_07af5fd4[0].g_9aa100cb[4].u_a326a45b/g_6779d86c[0].s_7b55f7d8_reg_n_0     |                                                                                                                                                                               |                5 |             33 |         6.60 |
|  DPU_sys_i/clk_wiz_0/inst/clk_out300Mhz        | DPU_sys_i/dpu_eu_0/inst/g_e584eb07.u_822a997b/u_8329ce29/u_3aa346a2/u_dcd815c9/u_6c52c68e/g_7b54f91e[10].g_07af5fd4[0].g_9aa100cb[4].u_a326a45b/g_6779d86c[0].s_7b55f7d8_reg_n_0    |                                                                                                                                                                               |                5 |             33 |         6.60 |
|  DPU_sys_i/clk_wiz_0/inst/clk_out300Mhz        | DPU_sys_i/dpu_eu_0/inst/g_e584eb07.u_822a997b/u_8329ce29/u_3aa346a2/u_dcd815c9/u_6c52c68e/g_7b54f91e[6].g_07af5fd4[0].g_9aa100cb[4].u_a326a45b/g_6779d86c[0].s_7b55f7d8_reg_n_0     |                                                                                                                                                                               |                7 |             33 |         4.71 |
|  DPU_sys_i/clk_wiz_0/inst/clk_out300Mhz        | DPU_sys_i/dpu_eu_0/inst/g_e584eb07.u_822a997b/u_8329ce29/u_3aa346a2/u_dcd815c9/u_6c52c68e/g_7b54f91e[9].g_07af5fd4[0].g_9aa100cb[2].u_a326a45b/g_6779d86c[0].s_7b55f7d8_reg_n_0     |                                                                                                                                                                               |                6 |             33 |         5.50 |
|  DPU_sys_i/clk_wiz_0/inst/clk_out300Mhz        | DPU_sys_i/dpu_eu_0/inst/g_e584eb07.u_822a997b/u_8329ce29/u_3aa346a2/u_dcd815c9/u_6c52c68e/g_7b54f91e[9].g_07af5fd4[0].g_9aa100cb[4].u_a326a45b/g_6779d86c[0].s_7b55f7d8_reg_n_0     |                                                                                                                                                                               |                5 |             33 |         6.60 |
|  DPU_sys_i/clk_wiz_0/inst/clk_out300Mhz        | DPU_sys_i/dpu_eu_0/inst/g_e584eb07.u_822a997b/u_8329ce29/u_3aa346a2/u_dcd815c9/u_6c52c68e/g_7b54f91e[7].g_07af5fd4[0].g_9aa100cb[0].u_a326a45b/g_6779d86c[0].s_7b55f7d8_reg_n_0     |                                                                                                                                                                               |                7 |             33 |         4.71 |
|  DPU_sys_i/clk_wiz_0/inst/clk_out300Mhz        | DPU_sys_i/dpu_eu_0/inst/g_e584eb07.u_822a997b/u_8329ce29/u_3aa346a2/u_dcd815c9/u_6c52c68e/g_7b54f91e[3].g_07af5fd4[0].g_9aa100cb[4].u_a326a45b/g_6779d86c[0].s_7b55f7d8_reg_n_0     |                                                                                                                                                                               |                6 |             33 |         5.50 |
|  DPU_sys_i/clk_wiz_0/inst/clk_out300Mhz        | DPU_sys_i/dpu_eu_0/inst/g_e584eb07.u_822a997b/u_8329ce29/u_3aa346a2/u_dcd815c9/u_6c52c68e/g_7b54f91e[1].g_07af5fd4[0].g_9aa100cb[4].u_a326a45b/g_6779d86c[0].s_7b55f7d8_reg_n_0     |                                                                                                                                                                               |                6 |             33 |         5.50 |
|  DPU_sys_i/clk_wiz_0/inst/clk_out300Mhz        | DPU_sys_i/dpu_eu_0/inst/g_e584eb07.u_822a997b/u_8329ce29/u_3aa346a2/u_dcd815c9/u_6c52c68e/g_7b54f91e[2].g_07af5fd4[0].g_9aa100cb[0].u_a326a45b/g_6779d86c[0].s_7b55f7d8_reg_n_0     |                                                                                                                                                                               |                7 |             33 |         4.71 |
|  DPU_sys_i/clk_wiz_0/inst/clk_out300Mhz        | DPU_sys_i/dpu_eu_0/inst/g_e584eb07.u_822a997b/u_8329ce29/u_3aa346a2/u_dcd815c9/u_6c52c68e/g_7b54f91e[7].g_07af5fd4[0].g_9aa100cb[4].u_a326a45b/g_6779d86c[0].s_7b55f7d8_reg_n_0     |                                                                                                                                                                               |                6 |             33 |         5.50 |
|  DPU_sys_i/clk_wiz_0/inst/clk_out300Mhz        | DPU_sys_i/dpu_eu_0/inst/g_e584eb07.u_822a997b/u_8329ce29/u_3aa346a2/u_dcd815c9/u_6c52c68e/g_7b54f91e[2].g_07af5fd4[0].g_9aa100cb[2].u_a326a45b/g_6779d86c[0].s_7b55f7d8_reg_n_0     |                                                                                                                                                                               |                9 |             33 |         3.67 |
|  DPU_sys_i/clk_wiz_0/inst/clk_out300Mhz        | DPU_sys_i/dpu_eu_0/inst/g_e584eb07.u_822a997b/u_8329ce29/u_3aa346a2/u_dcd815c9/u_6c52c68e/g_7b54f91e[11].g_07af5fd4[0].g_9aa100cb[4].u_a326a45b/g_6779d86c[0].s_7b55f7d8_reg_n_0    |                                                                                                                                                                               |                5 |             33 |         6.60 |
|  DPU_sys_i/clk_wiz_0/inst/clk_out300Mhz        | DPU_sys_i/dpu_eu_0/inst/g_e584eb07.u_822a997b/u_8329ce29/u_3aa346a2/u_dcd815c9/u_6c52c68e/g_7b54f91e[10].g_07af5fd4[0].g_9aa100cb[0].u_a326a45b/g_6779d86c[0].s_7b55f7d8_reg_n_0    |                                                                                                                                                                               |                6 |             33 |         5.50 |
|  DPU_sys_i/clk_wiz_0/inst/clk_out300Mhz        | DPU_sys_i/dpu_eu_0/inst/g_e584eb07.u_822a997b/u_8329ce29/u_3aa346a2/u_dcd815c9/u_6c52c68e/g_7b54f91e[5].g_07af5fd4[0].g_9aa100cb[2].u_a326a45b/g_6779d86c[0].s_7b55f7d8_reg_n_0     |                                                                                                                                                                               |                7 |             33 |         4.71 |
|  DPU_sys_i/clk_wiz_0/inst/clk_out300Mhz        | DPU_sys_i/dpu_eu_0/inst/g_e584eb07.u_822a997b/u_8329ce29/u_3aa346a2/u_dcd815c9/u_6c52c68e/g_7b54f91e[11].g_07af5fd4[0].g_9aa100cb[2].u_a326a45b/g_6779d86c[0].s_7b55f7d8_reg_n_0    |                                                                                                                                                                               |                5 |             33 |         6.60 |
|  DPU_sys_i/clk_wiz_0/inst/clk_out300Mhz        | DPU_sys_i/dpu_eu_0/inst/g_e584eb07.u_822a997b/u_8329ce29/u_3aa346a2/u_dcd815c9/u_6c52c68e/g_7b54f91e[8].g_07af5fd4[0].g_9aa100cb[0].u_a326a45b/g_6779d86c[0].s_7b55f7d8_reg_n_0     |                                                                                                                                                                               |                9 |             33 |         3.67 |
|  DPU_sys_i/clk_wiz_0/inst/clk_out150Mhz        | DPU_sys_i/dpu_eu_0/inst/g_e584eb07.u_822a997b/u_8329ce29/u_25c793f4/u_8f276c93/g_d4cf40a3[1].u_aa097d77/s_6271dcec[3]_i_1__0_n_0                                                    |                                                                                                                                                                               |                8 |             33 |         4.12 |
|  DPU_sys_i/clk_wiz_0/inst/clk_out300Mhz        | DPU_sys_i/dpu_eu_0/inst/g_e584eb07.u_822a997b/u_8329ce29/u_3aa346a2/u_dcd815c9/u_6c52c68e/g_7b54f91e[4].g_07af5fd4[0].g_9aa100cb[0].u_a326a45b/g_6779d86c[0].s_7b55f7d8_reg_n_0     |                                                                                                                                                                               |                7 |             33 |         4.71 |
|  DPU_sys_i/clk_wiz_0/inst/clk_out300Mhz        | DPU_sys_i/dpu_eu_0/inst/g_e584eb07.u_822a997b/u_8329ce29/u_3aa346a2/u_dcd815c9/u_6c52c68e/g_7b54f91e[5].g_07af5fd4[0].g_9aa100cb[4].u_a326a45b/g_6779d86c[0].s_7b55f7d8_reg_n_0     |                                                                                                                                                                               |                6 |             33 |         5.50 |
|  DPU_sys_i/clk_wiz_0/inst/clk_out300Mhz        | DPU_sys_i/dpu_eu_0/inst/g_e584eb07.u_822a997b/u_8329ce29/u_3aa346a2/u_dcd815c9/u_6c52c68e/g_7b54f91e[10].g_07af5fd4[0].g_9aa100cb[2].u_a326a45b/g_6779d86c[0].s_7b55f7d8_reg_n_0    |                                                                                                                                                                               |               10 |             33 |         3.30 |
|  DPU_sys_i/clk_wiz_0/inst/clk_out300Mhz        | DPU_sys_i/dpu_eu_0/inst/g_e584eb07.u_822a997b/u_8329ce29/u_3aa346a2/u_dcd815c9/u_6c52c68e/g_7b54f91e[4].g_07af5fd4[0].g_9aa100cb[2].u_a326a45b/g_6779d86c[0].s_7b55f7d8_reg_n_0     |                                                                                                                                                                               |                8 |             33 |         4.12 |
|  DPU_sys_i/clk_wiz_0/inst/clk_out300Mhz        | DPU_sys_i/dpu_eu_0/inst/g_e584eb07.u_822a997b/u_8329ce29/u_3aa346a2/u_dcd815c9/u_6c52c68e/g_7b54f91e[6].g_07af5fd4[0].g_9aa100cb[0].u_a326a45b/g_6779d86c[0].s_7b55f7d8_reg_n_0     |                                                                                                                                                                               |                6 |             33 |         5.50 |
|  DPU_sys_i/clk_wiz_0/inst/clk_out300Mhz        | DPU_sys_i/dpu_eu_0/inst/g_e584eb07.u_822a997b/u_8329ce29/u_3aa346a2/u_dcd815c9/u_6c52c68e/g_7b54f91e[9].g_07af5fd4[0].g_9aa100cb[0].u_a326a45b/g_6779d86c[0].s_7b55f7d8_reg_n_0     |                                                                                                                                                                               |                8 |             33 |         4.12 |
|  DPU_sys_i/clk_wiz_0/inst/clk_out300Mhz        | DPU_sys_i/dpu_eu_0/inst/g_e584eb07.u_822a997b/u_8329ce29/u_3aa346a2/u_dcd815c9/u_6c52c68e/g_7b54f91e[7].g_07af5fd4[0].g_9aa100cb[2].u_a326a45b/g_6779d86c[0].s_7b55f7d8_reg_n_0     |                                                                                                                                                                               |                9 |             33 |         3.67 |
|  DPU_sys_i/clk_wiz_0/inst/clk_out300Mhz        | DPU_sys_i/dpu_eu_0/inst/g_e584eb07.u_822a997b/u_8329ce29/u_3aa346a2/u_dcd815c9/u_6c52c68e/g_7b54f91e[4].g_07af5fd4[0].g_9aa100cb[4].u_a326a45b/g_6779d86c[0].s_7b55f7d8_reg_n_0     |                                                                                                                                                                               |                6 |             33 |         5.50 |
|  DPU_sys_i/clk_wiz_0/inst/clk_out150Mhz        | DPU_sys_i/dpu_eu_0/inst/g_e584eb07.u_822a997b/u_8329ce29/u_d185dc89/u_1c8d8ad4/u_87e1526d/s_15c80d80_reg[30]_0[0]                                                                   |                                                                                                                                                                               |                5 |             33 |         6.60 |
|  DPU_sys_i/clk_wiz_0/inst/clk_out300Mhz        | DPU_sys_i/dpu_eu_0/inst/g_e584eb07.u_822a997b/u_8329ce29/u_3aa346a2/u_dcd815c9/u_6c52c68e/g_7b54f91e[8].g_07af5fd4[0].g_9aa100cb[2].u_a326a45b/g_6779d86c[0].s_7b55f7d8_reg_n_0     |                                                                                                                                                                               |                8 |             33 |         4.12 |
|  DPU_sys_i/clk_wiz_0/inst/clk_out300Mhz        | DPU_sys_i/dpu_eu_0/inst/g_e584eb07.u_822a997b/u_8329ce29/u_3aa346a2/u_dcd815c9/u_6c52c68e/g_7b54f91e[8].g_07af5fd4[0].g_9aa100cb[4].u_a326a45b/g_6779d86c[0].s_7b55f7d8_reg_n_0     |                                                                                                                                                                               |                6 |             33 |         5.50 |
|  DPU_sys_i/clk_wiz_0/inst/clk_out300Mhz        | DPU_sys_i/dpu_eu_0/inst/g_e584eb07.u_822a997b/u_8329ce29/u_3aa346a2/u_dcd815c9/u_6c52c68e/g_7b54f91e[1].g_07af5fd4[0].g_9aa100cb[0].u_a326a45b/g_6779d86c[0].s_7b55f7d8_reg_n_0     |                                                                                                                                                                               |               12 |             33 |         2.75 |
|  DPU_sys_i/clk_wiz_0/inst/clk_out300Mhz        | DPU_sys_i/dpu_eu_0/inst/g_e584eb07.u_822a997b/u_8329ce29/u_3aa346a2/u_dcd815c9/u_6c52c68e/g_7b54f91e[3].g_07af5fd4[0].g_9aa100cb[0].u_a326a45b/g_6779d86c[0].s_7b55f7d8_reg_n_0     |                                                                                                                                                                               |                6 |             33 |         5.50 |
|  DPU_sys_i/clk_wiz_0/inst/clk_out300Mhz        | DPU_sys_i/dpu_eu_0/inst/g_e584eb07.u_822a997b/u_8329ce29/u_3aa346a2/u_dcd815c9/u_6c52c68e/g_7b54f91e[0].g_07af5fd4[0].g_9aa100cb[4].u_a326a45b/g_6779d86c[0].s_7b55f7d8_reg_n_0     |                                                                                                                                                                               |                6 |             33 |         5.50 |
|  DPU_sys_i/clk_wiz_0/inst/clk_out300Mhz        | DPU_sys_i/dpu_eu_0/inst/g_e584eb07.u_822a997b/u_8329ce29/u_3aa346a2/u_dcd815c9/u_6c52c68e/g_7b54f91e[5].g_07af5fd4[0].g_9aa100cb[0].u_a326a45b/g_6779d86c[0].s_7b55f7d8_reg_n_0     |                                                                                                                                                                               |                8 |             33 |         4.12 |
|  DPU_sys_i/clk_wiz_0/inst/clk_out300Mhz        | DPU_sys_i/dpu_eu_0/inst/g_e584eb07.u_822a997b/u_8329ce29/u_3aa346a2/u_dcd815c9/u_6c52c68e/g_7b54f91e[0].g_07af5fd4[0].g_9aa100cb[0].u_a326a45b/g_6779d86c[0].s_7b55f7d8             |                                                                                                                                                                               |               12 |             33 |         2.75 |
|  DPU_sys_i/clk_wiz_0/inst/clk_out300Mhz        | DPU_sys_i/dpu_eu_0/inst/g_e584eb07.u_822a997b/u_8329ce29/u_3aa346a2/u_dcd815c9/u_6c52c68e/g_7b54f91e[6].g_07af5fd4[0].g_9aa100cb[2].u_a326a45b/g_6779d86c[0].s_7b55f7d8_reg_n_0     |                                                                                                                                                                               |                8 |             33 |         4.12 |
|  DPU_sys_i/clk_wiz_0/inst/clk_out150Mhz        | DPU_sys_i/dpu_eu_0/inst/g_e584eb07.u_822a997b/u_8329ce29/u_25c793f4/u_8f276c93/g_d4cf40a3[0].u_aa097d77/s_6271dcec[3]_i_1_n_0                                                       |                                                                                                                                                                               |                8 |             33 |         4.12 |
|  DPU_sys_i/clk_wiz_0/inst/clk_out300Mhz        | DPU_sys_i/dpu_eu_0/inst/g_e584eb07.u_822a997b/u_8329ce29/u_3aa346a2/u_dcd815c9/u_6c52c68e/g_7b54f91e[1].g_07af5fd4[0].g_9aa100cb[2].u_a326a45b/g_6779d86c[0].s_7b55f7d8_reg_n_0     |                                                                                                                                                                               |               10 |             33 |         3.30 |
|  DPU_sys_i/clk_wiz_0/inst/clk_out300Mhz        | DPU_sys_i/dpu_eu_0/inst/g_e584eb07.u_822a997b/u_8329ce29/u_3aa346a2/u_dcd815c9/u_6c52c68e/g_7b54f91e[3].g_07af5fd4[0].g_9aa100cb[2].u_a326a45b/g_6779d86c[0].s_7b55f7d8_reg_n_0     |                                                                                                                                                                               |                6 |             33 |         5.50 |
|  DPU_sys_i/clk_wiz_0/inst/clk_out300Mhz        | DPU_sys_i/dpu_eu_0/inst/g_e584eb07.u_822a997b/u_8329ce29/u_3aa346a2/u_dcd815c9/u_6c52c68e/g_7b54f91e[11].g_07af5fd4[0].g_9aa100cb[0].u_a326a45b/g_6779d86c[0].s_7b55f7d8_reg_n_0    |                                                                                                                                                                               |                7 |             33 |         4.71 |
|  DPU_sys_i/clk_wiz_0/inst/clk_out300Mhz        | DPU_sys_i/dpu_eu_0/inst/g_e584eb07.u_822a997b/u_8329ce29/u_3aa346a2/u_dcd815c9/u_6c52c68e/g_7b54f91e[0].g_07af5fd4[0].g_9aa100cb[2].u_a326a45b/g_6779d86c[0].s_7b55f7d8_reg_n_0     |                                                                                                                                                                               |                9 |             33 |         3.67 |
|  DPU_sys_i/clk_wiz_0/inst/clk_out150Mhz        | DPU_sys_i/dpu_eu_0/inst/g_e584eb07.u_822a997b/u_8329ce29/u_25c793f4/u_8f276c93/g_d4cf40a3[0].u_aa097d77/s_8a287129_reg[4]_0                                                         |                                                                                                                                                                               |                5 |             34 |         6.80 |
|  DPU_sys_i/clk_wiz_0/inst/clk_out150Mhz        | DPU_sys_i/dpu_eu_0/inst/g_e584eb07.u_822a997b/u_8329ce29/u_4314ae56/u_fcfb07e1/g_2b070d9a[1].s_4a368ce2[1][39]_i_2_n_0                                                              | DPU_sys_i/dpu_eu_0/inst/g_e584eb07.u_822a997b/u_8329ce29/u_4314ae56/u_fcfb07e1/g_2b070d9a[1].s_4a368ce2[1][39]_i_1_n_0                                                        |                9 |             35 |         3.89 |
|  DPU_sys_i/clk_wiz_0/inst/clk_out150Mhz        | DPU_sys_i/dpu_eu_0/inst/g_e584eb07.u_822a997b/u_8329ce29/u_4314ae56/u_fcfb07e1/g_2b070d9a[0].s_4a368ce2[0][39]_i_2_n_0                                                              | DPU_sys_i/dpu_eu_0/inst/g_e584eb07.u_822a997b/u_8329ce29/u_4314ae56/u_fcfb07e1/g_2b070d9a[0].s_4a368ce2[0][39]_i_1_n_0                                                        |               10 |             35 |         3.50 |
|  DPU_sys_i/clk_wiz_0/inst/clk_out150Mhz        | DPU_sys_i/dpu_eu_0/inst/g_e584eb07.u_822a997b/u_8329ce29/u_25c793f4/u_9675376f/p_1_in                                                                                               |                                                                                                                                                                               |                6 |             37 |         6.17 |
|  DPU_sys_i/clk_wiz_0/inst/clk_out150Mhz        | DPU_sys_i/dpu_eu_0/inst/g_e584eb07.u_822a997b/u_8329ce29/u_25c793f4/u_9488a2c1/s_914e5733                                                                                           |                                                                                                                                                                               |                9 |             37 |         4.11 |
|  DPU_sys_i/clk_wiz_0/inst/clk_out150Mhz        | DPU_sys_i/dpu_eu_0/inst/g_e584eb07.u_822a997b/u_8329ce29/u_25c793f4/u_9675376f/s_bfefac4d                                                                                           |                                                                                                                                                                               |               10 |             37 |         3.70 |
|  DPU_sys_i/clk_wiz_0/inst/clk_out150Mhz        | DPU_sys_i/dpu_eu_0/inst/g_e584eb07.u_822a997b/u_8329ce29/u_3aa346a2/u_dcd815c9/u_2e9f3b82/g_7a0353b0[5].g_a34448e5.s_8b512823_reg[5][0]__0_rep__0_0                                 |                                                                                                                                                                               |                7 |             37 |         5.29 |
|  DPU_sys_i/clk_wiz_0/inst/clk_out150Mhz        | DPU_sys_i/dpu_eu_0/inst/g_e584eb07.u_822a997b/u_8329ce29/u_25c793f4/u_9488a2c1/p_1_in                                                                                               |                                                                                                                                                                               |                6 |             37 |         6.17 |
|  DPU_sys_i/clk_wiz_0/inst/clk_out150Mhz        | DPU_sys_i/dpu_eu_0/inst/g_e584eb07.u_822a997b/u_8329ce29/u_030d789c/u_3124dbb0/g_35d7d1fc[1].u_896d2935/g_290768fc.u_d24cacb9/s_6c37cafa_reg_0[0]                                   |                                                                                                                                                                               |               11 |             38 |         3.45 |
|  DPU_sys_i/clk_wiz_0/inst/clk_out150Mhz        | DPU_sys_i/dpu_eu_0/inst/g_e584eb07.u_822a997b/u_8329ce29/u_5e95f3e2/u_d8bbec23/u_f3f18915/s_b94c8f41_reg_1[0]                                                                       |                                                                                                                                                                               |                7 |             40 |         5.71 |
|  DPU_sys_i/clk_wiz_0/inst/clk_out150Mhz        | DPU_sys_i/dpu_eu_0/inst/g_e584eb07.u_822a997b/u_8329ce29/u_3aa346a2/u_402ff78a/p_0_in[0]                                                                                            |                                                                                                                                                                               |                6 |             43 |         7.17 |
|  DPU_sys_i/clk_wiz_0/inst/clk_out150Mhz        | DPU_sys_i/dpu_eu_0/inst/g_e584eb07.u_822a997b/u_8329ce29/u_3aa346a2/u_dcd815c9/s_5552adfa_reg__0_0[0]                                                                               |                                                                                                                                                                               |                7 |             43 |         6.14 |
|  DPU_sys_i/clk_wiz_0/inst/clk_out150Mhz        | DPU_sys_i/dpu_eu_0/inst/g_e584eb07.u_822a997b/u_8329ce29/u_d185dc89/u_1c8d8ad4/u_33113ce4/dpu0_m_axi_instr_rvalid[0]                                                                |                                                                                                                                                                               |               11 |             44 |         4.00 |
|  DPU_sys_i/clk_wiz_0/inst/clk_out150Mhz        | DPU_sys_i/dpu_eu_0/inst/g_e584eb07.u_822a997b/u_8329ce29/u_5e95f3e2/u_d8bbec23/u_d27473f1/s_4f72f3d2__10                                                                            |                                                                                                                                                                               |                6 |             44 |         7.33 |
|  DPU_sys_i/clk_wiz_0/inst/clk_out150Mhz        | DPU_sys_i/dpu_eu_0/inst/g_e584eb07.u_822a997b/u_8329ce29/u_3aa346a2/u_4fc06dda/u_5e5a7180/u_2332d638/g_e8b50853[0].u_aa17ff0d/s_8f318b25[43]_i_1_n_0                                |                                                                                                                                                                               |               11 |             44 |         4.00 |
|  DPU_sys_i/clk_wiz_0/inst/clk_out150Mhz        | DPU_sys_i/dpu_eu_0/inst/g_e584eb07.u_822a997b/u_8329ce29/u_3aa346a2/u_4fc06dda/u_5e5a7180/u_2332d638/g_e8b50853[1].u_aa17ff0d/s_8f318b25[43]_i_1__0_n_0                             |                                                                                                                                                                               |               10 |             44 |         4.40 |
|  DPU_sys_i/clk_wiz_0/inst/clk_out150Mhz        | DPU_sys_i/dpu_eu_0/inst/g_e584eb07.u_822a997b/u_8329ce29/u_3aa346a2/u_4fc06dda/u_5e5a7180/u_2332d638/g_e8b50853[3].u_aa17ff0d/s_8f318b25[43]_i_1__2_n_0                             |                                                                                                                                                                               |               11 |             44 |         4.00 |
|  DPU_sys_i/clk_wiz_0/inst/clk_out150Mhz        | DPU_sys_i/dpu_eu_0/inst/g_e584eb07.u_822a997b/u_8329ce29/u_5e95f3e2/u_1134bd62/inst_rd_pool_img/u_154bcbd4/g_e8b50853[1].u_aa17ff0d/s_8f318b25[43]_i_1__4_n_0                       |                                                                                                                                                                               |               10 |             44 |         4.40 |
|  DPU_sys_i/clk_wiz_0/inst/clk_out150Mhz        | DPU_sys_i/dpu_eu_0/inst/g_e584eb07.u_822a997b/u_8329ce29/u_5e95f3e2/u_1134bd62/inst_rd_pool_img/u_154bcbd4/g_e8b50853[3].u_aa17ff0d/s_8f318b25[43]_i_1__5_n_0                       |                                                                                                                                                                               |               10 |             44 |         4.40 |
|  DPU_sys_i/clk_wiz_0/inst/clk_out150Mhz        | DPU_sys_i/dpu_eu_0/inst/g_e584eb07.u_822a997b/u_8329ce29/u_3aa346a2/u_4fc06dda/u_5e5a7180/u_2332d638/g_e8b50853[2].u_aa17ff0d/s_8f318b25[43]_i_1__1_n_0                             |                                                                                                                                                                               |               11 |             44 |         4.00 |
|  DPU_sys_i/clk_wiz_0/inst/clk_out150Mhz        | DPU_sys_i/dpu_eu_0/inst/g_e584eb07.u_822a997b/u_8329ce29/u_d185dc89/u_1c8d8ad4/u_87e1526d/s_fb48b6df                                                                                |                                                                                                                                                                               |                9 |             44 |         4.89 |
|  DPU_sys_i/clk_wiz_0/inst/clk_out150Mhz        | DPU_sys_i/dpu_eu_0/inst/g_e584eb07.u_822a997b/u_8329ce29/u_5e95f3e2/u_1134bd62/inst_rd_pool_img/u_154bcbd4/g_e8b50853[0].u_aa17ff0d/s_8f318b25[43]_i_1__3_n_0                       |                                                                                                                                                                               |               10 |             44 |         4.40 |
|  DPU_sys_i/clk_wiz_0/inst/clk_out150Mhz        | DPU_sys_i/dpu_eu_0/inst/g_e584eb07.u_822a997b/u_8329ce29/u_25c793f4/u_a8973e47/s_31caf0de_reg_0[0]                                                                                  |                                                                                                                                                                               |                8 |             46 |         5.75 |
|  DPU_sys_i/clk_wiz_0/inst/clk_out150Mhz        | DPU_sys_i/dpu_eu_0/inst/g_e584eb07.u_822a997b/u_8329ce29/u_25c793f4/u_a8973e47/E[0]                                                                                                 |                                                                                                                                                                               |                9 |             46 |         5.11 |
|  DPU_sys_i/clk_wiz_0/inst/clk_out150Mhz        | DPU_sys_i/dpu_eu_0/inst/g_e584eb07.u_822a997b/u_8329ce29/u_5e95f3e2/u_d8bbec23/u_f3f18915/s_b9d3acab[48]_i_1_n_0                                                                    |                                                                                                                                                                               |               12 |             48 |         4.00 |
|  DPU_sys_i/clk_wiz_0/inst/clk_out150Mhz        | DPU_sys_i/dpu_eu_0/inst/g_e584eb07.u_822a997b/u_8329ce29/u_25c793f4/u_8f276c93/g_d4cf40a3[1].u_aa097d77/s_ae62f1eb[18]_i_1__0_n_0                                                   |                                                                                                                                                                               |               12 |             49 |         4.08 |
|  DPU_sys_i/clk_wiz_0/inst/clk_out150Mhz        | DPU_sys_i/dpu_eu_0/inst/g_e584eb07.u_822a997b/u_8329ce29/u_25c793f4/u_8f276c93/g_d4cf40a3[0].u_aa097d77/s_ae62f1eb[18]_i_1_n_0                                                      |                                                                                                                                                                               |               13 |             49 |         3.77 |
|  DPU_sys_i/clk_wiz_0/inst/clk_out150Mhz        | DPU_sys_i/dpu_eu_0/inst/g_e584eb07.u_822a997b/u_8329ce29/u_5e95f3e2/u_1134bd62/u_be4ea361/s_2cf1c126_reg_0                                                                          |                                                                                                                                                                               |               18 |             50 |         2.78 |
|  DPU_sys_i/clk_wiz_0/inst/clk_out150Mhz        | DPU_sys_i/dpu_eu_0/inst/g_e584eb07.u_822a997b/u_8329ce29/u_5e95f3e2/u_1134bd62/inst_rd_pool_img/u_e516a241/s_728ab622                                                               |                                                                                                                                                                               |                7 |             56 |         8.00 |
|  DPU_sys_i/clk_wiz_0/inst/clk_out150Mhz        | DPU_sys_i/dpu_eu_0/inst/g_e584eb07.u_822a997b/u_8329ce29/u_4314ae56/u_c264af15/g_c6859d57[1].u_efb10811/u_c2b52391/g_c6859d57[1].s_8642fa0d[15]_i_7_0[0]                            | DPU_sys_i/dpu_eu_0/inst/g_e584eb07.u_822a997b/u_8329ce29/u_4314ae56/m_dad332bf/m_41ee7512/SR[0]                                                                               |               10 |             60 |         6.00 |
|  DPU_sys_i/clk_wiz_0/inst/clk_out150Mhz        | DPU_sys_i/dpu_eu_0/inst/g_e584eb07.u_822a997b/u_8329ce29/u_4314ae56/u_c264af15/g_c6859d57[0].u_efb10811/u_c2b52391/s_f9de5723_reg[33]_0                                             | DPU_sys_i/dpu_eu_0/inst/g_e584eb07.u_822a997b/u_8329ce29/u_4314ae56/m_dad332bf/m_41ee7512/SR[0]                                                                               |               10 |             60 |         6.00 |
|  DPU_sys_i/clk_wiz_0/inst/clk_out150Mhz        | DPU_sys_i/dpu_eu_0/inst/g_e584eb07.u_822a997b/u_8329ce29/u_4314ae56/m_dad332bf/m_705b8e64/g_be0756b3[0].u_565c7de2/g_d1dd9bbb.s_c2e42db3_reg_0                                      | DPU_sys_i/dpu_eu_0/inst/g_e584eb07.u_822a997b/u_8329ce29/u_4314ae56/m_dad332bf/m_705b8e64/g_be0756b3[0].s_74f1ad58[319]_i_1_n_0                                               |               12 |             64 |         5.33 |
|  DPU_sys_i/clk_wiz_0/inst/clk_out150Mhz        | DPU_sys_i/dpu_eu_0/inst/g_e584eb07.u_822a997b/u_8329ce29/u_4314ae56/m_dad332bf/m_705b8e64/g_be0756b3[1].u_565c7de2/g_d1dd9bbb.s_c2e42db3_reg_0                                      | DPU_sys_i/dpu_eu_0/inst/g_e584eb07.u_822a997b/u_8329ce29/u_4314ae56/m_dad332bf/m_705b8e64/g_be0756b3[1].s_74f1ad58[319]_i_1_n_0                                               |               12 |             64 |         5.33 |
|  DPU_sys_i/clk_wiz_0/inst/clk_out150Mhz        | DPU_sys_i/dpu_eu_0/inst/g_e584eb07.u_822a997b/u_8329ce29/u_4314ae56/m_dad332bf/m_705b8e64/g_be0756b3[0].u_565c7de2/p_1_in                                                           |                                                                                                                                                                               |               12 |             65 |         5.42 |
|  DPU_sys_i/clk_wiz_0/inst/clk_out150Mhz        | DPU_sys_i/dpu_eu_0/inst/g_e584eb07.u_822a997b/u_8329ce29/u_4314ae56/m_dad332bf/m_705b8e64/g_be0756b3[0].u_565c7de2/g_be0756b3[0].s_c0e8d1f7                                         |                                                                                                                                                                               |               12 |             65 |         5.42 |
|  DPU_sys_i/clk_wiz_0/inst/clk_out150Mhz        | DPU_sys_i/dpu_eu_0/inst/g_e584eb07.u_822a997b/u_8329ce29/u_4314ae56/m_dad332bf/m_705b8e64/g_be0756b3[1].u_565c7de2/g_be0756b3[1].s_c0e8d1f7                                         |                                                                                                                                                                               |               12 |             65 |         5.42 |
|  DPU_sys_i/clk_wiz_0/inst/clk_out150Mhz        | DPU_sys_i/dpu_eu_0/inst/g_e584eb07.u_822a997b/u_8329ce29/u_4314ae56/m_dad332bf/m_705b8e64/g_be0756b3[1].u_565c7de2/p_1_in                                                           |                                                                                                                                                                               |               13 |             65 |         5.00 |
|  DPU_sys_i/clk_wiz_0/inst/clk_out150Mhz        | DPU_sys_i/dpu_eu_0/inst/g_e584eb07.u_822a997b/u_8329ce29/u_25c793f4/u_8f276c93/g_d4cf40a3[0].u_7d540bc6/u_900d28db/s_0972da70_reg[3]__0_n_0                                         |                                                                                                                                                                               |               11 |             66 |         6.00 |
|  DPU_sys_i/clk_wiz_0/inst/clk_out150Mhz        | DPU_sys_i/dpu_eu_0/inst/g_e584eb07.u_822a997b/u_8329ce29/u_d185dc89/u_1c8d8ad4/u_87e1526d/s_fd78c33d                                                                                |                                                                                                                                                                               |               17 |             67 |         3.94 |
|  DPU_sys_i/clk_wiz_0/inst/clk_out150Mhz        | DPU_sys_i/dpu_eu_0/inst/g_e584eb07.u_822a997b/u_8329ce29/u_25c793f4/u_8f276c93/g_d4cf40a3[0].u_a14521cf/u_c2b52391/E[0]                                                             |                                                                                                                                                                               |               13 |             73 |         5.62 |
|  DPU_sys_i/clk_wiz_0/inst/clk_out150Mhz        | DPU_sys_i/dpu_eu_0/inst/g_e584eb07.u_822a997b/u_8329ce29/u_25c793f4/u_8f276c93/g_d4cf40a3[1].u_a14521cf/u_c2b52391/E[0]                                                             |                                                                                                                                                                               |               13 |             73 |         5.62 |
|  DPU_sys_i/clk_wiz_0/inst/clk_out150Mhz        | DPU_sys_i/dpu_eu_0/inst/g_e584eb07.u_822a997b/u_8329ce29/u_25c793f4/u_8f276c93/g_d4cf40a3[0].u_aa097d77/s_cc2d9d49[28]_i_1_n_0                                                      |                                                                                                                                                                               |               15 |             77 |         5.13 |
|  DPU_sys_i/clk_wiz_0/inst/clk_out150Mhz        | DPU_sys_i/dpu_eu_0/inst/g_e584eb07.u_822a997b/u_8329ce29/u_25c793f4/u_8f276c93/g_d4cf40a3[1].u_aa097d77/s_cc2d9d49[28]_i_1__0_n_0                                                   |                                                                                                                                                                               |               15 |             77 |         5.13 |
|  DPU_sys_i/processing_system7_0/inst/FCLK_CLK0 |                                                                                                                                                                                     |                                                                                                                                                                               |               21 |             80 |         3.81 |
|  DPU_sys_i/clk_wiz_0/inst/clk_out150Mhz        | DPU_sys_i/dpu_eu_0/inst/g_e584eb07.u_822a997b/u_8329ce29/u_3aa346a2/u_402ff78a/E[0]                                                                                                 |                                                                                                                                                                               |               13 |             83 |         6.38 |
|  DPU_sys_i/clk_wiz_0/inst/clk_out150Mhz        | DPU_sys_i/dpu_eu_0/inst/g_e584eb07.u_822a997b/u_8329ce29/u_d185dc89/u_1c8d8ad4/u_4d784d88/s_faa15795_reg[0]                                                                         | DPU_sys_i/dpu_eu_0/inst/g_e584eb07.u_822a997b/u_8329ce29/u_4314ae56/m_dad332bf/m_41ee7512/SR[0]                                                                               |               15 |             85 |         5.67 |
|  DPU_sys_i/clk_wiz_0/inst/clk_out150Mhz        | DPU_sys_i/dpu_eu_0/inst/g_e584eb07.u_822a997b/u_8329ce29/u_4314ae56/u_fcfb07e1/s_ddd30cdb_reg[0]                                                                                    |                                                                                                                                                                               |               14 |             90 |         6.43 |
|  DPU_sys_i/clk_wiz_0/inst/clk_out150Mhz        | DPU_sys_i/dpu_eu_0/inst/g_e584eb07.u_822a997b/u_8329ce29/u_4314ae56/u_fcfb07e1/E[0]                                                                                                 |                                                                                                                                                                               |               18 |             90 |         5.00 |
|  DPU_sys_i/clk_wiz_0/inst/clk_out150Mhz        | DPU_sys_i/dpu_eu_0/inst/g_e584eb07.u_822a997b/u_8329ce29/u_d185dc89/u_1c8d8ad4/u_87e1526d/s_7c52c5fa                                                                                |                                                                                                                                                                               |               16 |             91 |         5.69 |
|  DPU_sys_i/clk_wiz_0/inst/clk_out150Mhz        | DPU_sys_i/dpu_eu_0/inst/g_e584eb07.u_822a997b/u_8329ce29/u_d185dc89/u_1c8d8ad4/u_c17d2da9/u_81af1baf/u_c2b52391/s_6c37cafa_reg[0]                                                   | DPU_sys_i/dpu_eu_0/inst/g_e584eb07.u_822a997b/u_8329ce29/u_d185dc89/u_1c8d8ad4/u_c17d2da9/u_81af1baf/SR[0]                                                                    |               19 |             92 |         4.84 |
|  DPU_sys_i/clk_wiz_0/inst/clk_out150Mhz        | DPU_sys_i/dpu_eu_0/inst/g_e584eb07.u_822a997b/u_8329ce29/u_d185dc89/u_1c8d8ad4/u_c17d2da9/u_81af1baf/u_c2b52391/s_6c37cafa_reg[1]                                                   | DPU_sys_i/dpu_eu_0/inst/g_e584eb07.u_822a997b/u_8329ce29/u_d185dc89/u_1c8d8ad4/u_c17d2da9/u_81af1baf/SR[0]                                                                    |               21 |             93 |         4.43 |
|  DPU_sys_i/clk_wiz_0/inst/clk_out150Mhz        | DPU_sys_i/dpu_eu_0/inst/g_e584eb07.u_822a997b/u_8329ce29/u_030d789c/g_ccc7d729[7].u_ab33d219/u_d69eca3d/u_c2b52391/E[0]                                                             |                                                                                                                                                                               |               16 |             96 |         6.00 |
|  DPU_sys_i/clk_wiz_0/inst/clk_out150Mhz        | DPU_sys_i/dpu_eu_0/inst/g_e584eb07.u_822a997b/u_8329ce29/u_4314ae56/m_dad332bf/m_705b8e64/g_be0756b3[1].s_25012c86[95]_i_1_n_0                                                      |                                                                                                                                                                               |               27 |             96 |         3.56 |
|  DPU_sys_i/clk_wiz_0/inst/clk_out150Mhz        | DPU_sys_i/dpu_eu_0/inst/g_e584eb07.u_822a997b/u_8329ce29/u_4314ae56/m_dad332bf/m_705b8e64/g_be0756b3[1].g_40ae2e02.m_1dba719c/g_09d8ccfc.s_b0a68461[95]_i_2__0_n_0                  | DPU_sys_i/dpu_eu_0/inst/g_e584eb07.u_822a997b/u_8329ce29/u_4314ae56/m_dad332bf/m_41ee7512/g_f969817d[1].s_d4d73f9d_reg[1]_1[0]                                                |               17 |             96 |         5.65 |
|  DPU_sys_i/clk_wiz_0/inst/clk_out150Mhz        | DPU_sys_i/dpu_eu_0/inst/g_e584eb07.u_822a997b/u_8329ce29/u_25c793f4/u_8f276c93/g_d4cf40a3[0].u_7d540bc6/i___12_n_0                                                                  |                                                                                                                                                                               |               13 |             96 |         7.38 |
|  DPU_sys_i/clk_wiz_0/inst/clk_out150Mhz        | DPU_sys_i/dpu_eu_0/inst/g_e584eb07.u_822a997b/u_8329ce29/u_25c793f4/u_8f276c93/g_d4cf40a3[0].u_7d540bc6/u_900d28db/u_e98a63ed/g_d1dd9bbb.s_7f9f1f8e_reg_0                           |                                                                                                                                                                               |               25 |             96 |         3.84 |
|  DPU_sys_i/clk_wiz_0/inst/clk_out150Mhz        | DPU_sys_i/dpu_eu_0/inst/g_e584eb07.u_822a997b/u_8329ce29/u_25c793f4/u_8f276c93/g_d4cf40a3[1].u_7d540bc6/i___12_n_0                                                                  |                                                                                                                                                                               |               12 |             96 |         8.00 |
|  DPU_sys_i/clk_wiz_0/inst/clk_out150Mhz        |                                                                                                                                                                                     | DPU_sys_i/dpu_eu_0/inst/g_e584eb07.u_822a997b/u_8329ce29/u_4314ae56/m_dad332bf/m_41ee7512/g_f969817d[1].s_7f9187ee_reg[1]_1[0]                                                |               15 |             96 |         6.40 |
|  DPU_sys_i/clk_wiz_0/inst/clk_out150Mhz        | DPU_sys_i/dpu_eu_0/inst/g_e584eb07.u_822a997b/u_8329ce29/u_4314ae56/m_dad332bf/m_705b8e64/g_be0756b3[0].s_25012c86[95]_i_1_n_0                                                      |                                                                                                                                                                               |               27 |             96 |         3.56 |
|  DPU_sys_i/clk_wiz_0/inst/clk_out150Mhz        |                                                                                                                                                                                     | DPU_sys_i/dpu_eu_0/inst/g_e584eb07.u_822a997b/u_8329ce29/u_5e95f3e2/u_1134bd62/u_8b08e93b/u_6c14e8a4/g_cedbdfb3.s_8010d7f1[191]_i_1_n_0                                       |               26 |             96 |         3.69 |
|  DPU_sys_i/clk_wiz_0/inst/clk_out150Mhz        |                                                                                                                                                                                     | DPU_sys_i/dpu_eu_0/inst/g_e584eb07.u_822a997b/u_8329ce29/u_4314ae56/m_dad332bf/m_41ee7512/g_f969817d[0].s_7f9187ee_reg[0]_0[0]                                                |               13 |             96 |         7.38 |
|  DPU_sys_i/clk_wiz_0/inst/clk_out150Mhz        | DPU_sys_i/dpu_eu_0/inst/g_e584eb07.u_822a997b/u_8329ce29/u_25c793f4/u_8f276c93/g_d4cf40a3[1].u_7d540bc6/u_900d28db/u_e98a63ed/g_d1dd9bbb.s_7f9f1f8e_reg_0                           |                                                                                                                                                                               |               14 |             96 |         6.86 |
|  DPU_sys_i/clk_wiz_0/inst/clk_out150Mhz        | DPU_sys_i/dpu_eu_0/inst/g_e584eb07.u_822a997b/u_8329ce29/u_4314ae56/m_dad332bf/m_705b8e64/g_be0756b3[0].g_40ae2e02.m_1dba719c/g_09d8ccfc.s_b0a68461[95]_i_2_n_0                     | DPU_sys_i/dpu_eu_0/inst/g_e584eb07.u_822a997b/u_8329ce29/u_4314ae56/m_dad332bf/m_41ee7512/g_f969817d[0].s_d4d73f9d_reg[0]_0[0]                                                |               20 |             96 |         4.80 |
|  DPU_sys_i/clk_wiz_0/inst/clk_out150Mhz        | DPU_sys_i/dpu_eu_0/inst/g_e584eb07.u_822a997b/u_8329ce29/u_030d789c/g_ccc7d729[6].u_ab33d219/u_d69eca3d/u_c2b52391/E[0]                                                             |                                                                                                                                                                               |               16 |             96 |         6.00 |
|  DPU_sys_i/clk_wiz_0/inst/clk_out150Mhz        | DPU_sys_i/dpu_eu_0/inst/g_e584eb07.u_822a997b/u_8329ce29/u_4314ae56/m_dad332bf/m_705b8e64/g_be0756b3[0].g_40ae2e02.m_1dba719c/g_09d8ccfc.s_b0a68461[95]_i_2_n_0                     | DPU_sys_i/dpu_eu_0/inst/g_e584eb07.u_822a997b/u_8329ce29/u_4314ae56/m_dad332bf/m_41ee7512/g_f969817d[0].s_3c25c99c_reg[0]_0[0]                                                |               17 |             96 |         5.65 |
|  DPU_sys_i/clk_wiz_0/inst/clk_out150Mhz        | DPU_sys_i/dpu_eu_0/inst/g_e584eb07.u_822a997b/u_8329ce29/u_030d789c/u_06e6ba5a/g_64cdfbca[0].u_d4d6c03f/u_ac5485bb/E[0]                                                             |                                                                                                                                                                               |               17 |             96 |         5.65 |
|  DPU_sys_i/clk_wiz_0/inst/clk_out150Mhz        | DPU_sys_i/dpu_eu_0/inst/g_e584eb07.u_822a997b/u_8329ce29/u_4314ae56/m_dad332bf/m_705b8e64/g_be0756b3[1].g_40ae2e02.m_1dba719c/g_09d8ccfc.s_b0a68461[95]_i_2__0_n_0                  | DPU_sys_i/dpu_eu_0/inst/g_e584eb07.u_822a997b/u_8329ce29/u_4314ae56/m_dad332bf/m_41ee7512/g_f969817d[1].s_3c25c99c_reg[1]_1[0]                                                |               16 |             96 |         6.00 |
|  DPU_sys_i/clk_wiz_0/inst/clk_out150Mhz        | DPU_sys_i/dpu_eu_0/inst/g_e584eb07.u_822a997b/u_8329ce29/u_4314ae56/u_c264af15/g_c6859d57[1].u_efb10811/u_c2b52391/s_f9de5723[102]_i_1__0_n_0                                       |                                                                                                                                                                               |               18 |            102 |         5.67 |
|  DPU_sys_i/clk_wiz_0/inst/clk_out150Mhz        | DPU_sys_i/dpu_eu_0/inst/g_e584eb07.u_822a997b/u_8329ce29/u_4314ae56/u_c264af15/g_c6859d57[0].u_efb10811/u_c2b52391/s_f9de5723[102]_i_1_n_0                                          |                                                                                                                                                                               |               18 |            102 |         5.67 |
|  DPU_sys_i/clk_wiz_0/inst/clk_out150Mhz        | DPU_sys_i/dpu_eu_0/inst/g_e584eb07.u_822a997b/u_8329ce29/u_25c793f4/u_8f276c93/g_d4cf40a3[1].u_a14521cf/u_c2b52391/g_d4cf40a3[1].s_a1afeb3d_reg[0]                                  |                                                                                                                                                                               |               13 |            104 |         8.00 |
|  DPU_sys_i/clk_wiz_0/inst/clk_out150Mhz        | DPU_sys_i/dpu_eu_0/inst/g_e584eb07.u_822a997b/u_8329ce29/u_25c793f4/u_8f276c93/g_d4cf40a3[0].u_a14521cf/u_c2b52391/g_d4cf40a3[0].s_a1afeb3d_reg[0]                                  |                                                                                                                                                                               |               13 |            104 |         8.00 |
|  DPU_sys_i/clk_wiz_0/inst/clk_out150Mhz        | DPU_sys_i/dpu_eu_0/inst/g_e584eb07.u_822a997b/u_8329ce29/u_d185dc89/u_1c8d8ad4/u_c17d2da9/u_81af1baf/u_c2b52391/E[0]                                                                |                                                                                                                                                                               |               21 |            105 |         5.00 |
|  DPU_sys_i/clk_wiz_0/inst/clk_out150Mhz        | DPU_sys_i/dpu_eu_0/inst/g_e584eb07.u_822a997b/u_8329ce29/u_030d789c/u_6ad31904/g_35d7d1fc[1].u_896d2935/g_290768fc.u_d24cacb9/g_2c1b3bfa.s_97980d830                                |                                                                                                                                                                               |               20 |            107 |         5.35 |
|  DPU_sys_i/clk_wiz_0/inst/clk_out150Mhz        | DPU_sys_i/dpu_eu_0/inst/g_e584eb07.u_822a997b/u_8329ce29/u_4314ae56/m_dad332bf/m_705b8e64/g_be0756b3[1].u_842ea6d7/g_7f7da5da.u_52ef9738/u_c2b52391/p_0_in_0[0]                     |                                                                                                                                                                               |               18 |            107 |         5.94 |
|  DPU_sys_i/clk_wiz_0/inst/clk_out150Mhz        | DPU_sys_i/dpu_eu_0/inst/g_e584eb07.u_822a997b/u_8329ce29/u_030d789c/u_3124dbb0/g_35d7d1fc[1].u_896d2935/g_290768fc.u_d24cacb9/E[0]                                                  |                                                                                                                                                                               |               16 |            110 |         6.88 |
|  DPU_sys_i/clk_wiz_0/inst/clk_out150Mhz        | DPU_sys_i/dpu_eu_0/inst/g_e584eb07.u_822a997b/u_8329ce29/u_4314ae56/m_dad332bf/m_705b8e64/g_be0756b3[1].u_b7f50537/g_7f7da5da.u_52ef9738/u_c2b52391/E[0]                            |                                                                                                                                                                               |               37 |            110 |         2.97 |
|  DPU_sys_i/clk_wiz_0/inst/clk_out150Mhz        | DPU_sys_i/dpu_eu_0/inst/g_e584eb07.u_822a997b/u_8329ce29/u_4314ae56/m_dad332bf/m_705b8e64/g_be0756b3[0].u_b7f50537/g_7f7da5da.u_52ef9738/u_c2b52391/E[0]                            |                                                                                                                                                                               |               37 |            110 |         2.97 |
|  DPU_sys_i/clk_wiz_0/inst/clk_out150Mhz        | DPU_sys_i/dpu_eu_0/inst/g_e584eb07.u_822a997b/u_8329ce29/u_030d789c/u_3124dbb0/g_35d7d1fc[1].u_896d2935/g_290768fc.u_d24cacb9/s_6c37cafa_reg[0]                                     |                                                                                                                                                                               |               18 |            110 |         6.11 |
|  DPU_sys_i/clk_wiz_0/inst/clk_out150Mhz        | DPU_sys_i/dpu_eu_0/inst/g_e584eb07.u_822a997b/u_8329ce29/u_030d789c/u_3124dbb0/g_35d7d1fc[1].u_896d2935/g_290768fc.u_d24cacb9/g_2c1b3bfa.s_97980d830                                |                                                                                                                                                                               |               18 |            111 |         6.17 |
|  DPU_sys_i/clk_wiz_0/inst/clk_out150Mhz        | DPU_sys_i/dpu_eu_0/inst/g_e584eb07.u_822a997b/u_8329ce29/u_4314ae56/m_dad332bf/m_705b8e64/g_be0756b3[1].u_37297a94/g_7f7da5da.u_52ef9738/u_c2b52391/E[0]                            |                                                                                                                                                                               |               37 |            111 |         3.00 |
|  DPU_sys_i/clk_wiz_0/inst/clk_out150Mhz        | DPU_sys_i/dpu_eu_0/inst/g_e584eb07.u_822a997b/u_8329ce29/u_d185dc89/u_1c8d8ad4/u_2917af6a/s_569c58f20                                                                               |                                                                                                                                                                               |               19 |            116 |         6.11 |
|  DPU_sys_i/clk_wiz_0/inst/clk_out150Mhz        | DPU_sys_i/dpu_eu_0/inst/g_e584eb07.u_822a997b/u_8329ce29/u_d185dc89/u_1c8d8ad4/u_6c17acc6/u_ff66cab9/E[0]                                                                           | DPU_sys_i/dpu_eu_0/inst/g_e584eb07.u_822a997b/u_8329ce29/u_d185dc89/u_1c8d8ad4/u_6c17acc6/u_ff66cab9/SR[0]                                                                    |               20 |            121 |         6.05 |
|  DPU_sys_i/clk_wiz_0/inst/clk_out150Mhz        | DPU_sys_i/dpu_eu_0/inst/g_e584eb07.u_822a997b/u_8329ce29/u_d185dc89/u_1c8d8ad4/u_6c17acc6/u_ff66cab9/u_c2b52391/p_0_in[0]                                                           |                                                                                                                                                                               |               22 |            124 |         5.64 |
|  DPU_sys_i/clk_wiz_0/inst/clk_out150Mhz        | DPU_sys_i/dpu_eu_0/inst/g_e584eb07.u_822a997b/u_8329ce29/u_030d789c/u_099c94b4/g_64cdfbca[2].u_d4d6c03f/u_ac5485bb/E[0]                                                             |                                                                                                                                                                               |               16 |            128 |         8.00 |
|  DPU_sys_i/clk_wiz_0/inst/clk_out150Mhz        | DPU_sys_i/dpu_eu_0/inst/g_e584eb07.u_822a997b/u_8329ce29/u_030d789c/u_099c94b4/g_64cdfbca[3].u_d4d6c03f/u_ac5485bb/g_7a0353b0[5].g_a34448e5.s_8b512823_reg[5][0]__0_0[0]            |                                                                                                                                                                               |               16 |            128 |         8.00 |
|  DPU_sys_i/clk_wiz_0/inst/clk_out150Mhz        | DPU_sys_i/dpu_eu_0/inst/g_e584eb07.u_822a997b/u_8329ce29/u_d185dc89/u_1c8d8ad4/u_2917af6a/s_d29a5db50                                                                               |                                                                                                                                                                               |               23 |            128 |         5.57 |
|  DPU_sys_i/clk_wiz_0/inst/clk_out150Mhz        | DPU_sys_i/dpu_eu_0/inst/g_e584eb07.u_822a997b/u_8329ce29/u_d185dc89/u_1c8d8ad4/u_4d784d88/u_38d90bdc/E[0]                                                                           |                                                                                                                                                                               |               20 |            133 |         6.65 |
|  DPU_sys_i/clk_wiz_0/inst/clk_out150Mhz        | DPU_sys_i/dpu_eu_0/inst/g_e584eb07.u_822a997b/u_8329ce29/u_d185dc89/u_1c8d8ad4/u_87e1526d/u_d6a16abd/s_10e931a2_reg[0]                                                              |                                                                                                                                                                               |               23 |            137 |         5.96 |
|  DPU_sys_i/clk_wiz_0/inst/clk_out150Mhz        | DPU_sys_i/dpu_eu_0/inst/g_e584eb07.u_822a997b/u_8329ce29/u_d185dc89/u_1c8d8ad4/u_4d784d88/u_38d90bdc/u_c2b52391/E[0]                                                                |                                                                                                                                                                               |               26 |            140 |         5.38 |
|  DPU_sys_i/clk_wiz_0/inst/clk_out150Mhz        | DPU_sys_i/dpu_eu_0/inst/g_e584eb07.u_822a997b/u_8329ce29/u_d185dc89/u_1c8d8ad4/u_4d784d88/s_faa15795_reg_0[0]                                                                       | DPU_sys_i/dpu_eu_0/inst/g_e584eb07.u_822a997b/u_8329ce29/u_4314ae56/m_dad332bf/m_41ee7512/SR[0]                                                                               |               21 |            141 |         6.71 |
|  DPU_sys_i/clk_wiz_0/inst/clk_out300Mhz        | DPU_sys_i/dpu_eu_0/inst/g_e584eb07.u_822a997b/u_8329ce29/u_5e95f3e2/u_1134bd62/u_18022e7e/u_febba987/s_8ed65c87                                                                     |                                                                                                                                                                               |               24 |            144 |         6.00 |
|  DPU_sys_i/clk_wiz_0/inst/clk_out150Mhz        | DPU_sys_i/dpu_eu_0/inst/g_e584eb07.u_822a997b/u_8329ce29/u_5e95f3e2/u_d8bbec23/u_b58dc603/s_d63021db                                                                                | DPU_sys_i/dpu_eu_0/inst/g_e584eb07.u_822a997b/u_8329ce29/u_5e95f3e2/u_d8bbec23/u_b58dc603/u_bb7de281/s_43b70870                                                               |               32 |            144 |         4.50 |
|  DPU_sys_i/clk_wiz_0/inst/clk_out150Mhz        | DPU_sys_i/dpu_eu_0/inst/g_e584eb07.u_822a997b/u_8329ce29/u_5e95f3e2/u_d8bbec23/u_b58dc603/u_bb7de281/E[0]                                                                           |                                                                                                                                                                               |               48 |            144 |         3.00 |
|  DPU_sys_i/clk_wiz_0/inst/clk_out150Mhz        | DPU_sys_i/dpu_eu_0/inst/g_e584eb07.u_822a997b/u_8329ce29/u_4314ae56/m_dad332bf/m_705b8e64/g_be0756b3[1].u_842ea6d7/g_7f7da5da.u_52ef9738/u_c2b52391/p_0_in_0[1]                     |                                                                                                                                                                               |               18 |            144 |         8.00 |
|  DPU_sys_i/clk_wiz_0/inst/clk_out150Mhz        | DPU_sys_i/dpu_eu_0/inst/g_e584eb07.u_822a997b/u_8329ce29/u_4314ae56/u_fcfb07e1/p_0_in_0[0]                                                                                          |                                                                                                                                                                               |               18 |            144 |         8.00 |
|  DPU_sys_i/clk_wiz_0/inst/clk_out150Mhz        | DPU_sys_i/dpu_eu_0/inst/g_e584eb07.u_822a997b/u_8329ce29/u_d185dc89/u_1c8d8ad4/u_87e1526d/u_d6a16abd/u_c2b52391/E[0]                                                                |                                                                                                                                                                               |               26 |            144 |         5.54 |
|  DPU_sys_i/clk_wiz_0/inst/clk_out150Mhz        | DPU_sys_i/dpu_eu_0/inst/g_e584eb07.u_822a997b/u_8329ce29/u_4314ae56/u_fcfb07e1/p_0_in_1[0]                                                                                          |                                                                                                                                                                               |               18 |            144 |         8.00 |
|  DPU_sys_i/clk_wiz_0/inst/clk_out150Mhz        | DPU_sys_i/dpu_eu_0/inst/g_e584eb07.u_822a997b/u_8329ce29/u_4314ae56/m_dad332bf/m_705b8e64/g_be0756b3[0].u_b7f50537/g_7f7da5da.u_52ef9738/u_c2b52391/s_728ab622                      |                                                                                                                                                                               |               37 |            148 |         4.00 |
|  DPU_sys_i/clk_wiz_0/inst/clk_out150Mhz        | DPU_sys_i/dpu_eu_0/inst/g_e584eb07.u_822a997b/u_8329ce29/u_4314ae56/m_dad332bf/m_705b8e64/g_be0756b3[1].u_b7f50537/g_7f7da5da.u_52ef9738/u_c2b52391/s_728ab622                      |                                                                                                                                                                               |               37 |            148 |         4.00 |
|  DPU_sys_i/clk_wiz_0/inst/clk_out150Mhz        | DPU_sys_i/dpu_eu_0/inst/g_e584eb07.u_822a997b/u_8329ce29/u_4314ae56/m_dad332bf/m_705b8e64/g_be0756b3[1].u_37297a94/g_7f7da5da.u_52ef9738/u_c2b52391/s_728ab622                      |                                                                                                                                                                               |               37 |            148 |         4.00 |
|  DPU_sys_i/clk_wiz_0/inst/clk_out150Mhz        | DPU_sys_i/dpu_eu_0/inst/g_e584eb07.u_822a997b/u_8329ce29/u_d185dc89/u_1c8d8ad4/u_2917af6a/s_6e8667e20                                                                               |                                                                                                                                                                               |               21 |            156 |         7.43 |
|  DPU_sys_i/clk_wiz_0/inst/clk_out150Mhz        | DPU_sys_i/dpu_eu_0/inst/g_e584eb07.u_822a997b/u_8329ce29/u_d185dc89/u_1c8d8ad4/u_2917af6a/s_0cb988540                                                                               |                                                                                                                                                                               |               22 |            156 |         7.09 |
|  DPU_sys_i/clk_wiz_0/inst/clk_out150Mhz        | DPU_sys_i/dpu_eu_0/inst/g_e584eb07.u_822a997b/u_8329ce29/u_d185dc89/u_1c8d8ad4/u_2917af6a/s_3293a44a_reg_0[0]                                                                       |                                                                                                                                                                               |               20 |            160 |         8.00 |
|  DPU_sys_i/clk_wiz_0/inst/clk_out150Mhz        |                                                                                                                                                                                     | DPU_sys_i/dpu_eu_0/inst/g_e584eb07.u_822a997b/u_8329ce29/u_5e95f3e2/u_1134bd62/u_8b08e93b/g_7d855b86.u_d0b59e6b/g_cedbdfb3.s_8010d7f1[335]_i_1_n_0                            |               39 |            168 |         4.31 |
|  DPU_sys_i/clk_wiz_0/inst/clk_out150Mhz        | DPU_sys_i/dpu_eu_0/inst/g_e584eb07.u_822a997b/u_8329ce29/u_25c793f4/u_8f276c93/g_d4cf40a3[0].u_aa097d77/s_8a287129_reg[3]_0                                                         |                                                                                                                                                                               |               37 |            176 |         4.76 |
|  DPU_sys_i/clk_wiz_0/inst/clk_out150Mhz        | DPU_sys_i/dpu_eu_0/inst/g_e584eb07.u_822a997b/u_8329ce29/u_d185dc89/u_1c8d8ad4/u_2917af6a/E[0]                                                                                      |                                                                                                                                                                               |               22 |            176 |         8.00 |
|  DPU_sys_i/clk_wiz_0/inst/clk_out150Mhz        | DPU_sys_i/dpu_eu_0/inst/g_e584eb07.u_822a997b/u_8329ce29/u_d185dc89/u_1c8d8ad4/u_2917af6a/s_3a0e5f1e_reg_0[0]                                                                       |                                                                                                                                                                               |               26 |            208 |         8.00 |
|  DPU_sys_i/clk_wiz_0/inst/clk_out150Mhz        | DPU_sys_i/dpu_eu_0/inst/g_e584eb07.u_822a997b/u_8329ce29/u_d185dc89/u_1c8d8ad4/u_2917af6a/p_0_in[0]                                                                                 |                                                                                                                                                                               |               26 |            208 |         8.00 |
|  DPU_sys_i/clk_wiz_0/inst/clk_out150Mhz        | DPU_sys_i/dpu_eu_0/inst/g_e584eb07.u_822a997b/u_8329ce29/u_25c793f4/u_a8973e47/s_b6363d0f                                                                                           |                                                                                                                                                                               |               33 |            211 |         6.39 |
|  DPU_sys_i/clk_wiz_0/inst/clk_out150Mhz        | DPU_sys_i/dpu_eu_0/inst/g_e584eb07.u_822a997b/u_8329ce29/u_4314ae56/m_dad332bf/m_705b8e64/g_be0756b3[1].u_565c7de2/g_d1dd9bbb.s_c2e42db3_reg_0                                      |                                                                                                                                                                               |               39 |            256 |         6.56 |
|  DPU_sys_i/clk_wiz_0/inst/clk_out150Mhz        | DPU_sys_i/dpu_eu_0/inst/g_e584eb07.u_822a997b/u_8329ce29/u_4314ae56/m_dad332bf/m_705b8e64/g_be0756b3[0].u_565c7de2/g_d1dd9bbb.s_c2e42db3_reg_0                                      |                                                                                                                                                                               |               49 |            256 |         5.22 |
|  DPU_sys_i/clk_wiz_0/inst/clk_out150Mhz        |                                                                                                                                                                                     | DPU_sys_i/dpu_eu_0/inst/g_e584eb07.u_822a997b/u_8329ce29/u_5e95f3e2/u_1134bd62/u_18022e7e/u_3f84f560/g_7a0353b0[1].g_a34448e5.s_8b512823_reg[1][0]_0                          |               60 |            288 |         4.80 |
|  DPU_sys_i/clk_wiz_0/inst/clk_out150Mhz        |                                                                                                                                                                                     | DPU_sys_i/dpu_eu_0/inst/g_e584eb07.u_822a997b/u_8329ce29/u_5e95f3e2/u_1134bd62/u_18022e7e/u_2bf49336/SR[0]                                                                    |               76 |            288 |         3.79 |
|  DPU_sys_i/clk_wiz_0/inst/clk_out150Mhz        | DPU_sys_i/dpu_eu_0/inst/g_e584eb07.u_822a997b/u_8329ce29/u_5e95f3e2/u_1134bd62/inst_rd_pool_img/u_c3a1e963/s_ba1164d5                                                               |                                                                                                                                                                               |               96 |            336 |         3.50 |
|  DPU_sys_i/clk_wiz_0/inst/clk_out150Mhz        |                                                                                                                                                                                     | DPU_sys_i/dpu_eu_0/inst/g_e584eb07.u_822a997b/u_8329ce29/u_4314ae56/m_dad332bf/m_41ee7512/SR[0]                                                                               |               97 |            400 |         4.12 |
|  DPU_sys_i/clk_wiz_0/inst/clk_out300Mhz        | DPU_sys_i/dpu_eu_0/inst/g_e584eb07.u_822a997b/u_8329ce29/u_5e95f3e2/u_1134bd62/u_18022e7e/u_febba987/s_516c2702                                                                     |                                                                                                                                                                               |              159 |            673 |         4.23 |
|  DPU_sys_i/clk_wiz_0/inst/clk_out300Mhz        |                                                                                                                                                                                     |                                                                                                                                                                               |             1688 |           9989 |         5.92 |
|  DPU_sys_i/clk_wiz_0/inst/clk_out150Mhz        |                                                                                                                                                                                     |                                                                                                                                                                               |             3844 |          21598 |         5.62 |
+------------------------------------------------+-------------------------------------------------------------------------------------------------------------------------------------------------------------------------------------+-------------------------------------------------------------------------------------------------------------------------------------------------------------------------------+------------------+----------------+--------------+


