Copyright 1986-2020 Xilinx, Inc. All Rights Reserved.
--------------------------------------------------------------------------------------------------------------------------------------------------------------------------------------------------------------------
| Tool Version : Vivado v.2020.1 (win64) Build 2902540 Wed May 27 19:54:49 MDT 2020
| Date         : Sat May 31 14:50:52 2025
| Host         : ukp66482 running 64-bit major release  (build 9200)
| Command      : report_timing_summary -max_paths 10 -file DPU_sys_wrapper_timing_summary_routed.rpt -pb DPU_sys_wrapper_timing_summary_routed.pb -rpx DPU_sys_wrapper_timing_summary_routed.rpx -warn_on_violation
| Design       : DPU_sys_wrapper
| Device       : 7z020-clg400
| Speed File   : -1  PRODUCTION 1.12 2019-11-22
--------------------------------------------------------------------------------------------------------------------------------------------------------------------------------------------------------------------

Timing Summary Report

------------------------------------------------------------------------------------------------
| Timer Settings
| --------------
------------------------------------------------------------------------------------------------

  Enable Multi Corner Analysis               :  Yes
  Enable Pessimism Removal                   :  Yes
  Pessimism Removal Resolution               :  Nearest Common Node
  Enable Input Delay Default Clock           :  No
  Enable Preset / Clear Arcs                 :  No
  Disable Flight Delays                      :  No
  Ignore I/O Paths                           :  No
  Timing Early Launch at Borrowing Latches   :  No
  Borrow Time for Max Delay Exceptions       :  Yes
  Merge Timing Exceptions                    :  Yes

  Corner  Analyze    Analyze    
  Name    Max Paths  Min Paths  
  ------  ---------  ---------  
  Slow    Yes        Yes        
  Fast    Yes        Yes        



check_timing report

Table of Contents
-----------------
1. checking no_clock (0)
2. checking constant_clock (0)
3. checking pulse_width_clock (0)
4. checking unconstrained_internal_endpoints (0)
5. checking no_input_delay (0)
6. checking no_output_delay (0)
7. checking multiple_clock (0)
8. checking generated_clocks (0)
9. checking loops (0)
10. checking partial_input_delay (0)
11. checking partial_output_delay (0)
12. checking latch_loops (0)

1. checking no_clock (0)
------------------------
 There are 0 register/latch pins with no clock.


2. checking constant_clock (0)
------------------------------
 There are 0 register/latch pins with constant_clock.


3. checking pulse_width_clock (0)
---------------------------------
 There are 0 register/latch pins which need pulse_width check


4. checking unconstrained_internal_endpoints (0)
------------------------------------------------
 There are 0 pins that are not constrained for maximum delay.

 There are 0 pins that are not constrained for maximum delay due to constant clock.


5. checking no_input_delay (0)
------------------------------
 There are 0 input ports with no input delay specified.

 There are 0 input ports with no input delay but user has a false path constraint.


6. checking no_output_delay (0)
-------------------------------
 There are 0 ports with no output delay specified.

 There are 0 ports with no output delay but user has a false path constraint

 There are 0 ports with no output delay but with a timing clock defined on it or propagating through it


7. checking multiple_clock (0)
------------------------------
 There are 0 register/latch pins with multiple clocks.


8. checking generated_clocks (0)
--------------------------------
 There are 0 generated clocks that are not connected to a clock source.


9. checking loops (0)
---------------------
 There are 0 combinational loops in the design.


10. checking partial_input_delay (0)
------------------------------------
 There are 0 input ports with partial input delay specified.


11. checking partial_output_delay (0)
-------------------------------------
 There are 0 ports with partial output delay specified.


12. checking latch_loops (0)
----------------------------
 There are 0 combinational latch loops in the design through latch input



------------------------------------------------------------------------------------------------
| Design Timing Summary
| ---------------------
------------------------------------------------------------------------------------------------

    WNS(ns)      TNS(ns)  TNS Failing Endpoints  TNS Total Endpoints      WHS(ns)      THS(ns)  THS Failing Endpoints  THS Total Endpoints     WPWS(ns)     TPWS(ns)  TPWS Failing Endpoints  TPWS Total Endpoints  
    -------      -------  ---------------------  -------------------      -------      -------  ---------------------  -------------------     --------     --------  ----------------------  --------------------  
     -0.485      -92.479                    890               130565        0.045        0.000                      0               130565        1.167        0.000                       0                 67348  


Timing constraints are not met.


------------------------------------------------------------------------------------------------
| Clock Summary
| -------------
------------------------------------------------------------------------------------------------

Clock                                Waveform(ns)         Period(ns)      Frequency(MHz)
-----                                ------------         ----------      --------------
DPU_sys_i/clk_wiz_0/inst/clk_in1     {0.000 5.000}        10.000          100.000         
  clk_out150Mhz_DPU_sys_clk_wiz_0_0  {0.000 3.333}        6.667           150.000         
  clk_out300Mhz_DPU_sys_clk_wiz_0_0  {0.000 1.667}        3.333           300.000         
  clkfbout_DPU_sys_clk_wiz_0_0       {0.000 5.000}        10.000          100.000         
clk_fpga_0                           {0.000 5.000}        10.000          100.000         


------------------------------------------------------------------------------------------------
| Intra Clock Table
| -----------------
------------------------------------------------------------------------------------------------

Clock                                    WNS(ns)      TNS(ns)  TNS Failing Endpoints  TNS Total Endpoints      WHS(ns)      THS(ns)  THS Failing Endpoints  THS Total Endpoints     WPWS(ns)     TPWS(ns)  TPWS Failing Endpoints  TPWS Total Endpoints  
-----                                    -------      -------  ---------------------  -------------------      -------      -------  ---------------------  -------------------     --------     --------  ----------------------  --------------------  
DPU_sys_i/clk_wiz_0/inst/clk_in1                                                                                                                                                       3.000        0.000                       0                     1  
  clk_out150Mhz_DPU_sys_clk_wiz_0_0       -0.485      -15.084                    145                79096        0.049        0.000                      0                79096        2.083        0.000                       0                 40815  
  clk_out300Mhz_DPU_sys_clk_wiz_0_0       -0.464      -76.061                    733                43746        0.050        0.000                      0                43746        1.167        0.000                       0                 25587  
  clkfbout_DPU_sys_clk_wiz_0_0                                                                                                                                                         7.845        0.000                       0                     3  
clk_fpga_0                                 2.113        0.000                      0                 1961        0.104        0.000                      0                 1961        4.020        0.000                       0                   942  


------------------------------------------------------------------------------------------------
| Inter Clock Table
| -----------------
------------------------------------------------------------------------------------------------

From Clock                         To Clock                               WNS(ns)      TNS(ns)  TNS Failing Endpoints  TNS Total Endpoints      WHS(ns)      THS(ns)  THS Failing Endpoints  THS Total Endpoints  
----------                         --------                               -------      -------  ---------------------  -------------------      -------      -------  ---------------------  -------------------  
clk_out300Mhz_DPU_sys_clk_wiz_0_0  clk_out150Mhz_DPU_sys_clk_wiz_0_0       -0.119       -0.119                      1                 3936        0.045        0.000                      0                 3936  
clk_out150Mhz_DPU_sys_clk_wiz_0_0  clk_out300Mhz_DPU_sys_clk_wiz_0_0       -0.227       -1.216                     11                 1827        0.051        0.000                      0                 1827  


------------------------------------------------------------------------------------------------
| Other Path Groups Table
| -----------------------
------------------------------------------------------------------------------------------------

Path Group    From Clock    To Clock          WNS(ns)      TNS(ns)  TNS Failing Endpoints  TNS Total Endpoints      WHS(ns)      THS(ns)  THS Failing Endpoints  THS Total Endpoints  
----------    ----------    --------          -------      -------  ---------------------  -------------------      -------      -------  ---------------------  -------------------  


------------------------------------------------------------------------------------------------
| Timing Details
| --------------
------------------------------------------------------------------------------------------------


---------------------------------------------------------------------------------------------------
From Clock:  DPU_sys_i/clk_wiz_0/inst/clk_in1
  To Clock:  DPU_sys_i/clk_wiz_0/inst/clk_in1

Setup :           NA  Failing Endpoints,  Worst Slack           NA  ,  Total Violation           NA
Hold  :           NA  Failing Endpoints,  Worst Slack           NA  ,  Total Violation           NA
PW    :            0  Failing Endpoints,  Worst Slack        3.000ns,  Total Violation        0.000ns
---------------------------------------------------------------------------------------------------


Pulse Width Checks
--------------------------------------------------------------------------------------
Clock Name:         DPU_sys_i/clk_wiz_0/inst/clk_in1
Waveform(ns):       { 0.000 5.000 }
Period(ns):         10.000
Sources:            { DPU_sys_i/clk_wiz_0/inst/clk_in1 }

Check Type        Corner  Lib Pin            Reference Pin  Required(ns)  Actual(ns)  Slack(ns)  Location         Pin
Min Period        n/a     MMCME2_ADV/CLKIN1  n/a            1.249         10.000      8.751      MMCME2_ADV_X1Y2  DPU_sys_i/clk_wiz_0/inst/mmcm_adv_inst/CLKIN1
Max Period        n/a     MMCME2_ADV/CLKIN1  n/a            100.000       10.000      90.000     MMCME2_ADV_X1Y2  DPU_sys_i/clk_wiz_0/inst/mmcm_adv_inst/CLKIN1
Low Pulse Width   Fast    MMCME2_ADV/CLKIN1  n/a            2.000         5.000       3.000      MMCME2_ADV_X1Y2  DPU_sys_i/clk_wiz_0/inst/mmcm_adv_inst/CLKIN1
Low Pulse Width   Slow    MMCME2_ADV/CLKIN1  n/a            2.000         5.000       3.000      MMCME2_ADV_X1Y2  DPU_sys_i/clk_wiz_0/inst/mmcm_adv_inst/CLKIN1
High Pulse Width  Slow    MMCME2_ADV/CLKIN1  n/a            2.000         5.000       3.000      MMCME2_ADV_X1Y2  DPU_sys_i/clk_wiz_0/inst/mmcm_adv_inst/CLKIN1
High Pulse Width  Fast    MMCME2_ADV/CLKIN1  n/a            2.000         5.000       3.000      MMCME2_ADV_X1Y2  DPU_sys_i/clk_wiz_0/inst/mmcm_adv_inst/CLKIN1



---------------------------------------------------------------------------------------------------
From Clock:  clk_out150Mhz_DPU_sys_clk_wiz_0_0
  To Clock:  clk_out150Mhz_DPU_sys_clk_wiz_0_0

Setup :          145  Failing Endpoints,  Worst Slack       -0.485ns,  Total Violation      -15.084ns
Hold  :            0  Failing Endpoints,  Worst Slack        0.049ns,  Total Violation        0.000ns
PW    :            0  Failing Endpoints,  Worst Slack        2.083ns,  Total Violation        0.000ns
---------------------------------------------------------------------------------------------------


Max Delay Paths
--------------------------------------------------------------------------------------
Slack (VIOLATED) :        -0.485ns  (required time - arrival time)
  Source:                 DPU_sys_i/dpu_eu_0/inst/g_e584eb07.u_822a997b/u_8329ce29/u_3aa346a2/u_dcd815c9/u_cc4240ab/g_d5115c37[10].u_727df53e/g_7e013b5a[0].g_b95b5937.u_6ee4500c/s_c4b5ed4b_reg/C
                            (rising edge-triggered cell FDRE clocked by clk_out150Mhz_DPU_sys_clk_wiz_0_0  {rise@0.000ns fall@3.333ns period=6.667ns})
  Destination:            DPU_sys_i/dpu_eu_0/inst/g_e584eb07.u_822a997b/u_8329ce29/u_3aa346a2/u_dcd815c9/u_cc4240ab/g_d5115c37[10].u_727df53e/g_7e013b5a[0].g_b95b5937.u_6ee4500c/inst_dsp48e2/g_6e2e42a8.u_dsp48e1/INMODE[1]
                            (rising edge-triggered cell DSP48E1 clocked by clk_out150Mhz_DPU_sys_clk_wiz_0_0  {rise@0.000ns fall@3.333ns period=6.667ns})
  Path Group:             clk_out150Mhz_DPU_sys_clk_wiz_0_0
  Path Type:              Setup (Max at Slow Process Corner)
  Requirement:            6.667ns  (clk_out150Mhz_DPU_sys_clk_wiz_0_0 rise@6.667ns - clk_out150Mhz_DPU_sys_clk_wiz_0_0 rise@0.000ns)
  Data Path Delay:        3.580ns  (logic 0.456ns (12.737%)  route 3.124ns (87.263%))
  Logic Levels:           0  
  Clock Path Skew:        -0.127ns (DCD - SCD + CPR)
    Destination Clock Delay (DCD):    1.574ns = ( 8.241 - 6.667 ) 
    Source Clock Delay      (SCD):    1.691ns
    Clock Pessimism Removal (CPR):    -0.010ns
  Clock Uncertainty:      0.073ns  ((TSJ^2 + DJ^2)^1/2) / 2 + PE
    Total System Jitter     (TSJ):    0.071ns
    Discrete Jitter          (DJ):    0.127ns
    Phase Error              (PE):    0.000ns

    Location             Delay type                Incr(ns)  Path(ns)    Netlist Resource(s)
  -------------------------------------------------------------------    -------------------
                         (clock clk_out150Mhz_DPU_sys_clk_wiz_0_0 rise edge)
                                                      0.000     0.000 r  
    BUFGCTRL_X0Y19       BUFG                         0.000     0.000 r  DPU_sys_i/processing_system7_0/inst/buffer_fclk_clk_0.FCLK_CLK_0_BUFG/O
                         net (fo=943, routed)         1.980     1.980    DPU_sys_i/clk_wiz_0/inst/clk_in1
    MMCME2_ADV_X1Y2      MMCME2_ADV (Prop_mmcme2_adv_CLKIN1_CLKOUT0)
                                                     -4.287    -2.307 r  DPU_sys_i/clk_wiz_0/inst/mmcm_adv_inst/CLKOUT0
                         net (fo=1, routed)           2.206    -0.101    DPU_sys_i/clk_wiz_0/inst/clk_out150Mhz_DPU_sys_clk_wiz_0_0
    BUFGCTRL_X0Y17       BUFG (Prop_bufg_I_O)         0.101    -0.000 r  DPU_sys_i/clk_wiz_0/inst/clkout1_buf/O
                         net (fo=40816, routed)       1.691     1.691    DPU_sys_i/dpu_eu_0/inst/g_e584eb07.u_822a997b/u_8329ce29/u_3aa346a2/u_dcd815c9/u_cc4240ab/g_d5115c37[10].u_727df53e/g_7e013b5a[0].g_b95b5937.u_6ee4500c/m_axi_dpu_aclk
    SLICE_X28Y83         FDRE                                         r  DPU_sys_i/dpu_eu_0/inst/g_e584eb07.u_822a997b/u_8329ce29/u_3aa346a2/u_dcd815c9/u_cc4240ab/g_d5115c37[10].u_727df53e/g_7e013b5a[0].g_b95b5937.u_6ee4500c/s_c4b5ed4b_reg/C
  -------------------------------------------------------------------    -------------------
    SLICE_X28Y83         FDRE (Prop_fdre_C_Q)         0.456     2.147 r  DPU_sys_i/dpu_eu_0/inst/g_e584eb07.u_822a997b/u_8329ce29/u_3aa346a2/u_dcd815c9/u_cc4240ab/g_d5115c37[10].u_727df53e/g_7e013b5a[0].g_b95b5937.u_6ee4500c/s_c4b5ed4b_reg/Q
                         net (fo=3, routed)           3.124     5.271    DPU_sys_i/dpu_eu_0/inst/g_e584eb07.u_822a997b/u_8329ce29/u_3aa346a2/u_dcd815c9/u_cc4240ab/g_d5115c37[10].u_727df53e/g_7e013b5a[0].g_b95b5937.u_6ee4500c/inst_dsp48e2/INMODE[0]
    DSP48_X2Y8           DSP48E1                                      r  DPU_sys_i/dpu_eu_0/inst/g_e584eb07.u_822a997b/u_8329ce29/u_3aa346a2/u_dcd815c9/u_cc4240ab/g_d5115c37[10].u_727df53e/g_7e013b5a[0].g_b95b5937.u_6ee4500c/inst_dsp48e2/g_6e2e42a8.u_dsp48e1/INMODE[1]
  -------------------------------------------------------------------    -------------------

                         (clock clk_out150Mhz_DPU_sys_clk_wiz_0_0 rise edge)
                                                      6.667     6.667 r  
    BUFGCTRL_X0Y19       BUFG                         0.000     6.667 r  DPU_sys_i/processing_system7_0/inst/buffer_fclk_clk_0.FCLK_CLK_0_BUFG/O
                         net (fo=943, routed)         1.770     8.437    DPU_sys_i/clk_wiz_0/inst/clk_in1
    MMCME2_ADV_X1Y2      MMCME2_ADV (Prop_mmcme2_adv_CLKIN1_CLKOUT0)
                                                     -3.873     4.563 r  DPU_sys_i/clk_wiz_0/inst/mmcm_adv_inst/CLKOUT0
                         net (fo=1, routed)           2.012     6.576    DPU_sys_i/clk_wiz_0/inst/clk_out150Mhz_DPU_sys_clk_wiz_0_0
    BUFGCTRL_X0Y17       BUFG (Prop_bufg_I_O)         0.091     6.667 r  DPU_sys_i/clk_wiz_0/inst/clkout1_buf/O
                         net (fo=40816, routed)       1.574     8.241    DPU_sys_i/dpu_eu_0/inst/g_e584eb07.u_822a997b/u_8329ce29/u_3aa346a2/u_dcd815c9/u_cc4240ab/g_d5115c37[10].u_727df53e/g_7e013b5a[0].g_b95b5937.u_6ee4500c/inst_dsp48e2/m_axi_dpu_aclk
    DSP48_X2Y8           DSP48E1                                      r  DPU_sys_i/dpu_eu_0/inst/g_e584eb07.u_822a997b/u_8329ce29/u_3aa346a2/u_dcd815c9/u_cc4240ab/g_d5115c37[10].u_727df53e/g_7e013b5a[0].g_b95b5937.u_6ee4500c/inst_dsp48e2/g_6e2e42a8.u_dsp48e1/CLK
                         clock pessimism             -0.010     8.231    
                         clock uncertainty           -0.073     8.158    
    DSP48_X2Y8           DSP48E1 (Setup_dsp48e1_CLK_INMODE[1])
                                                     -3.372     4.786    DPU_sys_i/dpu_eu_0/inst/g_e584eb07.u_822a997b/u_8329ce29/u_3aa346a2/u_dcd815c9/u_cc4240ab/g_d5115c37[10].u_727df53e/g_7e013b5a[0].g_b95b5937.u_6ee4500c/inst_dsp48e2/g_6e2e42a8.u_dsp48e1
  -------------------------------------------------------------------
                         required time                          4.786    
                         arrival time                          -5.271    
  -------------------------------------------------------------------
                         slack                                 -0.485    

Slack (VIOLATED) :        -0.349ns  (required time - arrival time)
  Source:                 DPU_sys_i/dpu_eu_0/inst/g_e584eb07.u_822a997b/u_8329ce29/u_3aa346a2/u_dcd815c9/u_cc4240ab/g_d5115c37[3].u_727df53e/g_7e013b5a[0].g_b95b5937.u_6ee4500c/s_b083119d_reg/C
                            (rising edge-triggered cell FDRE clocked by clk_out150Mhz_DPU_sys_clk_wiz_0_0  {rise@0.000ns fall@3.333ns period=6.667ns})
  Destination:            DPU_sys_i/dpu_eu_0/inst/g_e584eb07.u_822a997b/u_8329ce29/u_3aa346a2/u_dcd815c9/u_cc4240ab/g_d5115c37[3].u_727df53e/g_7e013b5a[0].g_b95b5937.u_6ee4500c/inst_dsp48e2/g_6e2e42a8.u_dsp48e1/CEP
                            (rising edge-triggered cell DSP48E1 clocked by clk_out150Mhz_DPU_sys_clk_wiz_0_0  {rise@0.000ns fall@3.333ns period=6.667ns})
  Path Group:             clk_out150Mhz_DPU_sys_clk_wiz_0_0
  Path Type:              Setup (Max at Slow Process Corner)
  Requirement:            6.667ns  (clk_out150Mhz_DPU_sys_clk_wiz_0_0 rise@6.667ns - clk_out150Mhz_DPU_sys_clk_wiz_0_0 rise@0.000ns)
  Data Path Delay:        6.072ns  (logic 0.478ns (7.872%)  route 5.594ns (92.128%))
  Logic Levels:           0  
  Clock Path Skew:        -0.174ns (DCD - SCD + CPR)
    Destination Clock Delay (DCD):    1.666ns = ( 8.333 - 6.667 ) 
    Source Clock Delay      (SCD):    1.830ns
    Clock Pessimism Removal (CPR):    -0.010ns
  Clock Uncertainty:      0.073ns  ((TSJ^2 + DJ^2)^1/2) / 2 + PE
    Total System Jitter     (TSJ):    0.071ns
    Discrete Jitter          (DJ):    0.127ns
    Phase Error              (PE):    0.000ns

    Location             Delay type                Incr(ns)  Path(ns)    Netlist Resource(s)
  -------------------------------------------------------------------    -------------------
                         (clock clk_out150Mhz_DPU_sys_clk_wiz_0_0 rise edge)
                                                      0.000     0.000 r  
    BUFGCTRL_X0Y19       BUFG                         0.000     0.000 r  DPU_sys_i/processing_system7_0/inst/buffer_fclk_clk_0.FCLK_CLK_0_BUFG/O
                         net (fo=943, routed)         1.980     1.980    DPU_sys_i/clk_wiz_0/inst/clk_in1
    MMCME2_ADV_X1Y2      MMCME2_ADV (Prop_mmcme2_adv_CLKIN1_CLKOUT0)
                                                     -4.287    -2.307 r  DPU_sys_i/clk_wiz_0/inst/mmcm_adv_inst/CLKOUT0
                         net (fo=1, routed)           2.206    -0.101    DPU_sys_i/clk_wiz_0/inst/clk_out150Mhz_DPU_sys_clk_wiz_0_0
    BUFGCTRL_X0Y17       BUFG (Prop_bufg_I_O)         0.101    -0.000 r  DPU_sys_i/clk_wiz_0/inst/clkout1_buf/O
                         net (fo=40816, routed)       1.830     1.830    DPU_sys_i/dpu_eu_0/inst/g_e584eb07.u_822a997b/u_8329ce29/u_3aa346a2/u_dcd815c9/u_cc4240ab/g_d5115c37[3].u_727df53e/g_7e013b5a[0].g_b95b5937.u_6ee4500c/m_axi_dpu_aclk
    SLICE_X42Y129        FDRE                                         r  DPU_sys_i/dpu_eu_0/inst/g_e584eb07.u_822a997b/u_8329ce29/u_3aa346a2/u_dcd815c9/u_cc4240ab/g_d5115c37[3].u_727df53e/g_7e013b5a[0].g_b95b5937.u_6ee4500c/s_b083119d_reg/C
  -------------------------------------------------------------------    -------------------
    SLICE_X42Y129        FDRE (Prop_fdre_C_Q)         0.478     2.308 r  DPU_sys_i/dpu_eu_0/inst/g_e584eb07.u_822a997b/u_8329ce29/u_3aa346a2/u_dcd815c9/u_cc4240ab/g_d5115c37[3].u_727df53e/g_7e013b5a[0].g_b95b5937.u_6ee4500c/s_b083119d_reg/Q
                         net (fo=3, routed)           5.594     7.902    DPU_sys_i/dpu_eu_0/inst/g_e584eb07.u_822a997b/u_8329ce29/u_3aa346a2/u_dcd815c9/u_cc4240ab/g_d5115c37[3].u_727df53e/g_7e013b5a[0].g_b95b5937.u_6ee4500c/inst_dsp48e2/s_b083119d
    DSP48_X1Y15          DSP48E1                                      r  DPU_sys_i/dpu_eu_0/inst/g_e584eb07.u_822a997b/u_8329ce29/u_3aa346a2/u_dcd815c9/u_cc4240ab/g_d5115c37[3].u_727df53e/g_7e013b5a[0].g_b95b5937.u_6ee4500c/inst_dsp48e2/g_6e2e42a8.u_dsp48e1/CEP
  -------------------------------------------------------------------    -------------------

                         (clock clk_out150Mhz_DPU_sys_clk_wiz_0_0 rise edge)
                                                      6.667     6.667 r  
    BUFGCTRL_X0Y19       BUFG                         0.000     6.667 r  DPU_sys_i/processing_system7_0/inst/buffer_fclk_clk_0.FCLK_CLK_0_BUFG/O
                         net (fo=943, routed)         1.770     8.437    DPU_sys_i/clk_wiz_0/inst/clk_in1
    MMCME2_ADV_X1Y2      MMCME2_ADV (Prop_mmcme2_adv_CLKIN1_CLKOUT0)
                                                     -3.873     4.563 r  DPU_sys_i/clk_wiz_0/inst/mmcm_adv_inst/CLKOUT0
                         net (fo=1, routed)           2.012     6.576    DPU_sys_i/clk_wiz_0/inst/clk_out150Mhz_DPU_sys_clk_wiz_0_0
    BUFGCTRL_X0Y17       BUFG (Prop_bufg_I_O)         0.091     6.667 r  DPU_sys_i/clk_wiz_0/inst/clkout1_buf/O
                         net (fo=40816, routed)       1.666     8.333    DPU_sys_i/dpu_eu_0/inst/g_e584eb07.u_822a997b/u_8329ce29/u_3aa346a2/u_dcd815c9/u_cc4240ab/g_d5115c37[3].u_727df53e/g_7e013b5a[0].g_b95b5937.u_6ee4500c/inst_dsp48e2/m_axi_dpu_aclk
    DSP48_X1Y15          DSP48E1                                      r  DPU_sys_i/dpu_eu_0/inst/g_e584eb07.u_822a997b/u_8329ce29/u_3aa346a2/u_dcd815c9/u_cc4240ab/g_d5115c37[3].u_727df53e/g_7e013b5a[0].g_b95b5937.u_6ee4500c/inst_dsp48e2/g_6e2e42a8.u_dsp48e1/CLK
                         clock pessimism             -0.010     8.323    
                         clock uncertainty           -0.073     8.250    
    DSP48_X1Y15          DSP48E1 (Setup_dsp48e1_CLK_CEP)
                                                     -0.696     7.554    DPU_sys_i/dpu_eu_0/inst/g_e584eb07.u_822a997b/u_8329ce29/u_3aa346a2/u_dcd815c9/u_cc4240ab/g_d5115c37[3].u_727df53e/g_7e013b5a[0].g_b95b5937.u_6ee4500c/inst_dsp48e2/g_6e2e42a8.u_dsp48e1
  -------------------------------------------------------------------
                         required time                          7.554    
                         arrival time                          -7.902    
  -------------------------------------------------------------------
                         slack                                 -0.349    

Slack (VIOLATED) :        -0.346ns  (required time - arrival time)
  Source:                 DPU_sys_i/dpu_eu_0/inst/g_e584eb07.u_822a997b/u_8329ce29/u_3aa346a2/u_dcd815c9/u_cc4240ab/g_d5115c37[0].s_8886257b_reg[12]/C
                            (rising edge-triggered cell FDRE clocked by clk_out150Mhz_DPU_sys_clk_wiz_0_0  {rise@0.000ns fall@3.333ns period=6.667ns})
  Destination:            DPU_sys_i/dpu_eu_0/inst/g_e584eb07.u_822a997b/u_8329ce29/u_3aa346a2/u_dcd815c9/u_cc4240ab/g_d5115c37[0].u_727df53e/g_7e013b5a[0].g_b95b5937.u_6ee4500c/inst_dsp48e2/g_6e2e42a8.u_dsp48e1/A[12]
                            (rising edge-triggered cell DSP48E1 clocked by clk_out150Mhz_DPU_sys_clk_wiz_0_0  {rise@0.000ns fall@3.333ns period=6.667ns})
  Path Group:             clk_out150Mhz_DPU_sys_clk_wiz_0_0
  Path Type:              Setup (Max at Slow Process Corner)
  Requirement:            6.667ns  (clk_out150Mhz_DPU_sys_clk_wiz_0_0 rise@6.667ns - clk_out150Mhz_DPU_sys_clk_wiz_0_0 rise@0.000ns)
  Data Path Delay:        6.338ns  (logic 0.456ns (7.194%)  route 5.882ns (92.806%))
  Logic Levels:           0  
  Clock Path Skew:        -0.239ns (DCD - SCD + CPR)
    Destination Clock Delay (DCD):    1.654ns = ( 8.321 - 6.667 ) 
    Source Clock Delay      (SCD):    1.883ns
    Clock Pessimism Removal (CPR):    -0.010ns
  Clock Uncertainty:      0.073ns  ((TSJ^2 + DJ^2)^1/2) / 2 + PE
    Total System Jitter     (TSJ):    0.071ns
    Discrete Jitter          (DJ):    0.127ns
    Phase Error              (PE):    0.000ns

    Location             Delay type                Incr(ns)  Path(ns)    Netlist Resource(s)
  -------------------------------------------------------------------    -------------------
                         (clock clk_out150Mhz_DPU_sys_clk_wiz_0_0 rise edge)
                                                      0.000     0.000 r  
    BUFGCTRL_X0Y19       BUFG                         0.000     0.000 r  DPU_sys_i/processing_system7_0/inst/buffer_fclk_clk_0.FCLK_CLK_0_BUFG/O
                         net (fo=943, routed)         1.980     1.980    DPU_sys_i/clk_wiz_0/inst/clk_in1
    MMCME2_ADV_X1Y2      MMCME2_ADV (Prop_mmcme2_adv_CLKIN1_CLKOUT0)
                                                     -4.287    -2.307 r  DPU_sys_i/clk_wiz_0/inst/mmcm_adv_inst/CLKOUT0
                         net (fo=1, routed)           2.206    -0.101    DPU_sys_i/clk_wiz_0/inst/clk_out150Mhz_DPU_sys_clk_wiz_0_0
    BUFGCTRL_X0Y17       BUFG (Prop_bufg_I_O)         0.101    -0.000 r  DPU_sys_i/clk_wiz_0/inst/clkout1_buf/O
                         net (fo=40816, routed)       1.883     1.883    DPU_sys_i/dpu_eu_0/inst/g_e584eb07.u_822a997b/u_8329ce29/u_3aa346a2/u_dcd815c9/u_cc4240ab/m_axi_dpu_aclk
    SLICE_X29Y133        FDRE                                         r  DPU_sys_i/dpu_eu_0/inst/g_e584eb07.u_822a997b/u_8329ce29/u_3aa346a2/u_dcd815c9/u_cc4240ab/g_d5115c37[0].s_8886257b_reg[12]/C
  -------------------------------------------------------------------    -------------------
    SLICE_X29Y133        FDRE (Prop_fdre_C_Q)         0.456     2.339 r  DPU_sys_i/dpu_eu_0/inst/g_e584eb07.u_822a997b/u_8329ce29/u_3aa346a2/u_dcd815c9/u_cc4240ab/g_d5115c37[0].s_8886257b_reg[12]/Q
                         net (fo=2, routed)           5.882     8.221    DPU_sys_i/dpu_eu_0/inst/g_e584eb07.u_822a997b/u_8329ce29/u_3aa346a2/u_dcd815c9/u_cc4240ab/g_d5115c37[0].u_727df53e/g_7e013b5a[0].g_b95b5937.u_6ee4500c/inst_dsp48e2/g_6e2e42a8.u_dsp48e1_0[12]
    DSP48_X1Y10          DSP48E1                                      r  DPU_sys_i/dpu_eu_0/inst/g_e584eb07.u_822a997b/u_8329ce29/u_3aa346a2/u_dcd815c9/u_cc4240ab/g_d5115c37[0].u_727df53e/g_7e013b5a[0].g_b95b5937.u_6ee4500c/inst_dsp48e2/g_6e2e42a8.u_dsp48e1/A[12]
  -------------------------------------------------------------------    -------------------

                         (clock clk_out150Mhz_DPU_sys_clk_wiz_0_0 rise edge)
                                                      6.667     6.667 r  
    BUFGCTRL_X0Y19       BUFG                         0.000     6.667 r  DPU_sys_i/processing_system7_0/inst/buffer_fclk_clk_0.FCLK_CLK_0_BUFG/O
                         net (fo=943, routed)         1.770     8.437    DPU_sys_i/clk_wiz_0/inst/clk_in1
    MMCME2_ADV_X1Y2      MMCME2_ADV (Prop_mmcme2_adv_CLKIN1_CLKOUT0)
                                                     -3.873     4.563 r  DPU_sys_i/clk_wiz_0/inst/mmcm_adv_inst/CLKOUT0
                         net (fo=1, routed)           2.012     6.576    DPU_sys_i/clk_wiz_0/inst/clk_out150Mhz_DPU_sys_clk_wiz_0_0
    BUFGCTRL_X0Y17       BUFG (Prop_bufg_I_O)         0.091     6.667 r  DPU_sys_i/clk_wiz_0/inst/clkout1_buf/O
                         net (fo=40816, routed)       1.654     8.321    DPU_sys_i/dpu_eu_0/inst/g_e584eb07.u_822a997b/u_8329ce29/u_3aa346a2/u_dcd815c9/u_cc4240ab/g_d5115c37[0].u_727df53e/g_7e013b5a[0].g_b95b5937.u_6ee4500c/inst_dsp48e2/m_axi_dpu_aclk
    DSP48_X1Y10          DSP48E1                                      r  DPU_sys_i/dpu_eu_0/inst/g_e584eb07.u_822a997b/u_8329ce29/u_3aa346a2/u_dcd815c9/u_cc4240ab/g_d5115c37[0].u_727df53e/g_7e013b5a[0].g_b95b5937.u_6ee4500c/inst_dsp48e2/g_6e2e42a8.u_dsp48e1/CLK
                         clock pessimism             -0.010     8.311    
                         clock uncertainty           -0.073     8.238    
    DSP48_X1Y10          DSP48E1 (Setup_dsp48e1_CLK_A[12])
                                                     -0.362     7.876    DPU_sys_i/dpu_eu_0/inst/g_e584eb07.u_822a997b/u_8329ce29/u_3aa346a2/u_dcd815c9/u_cc4240ab/g_d5115c37[0].u_727df53e/g_7e013b5a[0].g_b95b5937.u_6ee4500c/inst_dsp48e2/g_6e2e42a8.u_dsp48e1
  -------------------------------------------------------------------
                         required time                          7.876    
                         arrival time                          -8.221    
  -------------------------------------------------------------------
                         slack                                 -0.346    

Slack (VIOLATED) :        -0.302ns  (required time - arrival time)
  Source:                 DPU_sys_i/dpu_eu_0/inst/g_e584eb07.u_822a997b/u_8329ce29/u_030d789c/u_3124dbb0/g_e57cde19[0].s_640760d6_reg[8]/C
                            (rising edge-triggered cell FDRE clocked by clk_out150Mhz_DPU_sys_clk_wiz_0_0  {rise@0.000ns fall@3.333ns period=6.667ns})
  Destination:            DPU_sys_i/dpu_eu_0/inst/g_e584eb07.u_822a997b/u_8329ce29/u_030d789c/u_dfd908ed/u_8578cac3/g_cf5ffc2b[0].u_023226ce/s_92cda069_reg_0/ADDRARDADDR[12]
                            (rising edge-triggered cell RAMB36E1 clocked by clk_out150Mhz_DPU_sys_clk_wiz_0_0  {rise@0.000ns fall@3.333ns period=6.667ns})
  Path Group:             clk_out150Mhz_DPU_sys_clk_wiz_0_0
  Path Type:              Setup (Max at Slow Process Corner)
  Requirement:            6.667ns  (clk_out150Mhz_DPU_sys_clk_wiz_0_0 rise@6.667ns - clk_out150Mhz_DPU_sys_clk_wiz_0_0 rise@0.000ns)
  Data Path Delay:        6.200ns  (logic 0.518ns (8.355%)  route 5.682ns (91.645%))
  Logic Levels:           0  
  Clock Path Skew:        -0.130ns (DCD - SCD + CPR)
    Destination Clock Delay (DCD):    1.531ns = ( 8.198 - 6.667 ) 
    Source Clock Delay      (SCD):    1.651ns
    Clock Pessimism Removal (CPR):    -0.010ns
  Clock Uncertainty:      0.073ns  ((TSJ^2 + DJ^2)^1/2) / 2 + PE
    Total System Jitter     (TSJ):    0.071ns
    Discrete Jitter          (DJ):    0.127ns
    Phase Error              (PE):    0.000ns

    Location             Delay type                Incr(ns)  Path(ns)    Netlist Resource(s)
  -------------------------------------------------------------------    -------------------
                         (clock clk_out150Mhz_DPU_sys_clk_wiz_0_0 rise edge)
                                                      0.000     0.000 r  
    BUFGCTRL_X0Y19       BUFG                         0.000     0.000 r  DPU_sys_i/processing_system7_0/inst/buffer_fclk_clk_0.FCLK_CLK_0_BUFG/O
                         net (fo=943, routed)         1.980     1.980    DPU_sys_i/clk_wiz_0/inst/clk_in1
    MMCME2_ADV_X1Y2      MMCME2_ADV (Prop_mmcme2_adv_CLKIN1_CLKOUT0)
                                                     -4.287    -2.307 r  DPU_sys_i/clk_wiz_0/inst/mmcm_adv_inst/CLKOUT0
                         net (fo=1, routed)           2.206    -0.101    DPU_sys_i/clk_wiz_0/inst/clk_out150Mhz_DPU_sys_clk_wiz_0_0
    BUFGCTRL_X0Y17       BUFG (Prop_bufg_I_O)         0.101    -0.000 r  DPU_sys_i/clk_wiz_0/inst/clkout1_buf/O
                         net (fo=40816, routed)       1.651     1.651    DPU_sys_i/dpu_eu_0/inst/g_e584eb07.u_822a997b/u_8329ce29/u_030d789c/u_3124dbb0/m_axi_dpu_aclk
    SLICE_X46Y95         FDRE                                         r  DPU_sys_i/dpu_eu_0/inst/g_e584eb07.u_822a997b/u_8329ce29/u_030d789c/u_3124dbb0/g_e57cde19[0].s_640760d6_reg[8]/C
  -------------------------------------------------------------------    -------------------
    SLICE_X46Y95         FDRE (Prop_fdre_C_Q)         0.518     2.169 r  DPU_sys_i/dpu_eu_0/inst/g_e584eb07.u_822a997b/u_8329ce29/u_030d789c/u_3124dbb0/g_e57cde19[0].s_640760d6_reg[8]/Q
                         net (fo=6, routed)           5.682     7.851    DPU_sys_i/dpu_eu_0/inst/g_e584eb07.u_822a997b/u_8329ce29/u_030d789c/u_dfd908ed/u_8578cac3/g_cf5ffc2b[0].u_023226ce/s_0dd44d8a[8]
    RAMB36_X2Y6          RAMB36E1                                     r  DPU_sys_i/dpu_eu_0/inst/g_e584eb07.u_822a997b/u_8329ce29/u_030d789c/u_dfd908ed/u_8578cac3/g_cf5ffc2b[0].u_023226ce/s_92cda069_reg_0/ADDRARDADDR[12]
  -------------------------------------------------------------------    -------------------

                         (clock clk_out150Mhz_DPU_sys_clk_wiz_0_0 rise edge)
                                                      6.667     6.667 r  
    BUFGCTRL_X0Y19       BUFG                         0.000     6.667 r  DPU_sys_i/processing_system7_0/inst/buffer_fclk_clk_0.FCLK_CLK_0_BUFG/O
                         net (fo=943, routed)         1.770     8.437    DPU_sys_i/clk_wiz_0/inst/clk_in1
    MMCME2_ADV_X1Y2      MMCME2_ADV (Prop_mmcme2_adv_CLKIN1_CLKOUT0)
                                                     -3.873     4.563 r  DPU_sys_i/clk_wiz_0/inst/mmcm_adv_inst/CLKOUT0
                         net (fo=1, routed)           2.012     6.576    DPU_sys_i/clk_wiz_0/inst/clk_out150Mhz_DPU_sys_clk_wiz_0_0
    BUFGCTRL_X0Y17       BUFG (Prop_bufg_I_O)         0.091     6.667 r  DPU_sys_i/clk_wiz_0/inst/clkout1_buf/O
                         net (fo=40816, routed)       1.531     8.198    DPU_sys_i/dpu_eu_0/inst/g_e584eb07.u_822a997b/u_8329ce29/u_030d789c/u_dfd908ed/u_8578cac3/g_cf5ffc2b[0].u_023226ce/m_axi_dpu_aclk
    RAMB36_X2Y6          RAMB36E1                                     r  DPU_sys_i/dpu_eu_0/inst/g_e584eb07.u_822a997b/u_8329ce29/u_030d789c/u_dfd908ed/u_8578cac3/g_cf5ffc2b[0].u_023226ce/s_92cda069_reg_0/CLKARDCLK
                         clock pessimism             -0.010     8.188    
                         clock uncertainty           -0.073     8.115    
    RAMB36_X2Y6          RAMB36E1 (Setup_ramb36e1_CLKARDCLK_ADDRARDADDR[12])
                                                     -0.566     7.549    DPU_sys_i/dpu_eu_0/inst/g_e584eb07.u_822a997b/u_8329ce29/u_030d789c/u_dfd908ed/u_8578cac3/g_cf5ffc2b[0].u_023226ce/s_92cda069_reg_0
  -------------------------------------------------------------------
                         required time                          7.549    
                         arrival time                          -7.851    
  -------------------------------------------------------------------
                         slack                                 -0.302    

Slack (VIOLATED) :        -0.289ns  (required time - arrival time)
  Source:                 DPU_sys_i/dpu_eu_0/inst/g_e584eb07.u_822a997b/u_8329ce29/u_3aa346a2/u_4fc06dda/u_6a27661e/g_95429c07[8].g_7bb4613e.s_8b359289_reg[88]/C
                            (rising edge-triggered cell FDRE clocked by clk_out150Mhz_DPU_sys_clk_wiz_0_0  {rise@0.000ns fall@3.333ns period=6.667ns})
  Destination:            DPU_sys_i/dpu_eu_0/inst/g_e584eb07.u_822a997b/u_8329ce29/u_030d789c/u_dfd908ed/u_8578cac3/g_cf5ffc2b[10].u_023226ce/s_92cda069_reg_5/ADDRBWRADDR[3]
                            (rising edge-triggered cell RAMB18E1 clocked by clk_out150Mhz_DPU_sys_clk_wiz_0_0  {rise@0.000ns fall@3.333ns period=6.667ns})
  Path Group:             clk_out150Mhz_DPU_sys_clk_wiz_0_0
  Path Type:              Setup (Max at Slow Process Corner)
  Requirement:            6.667ns  (clk_out150Mhz_DPU_sys_clk_wiz_0_0 rise@6.667ns - clk_out150Mhz_DPU_sys_clk_wiz_0_0 rise@0.000ns)
  Data Path Delay:        6.454ns  (logic 0.518ns (8.026%)  route 5.936ns (91.974%))
  Logic Levels:           0  
  Clock Path Skew:        0.137ns (DCD - SCD + CPR)
    Destination Clock Delay (DCD):    1.815ns = ( 8.482 - 6.667 ) 
    Source Clock Delay      (SCD):    1.668ns
    Clock Pessimism Removal (CPR):    -0.010ns
  Clock Uncertainty:      0.073ns  ((TSJ^2 + DJ^2)^1/2) / 2 + PE
    Total System Jitter     (TSJ):    0.071ns
    Discrete Jitter          (DJ):    0.127ns
    Phase Error              (PE):    0.000ns

    Location             Delay type                Incr(ns)  Path(ns)    Netlist Resource(s)
  -------------------------------------------------------------------    -------------------
                         (clock clk_out150Mhz_DPU_sys_clk_wiz_0_0 rise edge)
                                                      0.000     0.000 r  
    BUFGCTRL_X0Y19       BUFG                         0.000     0.000 r  DPU_sys_i/processing_system7_0/inst/buffer_fclk_clk_0.FCLK_CLK_0_BUFG/O
                         net (fo=943, routed)         1.980     1.980    DPU_sys_i/clk_wiz_0/inst/clk_in1
    MMCME2_ADV_X1Y2      MMCME2_ADV (Prop_mmcme2_adv_CLKIN1_CLKOUT0)
                                                     -4.287    -2.307 r  DPU_sys_i/clk_wiz_0/inst/mmcm_adv_inst/CLKOUT0
                         net (fo=1, routed)           2.206    -0.101    DPU_sys_i/clk_wiz_0/inst/clk_out150Mhz_DPU_sys_clk_wiz_0_0
    BUFGCTRL_X0Y17       BUFG (Prop_bufg_I_O)         0.101    -0.000 r  DPU_sys_i/clk_wiz_0/inst/clkout1_buf/O
                         net (fo=40816, routed)       1.668     1.668    DPU_sys_i/dpu_eu_0/inst/g_e584eb07.u_822a997b/u_8329ce29/u_3aa346a2/u_4fc06dda/u_6a27661e/m_axi_dpu_aclk
    SLICE_X42Y43         FDRE                                         r  DPU_sys_i/dpu_eu_0/inst/g_e584eb07.u_822a997b/u_8329ce29/u_3aa346a2/u_4fc06dda/u_6a27661e/g_95429c07[8].g_7bb4613e.s_8b359289_reg[88]/C
  -------------------------------------------------------------------    -------------------
    SLICE_X42Y43         FDRE (Prop_fdre_C_Q)         0.518     2.186 r  DPU_sys_i/dpu_eu_0/inst/g_e584eb07.u_822a997b/u_8329ce29/u_3aa346a2/u_4fc06dda/u_6a27661e/g_95429c07[8].g_7bb4613e.s_8b359289_reg[88]/Q
                         net (fo=24, routed)          5.936     8.122    DPU_sys_i/dpu_eu_0/inst/g_e584eb07.u_822a997b/u_8329ce29/u_030d789c/u_dfd908ed/u_8578cac3/g_cf5ffc2b[10].u_023226ce/s_ffc31309[0]
    RAMB18_X4Y58         RAMB18E1                                     r  DPU_sys_i/dpu_eu_0/inst/g_e584eb07.u_822a997b/u_8329ce29/u_030d789c/u_dfd908ed/u_8578cac3/g_cf5ffc2b[10].u_023226ce/s_92cda069_reg_5/ADDRBWRADDR[3]
  -------------------------------------------------------------------    -------------------

                         (clock clk_out150Mhz_DPU_sys_clk_wiz_0_0 rise edge)
                                                      6.667     6.667 r  
    BUFGCTRL_X0Y19       BUFG                         0.000     6.667 r  DPU_sys_i/processing_system7_0/inst/buffer_fclk_clk_0.FCLK_CLK_0_BUFG/O
                         net (fo=943, routed)         1.770     8.437    DPU_sys_i/clk_wiz_0/inst/clk_in1
    MMCME2_ADV_X1Y2      MMCME2_ADV (Prop_mmcme2_adv_CLKIN1_CLKOUT0)
                                                     -3.873     4.563 r  DPU_sys_i/clk_wiz_0/inst/mmcm_adv_inst/CLKOUT0
                         net (fo=1, routed)           2.012     6.576    DPU_sys_i/clk_wiz_0/inst/clk_out150Mhz_DPU_sys_clk_wiz_0_0
    BUFGCTRL_X0Y17       BUFG (Prop_bufg_I_O)         0.091     6.667 r  DPU_sys_i/clk_wiz_0/inst/clkout1_buf/O
                         net (fo=40816, routed)       1.815     8.482    DPU_sys_i/dpu_eu_0/inst/g_e584eb07.u_822a997b/u_8329ce29/u_030d789c/u_dfd908ed/u_8578cac3/g_cf5ffc2b[10].u_023226ce/m_axi_dpu_aclk
    RAMB18_X4Y58         RAMB18E1                                     r  DPU_sys_i/dpu_eu_0/inst/g_e584eb07.u_822a997b/u_8329ce29/u_030d789c/u_dfd908ed/u_8578cac3/g_cf5ffc2b[10].u_023226ce/s_92cda069_reg_5/CLKBWRCLK
                         clock pessimism             -0.010     8.472    
                         clock uncertainty           -0.073     8.399    
    RAMB18_X4Y58         RAMB18E1 (Setup_ramb18e1_CLKBWRCLK_ADDRBWRADDR[3])
                                                     -0.566     7.833    DPU_sys_i/dpu_eu_0/inst/g_e584eb07.u_822a997b/u_8329ce29/u_030d789c/u_dfd908ed/u_8578cac3/g_cf5ffc2b[10].u_023226ce/s_92cda069_reg_5
  -------------------------------------------------------------------
                         required time                          7.833    
                         arrival time                          -8.122    
  -------------------------------------------------------------------
                         slack                                 -0.289    

Slack (VIOLATED) :        -0.285ns  (required time - arrival time)
  Source:                 DPU_sys_i/dpu_eu_0/inst/g_e584eb07.u_822a997b/u_8329ce29/u_3aa346a2/u_dcd815c9/u_cc4240ab/g_d5115c37[0].s_8886257b_reg[22]/C
                            (rising edge-triggered cell FDRE clocked by clk_out150Mhz_DPU_sys_clk_wiz_0_0  {rise@0.000ns fall@3.333ns period=6.667ns})
  Destination:            DPU_sys_i/dpu_eu_0/inst/g_e584eb07.u_822a997b/u_8329ce29/u_3aa346a2/u_dcd815c9/u_cc4240ab/g_d5115c37[0].u_727df53e/g_7e013b5a[0].g_b95b5937.u_6ee4500c/inst_dsp48e2/g_6e2e42a8.u_dsp48e1/A[22]
                            (rising edge-triggered cell DSP48E1 clocked by clk_out150Mhz_DPU_sys_clk_wiz_0_0  {rise@0.000ns fall@3.333ns period=6.667ns})
  Path Group:             clk_out150Mhz_DPU_sys_clk_wiz_0_0
  Path Type:              Setup (Max at Slow Process Corner)
  Requirement:            6.667ns  (clk_out150Mhz_DPU_sys_clk_wiz_0_0 rise@6.667ns - clk_out150Mhz_DPU_sys_clk_wiz_0_0 rise@0.000ns)
  Data Path Delay:        6.282ns  (logic 0.456ns (7.259%)  route 5.826ns (92.741%))
  Logic Levels:           0  
  Clock Path Skew:        -0.235ns (DCD - SCD + CPR)
    Destination Clock Delay (DCD):    1.654ns = ( 8.321 - 6.667 ) 
    Source Clock Delay      (SCD):    1.879ns
    Clock Pessimism Removal (CPR):    -0.010ns
  Clock Uncertainty:      0.073ns  ((TSJ^2 + DJ^2)^1/2) / 2 + PE
    Total System Jitter     (TSJ):    0.071ns
    Discrete Jitter          (DJ):    0.127ns
    Phase Error              (PE):    0.000ns

    Location             Delay type                Incr(ns)  Path(ns)    Netlist Resource(s)
  -------------------------------------------------------------------    -------------------
                         (clock clk_out150Mhz_DPU_sys_clk_wiz_0_0 rise edge)
                                                      0.000     0.000 r  
    BUFGCTRL_X0Y19       BUFG                         0.000     0.000 r  DPU_sys_i/processing_system7_0/inst/buffer_fclk_clk_0.FCLK_CLK_0_BUFG/O
                         net (fo=943, routed)         1.980     1.980    DPU_sys_i/clk_wiz_0/inst/clk_in1
    MMCME2_ADV_X1Y2      MMCME2_ADV (Prop_mmcme2_adv_CLKIN1_CLKOUT0)
                                                     -4.287    -2.307 r  DPU_sys_i/clk_wiz_0/inst/mmcm_adv_inst/CLKOUT0
                         net (fo=1, routed)           2.206    -0.101    DPU_sys_i/clk_wiz_0/inst/clk_out150Mhz_DPU_sys_clk_wiz_0_0
    BUFGCTRL_X0Y17       BUFG (Prop_bufg_I_O)         0.101    -0.000 r  DPU_sys_i/clk_wiz_0/inst/clkout1_buf/O
                         net (fo=40816, routed)       1.879     1.879    DPU_sys_i/dpu_eu_0/inst/g_e584eb07.u_822a997b/u_8329ce29/u_3aa346a2/u_dcd815c9/u_cc4240ab/m_axi_dpu_aclk
    SLICE_X27Y133        FDRE                                         r  DPU_sys_i/dpu_eu_0/inst/g_e584eb07.u_822a997b/u_8329ce29/u_3aa346a2/u_dcd815c9/u_cc4240ab/g_d5115c37[0].s_8886257b_reg[22]/C
  -------------------------------------------------------------------    -------------------
    SLICE_X27Y133        FDRE (Prop_fdre_C_Q)         0.456     2.335 r  DPU_sys_i/dpu_eu_0/inst/g_e584eb07.u_822a997b/u_8329ce29/u_3aa346a2/u_dcd815c9/u_cc4240ab/g_d5115c37[0].s_8886257b_reg[22]/Q
                         net (fo=2, routed)           5.826     8.161    DPU_sys_i/dpu_eu_0/inst/g_e584eb07.u_822a997b/u_8329ce29/u_3aa346a2/u_dcd815c9/u_cc4240ab/g_d5115c37[0].u_727df53e/g_7e013b5a[0].g_b95b5937.u_6ee4500c/inst_dsp48e2/g_6e2e42a8.u_dsp48e1_0[22]
    DSP48_X1Y10          DSP48E1                                      r  DPU_sys_i/dpu_eu_0/inst/g_e584eb07.u_822a997b/u_8329ce29/u_3aa346a2/u_dcd815c9/u_cc4240ab/g_d5115c37[0].u_727df53e/g_7e013b5a[0].g_b95b5937.u_6ee4500c/inst_dsp48e2/g_6e2e42a8.u_dsp48e1/A[22]
  -------------------------------------------------------------------    -------------------

                         (clock clk_out150Mhz_DPU_sys_clk_wiz_0_0 rise edge)
                                                      6.667     6.667 r  
    BUFGCTRL_X0Y19       BUFG                         0.000     6.667 r  DPU_sys_i/processing_system7_0/inst/buffer_fclk_clk_0.FCLK_CLK_0_BUFG/O
                         net (fo=943, routed)         1.770     8.437    DPU_sys_i/clk_wiz_0/inst/clk_in1
    MMCME2_ADV_X1Y2      MMCME2_ADV (Prop_mmcme2_adv_CLKIN1_CLKOUT0)
                                                     -3.873     4.563 r  DPU_sys_i/clk_wiz_0/inst/mmcm_adv_inst/CLKOUT0
                         net (fo=1, routed)           2.012     6.576    DPU_sys_i/clk_wiz_0/inst/clk_out150Mhz_DPU_sys_clk_wiz_0_0
    BUFGCTRL_X0Y17       BUFG (Prop_bufg_I_O)         0.091     6.667 r  DPU_sys_i/clk_wiz_0/inst/clkout1_buf/O
                         net (fo=40816, routed)       1.654     8.321    DPU_sys_i/dpu_eu_0/inst/g_e584eb07.u_822a997b/u_8329ce29/u_3aa346a2/u_dcd815c9/u_cc4240ab/g_d5115c37[0].u_727df53e/g_7e013b5a[0].g_b95b5937.u_6ee4500c/inst_dsp48e2/m_axi_dpu_aclk
    DSP48_X1Y10          DSP48E1                                      r  DPU_sys_i/dpu_eu_0/inst/g_e584eb07.u_822a997b/u_8329ce29/u_3aa346a2/u_dcd815c9/u_cc4240ab/g_d5115c37[0].u_727df53e/g_7e013b5a[0].g_b95b5937.u_6ee4500c/inst_dsp48e2/g_6e2e42a8.u_dsp48e1/CLK
                         clock pessimism             -0.010     8.311    
                         clock uncertainty           -0.073     8.238    
    DSP48_X1Y10          DSP48E1 (Setup_dsp48e1_CLK_A[22])
                                                     -0.362     7.876    DPU_sys_i/dpu_eu_0/inst/g_e584eb07.u_822a997b/u_8329ce29/u_3aa346a2/u_dcd815c9/u_cc4240ab/g_d5115c37[0].u_727df53e/g_7e013b5a[0].g_b95b5937.u_6ee4500c/inst_dsp48e2/g_6e2e42a8.u_dsp48e1
  -------------------------------------------------------------------
                         required time                          7.876    
                         arrival time                          -8.161    
  -------------------------------------------------------------------
                         slack                                 -0.285    

Slack (VIOLATED) :        -0.283ns  (required time - arrival time)
  Source:                 DPU_sys_i/dpu_eu_0/inst/g_e584eb07.u_822a997b/u_8329ce29/u_3aa346a2/u_dcd815c9/u_cc4240ab/g_d5115c37[0].s_8886257b_reg[0]/C
                            (rising edge-triggered cell FDRE clocked by clk_out150Mhz_DPU_sys_clk_wiz_0_0  {rise@0.000ns fall@3.333ns period=6.667ns})
  Destination:            DPU_sys_i/dpu_eu_0/inst/g_e584eb07.u_822a997b/u_8329ce29/u_3aa346a2/u_dcd815c9/u_cc4240ab/g_d5115c37[0].u_727df53e/g_7e013b5a[0].g_b95b5937.u_6ee4500c/inst_dsp48e2/g_6e2e42a8.u_dsp48e1/A[0]
                            (rising edge-triggered cell DSP48E1 clocked by clk_out150Mhz_DPU_sys_clk_wiz_0_0  {rise@0.000ns fall@3.333ns period=6.667ns})
  Path Group:             clk_out150Mhz_DPU_sys_clk_wiz_0_0
  Path Type:              Setup (Max at Slow Process Corner)
  Requirement:            6.667ns  (clk_out150Mhz_DPU_sys_clk_wiz_0_0 rise@6.667ns - clk_out150Mhz_DPU_sys_clk_wiz_0_0 rise@0.000ns)
  Data Path Delay:        6.276ns  (logic 0.456ns (7.266%)  route 5.820ns (92.734%))
  Logic Levels:           0  
  Clock Path Skew:        -0.239ns (DCD - SCD + CPR)
    Destination Clock Delay (DCD):    1.654ns = ( 8.321 - 6.667 ) 
    Source Clock Delay      (SCD):    1.883ns
    Clock Pessimism Removal (CPR):    -0.010ns
  Clock Uncertainty:      0.073ns  ((TSJ^2 + DJ^2)^1/2) / 2 + PE
    Total System Jitter     (TSJ):    0.071ns
    Discrete Jitter          (DJ):    0.127ns
    Phase Error              (PE):    0.000ns

    Location             Delay type                Incr(ns)  Path(ns)    Netlist Resource(s)
  -------------------------------------------------------------------    -------------------
                         (clock clk_out150Mhz_DPU_sys_clk_wiz_0_0 rise edge)
                                                      0.000     0.000 r  
    BUFGCTRL_X0Y19       BUFG                         0.000     0.000 r  DPU_sys_i/processing_system7_0/inst/buffer_fclk_clk_0.FCLK_CLK_0_BUFG/O
                         net (fo=943, routed)         1.980     1.980    DPU_sys_i/clk_wiz_0/inst/clk_in1
    MMCME2_ADV_X1Y2      MMCME2_ADV (Prop_mmcme2_adv_CLKIN1_CLKOUT0)
                                                     -4.287    -2.307 r  DPU_sys_i/clk_wiz_0/inst/mmcm_adv_inst/CLKOUT0
                         net (fo=1, routed)           2.206    -0.101    DPU_sys_i/clk_wiz_0/inst/clk_out150Mhz_DPU_sys_clk_wiz_0_0
    BUFGCTRL_X0Y17       BUFG (Prop_bufg_I_O)         0.101    -0.000 r  DPU_sys_i/clk_wiz_0/inst/clkout1_buf/O
                         net (fo=40816, routed)       1.883     1.883    DPU_sys_i/dpu_eu_0/inst/g_e584eb07.u_822a997b/u_8329ce29/u_3aa346a2/u_dcd815c9/u_cc4240ab/m_axi_dpu_aclk
    SLICE_X29Y133        FDRE                                         r  DPU_sys_i/dpu_eu_0/inst/g_e584eb07.u_822a997b/u_8329ce29/u_3aa346a2/u_dcd815c9/u_cc4240ab/g_d5115c37[0].s_8886257b_reg[0]/C
  -------------------------------------------------------------------    -------------------
    SLICE_X29Y133        FDRE (Prop_fdre_C_Q)         0.456     2.339 r  DPU_sys_i/dpu_eu_0/inst/g_e584eb07.u_822a997b/u_8329ce29/u_3aa346a2/u_dcd815c9/u_cc4240ab/g_d5115c37[0].s_8886257b_reg[0]/Q
                         net (fo=2, routed)           5.820     8.159    DPU_sys_i/dpu_eu_0/inst/g_e584eb07.u_822a997b/u_8329ce29/u_3aa346a2/u_dcd815c9/u_cc4240ab/g_d5115c37[0].u_727df53e/g_7e013b5a[0].g_b95b5937.u_6ee4500c/inst_dsp48e2/g_6e2e42a8.u_dsp48e1_0[0]
    DSP48_X1Y10          DSP48E1                                      r  DPU_sys_i/dpu_eu_0/inst/g_e584eb07.u_822a997b/u_8329ce29/u_3aa346a2/u_dcd815c9/u_cc4240ab/g_d5115c37[0].u_727df53e/g_7e013b5a[0].g_b95b5937.u_6ee4500c/inst_dsp48e2/g_6e2e42a8.u_dsp48e1/A[0]
  -------------------------------------------------------------------    -------------------

                         (clock clk_out150Mhz_DPU_sys_clk_wiz_0_0 rise edge)
                                                      6.667     6.667 r  
    BUFGCTRL_X0Y19       BUFG                         0.000     6.667 r  DPU_sys_i/processing_system7_0/inst/buffer_fclk_clk_0.FCLK_CLK_0_BUFG/O
                         net (fo=943, routed)         1.770     8.437    DPU_sys_i/clk_wiz_0/inst/clk_in1
    MMCME2_ADV_X1Y2      MMCME2_ADV (Prop_mmcme2_adv_CLKIN1_CLKOUT0)
                                                     -3.873     4.563 r  DPU_sys_i/clk_wiz_0/inst/mmcm_adv_inst/CLKOUT0
                         net (fo=1, routed)           2.012     6.576    DPU_sys_i/clk_wiz_0/inst/clk_out150Mhz_DPU_sys_clk_wiz_0_0
    BUFGCTRL_X0Y17       BUFG (Prop_bufg_I_O)         0.091     6.667 r  DPU_sys_i/clk_wiz_0/inst/clkout1_buf/O
                         net (fo=40816, routed)       1.654     8.321    DPU_sys_i/dpu_eu_0/inst/g_e584eb07.u_822a997b/u_8329ce29/u_3aa346a2/u_dcd815c9/u_cc4240ab/g_d5115c37[0].u_727df53e/g_7e013b5a[0].g_b95b5937.u_6ee4500c/inst_dsp48e2/m_axi_dpu_aclk
    DSP48_X1Y10          DSP48E1                                      r  DPU_sys_i/dpu_eu_0/inst/g_e584eb07.u_822a997b/u_8329ce29/u_3aa346a2/u_dcd815c9/u_cc4240ab/g_d5115c37[0].u_727df53e/g_7e013b5a[0].g_b95b5937.u_6ee4500c/inst_dsp48e2/g_6e2e42a8.u_dsp48e1/CLK
                         clock pessimism             -0.010     8.311    
                         clock uncertainty           -0.073     8.238    
    DSP48_X1Y10          DSP48E1 (Setup_dsp48e1_CLK_A[0])
                                                     -0.362     7.876    DPU_sys_i/dpu_eu_0/inst/g_e584eb07.u_822a997b/u_8329ce29/u_3aa346a2/u_dcd815c9/u_cc4240ab/g_d5115c37[0].u_727df53e/g_7e013b5a[0].g_b95b5937.u_6ee4500c/inst_dsp48e2/g_6e2e42a8.u_dsp48e1
  -------------------------------------------------------------------
                         required time                          7.876    
                         arrival time                          -8.159    
  -------------------------------------------------------------------
                         slack                                 -0.283    

Slack (VIOLATED) :        -0.278ns  (required time - arrival time)
  Source:                 DPU_sys_i/dpu_eu_0/inst/g_e584eb07.u_822a997b/u_8329ce29/u_3aa346a2/u_dcd815c9/u_cc4240ab/g_d5115c37[0].s_8886257b_reg[8]/C
                            (rising edge-triggered cell FDRE clocked by clk_out150Mhz_DPU_sys_clk_wiz_0_0  {rise@0.000ns fall@3.333ns period=6.667ns})
  Destination:            DPU_sys_i/dpu_eu_0/inst/g_e584eb07.u_822a997b/u_8329ce29/u_3aa346a2/u_dcd815c9/u_cc4240ab/g_d5115c37[0].u_727df53e/g_7e013b5a[0].g_b95b5937.u_6ee4500c/inst_dsp48e2/g_6e2e42a8.u_dsp48e1/A[8]
                            (rising edge-triggered cell DSP48E1 clocked by clk_out150Mhz_DPU_sys_clk_wiz_0_0  {rise@0.000ns fall@3.333ns period=6.667ns})
  Path Group:             clk_out150Mhz_DPU_sys_clk_wiz_0_0
  Path Type:              Setup (Max at Slow Process Corner)
  Requirement:            6.667ns  (clk_out150Mhz_DPU_sys_clk_wiz_0_0 rise@6.667ns - clk_out150Mhz_DPU_sys_clk_wiz_0_0 rise@0.000ns)
  Data Path Delay:        6.102ns  (logic 0.419ns (6.866%)  route 5.683ns (93.134%))
  Logic Levels:           0  
  Clock Path Skew:        -0.235ns (DCD - SCD + CPR)
    Destination Clock Delay (DCD):    1.654ns = ( 8.321 - 6.667 ) 
    Source Clock Delay      (SCD):    1.879ns
    Clock Pessimism Removal (CPR):    -0.010ns
  Clock Uncertainty:      0.073ns  ((TSJ^2 + DJ^2)^1/2) / 2 + PE
    Total System Jitter     (TSJ):    0.071ns
    Discrete Jitter          (DJ):    0.127ns
    Phase Error              (PE):    0.000ns

    Location             Delay type                Incr(ns)  Path(ns)    Netlist Resource(s)
  -------------------------------------------------------------------    -------------------
                         (clock clk_out150Mhz_DPU_sys_clk_wiz_0_0 rise edge)
                                                      0.000     0.000 r  
    BUFGCTRL_X0Y19       BUFG                         0.000     0.000 r  DPU_sys_i/processing_system7_0/inst/buffer_fclk_clk_0.FCLK_CLK_0_BUFG/O
                         net (fo=943, routed)         1.980     1.980    DPU_sys_i/clk_wiz_0/inst/clk_in1
    MMCME2_ADV_X1Y2      MMCME2_ADV (Prop_mmcme2_adv_CLKIN1_CLKOUT0)
                                                     -4.287    -2.307 r  DPU_sys_i/clk_wiz_0/inst/mmcm_adv_inst/CLKOUT0
                         net (fo=1, routed)           2.206    -0.101    DPU_sys_i/clk_wiz_0/inst/clk_out150Mhz_DPU_sys_clk_wiz_0_0
    BUFGCTRL_X0Y17       BUFG (Prop_bufg_I_O)         0.101    -0.000 r  DPU_sys_i/clk_wiz_0/inst/clkout1_buf/O
                         net (fo=40816, routed)       1.879     1.879    DPU_sys_i/dpu_eu_0/inst/g_e584eb07.u_822a997b/u_8329ce29/u_3aa346a2/u_dcd815c9/u_cc4240ab/m_axi_dpu_aclk
    SLICE_X27Y133        FDRE                                         r  DPU_sys_i/dpu_eu_0/inst/g_e584eb07.u_822a997b/u_8329ce29/u_3aa346a2/u_dcd815c9/u_cc4240ab/g_d5115c37[0].s_8886257b_reg[8]/C
  -------------------------------------------------------------------    -------------------
    SLICE_X27Y133        FDRE (Prop_fdre_C_Q)         0.419     2.298 r  DPU_sys_i/dpu_eu_0/inst/g_e584eb07.u_822a997b/u_8329ce29/u_3aa346a2/u_dcd815c9/u_cc4240ab/g_d5115c37[0].s_8886257b_reg[8]/Q
                         net (fo=2, routed)           5.683     7.981    DPU_sys_i/dpu_eu_0/inst/g_e584eb07.u_822a997b/u_8329ce29/u_3aa346a2/u_dcd815c9/u_cc4240ab/g_d5115c37[0].u_727df53e/g_7e013b5a[0].g_b95b5937.u_6ee4500c/inst_dsp48e2/g_6e2e42a8.u_dsp48e1_0[8]
    DSP48_X1Y10          DSP48E1                                      r  DPU_sys_i/dpu_eu_0/inst/g_e584eb07.u_822a997b/u_8329ce29/u_3aa346a2/u_dcd815c9/u_cc4240ab/g_d5115c37[0].u_727df53e/g_7e013b5a[0].g_b95b5937.u_6ee4500c/inst_dsp48e2/g_6e2e42a8.u_dsp48e1/A[8]
  -------------------------------------------------------------------    -------------------

                         (clock clk_out150Mhz_DPU_sys_clk_wiz_0_0 rise edge)
                                                      6.667     6.667 r  
    BUFGCTRL_X0Y19       BUFG                         0.000     6.667 r  DPU_sys_i/processing_system7_0/inst/buffer_fclk_clk_0.FCLK_CLK_0_BUFG/O
                         net (fo=943, routed)         1.770     8.437    DPU_sys_i/clk_wiz_0/inst/clk_in1
    MMCME2_ADV_X1Y2      MMCME2_ADV (Prop_mmcme2_adv_CLKIN1_CLKOUT0)
                                                     -3.873     4.563 r  DPU_sys_i/clk_wiz_0/inst/mmcm_adv_inst/CLKOUT0
                         net (fo=1, routed)           2.012     6.576    DPU_sys_i/clk_wiz_0/inst/clk_out150Mhz_DPU_sys_clk_wiz_0_0
    BUFGCTRL_X0Y17       BUFG (Prop_bufg_I_O)         0.091     6.667 r  DPU_sys_i/clk_wiz_0/inst/clkout1_buf/O
                         net (fo=40816, routed)       1.654     8.321    DPU_sys_i/dpu_eu_0/inst/g_e584eb07.u_822a997b/u_8329ce29/u_3aa346a2/u_dcd815c9/u_cc4240ab/g_d5115c37[0].u_727df53e/g_7e013b5a[0].g_b95b5937.u_6ee4500c/inst_dsp48e2/m_axi_dpu_aclk
    DSP48_X1Y10          DSP48E1                                      r  DPU_sys_i/dpu_eu_0/inst/g_e584eb07.u_822a997b/u_8329ce29/u_3aa346a2/u_dcd815c9/u_cc4240ab/g_d5115c37[0].u_727df53e/g_7e013b5a[0].g_b95b5937.u_6ee4500c/inst_dsp48e2/g_6e2e42a8.u_dsp48e1/CLK
                         clock pessimism             -0.010     8.311    
                         clock uncertainty           -0.073     8.238    
    DSP48_X1Y10          DSP48E1 (Setup_dsp48e1_CLK_A[8])
                                                     -0.534     7.704    DPU_sys_i/dpu_eu_0/inst/g_e584eb07.u_822a997b/u_8329ce29/u_3aa346a2/u_dcd815c9/u_cc4240ab/g_d5115c37[0].u_727df53e/g_7e013b5a[0].g_b95b5937.u_6ee4500c/inst_dsp48e2/g_6e2e42a8.u_dsp48e1
  -------------------------------------------------------------------
                         required time                          7.704    
                         arrival time                          -7.981    
  -------------------------------------------------------------------
                         slack                                 -0.278    

Slack (VIOLATED) :        -0.256ns  (required time - arrival time)
  Source:                 DPU_sys_i/dpu_eu_0/inst/g_e584eb07.u_822a997b/u_8329ce29/u_3aa346a2/u_dcd815c9/u_cc4240ab/g_d5115c37[10].u_727df53e/g_7e013b5a[2].g_b95b5937.u_6ee4500c/s_c4b5ed4b_reg/C
                            (rising edge-triggered cell FDRE clocked by clk_out150Mhz_DPU_sys_clk_wiz_0_0  {rise@0.000ns fall@3.333ns period=6.667ns})
  Destination:            DPU_sys_i/dpu_eu_0/inst/g_e584eb07.u_822a997b/u_8329ce29/u_3aa346a2/u_dcd815c9/u_cc4240ab/g_d5115c37[10].u_727df53e/g_7e013b5a[2].g_b95b5937.u_6ee4500c/inst_dsp48e2/g_6e2e42a8.u_dsp48e1/INMODE[1]
                            (rising edge-triggered cell DSP48E1 clocked by clk_out150Mhz_DPU_sys_clk_wiz_0_0  {rise@0.000ns fall@3.333ns period=6.667ns})
  Path Group:             clk_out150Mhz_DPU_sys_clk_wiz_0_0
  Path Type:              Setup (Max at Slow Process Corner)
  Requirement:            6.667ns  (clk_out150Mhz_DPU_sys_clk_wiz_0_0 rise@6.667ns - clk_out150Mhz_DPU_sys_clk_wiz_0_0 rise@0.000ns)
  Data Path Delay:        3.457ns  (logic 0.518ns (14.986%)  route 2.939ns (85.014%))
  Logic Levels:           0  
  Clock Path Skew:        -0.021ns (DCD - SCD + CPR)
    Destination Clock Delay (DCD):    1.668ns = ( 8.335 - 6.667 ) 
    Source Clock Delay      (SCD):    1.679ns
    Clock Pessimism Removal (CPR):    -0.010ns
  Clock Uncertainty:      0.073ns  ((TSJ^2 + DJ^2)^1/2) / 2 + PE
    Total System Jitter     (TSJ):    0.071ns
    Discrete Jitter          (DJ):    0.127ns
    Phase Error              (PE):    0.000ns

    Location             Delay type                Incr(ns)  Path(ns)    Netlist Resource(s)
  -------------------------------------------------------------------    -------------------
                         (clock clk_out150Mhz_DPU_sys_clk_wiz_0_0 rise edge)
                                                      0.000     0.000 r  
    BUFGCTRL_X0Y19       BUFG                         0.000     0.000 r  DPU_sys_i/processing_system7_0/inst/buffer_fclk_clk_0.FCLK_CLK_0_BUFG/O
                         net (fo=943, routed)         1.980     1.980    DPU_sys_i/clk_wiz_0/inst/clk_in1
    MMCME2_ADV_X1Y2      MMCME2_ADV (Prop_mmcme2_adv_CLKIN1_CLKOUT0)
                                                     -4.287    -2.307 r  DPU_sys_i/clk_wiz_0/inst/mmcm_adv_inst/CLKOUT0
                         net (fo=1, routed)           2.206    -0.101    DPU_sys_i/clk_wiz_0/inst/clk_out150Mhz_DPU_sys_clk_wiz_0_0
    BUFGCTRL_X0Y17       BUFG (Prop_bufg_I_O)         0.101    -0.000 r  DPU_sys_i/clk_wiz_0/inst/clkout1_buf/O
                         net (fo=40816, routed)       1.679     1.679    DPU_sys_i/dpu_eu_0/inst/g_e584eb07.u_822a997b/u_8329ce29/u_3aa346a2/u_dcd815c9/u_cc4240ab/g_d5115c37[10].u_727df53e/g_7e013b5a[2].g_b95b5937.u_6ee4500c/m_axi_dpu_aclk
    SLICE_X30Y74         FDRE                                         r  DPU_sys_i/dpu_eu_0/inst/g_e584eb07.u_822a997b/u_8329ce29/u_3aa346a2/u_dcd815c9/u_cc4240ab/g_d5115c37[10].u_727df53e/g_7e013b5a[2].g_b95b5937.u_6ee4500c/s_c4b5ed4b_reg/C
  -------------------------------------------------------------------    -------------------
    SLICE_X30Y74         FDRE (Prop_fdre_C_Q)         0.518     2.197 r  DPU_sys_i/dpu_eu_0/inst/g_e584eb07.u_822a997b/u_8329ce29/u_3aa346a2/u_dcd815c9/u_cc4240ab/g_d5115c37[10].u_727df53e/g_7e013b5a[2].g_b95b5937.u_6ee4500c/s_c4b5ed4b_reg/Q
                         net (fo=3, routed)           2.939     5.136    DPU_sys_i/dpu_eu_0/inst/g_e584eb07.u_822a997b/u_8329ce29/u_3aa346a2/u_dcd815c9/u_cc4240ab/g_d5115c37[10].u_727df53e/g_7e013b5a[2].g_b95b5937.u_6ee4500c/inst_dsp48e2/g_6e2e42a8.u_dsp48e1_1[0]
    DSP48_X1Y16          DSP48E1                                      r  DPU_sys_i/dpu_eu_0/inst/g_e584eb07.u_822a997b/u_8329ce29/u_3aa346a2/u_dcd815c9/u_cc4240ab/g_d5115c37[10].u_727df53e/g_7e013b5a[2].g_b95b5937.u_6ee4500c/inst_dsp48e2/g_6e2e42a8.u_dsp48e1/INMODE[1]
  -------------------------------------------------------------------    -------------------

                         (clock clk_out150Mhz_DPU_sys_clk_wiz_0_0 rise edge)
                                                      6.667     6.667 r  
    BUFGCTRL_X0Y19       BUFG                         0.000     6.667 r  DPU_sys_i/processing_system7_0/inst/buffer_fclk_clk_0.FCLK_CLK_0_BUFG/O
                         net (fo=943, routed)         1.770     8.437    DPU_sys_i/clk_wiz_0/inst/clk_in1
    MMCME2_ADV_X1Y2      MMCME2_ADV (Prop_mmcme2_adv_CLKIN1_CLKOUT0)
                                                     -3.873     4.563 r  DPU_sys_i/clk_wiz_0/inst/mmcm_adv_inst/CLKOUT0
                         net (fo=1, routed)           2.012     6.576    DPU_sys_i/clk_wiz_0/inst/clk_out150Mhz_DPU_sys_clk_wiz_0_0
    BUFGCTRL_X0Y17       BUFG (Prop_bufg_I_O)         0.091     6.667 r  DPU_sys_i/clk_wiz_0/inst/clkout1_buf/O
                         net (fo=40816, routed)       1.668     8.335    DPU_sys_i/dpu_eu_0/inst/g_e584eb07.u_822a997b/u_8329ce29/u_3aa346a2/u_dcd815c9/u_cc4240ab/g_d5115c37[10].u_727df53e/g_7e013b5a[2].g_b95b5937.u_6ee4500c/inst_dsp48e2/m_axi_dpu_aclk
    DSP48_X1Y16          DSP48E1                                      r  DPU_sys_i/dpu_eu_0/inst/g_e584eb07.u_822a997b/u_8329ce29/u_3aa346a2/u_dcd815c9/u_cc4240ab/g_d5115c37[10].u_727df53e/g_7e013b5a[2].g_b95b5937.u_6ee4500c/inst_dsp48e2/g_6e2e42a8.u_dsp48e1/CLK
                         clock pessimism             -0.010     8.325    
                         clock uncertainty           -0.073     8.252    
    DSP48_X1Y16          DSP48E1 (Setup_dsp48e1_CLK_INMODE[1])
                                                     -3.372     4.880    DPU_sys_i/dpu_eu_0/inst/g_e584eb07.u_822a997b/u_8329ce29/u_3aa346a2/u_dcd815c9/u_cc4240ab/g_d5115c37[10].u_727df53e/g_7e013b5a[2].g_b95b5937.u_6ee4500c/inst_dsp48e2/g_6e2e42a8.u_dsp48e1
  -------------------------------------------------------------------
                         required time                          4.880    
                         arrival time                          -5.136    
  -------------------------------------------------------------------
                         slack                                 -0.256    

Slack (VIOLATED) :        -0.251ns  (required time - arrival time)
  Source:                 DPU_sys_i/dpu_eu_0/inst/g_e584eb07.u_822a997b/u_8329ce29/u_4314ae56/m_dad332bf/m_705b8e64/g_be0756b3[1].s_888b576d_reg[0]/C
                            (rising edge-triggered cell FDRE clocked by clk_out150Mhz_DPU_sys_clk_wiz_0_0  {rise@0.000ns fall@3.333ns period=6.667ns})
  Destination:            DPU_sys_i/dpu_eu_0/inst/g_e584eb07.u_822a997b/u_8329ce29/u_4314ae56/m_dad332bf/m_705b8e64/g_be0756b3[1].s_55eab9ea_reg[3]/CE
                            (rising edge-triggered cell FDRE clocked by clk_out150Mhz_DPU_sys_clk_wiz_0_0  {rise@0.000ns fall@3.333ns period=6.667ns})
  Path Group:             clk_out150Mhz_DPU_sys_clk_wiz_0_0
  Path Type:              Setup (Max at Slow Process Corner)
  Requirement:            6.667ns  (clk_out150Mhz_DPU_sys_clk_wiz_0_0 rise@6.667ns - clk_out150Mhz_DPU_sys_clk_wiz_0_0 rise@0.000ns)
  Data Path Delay:        6.411ns  (logic 1.200ns (18.718%)  route 5.211ns (81.282%))
  Logic Levels:           6  (LUT3=2 LUT4=2 LUT6=2)
  Clock Path Skew:        -0.229ns (DCD - SCD + CPR)
    Destination Clock Delay (DCD):    1.476ns = ( 8.142 - 6.667 ) 
    Source Clock Delay      (SCD):    1.709ns
    Clock Pessimism Removal (CPR):    0.004ns
  Clock Uncertainty:      0.073ns  ((TSJ^2 + DJ^2)^1/2) / 2 + PE
    Total System Jitter     (TSJ):    0.071ns
    Discrete Jitter          (DJ):    0.127ns
    Phase Error              (PE):    0.000ns

    Location             Delay type                Incr(ns)  Path(ns)    Netlist Resource(s)
  -------------------------------------------------------------------    -------------------
                         (clock clk_out150Mhz_DPU_sys_clk_wiz_0_0 rise edge)
                                                      0.000     0.000 r  
    BUFGCTRL_X0Y19       BUFG                         0.000     0.000 r  DPU_sys_i/processing_system7_0/inst/buffer_fclk_clk_0.FCLK_CLK_0_BUFG/O
                         net (fo=943, routed)         1.980     1.980    DPU_sys_i/clk_wiz_0/inst/clk_in1
    MMCME2_ADV_X1Y2      MMCME2_ADV (Prop_mmcme2_adv_CLKIN1_CLKOUT0)
                                                     -4.287    -2.307 r  DPU_sys_i/clk_wiz_0/inst/mmcm_adv_inst/CLKOUT0
                         net (fo=1, routed)           2.206    -0.101    DPU_sys_i/clk_wiz_0/inst/clk_out150Mhz_DPU_sys_clk_wiz_0_0
    BUFGCTRL_X0Y17       BUFG (Prop_bufg_I_O)         0.101    -0.000 r  DPU_sys_i/clk_wiz_0/inst/clkout1_buf/O
                         net (fo=40816, routed)       1.709     1.709    DPU_sys_i/dpu_eu_0/inst/g_e584eb07.u_822a997b/u_8329ce29/u_4314ae56/m_dad332bf/m_705b8e64/m_axi_dpu_aclk
    SLICE_X56Y88         FDRE                                         r  DPU_sys_i/dpu_eu_0/inst/g_e584eb07.u_822a997b/u_8329ce29/u_4314ae56/m_dad332bf/m_705b8e64/g_be0756b3[1].s_888b576d_reg[0]/C
  -------------------------------------------------------------------    -------------------
    SLICE_X56Y88         FDRE (Prop_fdre_C_Q)         0.456     2.165 f  DPU_sys_i/dpu_eu_0/inst/g_e584eb07.u_822a997b/u_8329ce29/u_4314ae56/m_dad332bf/m_705b8e64/g_be0756b3[1].s_888b576d_reg[0]/Q
                         net (fo=34, routed)          0.947     3.112    DPU_sys_i/dpu_eu_0/inst/g_e584eb07.u_822a997b/u_8329ce29/u_4314ae56/m_dad332bf/m_705b8e64/g_be0756b3[1].s_888b576d_reg_n_0_[0]
    SLICE_X56Y91         LUT3 (Prop_lut3_I1_O)        0.124     3.236 r  DPU_sys_i/dpu_eu_0/inst/g_e584eb07.u_822a997b/u_8329ce29/u_4314ae56/m_dad332bf/m_705b8e64/g_be0756b3[1].s_187afe72_i_4/O
                         net (fo=1, routed)           0.983     4.219    DPU_sys_i/dpu_eu_0/inst/g_e584eb07.u_822a997b/u_8329ce29/u_4314ae56/m_dad332bf/m_705b8e64/g_be0756b3[1].s_187afe72_i_4_n_0
    SLICE_X58Y91         LUT6 (Prop_lut6_I0_O)        0.124     4.343 f  DPU_sys_i/dpu_eu_0/inst/g_e584eb07.u_822a997b/u_8329ce29/u_4314ae56/m_dad332bf/m_705b8e64/g_be0756b3[1].s_187afe72_i_2/O
                         net (fo=13, routed)          0.793     5.135    DPU_sys_i/dpu_eu_0/inst/g_e584eb07.u_822a997b/u_8329ce29/u_4314ae56/m_dad332bf/m_705b8e64/g_be0756b3[1].u_565c7de2/g_be0756b3[1].s_55eab9ea_reg[0]
    SLICE_X55Y92         LUT6 (Prop_lut6_I2_O)        0.124     5.259 f  DPU_sys_i/dpu_eu_0/inst/g_e584eb07.u_822a997b/u_8329ce29/u_4314ae56/m_dad332bf/m_705b8e64/g_be0756b3[1].u_565c7de2/g_be0756b3[1].s_9592e805[5]_i_4/O
                         net (fo=19, routed)          0.953     6.212    DPU_sys_i/dpu_eu_0/inst/g_e584eb07.u_822a997b/u_8329ce29/u_4314ae56/m_dad332bf/m_705b8e64/g_be0756b3[1].u_565c7de2/g_be0756b3[1].s_9592e805[5]_i_4_n_0
    SLICE_X49Y91         LUT3 (Prop_lut3_I2_O)        0.124     6.336 r  DPU_sys_i/dpu_eu_0/inst/g_e584eb07.u_822a997b/u_8329ce29/u_4314ae56/m_dad332bf/m_705b8e64/g_be0756b3[1].u_565c7de2/g_be0756b3[1].s_6fdb3b50[3]_i_3/O
                         net (fo=3, routed)           0.616     6.952    DPU_sys_i/dpu_eu_0/inst/g_e584eb07.u_822a997b/u_8329ce29/u_4314ae56/m_dad332bf/m_705b8e64/g_be0756b3[1].u_565c7de2/g_be0756b3[1].s_6fdb3b50[3]_i_3_n_0
    SLICE_X49Y88         LUT4 (Prop_lut4_I3_O)        0.124     7.076 r  DPU_sys_i/dpu_eu_0/inst/g_e584eb07.u_822a997b/u_8329ce29/u_4314ae56/m_dad332bf/m_705b8e64/g_be0756b3[1].u_565c7de2/g_be0756b3[1].s_a0c13185[3]_i_2/O
                         net (fo=5, routed)           0.427     7.503    DPU_sys_i/dpu_eu_0/inst/g_e584eb07.u_822a997b/u_8329ce29/u_4314ae56/m_dad332bf/m_705b8e64/g_be0756b3[1].u_565c7de2/g_be0756b3[1].s_a0c13185[3]_i_2_n_0
    SLICE_X47Y89         LUT4 (Prop_lut4_I3_O)        0.124     7.627 r  DPU_sys_i/dpu_eu_0/inst/g_e584eb07.u_822a997b/u_8329ce29/u_4314ae56/m_dad332bf/m_705b8e64/g_be0756b3[1].u_565c7de2/g_be0756b3[1].s_55eab9ea[4]_i_1/O
                         net (fo=5, routed)           0.493     8.120    DPU_sys_i/dpu_eu_0/inst/g_e584eb07.u_822a997b/u_8329ce29/u_4314ae56/m_dad332bf/m_705b8e64/g_be0756b3[1].u_565c7de2_n_49
    SLICE_X43Y88         FDRE                                         r  DPU_sys_i/dpu_eu_0/inst/g_e584eb07.u_822a997b/u_8329ce29/u_4314ae56/m_dad332bf/m_705b8e64/g_be0756b3[1].s_55eab9ea_reg[3]/CE
  -------------------------------------------------------------------    -------------------

                         (clock clk_out150Mhz_DPU_sys_clk_wiz_0_0 rise edge)
                                                      6.667     6.667 r  
    BUFGCTRL_X0Y19       BUFG                         0.000     6.667 r  DPU_sys_i/processing_system7_0/inst/buffer_fclk_clk_0.FCLK_CLK_0_BUFG/O
                         net (fo=943, routed)         1.770     8.437    DPU_sys_i/clk_wiz_0/inst/clk_in1
    MMCME2_ADV_X1Y2      MMCME2_ADV (Prop_mmcme2_adv_CLKIN1_CLKOUT0)
                                                     -3.873     4.563 r  DPU_sys_i/clk_wiz_0/inst/mmcm_adv_inst/CLKOUT0
                         net (fo=1, routed)           2.012     6.576    DPU_sys_i/clk_wiz_0/inst/clk_out150Mhz_DPU_sys_clk_wiz_0_0
    BUFGCTRL_X0Y17       BUFG (Prop_bufg_I_O)         0.091     6.667 r  DPU_sys_i/clk_wiz_0/inst/clkout1_buf/O
                         net (fo=40816, routed)       1.476     8.142    DPU_sys_i/dpu_eu_0/inst/g_e584eb07.u_822a997b/u_8329ce29/u_4314ae56/m_dad332bf/m_705b8e64/m_axi_dpu_aclk
    SLICE_X43Y88         FDRE                                         r  DPU_sys_i/dpu_eu_0/inst/g_e584eb07.u_822a997b/u_8329ce29/u_4314ae56/m_dad332bf/m_705b8e64/g_be0756b3[1].s_55eab9ea_reg[3]/C
                         clock pessimism              0.004     8.146    
                         clock uncertainty           -0.073     8.074    
    SLICE_X43Y88         FDRE (Setup_fdre_C_CE)      -0.205     7.869    DPU_sys_i/dpu_eu_0/inst/g_e584eb07.u_822a997b/u_8329ce29/u_4314ae56/m_dad332bf/m_705b8e64/g_be0756b3[1].s_55eab9ea_reg[3]
  -------------------------------------------------------------------
                         required time                          7.869    
                         arrival time                          -8.120    
  -------------------------------------------------------------------
                         slack                                 -0.251    





Min Delay Paths
--------------------------------------------------------------------------------------
Slack (MET) :             0.049ns  (arrival time - required time)
  Source:                 DPU_sys_i/dpu_eu_0/inst/g_e584eb07.u_822a997b/u_8329ce29/u_3aa346a2/u_dcd815c9/u_cc4240ab/g_d5115c37[5].u_727df53e/g_7e013b5a[2].u_17965cf0/g_3cbadd10[2].u_3f8488f4/g_9874caef.g_8de8756b.s_bc11f753_reg[14]/C
                            (rising edge-triggered cell FDRE clocked by clk_out150Mhz_DPU_sys_clk_wiz_0_0  {rise@0.000ns fall@3.333ns period=6.667ns})
  Destination:            DPU_sys_i/dpu_eu_0/inst/g_e584eb07.u_822a997b/u_8329ce29/u_3aa346a2/u_dcd815c9/u_cc4240ab/g_d5115c37[5].u_727df53e/g_7e013b5a[2].u_ba79686d/g_5c347808.g_78b48482[14].u_srl/D
                            (rising edge-triggered cell SRL16E clocked by clk_out150Mhz_DPU_sys_clk_wiz_0_0  {rise@0.000ns fall@3.333ns period=6.667ns})
  Path Group:             clk_out150Mhz_DPU_sys_clk_wiz_0_0
  Path Type:              Hold (Min at Fast Process Corner)
  Requirement:            0.000ns  (clk_out150Mhz_DPU_sys_clk_wiz_0_0 rise@0.000ns - clk_out150Mhz_DPU_sys_clk_wiz_0_0 rise@0.000ns)
  Data Path Delay:        0.490ns  (logic 0.141ns (28.799%)  route 0.349ns (71.201%))
  Logic Levels:           0  
  Clock Path Skew:        0.257ns (DCD - SCD - CPR)
    Destination Clock Delay (DCD):    0.808ns
    Source Clock Delay      (SCD):    0.546ns
    Clock Pessimism Removal (CPR):    0.005ns

    Location             Delay type                Incr(ns)  Path(ns)    Netlist Resource(s)
  -------------------------------------------------------------------    -------------------
                         (clock clk_out150Mhz_DPU_sys_clk_wiz_0_0 rise edge)
                                                      0.000     0.000 r  
    BUFGCTRL_X0Y19       BUFG                         0.000     0.000 r  DPU_sys_i/processing_system7_0/inst/buffer_fclk_clk_0.FCLK_CLK_0_BUFG/O
                         net (fo=943, routed)         0.672     0.672    DPU_sys_i/clk_wiz_0/inst/clk_in1
    MMCME2_ADV_X1Y2      MMCME2_ADV (Prop_mmcme2_adv_CLKIN1_CLKOUT0)
                                                     -1.395    -0.722 r  DPU_sys_i/clk_wiz_0/inst/mmcm_adv_inst/CLKOUT0
                         net (fo=1, routed)           0.696    -0.026    DPU_sys_i/clk_wiz_0/inst/clk_out150Mhz_DPU_sys_clk_wiz_0_0
    BUFGCTRL_X0Y17       BUFG (Prop_bufg_I_O)         0.026    -0.000 r  DPU_sys_i/clk_wiz_0/inst/clkout1_buf/O
                         net (fo=40816, routed)       0.546     0.546    DPU_sys_i/dpu_eu_0/inst/g_e584eb07.u_822a997b/u_8329ce29/u_3aa346a2/u_dcd815c9/u_cc4240ab/g_d5115c37[5].u_727df53e/g_7e013b5a[2].u_17965cf0/g_3cbadd10[2].u_3f8488f4/m_axi_dpu_aclk
    SLICE_X52Y82         FDRE                                         r  DPU_sys_i/dpu_eu_0/inst/g_e584eb07.u_822a997b/u_8329ce29/u_3aa346a2/u_dcd815c9/u_cc4240ab/g_d5115c37[5].u_727df53e/g_7e013b5a[2].u_17965cf0/g_3cbadd10[2].u_3f8488f4/g_9874caef.g_8de8756b.s_bc11f753_reg[14]/C
  -------------------------------------------------------------------    -------------------
    SLICE_X52Y82         FDRE (Prop_fdre_C_Q)         0.141     0.687 r  DPU_sys_i/dpu_eu_0/inst/g_e584eb07.u_822a997b/u_8329ce29/u_3aa346a2/u_dcd815c9/u_cc4240ab/g_d5115c37[5].u_727df53e/g_7e013b5a[2].u_17965cf0/g_3cbadd10[2].u_3f8488f4/g_9874caef.g_8de8756b.s_bc11f753_reg[14]/Q
                         net (fo=1, routed)           0.349     1.035    DPU_sys_i/dpu_eu_0/inst/g_e584eb07.u_822a997b/u_8329ce29/u_3aa346a2/u_dcd815c9/u_cc4240ab/g_d5115c37[5].u_727df53e/g_7e013b5a[2].u_ba79686d/Q[14]
    SLICE_X38Y75         SRL16E                                       r  DPU_sys_i/dpu_eu_0/inst/g_e584eb07.u_822a997b/u_8329ce29/u_3aa346a2/u_dcd815c9/u_cc4240ab/g_d5115c37[5].u_727df53e/g_7e013b5a[2].u_ba79686d/g_5c347808.g_78b48482[14].u_srl/D
  -------------------------------------------------------------------    -------------------

                         (clock clk_out150Mhz_DPU_sys_clk_wiz_0_0 rise edge)
                                                      0.000     0.000 r  
    BUFGCTRL_X0Y19       BUFG                         0.000     0.000 r  DPU_sys_i/processing_system7_0/inst/buffer_fclk_clk_0.FCLK_CLK_0_BUFG/O
                         net (fo=943, routed)         0.945     0.945    DPU_sys_i/clk_wiz_0/inst/clk_in1
    MMCME2_ADV_X1Y2      MMCME2_ADV (Prop_mmcme2_adv_CLKIN1_CLKOUT0)
                                                     -1.726    -0.781 r  DPU_sys_i/clk_wiz_0/inst/mmcm_adv_inst/CLKOUT0
                         net (fo=1, routed)           0.752    -0.029    DPU_sys_i/clk_wiz_0/inst/clk_out150Mhz_DPU_sys_clk_wiz_0_0
    BUFGCTRL_X0Y17       BUFG (Prop_bufg_I_O)         0.029     0.000 r  DPU_sys_i/clk_wiz_0/inst/clkout1_buf/O
                         net (fo=40816, routed)       0.808     0.808    DPU_sys_i/dpu_eu_0/inst/g_e584eb07.u_822a997b/u_8329ce29/u_3aa346a2/u_dcd815c9/u_cc4240ab/g_d5115c37[5].u_727df53e/g_7e013b5a[2].u_ba79686d/m_axi_dpu_aclk
    SLICE_X38Y75         SRL16E                                       r  DPU_sys_i/dpu_eu_0/inst/g_e584eb07.u_822a997b/u_8329ce29/u_3aa346a2/u_dcd815c9/u_cc4240ab/g_d5115c37[5].u_727df53e/g_7e013b5a[2].u_ba79686d/g_5c347808.g_78b48482[14].u_srl/CLK
                         clock pessimism             -0.005     0.803    
    SLICE_X38Y75         SRL16E (Hold_srl16e_CLK_D)
                                                      0.183     0.986    DPU_sys_i/dpu_eu_0/inst/g_e584eb07.u_822a997b/u_8329ce29/u_3aa346a2/u_dcd815c9/u_cc4240ab/g_d5115c37[5].u_727df53e/g_7e013b5a[2].u_ba79686d/g_5c347808.g_78b48482[14].u_srl
  -------------------------------------------------------------------
                         required time                         -0.986    
                         arrival time                           1.035    
  -------------------------------------------------------------------
                         slack                                  0.049    

Slack (MET) :             0.051ns  (arrival time - required time)
  Source:                 DPU_sys_i/dpu_eu_0/inst/g_e584eb07.u_822a997b/u_8329ce29/u_25c793f4/u_a8973e47/s_67cdcada_reg[33]/C
                            (rising edge-triggered cell FDRE clocked by clk_out150Mhz_DPU_sys_clk_wiz_0_0  {rise@0.000ns fall@3.333ns period=6.667ns})
  Destination:            DPU_sys_i/dpu_eu_0/inst/g_e584eb07.u_822a997b/u_8329ce29/u_25c793f4/u_8f276c93/g_d4cf40a3[0].u_aa097d77/s_c6b14ab1_reg[16]/D
                            (rising edge-triggered cell FDRE clocked by clk_out150Mhz_DPU_sys_clk_wiz_0_0  {rise@0.000ns fall@3.333ns period=6.667ns})
  Path Group:             clk_out150Mhz_DPU_sys_clk_wiz_0_0
  Path Type:              Hold (Min at Fast Process Corner)
  Requirement:            0.000ns  (clk_out150Mhz_DPU_sys_clk_wiz_0_0 rise@0.000ns - clk_out150Mhz_DPU_sys_clk_wiz_0_0 rise@0.000ns)
  Data Path Delay:        0.364ns  (logic 0.141ns (38.714%)  route 0.223ns (61.286%))
  Logic Levels:           0  
  Clock Path Skew:        0.266ns (DCD - SCD - CPR)
    Destination Clock Delay (DCD):    0.830ns
    Source Clock Delay      (SCD):    0.559ns
    Clock Pessimism Removal (CPR):    0.005ns

    Location             Delay type                Incr(ns)  Path(ns)    Netlist Resource(s)
  -------------------------------------------------------------------    -------------------
                         (clock clk_out150Mhz_DPU_sys_clk_wiz_0_0 rise edge)
                                                      0.000     0.000 r  
    BUFGCTRL_X0Y19       BUFG                         0.000     0.000 r  DPU_sys_i/processing_system7_0/inst/buffer_fclk_clk_0.FCLK_CLK_0_BUFG/O
                         net (fo=943, routed)         0.672     0.672    DPU_sys_i/clk_wiz_0/inst/clk_in1
    MMCME2_ADV_X1Y2      MMCME2_ADV (Prop_mmcme2_adv_CLKIN1_CLKOUT0)
                                                     -1.395    -0.722 r  DPU_sys_i/clk_wiz_0/inst/mmcm_adv_inst/CLKOUT0
                         net (fo=1, routed)           0.696    -0.026    DPU_sys_i/clk_wiz_0/inst/clk_out150Mhz_DPU_sys_clk_wiz_0_0
    BUFGCTRL_X0Y17       BUFG (Prop_bufg_I_O)         0.026    -0.000 r  DPU_sys_i/clk_wiz_0/inst/clkout1_buf/O
                         net (fo=40816, routed)       0.559     0.559    DPU_sys_i/dpu_eu_0/inst/g_e584eb07.u_822a997b/u_8329ce29/u_25c793f4/u_a8973e47/m_axi_dpu_aclk
    SLICE_X51Y49         FDRE                                         r  DPU_sys_i/dpu_eu_0/inst/g_e584eb07.u_822a997b/u_8329ce29/u_25c793f4/u_a8973e47/s_67cdcada_reg[33]/C
  -------------------------------------------------------------------    -------------------
    SLICE_X51Y49         FDRE (Prop_fdre_C_Q)         0.141     0.700 r  DPU_sys_i/dpu_eu_0/inst/g_e584eb07.u_822a997b/u_8329ce29/u_25c793f4/u_a8973e47/s_67cdcada_reg[33]/Q
                         net (fo=2, routed)           0.223     0.923    DPU_sys_i/dpu_eu_0/inst/g_e584eb07.u_822a997b/u_8329ce29/u_25c793f4/u_8f276c93/g_d4cf40a3[0].u_aa097d77/s_c6b14ab1_reg[16]_0[16]
    SLICE_X48Y48         FDRE                                         r  DPU_sys_i/dpu_eu_0/inst/g_e584eb07.u_822a997b/u_8329ce29/u_25c793f4/u_8f276c93/g_d4cf40a3[0].u_aa097d77/s_c6b14ab1_reg[16]/D
  -------------------------------------------------------------------    -------------------

                         (clock clk_out150Mhz_DPU_sys_clk_wiz_0_0 rise edge)
                                                      0.000     0.000 r  
    BUFGCTRL_X0Y19       BUFG                         0.000     0.000 r  DPU_sys_i/processing_system7_0/inst/buffer_fclk_clk_0.FCLK_CLK_0_BUFG/O
                         net (fo=943, routed)         0.945     0.945    DPU_sys_i/clk_wiz_0/inst/clk_in1
    MMCME2_ADV_X1Y2      MMCME2_ADV (Prop_mmcme2_adv_CLKIN1_CLKOUT0)
                                                     -1.726    -0.781 r  DPU_sys_i/clk_wiz_0/inst/mmcm_adv_inst/CLKOUT0
                         net (fo=1, routed)           0.752    -0.029    DPU_sys_i/clk_wiz_0/inst/clk_out150Mhz_DPU_sys_clk_wiz_0_0
    BUFGCTRL_X0Y17       BUFG (Prop_bufg_I_O)         0.029     0.000 r  DPU_sys_i/clk_wiz_0/inst/clkout1_buf/O
                         net (fo=40816, routed)       0.830     0.830    DPU_sys_i/dpu_eu_0/inst/g_e584eb07.u_822a997b/u_8329ce29/u_25c793f4/u_8f276c93/g_d4cf40a3[0].u_aa097d77/m_axi_dpu_aclk
    SLICE_X48Y48         FDRE                                         r  DPU_sys_i/dpu_eu_0/inst/g_e584eb07.u_822a997b/u_8329ce29/u_25c793f4/u_8f276c93/g_d4cf40a3[0].u_aa097d77/s_c6b14ab1_reg[16]/C
                         clock pessimism             -0.005     0.825    
    SLICE_X48Y48         FDRE (Hold_fdre_C_D)         0.047     0.872    DPU_sys_i/dpu_eu_0/inst/g_e584eb07.u_822a997b/u_8329ce29/u_25c793f4/u_8f276c93/g_d4cf40a3[0].u_aa097d77/s_c6b14ab1_reg[16]
  -------------------------------------------------------------------
                         required time                         -0.872    
                         arrival time                           0.923    
  -------------------------------------------------------------------
                         slack                                  0.051    

Slack (MET) :             0.051ns  (arrival time - required time)
  Source:                 DPU_sys_i/dpu_eu_0/inst/g_e584eb07.u_822a997b/u_8329ce29/u_030d789c/u_099c94b4/g_64cdfbca[0].u_d4d6c03f/g_e9ef34cd[1].g_6d745a4a.s_9b77c7af_reg[1][45]/C
                            (rising edge-triggered cell FDRE clocked by clk_out150Mhz_DPU_sys_clk_wiz_0_0  {rise@0.000ns fall@3.333ns period=6.667ns})
  Destination:            DPU_sys_i/dpu_eu_0/inst/g_e584eb07.u_822a997b/u_8329ce29/u_3aa346a2/u_4fc06dda/u_5e5a7180/g_3fc22ade.s_b781e8f7_reg[141]/D
                            (rising edge-triggered cell FDRE clocked by clk_out150Mhz_DPU_sys_clk_wiz_0_0  {rise@0.000ns fall@3.333ns period=6.667ns})
  Path Group:             clk_out150Mhz_DPU_sys_clk_wiz_0_0
  Path Type:              Hold (Min at Fast Process Corner)
  Requirement:            0.000ns  (clk_out150Mhz_DPU_sys_clk_wiz_0_0 rise@0.000ns - clk_out150Mhz_DPU_sys_clk_wiz_0_0 rise@0.000ns)
  Data Path Delay:        0.377ns  (logic 0.141ns (37.379%)  route 0.236ns (62.621%))
  Logic Levels:           0  
  Clock Path Skew:        0.254ns (DCD - SCD - CPR)
    Destination Clock Delay (DCD):    0.812ns
    Source Clock Delay      (SCD):    0.553ns
    Clock Pessimism Removal (CPR):    0.005ns

    Location             Delay type                Incr(ns)  Path(ns)    Netlist Resource(s)
  -------------------------------------------------------------------    -------------------
                         (clock clk_out150Mhz_DPU_sys_clk_wiz_0_0 rise edge)
                                                      0.000     0.000 r  
    BUFGCTRL_X0Y19       BUFG                         0.000     0.000 r  DPU_sys_i/processing_system7_0/inst/buffer_fclk_clk_0.FCLK_CLK_0_BUFG/O
                         net (fo=943, routed)         0.672     0.672    DPU_sys_i/clk_wiz_0/inst/clk_in1
    MMCME2_ADV_X1Y2      MMCME2_ADV (Prop_mmcme2_adv_CLKIN1_CLKOUT0)
                                                     -1.395    -0.722 r  DPU_sys_i/clk_wiz_0/inst/mmcm_adv_inst/CLKOUT0
                         net (fo=1, routed)           0.696    -0.026    DPU_sys_i/clk_wiz_0/inst/clk_out150Mhz_DPU_sys_clk_wiz_0_0
    BUFGCTRL_X0Y17       BUFG (Prop_bufg_I_O)         0.026    -0.000 r  DPU_sys_i/clk_wiz_0/inst/clkout1_buf/O
                         net (fo=40816, routed)       0.553     0.553    DPU_sys_i/dpu_eu_0/inst/g_e584eb07.u_822a997b/u_8329ce29/u_030d789c/u_099c94b4/g_64cdfbca[0].u_d4d6c03f/m_axi_dpu_aclk
    SLICE_X44Y29         FDRE                                         r  DPU_sys_i/dpu_eu_0/inst/g_e584eb07.u_822a997b/u_8329ce29/u_030d789c/u_099c94b4/g_64cdfbca[0].u_d4d6c03f/g_e9ef34cd[1].g_6d745a4a.s_9b77c7af_reg[1][45]/C
  -------------------------------------------------------------------    -------------------
    SLICE_X44Y29         FDRE (Prop_fdre_C_Q)         0.141     0.694 r  DPU_sys_i/dpu_eu_0/inst/g_e584eb07.u_822a997b/u_8329ce29/u_030d789c/u_099c94b4/g_64cdfbca[0].u_d4d6c03f/g_e9ef34cd[1].g_6d745a4a.s_9b77c7af_reg[1][45]/Q
                         net (fo=1, routed)           0.236     0.930    DPU_sys_i/dpu_eu_0/inst/g_e584eb07.u_822a997b/u_8329ce29/u_3aa346a2/u_4fc06dda/u_5e5a7180/g_3fc22ade.s_b781e8f7_reg[383]_0[141]
    SLICE_X53Y27         FDRE                                         r  DPU_sys_i/dpu_eu_0/inst/g_e584eb07.u_822a997b/u_8329ce29/u_3aa346a2/u_4fc06dda/u_5e5a7180/g_3fc22ade.s_b781e8f7_reg[141]/D
  -------------------------------------------------------------------    -------------------

                         (clock clk_out150Mhz_DPU_sys_clk_wiz_0_0 rise edge)
                                                      0.000     0.000 r  
    BUFGCTRL_X0Y19       BUFG                         0.000     0.000 r  DPU_sys_i/processing_system7_0/inst/buffer_fclk_clk_0.FCLK_CLK_0_BUFG/O
                         net (fo=943, routed)         0.945     0.945    DPU_sys_i/clk_wiz_0/inst/clk_in1
    MMCME2_ADV_X1Y2      MMCME2_ADV (Prop_mmcme2_adv_CLKIN1_CLKOUT0)
                                                     -1.726    -0.781 r  DPU_sys_i/clk_wiz_0/inst/mmcm_adv_inst/CLKOUT0
                         net (fo=1, routed)           0.752    -0.029    DPU_sys_i/clk_wiz_0/inst/clk_out150Mhz_DPU_sys_clk_wiz_0_0
    BUFGCTRL_X0Y17       BUFG (Prop_bufg_I_O)         0.029     0.000 r  DPU_sys_i/clk_wiz_0/inst/clkout1_buf/O
                         net (fo=40816, routed)       0.812     0.812    DPU_sys_i/dpu_eu_0/inst/g_e584eb07.u_822a997b/u_8329ce29/u_3aa346a2/u_4fc06dda/u_5e5a7180/m_axi_dpu_aclk
    SLICE_X53Y27         FDRE                                         r  DPU_sys_i/dpu_eu_0/inst/g_e584eb07.u_822a997b/u_8329ce29/u_3aa346a2/u_4fc06dda/u_5e5a7180/g_3fc22ade.s_b781e8f7_reg[141]/C
                         clock pessimism             -0.005     0.807    
    SLICE_X53Y27         FDRE (Hold_fdre_C_D)         0.072     0.879    DPU_sys_i/dpu_eu_0/inst/g_e584eb07.u_822a997b/u_8329ce29/u_3aa346a2/u_4fc06dda/u_5e5a7180/g_3fc22ade.s_b781e8f7_reg[141]
  -------------------------------------------------------------------
                         required time                         -0.879    
                         arrival time                           0.930    
  -------------------------------------------------------------------
                         slack                                  0.051    

Slack (MET) :             0.052ns  (arrival time - required time)
  Source:                 DPU_sys_i/dpu_eu_0/inst/g_e584eb07.u_822a997b/u_8329ce29/u_d185dc89/u_1c8d8ad4/u_2917af6a/s_6cd9f7ea_reg[58]/C
                            (rising edge-triggered cell FDRE clocked by clk_out150Mhz_DPU_sys_clk_wiz_0_0  {rise@0.000ns fall@3.333ns period=6.667ns})
  Destination:            DPU_sys_i/dpu_eu_0/inst/g_e584eb07.u_822a997b/u_8329ce29/u_d185dc89/u_1c8d8ad4/u_2917af6a/s_6e8667e2_reg[58]/D
                            (rising edge-triggered cell FDRE clocked by clk_out150Mhz_DPU_sys_clk_wiz_0_0  {rise@0.000ns fall@3.333ns period=6.667ns})
  Path Group:             clk_out150Mhz_DPU_sys_clk_wiz_0_0
  Path Type:              Hold (Min at Fast Process Corner)
  Requirement:            0.000ns  (clk_out150Mhz_DPU_sys_clk_wiz_0_0 rise@0.000ns - clk_out150Mhz_DPU_sys_clk_wiz_0_0 rise@0.000ns)
  Data Path Delay:        0.349ns  (logic 0.128ns (36.650%)  route 0.221ns (63.350%))
  Logic Levels:           0  
  Clock Path Skew:        0.275ns (DCD - SCD - CPR)
    Destination Clock Delay (DCD):    0.854ns
    Source Clock Delay      (SCD):    0.579ns
    Clock Pessimism Removal (CPR):    -0.000ns

    Location             Delay type                Incr(ns)  Path(ns)    Netlist Resource(s)
  -------------------------------------------------------------------    -------------------
                         (clock clk_out150Mhz_DPU_sys_clk_wiz_0_0 rise edge)
                                                      0.000     0.000 r  
    BUFGCTRL_X0Y19       BUFG                         0.000     0.000 r  DPU_sys_i/processing_system7_0/inst/buffer_fclk_clk_0.FCLK_CLK_0_BUFG/O
                         net (fo=943, routed)         0.672     0.672    DPU_sys_i/clk_wiz_0/inst/clk_in1
    MMCME2_ADV_X1Y2      MMCME2_ADV (Prop_mmcme2_adv_CLKIN1_CLKOUT0)
                                                     -1.395    -0.722 r  DPU_sys_i/clk_wiz_0/inst/mmcm_adv_inst/CLKOUT0
                         net (fo=1, routed)           0.696    -0.026    DPU_sys_i/clk_wiz_0/inst/clk_out150Mhz_DPU_sys_clk_wiz_0_0
    BUFGCTRL_X0Y17       BUFG (Prop_bufg_I_O)         0.026    -0.000 r  DPU_sys_i/clk_wiz_0/inst/clkout1_buf/O
                         net (fo=40816, routed)       0.579     0.579    DPU_sys_i/dpu_eu_0/inst/g_e584eb07.u_822a997b/u_8329ce29/u_d185dc89/u_1c8d8ad4/u_2917af6a/m_axi_dpu_aclk
    SLICE_X67Y54         FDRE                                         r  DPU_sys_i/dpu_eu_0/inst/g_e584eb07.u_822a997b/u_8329ce29/u_d185dc89/u_1c8d8ad4/u_2917af6a/s_6cd9f7ea_reg[58]/C
  -------------------------------------------------------------------    -------------------
    SLICE_X67Y54         FDRE (Prop_fdre_C_Q)         0.128     0.707 r  DPU_sys_i/dpu_eu_0/inst/g_e584eb07.u_822a997b/u_8329ce29/u_d185dc89/u_1c8d8ad4/u_2917af6a/s_6cd9f7ea_reg[58]/Q
                         net (fo=3, routed)           0.221     0.928    DPU_sys_i/dpu_eu_0/inst/g_e584eb07.u_822a997b/u_8329ce29/u_d185dc89/u_1c8d8ad4/u_2917af6a/s_6cd9f7ea_reg_n_0_[58]
    SLICE_X67Y47         FDRE                                         r  DPU_sys_i/dpu_eu_0/inst/g_e584eb07.u_822a997b/u_8329ce29/u_d185dc89/u_1c8d8ad4/u_2917af6a/s_6e8667e2_reg[58]/D
  -------------------------------------------------------------------    -------------------

                         (clock clk_out150Mhz_DPU_sys_clk_wiz_0_0 rise edge)
                                                      0.000     0.000 r  
    BUFGCTRL_X0Y19       BUFG                         0.000     0.000 r  DPU_sys_i/processing_system7_0/inst/buffer_fclk_clk_0.FCLK_CLK_0_BUFG/O
                         net (fo=943, routed)         0.945     0.945    DPU_sys_i/clk_wiz_0/inst/clk_in1
    MMCME2_ADV_X1Y2      MMCME2_ADV (Prop_mmcme2_adv_CLKIN1_CLKOUT0)
                                                     -1.726    -0.781 r  DPU_sys_i/clk_wiz_0/inst/mmcm_adv_inst/CLKOUT0
                         net (fo=1, routed)           0.752    -0.029    DPU_sys_i/clk_wiz_0/inst/clk_out150Mhz_DPU_sys_clk_wiz_0_0
    BUFGCTRL_X0Y17       BUFG (Prop_bufg_I_O)         0.029     0.000 r  DPU_sys_i/clk_wiz_0/inst/clkout1_buf/O
                         net (fo=40816, routed)       0.854     0.854    DPU_sys_i/dpu_eu_0/inst/g_e584eb07.u_822a997b/u_8329ce29/u_d185dc89/u_1c8d8ad4/u_2917af6a/m_axi_dpu_aclk
    SLICE_X67Y47         FDRE                                         r  DPU_sys_i/dpu_eu_0/inst/g_e584eb07.u_822a997b/u_8329ce29/u_d185dc89/u_1c8d8ad4/u_2917af6a/s_6e8667e2_reg[58]/C
                         clock pessimism              0.000     0.854    
    SLICE_X67Y47         FDRE (Hold_fdre_C_D)         0.022     0.876    DPU_sys_i/dpu_eu_0/inst/g_e584eb07.u_822a997b/u_8329ce29/u_d185dc89/u_1c8d8ad4/u_2917af6a/s_6e8667e2_reg[58]
  -------------------------------------------------------------------
                         required time                         -0.876    
                         arrival time                           0.928    
  -------------------------------------------------------------------
                         slack                                  0.052    

Slack (MET) :             0.052ns  (arrival time - required time)
  Source:                 DPU_sys_i/dpu_eu_0/inst/g_e584eb07.u_822a997b/u_8329ce29/u_3aa346a2/u_dcd815c9/u_cc4240ab/g_d5115c37[2].u_727df53e/g_7e013b5a[0].u_17965cf0/g_3cbadd10[0].u_3f8488f4/g_76ac48ca.g_28df02a4[2].g_8de8756b.s_bc11f753_reg[17]/C
                            (rising edge-triggered cell FDRE clocked by clk_out150Mhz_DPU_sys_clk_wiz_0_0  {rise@0.000ns fall@3.333ns period=6.667ns})
  Destination:            DPU_sys_i/dpu_eu_0/inst/g_e584eb07.u_822a997b/u_8329ce29/u_3aa346a2/u_dcd815c9/u_cc4240ab/g_d5115c37[2].u_727df53e/g_7e013b5a[0].u_17965cf0/g_3cbadd10[1].u_3f8488f4/g_76ac48ca.g_28df02a4[0].g_8de8756b.s_bc11f753_reg[17]/D
                            (rising edge-triggered cell FDRE clocked by clk_out150Mhz_DPU_sys_clk_wiz_0_0  {rise@0.000ns fall@3.333ns period=6.667ns})
  Path Group:             clk_out150Mhz_DPU_sys_clk_wiz_0_0
  Path Type:              Hold (Min at Fast Process Corner)
  Requirement:            0.000ns  (clk_out150Mhz_DPU_sys_clk_wiz_0_0 rise@0.000ns - clk_out150Mhz_DPU_sys_clk_wiz_0_0 rise@0.000ns)
  Data Path Delay:        0.422ns  (logic 0.251ns (59.433%)  route 0.171ns (40.567%))
  Logic Levels:           2  (CARRY4=1 LUT6=1)
  Clock Path Skew:        0.265ns (DCD - SCD - CPR)
    Destination Clock Delay (DCD):    0.813ns
    Source Clock Delay      (SCD):    0.543ns
    Clock Pessimism Removal (CPR):    0.005ns

    Location             Delay type                Incr(ns)  Path(ns)    Netlist Resource(s)
  -------------------------------------------------------------------    -------------------
                         (clock clk_out150Mhz_DPU_sys_clk_wiz_0_0 rise edge)
                                                      0.000     0.000 r  
    BUFGCTRL_X0Y19       BUFG                         0.000     0.000 r  DPU_sys_i/processing_system7_0/inst/buffer_fclk_clk_0.FCLK_CLK_0_BUFG/O
                         net (fo=943, routed)         0.672     0.672    DPU_sys_i/clk_wiz_0/inst/clk_in1
    MMCME2_ADV_X1Y2      MMCME2_ADV (Prop_mmcme2_adv_CLKIN1_CLKOUT0)
                                                     -1.395    -0.722 r  DPU_sys_i/clk_wiz_0/inst/mmcm_adv_inst/CLKOUT0
                         net (fo=1, routed)           0.696    -0.026    DPU_sys_i/clk_wiz_0/inst/clk_out150Mhz_DPU_sys_clk_wiz_0_0
    BUFGCTRL_X0Y17       BUFG (Prop_bufg_I_O)         0.026    -0.000 r  DPU_sys_i/clk_wiz_0/inst/clkout1_buf/O
                         net (fo=40816, routed)       0.543     0.543    DPU_sys_i/dpu_eu_0/inst/g_e584eb07.u_822a997b/u_8329ce29/u_3aa346a2/u_dcd815c9/u_cc4240ab/g_d5115c37[2].u_727df53e/g_7e013b5a[0].u_17965cf0/g_3cbadd10[0].u_3f8488f4/m_axi_dpu_aclk
    SLICE_X51Y79         FDRE                                         r  DPU_sys_i/dpu_eu_0/inst/g_e584eb07.u_822a997b/u_8329ce29/u_3aa346a2/u_dcd815c9/u_cc4240ab/g_d5115c37[2].u_727df53e/g_7e013b5a[0].u_17965cf0/g_3cbadd10[0].u_3f8488f4/g_76ac48ca.g_28df02a4[2].g_8de8756b.s_bc11f753_reg[17]/C
  -------------------------------------------------------------------    -------------------
    SLICE_X51Y79         FDRE (Prop_fdre_C_Q)         0.141     0.684 r  DPU_sys_i/dpu_eu_0/inst/g_e584eb07.u_822a997b/u_8329ce29/u_3aa346a2/u_dcd815c9/u_cc4240ab/g_d5115c37[2].u_727df53e/g_7e013b5a[0].u_17965cf0/g_3cbadd10[0].u_3f8488f4/g_76ac48ca.g_28df02a4[2].g_8de8756b.s_bc11f753_reg[17]/Q
                         net (fo=4, routed)           0.171     0.855    DPU_sys_i/dpu_eu_0/inst/g_e584eb07.u_822a997b/u_8329ce29/u_3aa346a2/u_dcd815c9/u_cc4240ab/g_d5115c37[2].u_727df53e/g_7e013b5a[0].u_17965cf0/g_3cbadd10[0].u_3f8488f4/g_76ac48ca.g_28df02a4[2].g_8de8756b.s_bc11f753_reg[17]_0[17]
    SLICE_X49Y79         LUT6 (Prop_lut6_I1_O)        0.045     0.900 r  DPU_sys_i/dpu_eu_0/inst/g_e584eb07.u_822a997b/u_8329ce29/u_3aa346a2/u_dcd815c9/u_cc4240ab/g_d5115c37[2].u_727df53e/g_7e013b5a[0].u_17965cf0/g_3cbadd10[0].u_3f8488f4/g_76ac48ca.g_28df02a4[0].g_8de8756b.s_bc11f753[19]_i_6__11/O
                         net (fo=1, routed)           0.000     0.900    DPU_sys_i/dpu_eu_0/inst/g_e584eb07.u_822a997b/u_8329ce29/u_3aa346a2/u_dcd815c9/u_cc4240ab/g_d5115c37[2].u_727df53e/g_7e013b5a[0].u_17965cf0/g_3cbadd10[1].u_3f8488f4/g_76ac48ca.g_28df02a4[0].g_8de8756b.u_77891990/S[0]
    SLICE_X49Y79         CARRY4 (Prop_carry4_S[1]_O[1])
                                                      0.065     0.965 r  DPU_sys_i/dpu_eu_0/inst/g_e584eb07.u_822a997b/u_8329ce29/u_3aa346a2/u_dcd815c9/u_cc4240ab/g_d5115c37[2].u_727df53e/g_7e013b5a[0].u_17965cf0/g_3cbadd10[1].u_3f8488f4/g_76ac48ca.g_28df02a4[0].g_8de8756b.u_77891990/g_76ac48ca.g_28df02a4[0].g_8de8756b.s_bc11f753_reg[19]_i_1/O[1]
                         net (fo=1, routed)           0.000     0.965    DPU_sys_i/dpu_eu_0/inst/g_e584eb07.u_822a997b/u_8329ce29/u_3aa346a2/u_dcd815c9/u_cc4240ab/g_d5115c37[2].u_727df53e/g_7e013b5a[0].u_17965cf0/g_3cbadd10[1].u_3f8488f4/g_76ac48ca.g_28df02a4[0].g_8de8756b.u_77891990_n_2
    SLICE_X49Y79         FDRE                                         r  DPU_sys_i/dpu_eu_0/inst/g_e584eb07.u_822a997b/u_8329ce29/u_3aa346a2/u_dcd815c9/u_cc4240ab/g_d5115c37[2].u_727df53e/g_7e013b5a[0].u_17965cf0/g_3cbadd10[1].u_3f8488f4/g_76ac48ca.g_28df02a4[0].g_8de8756b.s_bc11f753_reg[17]/D
  -------------------------------------------------------------------    -------------------

                         (clock clk_out150Mhz_DPU_sys_clk_wiz_0_0 rise edge)
                                                      0.000     0.000 r  
    BUFGCTRL_X0Y19       BUFG                         0.000     0.000 r  DPU_sys_i/processing_system7_0/inst/buffer_fclk_clk_0.FCLK_CLK_0_BUFG/O
                         net (fo=943, routed)         0.945     0.945    DPU_sys_i/clk_wiz_0/inst/clk_in1
    MMCME2_ADV_X1Y2      MMCME2_ADV (Prop_mmcme2_adv_CLKIN1_CLKOUT0)
                                                     -1.726    -0.781 r  DPU_sys_i/clk_wiz_0/inst/mmcm_adv_inst/CLKOUT0
                         net (fo=1, routed)           0.752    -0.029    DPU_sys_i/clk_wiz_0/inst/clk_out150Mhz_DPU_sys_clk_wiz_0_0
    BUFGCTRL_X0Y17       BUFG (Prop_bufg_I_O)         0.029     0.000 r  DPU_sys_i/clk_wiz_0/inst/clkout1_buf/O
                         net (fo=40816, routed)       0.813     0.813    DPU_sys_i/dpu_eu_0/inst/g_e584eb07.u_822a997b/u_8329ce29/u_3aa346a2/u_dcd815c9/u_cc4240ab/g_d5115c37[2].u_727df53e/g_7e013b5a[0].u_17965cf0/g_3cbadd10[1].u_3f8488f4/m_axi_dpu_aclk
    SLICE_X49Y79         FDRE                                         r  DPU_sys_i/dpu_eu_0/inst/g_e584eb07.u_822a997b/u_8329ce29/u_3aa346a2/u_dcd815c9/u_cc4240ab/g_d5115c37[2].u_727df53e/g_7e013b5a[0].u_17965cf0/g_3cbadd10[1].u_3f8488f4/g_76ac48ca.g_28df02a4[0].g_8de8756b.s_bc11f753_reg[17]/C
                         clock pessimism             -0.005     0.808    
    SLICE_X49Y79         FDRE (Hold_fdre_C_D)         0.105     0.913    DPU_sys_i/dpu_eu_0/inst/g_e584eb07.u_822a997b/u_8329ce29/u_3aa346a2/u_dcd815c9/u_cc4240ab/g_d5115c37[2].u_727df53e/g_7e013b5a[0].u_17965cf0/g_3cbadd10[1].u_3f8488f4/g_76ac48ca.g_28df02a4[0].g_8de8756b.s_bc11f753_reg[17]
  -------------------------------------------------------------------
                         required time                         -0.913    
                         arrival time                           0.965    
  -------------------------------------------------------------------
                         slack                                  0.052    

Slack (MET) :             0.053ns  (arrival time - required time)
  Source:                 DPU_sys_i/dpu_eu_0/inst/g_e584eb07.u_822a997b/u_8329ce29/u_4314ae56/m_dad332bf/m_705b8e64/g_be0756b3[1].g_40ae2e02.m_1dba719c/s_c63cd6a9_reg[52]/C
                            (rising edge-triggered cell FDRE clocked by clk_out150Mhz_DPU_sys_clk_wiz_0_0  {rise@0.000ns fall@3.333ns period=6.667ns})
  Destination:            DPU_sys_i/dpu_eu_0/inst/g_e584eb07.u_822a997b/u_8329ce29/u_4314ae56/m_dad332bf/m_705b8e64/g_be0756b3[1].u_842ea6d7/g_7f7da5da.u_52ef9738/u_c2b52391/s_92cda069_reg_0_31_48_53/RAMC/I
                            (rising edge-triggered cell RAMD32 clocked by clk_out150Mhz_DPU_sys_clk_wiz_0_0  {rise@0.000ns fall@3.333ns period=6.667ns})
  Path Group:             clk_out150Mhz_DPU_sys_clk_wiz_0_0
  Path Type:              Hold (Min at Fast Process Corner)
  Requirement:            0.000ns  (clk_out150Mhz_DPU_sys_clk_wiz_0_0 rise@0.000ns - clk_out150Mhz_DPU_sys_clk_wiz_0_0 rise@0.000ns)
  Data Path Delay:        0.381ns  (logic 0.141ns (36.988%)  route 0.240ns (63.012%))
  Logic Levels:           0  
  Clock Path Skew:        0.184ns (DCD - SCD - CPR)
    Destination Clock Delay (DCD):    0.854ns
    Source Clock Delay      (SCD):    0.665ns
    Clock Pessimism Removal (CPR):    0.005ns

    Location             Delay type                Incr(ns)  Path(ns)    Netlist Resource(s)
  -------------------------------------------------------------------    -------------------
                         (clock clk_out150Mhz_DPU_sys_clk_wiz_0_0 rise edge)
                                                      0.000     0.000 r  
    BUFGCTRL_X0Y19       BUFG                         0.000     0.000 r  DPU_sys_i/processing_system7_0/inst/buffer_fclk_clk_0.FCLK_CLK_0_BUFG/O
                         net (fo=943, routed)         0.672     0.672    DPU_sys_i/clk_wiz_0/inst/clk_in1
    MMCME2_ADV_X1Y2      MMCME2_ADV (Prop_mmcme2_adv_CLKIN1_CLKOUT0)
                                                     -1.395    -0.722 r  DPU_sys_i/clk_wiz_0/inst/mmcm_adv_inst/CLKOUT0
                         net (fo=1, routed)           0.696    -0.026    DPU_sys_i/clk_wiz_0/inst/clk_out150Mhz_DPU_sys_clk_wiz_0_0
    BUFGCTRL_X0Y17       BUFG (Prop_bufg_I_O)         0.026    -0.000 r  DPU_sys_i/clk_wiz_0/inst/clkout1_buf/O
                         net (fo=40816, routed)       0.665     0.665    DPU_sys_i/dpu_eu_0/inst/g_e584eb07.u_822a997b/u_8329ce29/u_4314ae56/m_dad332bf/m_705b8e64/g_be0756b3[1].g_40ae2e02.m_1dba719c/m_axi_dpu_aclk
    SLICE_X87Y104        FDRE                                         r  DPU_sys_i/dpu_eu_0/inst/g_e584eb07.u_822a997b/u_8329ce29/u_4314ae56/m_dad332bf/m_705b8e64/g_be0756b3[1].g_40ae2e02.m_1dba719c/s_c63cd6a9_reg[52]/C
  -------------------------------------------------------------------    -------------------
    SLICE_X87Y104        FDRE (Prop_fdre_C_Q)         0.141     0.806 r  DPU_sys_i/dpu_eu_0/inst/g_e584eb07.u_822a997b/u_8329ce29/u_4314ae56/m_dad332bf/m_705b8e64/g_be0756b3[1].g_40ae2e02.m_1dba719c/s_c63cd6a9_reg[52]/Q
                         net (fo=1, routed)           0.240     1.046    DPU_sys_i/dpu_eu_0/inst/g_e584eb07.u_822a997b/u_8329ce29/u_4314ae56/m_dad332bf/m_705b8e64/g_be0756b3[1].u_842ea6d7/g_7f7da5da.u_52ef9738/u_c2b52391/s_92cda069_reg_0_31_48_53/DIC0
    SLICE_X86Y99         RAMD32                                       r  DPU_sys_i/dpu_eu_0/inst/g_e584eb07.u_822a997b/u_8329ce29/u_4314ae56/m_dad332bf/m_705b8e64/g_be0756b3[1].u_842ea6d7/g_7f7da5da.u_52ef9738/u_c2b52391/s_92cda069_reg_0_31_48_53/RAMC/I
  -------------------------------------------------------------------    -------------------

                         (clock clk_out150Mhz_DPU_sys_clk_wiz_0_0 rise edge)
                                                      0.000     0.000 r  
    BUFGCTRL_X0Y19       BUFG                         0.000     0.000 r  DPU_sys_i/processing_system7_0/inst/buffer_fclk_clk_0.FCLK_CLK_0_BUFG/O
                         net (fo=943, routed)         0.945     0.945    DPU_sys_i/clk_wiz_0/inst/clk_in1
    MMCME2_ADV_X1Y2      MMCME2_ADV (Prop_mmcme2_adv_CLKIN1_CLKOUT0)
                                                     -1.726    -0.781 r  DPU_sys_i/clk_wiz_0/inst/mmcm_adv_inst/CLKOUT0
                         net (fo=1, routed)           0.752    -0.029    DPU_sys_i/clk_wiz_0/inst/clk_out150Mhz_DPU_sys_clk_wiz_0_0
    BUFGCTRL_X0Y17       BUFG (Prop_bufg_I_O)         0.029     0.000 r  DPU_sys_i/clk_wiz_0/inst/clkout1_buf/O
                         net (fo=40816, routed)       0.854     0.854    DPU_sys_i/dpu_eu_0/inst/g_e584eb07.u_822a997b/u_8329ce29/u_4314ae56/m_dad332bf/m_705b8e64/g_be0756b3[1].u_842ea6d7/g_7f7da5da.u_52ef9738/u_c2b52391/s_92cda069_reg_0_31_48_53/WCLK
    SLICE_X86Y99         RAMD32                                       r  DPU_sys_i/dpu_eu_0/inst/g_e584eb07.u_822a997b/u_8329ce29/u_4314ae56/m_dad332bf/m_705b8e64/g_be0756b3[1].u_842ea6d7/g_7f7da5da.u_52ef9738/u_c2b52391/s_92cda069_reg_0_31_48_53/RAMC/CLK
                         clock pessimism             -0.005     0.849    
    SLICE_X86Y99         RAMD32 (Hold_ramd32_CLK_I)
                                                      0.144     0.993    DPU_sys_i/dpu_eu_0/inst/g_e584eb07.u_822a997b/u_8329ce29/u_4314ae56/m_dad332bf/m_705b8e64/g_be0756b3[1].u_842ea6d7/g_7f7da5da.u_52ef9738/u_c2b52391/s_92cda069_reg_0_31_48_53/RAMC
  -------------------------------------------------------------------
                         required time                         -0.993    
                         arrival time                           1.046    
  -------------------------------------------------------------------
                         slack                                  0.053    

Slack (MET) :             0.053ns  (arrival time - required time)
  Source:                 DPU_sys_i/dpu_eu_0/inst/g_e584eb07.u_822a997b/u_8329ce29/u_4314ae56/m_dad332bf/m_705b8e64/g_be0756b3[1].u_565c7de2/g_d1dd9bbb.s_74431b26_reg[44]/C
                            (rising edge-triggered cell FDRE clocked by clk_out150Mhz_DPU_sys_clk_wiz_0_0  {rise@0.000ns fall@3.333ns period=6.667ns})
  Destination:            DPU_sys_i/dpu_eu_0/inst/g_e584eb07.u_822a997b/u_8329ce29/u_4314ae56/m_dad332bf/m_705b8e64/g_be0756b3[1].s_74f1ad58_reg[300]/D
                            (rising edge-triggered cell FDRE clocked by clk_out150Mhz_DPU_sys_clk_wiz_0_0  {rise@0.000ns fall@3.333ns period=6.667ns})
  Path Group:             clk_out150Mhz_DPU_sys_clk_wiz_0_0
  Path Type:              Hold (Min at Fast Process Corner)
  Requirement:            0.000ns  (clk_out150Mhz_DPU_sys_clk_wiz_0_0 rise@0.000ns - clk_out150Mhz_DPU_sys_clk_wiz_0_0 rise@0.000ns)
  Data Path Delay:        0.385ns  (logic 0.141ns (36.657%)  route 0.244ns (63.343%))
  Logic Levels:           0  
  Clock Path Skew:        0.260ns (DCD - SCD - CPR)
    Destination Clock Delay (DCD):    0.906ns
    Source Clock Delay      (SCD):    0.637ns
    Clock Pessimism Removal (CPR):    0.009ns

    Location             Delay type                Incr(ns)  Path(ns)    Netlist Resource(s)
  -------------------------------------------------------------------    -------------------
                         (clock clk_out150Mhz_DPU_sys_clk_wiz_0_0 rise edge)
                                                      0.000     0.000 r  
    BUFGCTRL_X0Y19       BUFG                         0.000     0.000 r  DPU_sys_i/processing_system7_0/inst/buffer_fclk_clk_0.FCLK_CLK_0_BUFG/O
                         net (fo=943, routed)         0.672     0.672    DPU_sys_i/clk_wiz_0/inst/clk_in1
    MMCME2_ADV_X1Y2      MMCME2_ADV (Prop_mmcme2_adv_CLKIN1_CLKOUT0)
                                                     -1.395    -0.722 r  DPU_sys_i/clk_wiz_0/inst/mmcm_adv_inst/CLKOUT0
                         net (fo=1, routed)           0.696    -0.026    DPU_sys_i/clk_wiz_0/inst/clk_out150Mhz_DPU_sys_clk_wiz_0_0
    BUFGCTRL_X0Y17       BUFG (Prop_bufg_I_O)         0.026    -0.000 r  DPU_sys_i/clk_wiz_0/inst/clkout1_buf/O
                         net (fo=40816, routed)       0.637     0.637    DPU_sys_i/dpu_eu_0/inst/g_e584eb07.u_822a997b/u_8329ce29/u_4314ae56/m_dad332bf/m_705b8e64/g_be0756b3[1].u_565c7de2/m_axi_dpu_aclk
    SLICE_X44Y107        FDRE                                         r  DPU_sys_i/dpu_eu_0/inst/g_e584eb07.u_822a997b/u_8329ce29/u_4314ae56/m_dad332bf/m_705b8e64/g_be0756b3[1].u_565c7de2/g_d1dd9bbb.s_74431b26_reg[44]/C
  -------------------------------------------------------------------    -------------------
    SLICE_X44Y107        FDRE (Prop_fdre_C_Q)         0.141     0.778 r  DPU_sys_i/dpu_eu_0/inst/g_e584eb07.u_822a997b/u_8329ce29/u_4314ae56/m_dad332bf/m_705b8e64/g_be0756b3[1].u_565c7de2/g_d1dd9bbb.s_74431b26_reg[44]/Q
                         net (fo=1, routed)           0.244     1.022    DPU_sys_i/dpu_eu_0/inst/g_e584eb07.u_822a997b/u_8329ce29/u_4314ae56/m_dad332bf/m_705b8e64/g_be0756b3[1].u_565c7de2_n_88
    SLICE_X51Y106        FDRE                                         r  DPU_sys_i/dpu_eu_0/inst/g_e584eb07.u_822a997b/u_8329ce29/u_4314ae56/m_dad332bf/m_705b8e64/g_be0756b3[1].s_74f1ad58_reg[300]/D
  -------------------------------------------------------------------    -------------------

                         (clock clk_out150Mhz_DPU_sys_clk_wiz_0_0 rise edge)
                                                      0.000     0.000 r  
    BUFGCTRL_X0Y19       BUFG                         0.000     0.000 r  DPU_sys_i/processing_system7_0/inst/buffer_fclk_clk_0.FCLK_CLK_0_BUFG/O
                         net (fo=943, routed)         0.945     0.945    DPU_sys_i/clk_wiz_0/inst/clk_in1
    MMCME2_ADV_X1Y2      MMCME2_ADV (Prop_mmcme2_adv_CLKIN1_CLKOUT0)
                                                     -1.726    -0.781 r  DPU_sys_i/clk_wiz_0/inst/mmcm_adv_inst/CLKOUT0
                         net (fo=1, routed)           0.752    -0.029    DPU_sys_i/clk_wiz_0/inst/clk_out150Mhz_DPU_sys_clk_wiz_0_0
    BUFGCTRL_X0Y17       BUFG (Prop_bufg_I_O)         0.029     0.000 r  DPU_sys_i/clk_wiz_0/inst/clkout1_buf/O
                         net (fo=40816, routed)       0.906     0.906    DPU_sys_i/dpu_eu_0/inst/g_e584eb07.u_822a997b/u_8329ce29/u_4314ae56/m_dad332bf/m_705b8e64/m_axi_dpu_aclk
    SLICE_X51Y106        FDRE                                         r  DPU_sys_i/dpu_eu_0/inst/g_e584eb07.u_822a997b/u_8329ce29/u_4314ae56/m_dad332bf/m_705b8e64/g_be0756b3[1].s_74f1ad58_reg[300]/C
                         clock pessimism             -0.009     0.897    
    SLICE_X51Y106        FDRE (Hold_fdre_C_D)         0.071     0.968    DPU_sys_i/dpu_eu_0/inst/g_e584eb07.u_822a997b/u_8329ce29/u_4314ae56/m_dad332bf/m_705b8e64/g_be0756b3[1].s_74f1ad58_reg[300]
  -------------------------------------------------------------------
                         required time                         -0.968    
                         arrival time                           1.022    
  -------------------------------------------------------------------
                         slack                                  0.053    

Slack (MET) :             0.054ns  (arrival time - required time)
  Source:                 DPU_sys_i/dpu_eu_0/inst/g_e584eb07.u_822a997b/u_8329ce29/u_d185dc89/u_1c8d8ad4/u_6c17acc6/u_ff66cab9/u_c2b52391/s_f9de5723_reg[115]/C
                            (rising edge-triggered cell FDRE clocked by clk_out150Mhz_DPU_sys_clk_wiz_0_0  {rise@0.000ns fall@3.333ns period=6.667ns})
  Destination:            DPU_sys_i/dpu_eu_0/inst/g_e584eb07.u_822a997b/u_8329ce29/u_d185dc89/u_1c8d8ad4/u_6c17acc6/s_3732a494_reg[115]/D
                            (rising edge-triggered cell FDRE clocked by clk_out150Mhz_DPU_sys_clk_wiz_0_0  {rise@0.000ns fall@3.333ns period=6.667ns})
  Path Group:             clk_out150Mhz_DPU_sys_clk_wiz_0_0
  Path Type:              Hold (Min at Fast Process Corner)
  Requirement:            0.000ns  (clk_out150Mhz_DPU_sys_clk_wiz_0_0 rise@0.000ns - clk_out150Mhz_DPU_sys_clk_wiz_0_0 rise@0.000ns)
  Data Path Delay:        0.387ns  (logic 0.164ns (42.364%)  route 0.223ns (57.636%))
  Logic Levels:           0  
  Clock Path Skew:        0.263ns (DCD - SCD - CPR)
    Destination Clock Delay (DCD):    0.817ns
    Source Clock Delay      (SCD):    0.549ns
    Clock Pessimism Removal (CPR):    0.005ns

    Location             Delay type                Incr(ns)  Path(ns)    Netlist Resource(s)
  -------------------------------------------------------------------    -------------------
                         (clock clk_out150Mhz_DPU_sys_clk_wiz_0_0 rise edge)
                                                      0.000     0.000 r  
    BUFGCTRL_X0Y19       BUFG                         0.000     0.000 r  DPU_sys_i/processing_system7_0/inst/buffer_fclk_clk_0.FCLK_CLK_0_BUFG/O
                         net (fo=943, routed)         0.672     0.672    DPU_sys_i/clk_wiz_0/inst/clk_in1
    MMCME2_ADV_X1Y2      MMCME2_ADV (Prop_mmcme2_adv_CLKIN1_CLKOUT0)
                                                     -1.395    -0.722 r  DPU_sys_i/clk_wiz_0/inst/mmcm_adv_inst/CLKOUT0
                         net (fo=1, routed)           0.696    -0.026    DPU_sys_i/clk_wiz_0/inst/clk_out150Mhz_DPU_sys_clk_wiz_0_0
    BUFGCTRL_X0Y17       BUFG (Prop_bufg_I_O)         0.026    -0.000 r  DPU_sys_i/clk_wiz_0/inst/clkout1_buf/O
                         net (fo=40816, routed)       0.549     0.549    DPU_sys_i/dpu_eu_0/inst/g_e584eb07.u_822a997b/u_8329ce29/u_d185dc89/u_1c8d8ad4/u_6c17acc6/u_ff66cab9/u_c2b52391/m_axi_dpu_aclk
    SLICE_X50Y62         FDRE                                         r  DPU_sys_i/dpu_eu_0/inst/g_e584eb07.u_822a997b/u_8329ce29/u_d185dc89/u_1c8d8ad4/u_6c17acc6/u_ff66cab9/u_c2b52391/s_f9de5723_reg[115]/C
  -------------------------------------------------------------------    -------------------
    SLICE_X50Y62         FDRE (Prop_fdre_C_Q)         0.164     0.713 r  DPU_sys_i/dpu_eu_0/inst/g_e584eb07.u_822a997b/u_8329ce29/u_d185dc89/u_1c8d8ad4/u_6c17acc6/u_ff66cab9/u_c2b52391/s_f9de5723_reg[115]/Q
                         net (fo=1, routed)           0.223     0.936    DPU_sys_i/dpu_eu_0/inst/g_e584eb07.u_822a997b/u_8329ce29/u_d185dc89/u_1c8d8ad4/u_6c17acc6/s_f9de5723[115]
    SLICE_X49Y66         FDRE                                         r  DPU_sys_i/dpu_eu_0/inst/g_e584eb07.u_822a997b/u_8329ce29/u_d185dc89/u_1c8d8ad4/u_6c17acc6/s_3732a494_reg[115]/D
  -------------------------------------------------------------------    -------------------

                         (clock clk_out150Mhz_DPU_sys_clk_wiz_0_0 rise edge)
                                                      0.000     0.000 r  
    BUFGCTRL_X0Y19       BUFG                         0.000     0.000 r  DPU_sys_i/processing_system7_0/inst/buffer_fclk_clk_0.FCLK_CLK_0_BUFG/O
                         net (fo=943, routed)         0.945     0.945    DPU_sys_i/clk_wiz_0/inst/clk_in1
    MMCME2_ADV_X1Y2      MMCME2_ADV (Prop_mmcme2_adv_CLKIN1_CLKOUT0)
                                                     -1.726    -0.781 r  DPU_sys_i/clk_wiz_0/inst/mmcm_adv_inst/CLKOUT0
                         net (fo=1, routed)           0.752    -0.029    DPU_sys_i/clk_wiz_0/inst/clk_out150Mhz_DPU_sys_clk_wiz_0_0
    BUFGCTRL_X0Y17       BUFG (Prop_bufg_I_O)         0.029     0.000 r  DPU_sys_i/clk_wiz_0/inst/clkout1_buf/O
                         net (fo=40816, routed)       0.817     0.817    DPU_sys_i/dpu_eu_0/inst/g_e584eb07.u_822a997b/u_8329ce29/u_d185dc89/u_1c8d8ad4/u_6c17acc6/m_axi_dpu_aclk
    SLICE_X49Y66         FDRE                                         r  DPU_sys_i/dpu_eu_0/inst/g_e584eb07.u_822a997b/u_8329ce29/u_d185dc89/u_1c8d8ad4/u_6c17acc6/s_3732a494_reg[115]/C
                         clock pessimism             -0.005     0.812    
    SLICE_X49Y66         FDRE (Hold_fdre_C_D)         0.070     0.882    DPU_sys_i/dpu_eu_0/inst/g_e584eb07.u_822a997b/u_8329ce29/u_d185dc89/u_1c8d8ad4/u_6c17acc6/s_3732a494_reg[115]
  -------------------------------------------------------------------
                         required time                         -0.882    
                         arrival time                           0.936    
  -------------------------------------------------------------------
                         slack                                  0.054    

Slack (MET) :             0.055ns  (arrival time - required time)
  Source:                 DPU_sys_i/dpu_eu_0/inst/g_e584eb07.u_822a997b/u_8329ce29/u_3aa346a2/u_dcd815c9/u_cc4240ab/g_d5115c37[2].u_727df53e/g_7e013b5a[0].u_17965cf0/g_3cbadd10[0].u_3f8488f4/g_76ac48ca.g_28df02a4[1].g_8de8756b.s_bc11f753_reg[12]/C
                            (rising edge-triggered cell FDRE clocked by clk_out150Mhz_DPU_sys_clk_wiz_0_0  {rise@0.000ns fall@3.333ns period=6.667ns})
  Destination:            DPU_sys_i/dpu_eu_0/inst/g_e584eb07.u_822a997b/u_8329ce29/u_3aa346a2/u_dcd815c9/u_cc4240ab/g_d5115c37[2].u_727df53e/g_7e013b5a[0].u_17965cf0/g_3cbadd10[1].u_3f8488f4/g_76ac48ca.g_28df02a4[0].g_8de8756b.s_bc11f753_reg[12]/D
                            (rising edge-triggered cell FDRE clocked by clk_out150Mhz_DPU_sys_clk_wiz_0_0  {rise@0.000ns fall@3.333ns period=6.667ns})
  Path Group:             clk_out150Mhz_DPU_sys_clk_wiz_0_0
  Path Type:              Hold (Min at Fast Process Corner)
  Requirement:            0.000ns  (clk_out150Mhz_DPU_sys_clk_wiz_0_0 rise@0.000ns - clk_out150Mhz_DPU_sys_clk_wiz_0_0 rise@0.000ns)
  Data Path Delay:        0.425ns  (logic 0.279ns (65.582%)  route 0.146ns (34.418%))
  Logic Levels:           2  (CARRY4=1 LUT4=1)
  Clock Path Skew:        0.265ns (DCD - SCD - CPR)
    Destination Clock Delay (DCD):    0.812ns
    Source Clock Delay      (SCD):    0.542ns
    Clock Pessimism Removal (CPR):    0.005ns

    Location             Delay type                Incr(ns)  Path(ns)    Netlist Resource(s)
  -------------------------------------------------------------------    -------------------
                         (clock clk_out150Mhz_DPU_sys_clk_wiz_0_0 rise edge)
                                                      0.000     0.000 r  
    BUFGCTRL_X0Y19       BUFG                         0.000     0.000 r  DPU_sys_i/processing_system7_0/inst/buffer_fclk_clk_0.FCLK_CLK_0_BUFG/O
                         net (fo=943, routed)         0.672     0.672    DPU_sys_i/clk_wiz_0/inst/clk_in1
    MMCME2_ADV_X1Y2      MMCME2_ADV (Prop_mmcme2_adv_CLKIN1_CLKOUT0)
                                                     -1.395    -0.722 r  DPU_sys_i/clk_wiz_0/inst/mmcm_adv_inst/CLKOUT0
                         net (fo=1, routed)           0.696    -0.026    DPU_sys_i/clk_wiz_0/inst/clk_out150Mhz_DPU_sys_clk_wiz_0_0
    BUFGCTRL_X0Y17       BUFG (Prop_bufg_I_O)         0.026    -0.000 r  DPU_sys_i/clk_wiz_0/inst/clkout1_buf/O
                         net (fo=40816, routed)       0.542     0.542    DPU_sys_i/dpu_eu_0/inst/g_e584eb07.u_822a997b/u_8329ce29/u_3aa346a2/u_dcd815c9/u_cc4240ab/g_d5115c37[2].u_727df53e/g_7e013b5a[0].u_17965cf0/g_3cbadd10[0].u_3f8488f4/m_axi_dpu_aclk
    SLICE_X50Y78         FDRE                                         r  DPU_sys_i/dpu_eu_0/inst/g_e584eb07.u_822a997b/u_8329ce29/u_3aa346a2/u_dcd815c9/u_cc4240ab/g_d5115c37[2].u_727df53e/g_7e013b5a[0].u_17965cf0/g_3cbadd10[0].u_3f8488f4/g_76ac48ca.g_28df02a4[1].g_8de8756b.s_bc11f753_reg[12]/C
  -------------------------------------------------------------------    -------------------
    SLICE_X50Y78         FDRE (Prop_fdre_C_Q)         0.164     0.706 r  DPU_sys_i/dpu_eu_0/inst/g_e584eb07.u_822a997b/u_8329ce29/u_3aa346a2/u_dcd815c9/u_cc4240ab/g_d5115c37[2].u_727df53e/g_7e013b5a[0].u_17965cf0/g_3cbadd10[0].u_3f8488f4/g_76ac48ca.g_28df02a4[1].g_8de8756b.s_bc11f753_reg[12]/Q
                         net (fo=2, routed)           0.146     0.852    DPU_sys_i/dpu_eu_0/inst/g_e584eb07.u_822a997b/u_8329ce29/u_3aa346a2/u_dcd815c9/u_cc4240ab/g_d5115c37[2].u_727df53e/g_7e013b5a[0].u_17965cf0/g_3cbadd10[1].u_3f8488f4/g_76ac48ca.g_28df02a4[0].g_8de8756b.u_77891990/g_76ac48ca.g_28df02a4[0].g_8de8756b.s_bc11f753_reg[19]_1[12]
    SLICE_X49Y78         LUT4 (Prop_lut4_I0_O)        0.045     0.897 r  DPU_sys_i/dpu_eu_0/inst/g_e584eb07.u_822a997b/u_8329ce29/u_3aa346a2/u_dcd815c9/u_cc4240ab/g_d5115c37[2].u_727df53e/g_7e013b5a[0].u_17965cf0/g_3cbadd10[1].u_3f8488f4/g_76ac48ca.g_28df02a4[0].g_8de8756b.u_77891990/g_76ac48ca.g_28df02a4[0].g_8de8756b.s_bc11f753[15]_i_9/O
                         net (fo=1, routed)           0.000     0.897    DPU_sys_i/dpu_eu_0/inst/g_e584eb07.u_822a997b_n_3957
    SLICE_X49Y78         CARRY4 (Prop_carry4_S[0]_O[0])
                                                      0.070     0.967 r  DPU_sys_i/dpu_eu_0/inst/g_d5115c37[2].u_727df53e/g_7e013b5a[0].u_17965cf0/g_3cbadd10[1].u_3f8488f4/g_76ac48ca.g_28df02a4[0].g_8de8756b.u_77891990/g_76ac48ca.g_28df02a4[0].g_8de8756b.s_bc11f753_reg[15]_i_1/O[0]
                         net (fo=1, routed)           0.000     0.967    DPU_sys_i/dpu_eu_0/inst/g_e584eb07.u_822a997b/u_8329ce29/u_3aa346a2/u_dcd815c9/u_cc4240ab/g_d5115c37[2].u_727df53e/g_7e013b5a[0].u_17965cf0/g_3cbadd10[1].u_3f8488f4/g_76ac48ca.g_28df02a4[0].g_8de8756b.s_bc11f753_reg[15]_0[12]
    SLICE_X49Y78         FDRE                                         r  DPU_sys_i/dpu_eu_0/inst/g_e584eb07.u_822a997b/u_8329ce29/u_3aa346a2/u_dcd815c9/u_cc4240ab/g_d5115c37[2].u_727df53e/g_7e013b5a[0].u_17965cf0/g_3cbadd10[1].u_3f8488f4/g_76ac48ca.g_28df02a4[0].g_8de8756b.s_bc11f753_reg[12]/D
  -------------------------------------------------------------------    -------------------

                         (clock clk_out150Mhz_DPU_sys_clk_wiz_0_0 rise edge)
                                                      0.000     0.000 r  
    BUFGCTRL_X0Y19       BUFG                         0.000     0.000 r  DPU_sys_i/processing_system7_0/inst/buffer_fclk_clk_0.FCLK_CLK_0_BUFG/O
                         net (fo=943, routed)         0.945     0.945    DPU_sys_i/clk_wiz_0/inst/clk_in1
    MMCME2_ADV_X1Y2      MMCME2_ADV (Prop_mmcme2_adv_CLKIN1_CLKOUT0)
                                                     -1.726    -0.781 r  DPU_sys_i/clk_wiz_0/inst/mmcm_adv_inst/CLKOUT0
                         net (fo=1, routed)           0.752    -0.029    DPU_sys_i/clk_wiz_0/inst/clk_out150Mhz_DPU_sys_clk_wiz_0_0
    BUFGCTRL_X0Y17       BUFG (Prop_bufg_I_O)         0.029     0.000 r  DPU_sys_i/clk_wiz_0/inst/clkout1_buf/O
                         net (fo=40816, routed)       0.812     0.812    DPU_sys_i/dpu_eu_0/inst/g_e584eb07.u_822a997b/u_8329ce29/u_3aa346a2/u_dcd815c9/u_cc4240ab/g_d5115c37[2].u_727df53e/g_7e013b5a[0].u_17965cf0/g_3cbadd10[1].u_3f8488f4/m_axi_dpu_aclk
    SLICE_X49Y78         FDRE                                         r  DPU_sys_i/dpu_eu_0/inst/g_e584eb07.u_822a997b/u_8329ce29/u_3aa346a2/u_dcd815c9/u_cc4240ab/g_d5115c37[2].u_727df53e/g_7e013b5a[0].u_17965cf0/g_3cbadd10[1].u_3f8488f4/g_76ac48ca.g_28df02a4[0].g_8de8756b.s_bc11f753_reg[12]/C
                         clock pessimism             -0.005     0.807    
    SLICE_X49Y78         FDRE (Hold_fdre_C_D)         0.105     0.912    DPU_sys_i/dpu_eu_0/inst/g_e584eb07.u_822a997b/u_8329ce29/u_3aa346a2/u_dcd815c9/u_cc4240ab/g_d5115c37[2].u_727df53e/g_7e013b5a[0].u_17965cf0/g_3cbadd10[1].u_3f8488f4/g_76ac48ca.g_28df02a4[0].g_8de8756b.s_bc11f753_reg[12]
  -------------------------------------------------------------------
                         required time                         -0.912    
                         arrival time                           0.967    
  -------------------------------------------------------------------
                         slack                                  0.055    

Slack (MET) :             0.056ns  (arrival time - required time)
  Source:                 DPU_sys_i/dpu_eu_0/inst/g_e584eb07.u_822a997b/u_8329ce29/u_030d789c/u_3124dbb0/g_e57cde19[8].u_mux_data/g_80f72853[0].s_27497744_reg[38]/C
                            (rising edge-triggered cell FDRE clocked by clk_out150Mhz_DPU_sys_clk_wiz_0_0  {rise@0.000ns fall@3.333ns period=6.667ns})
  Destination:            DPU_sys_i/dpu_eu_0/inst/g_e584eb07.u_822a997b/u_8329ce29/u_030d789c/u_dfd908ed/u_8578cac3/g_cf5ffc2b[8].u_023226ce/s_92cda069_reg_2/DIADI[2]
                            (rising edge-triggered cell RAMB36E1 clocked by clk_out150Mhz_DPU_sys_clk_wiz_0_0  {rise@0.000ns fall@3.333ns period=6.667ns})
  Path Group:             clk_out150Mhz_DPU_sys_clk_wiz_0_0
  Path Type:              Hold (Min at Fast Process Corner)
  Requirement:            0.000ns  (clk_out150Mhz_DPU_sys_clk_wiz_0_0 rise@0.000ns - clk_out150Mhz_DPU_sys_clk_wiz_0_0 rise@0.000ns)
  Data Path Delay:        0.287ns  (logic 0.164ns (57.132%)  route 0.123ns (42.868%))
  Logic Levels:           0  
  Clock Path Skew:        0.076ns (DCD - SCD - CPR)
    Destination Clock Delay (DCD):    1.002ns
    Source Clock Delay      (SCD):    0.688ns
    Clock Pessimism Removal (CPR):    0.238ns

    Location             Delay type                Incr(ns)  Path(ns)    Netlist Resource(s)
  -------------------------------------------------------------------    -------------------
                         (clock clk_out150Mhz_DPU_sys_clk_wiz_0_0 rise edge)
                                                      0.000     0.000 r  
    BUFGCTRL_X0Y19       BUFG                         0.000     0.000 r  DPU_sys_i/processing_system7_0/inst/buffer_fclk_clk_0.FCLK_CLK_0_BUFG/O
                         net (fo=943, routed)         0.672     0.672    DPU_sys_i/clk_wiz_0/inst/clk_in1
    MMCME2_ADV_X1Y2      MMCME2_ADV (Prop_mmcme2_adv_CLKIN1_CLKOUT0)
                                                     -1.395    -0.722 r  DPU_sys_i/clk_wiz_0/inst/mmcm_adv_inst/CLKOUT0
                         net (fo=1, routed)           0.696    -0.026    DPU_sys_i/clk_wiz_0/inst/clk_out150Mhz_DPU_sys_clk_wiz_0_0
    BUFGCTRL_X0Y17       BUFG (Prop_bufg_I_O)         0.026    -0.000 r  DPU_sys_i/clk_wiz_0/inst/clkout1_buf/O
                         net (fo=40816, routed)       0.688     0.688    DPU_sys_i/dpu_eu_0/inst/g_e584eb07.u_822a997b/u_8329ce29/u_030d789c/u_3124dbb0/g_e57cde19[8].u_mux_data/m_axi_dpu_aclk
    SLICE_X102Y110       FDRE                                         r  DPU_sys_i/dpu_eu_0/inst/g_e584eb07.u_822a997b/u_8329ce29/u_030d789c/u_3124dbb0/g_e57cde19[8].u_mux_data/g_80f72853[0].s_27497744_reg[38]/C
  -------------------------------------------------------------------    -------------------
    SLICE_X102Y110       FDRE (Prop_fdre_C_Q)         0.164     0.852 r  DPU_sys_i/dpu_eu_0/inst/g_e584eb07.u_822a997b/u_8329ce29/u_030d789c/u_3124dbb0/g_e57cde19[8].u_mux_data/g_80f72853[0].s_27497744_reg[38]/Q
                         net (fo=1, routed)           0.123     0.975    DPU_sys_i/dpu_eu_0/inst/g_e584eb07.u_822a997b/u_8329ce29/u_030d789c/u_dfd908ed/u_8578cac3/g_cf5ffc2b[8].u_023226ce/s_ed2ea61d[38]
    RAMB36_X5Y22         RAMB36E1                                     r  DPU_sys_i/dpu_eu_0/inst/g_e584eb07.u_822a997b/u_8329ce29/u_030d789c/u_dfd908ed/u_8578cac3/g_cf5ffc2b[8].u_023226ce/s_92cda069_reg_2/DIADI[2]
  -------------------------------------------------------------------    -------------------

                         (clock clk_out150Mhz_DPU_sys_clk_wiz_0_0 rise edge)
                                                      0.000     0.000 r  
    BUFGCTRL_X0Y19       BUFG                         0.000     0.000 r  DPU_sys_i/processing_system7_0/inst/buffer_fclk_clk_0.FCLK_CLK_0_BUFG/O
                         net (fo=943, routed)         0.945     0.945    DPU_sys_i/clk_wiz_0/inst/clk_in1
    MMCME2_ADV_X1Y2      MMCME2_ADV (Prop_mmcme2_adv_CLKIN1_CLKOUT0)
                                                     -1.726    -0.781 r  DPU_sys_i/clk_wiz_0/inst/mmcm_adv_inst/CLKOUT0
                         net (fo=1, routed)           0.752    -0.029    DPU_sys_i/clk_wiz_0/inst/clk_out150Mhz_DPU_sys_clk_wiz_0_0
    BUFGCTRL_X0Y17       BUFG (Prop_bufg_I_O)         0.029     0.000 r  DPU_sys_i/clk_wiz_0/inst/clkout1_buf/O
                         net (fo=40816, routed)       1.002     1.002    DPU_sys_i/dpu_eu_0/inst/g_e584eb07.u_822a997b/u_8329ce29/u_030d789c/u_dfd908ed/u_8578cac3/g_cf5ffc2b[8].u_023226ce/m_axi_dpu_aclk
    RAMB36_X5Y22         RAMB36E1                                     r  DPU_sys_i/dpu_eu_0/inst/g_e584eb07.u_822a997b/u_8329ce29/u_030d789c/u_dfd908ed/u_8578cac3/g_cf5ffc2b[8].u_023226ce/s_92cda069_reg_2/CLKARDCLK
                         clock pessimism             -0.238     0.765    
    RAMB36_X5Y22         RAMB36E1 (Hold_ramb36e1_CLKARDCLK_DIADI[2])
                                                      0.155     0.920    DPU_sys_i/dpu_eu_0/inst/g_e584eb07.u_822a997b/u_8329ce29/u_030d789c/u_dfd908ed/u_8578cac3/g_cf5ffc2b[8].u_023226ce/s_92cda069_reg_2
  -------------------------------------------------------------------
                         required time                         -0.920    
                         arrival time                           0.975    
  -------------------------------------------------------------------
                         slack                                  0.056    





Pulse Width Checks
--------------------------------------------------------------------------------------
Clock Name:         clk_out150Mhz_DPU_sys_clk_wiz_0_0
Waveform(ns):       { 0.000 3.333 }
Period(ns):         6.667
Sources:            { DPU_sys_i/clk_wiz_0/inst/mmcm_adv_inst/CLKOUT0 }

Check Type        Corner  Lib Pin             Reference Pin  Required(ns)  Actual(ns)  Slack(ns)  Location         Pin
Min Period        n/a     DSP48E1/CLK         n/a            3.884         6.667       2.783      DSP48_X3Y15      DPU_sys_i/dpu_eu_0/inst/g_e584eb07.u_822a997b/u_8329ce29/u_25c793f4/u_a8973e47/s_1a3af9fa_reg/CLK
Min Period        n/a     DSP48E1/CLK         n/a            3.443         6.667       3.224      DSP48_X1Y17      DPU_sys_i/dpu_eu_0/inst/g_e584eb07.u_822a997b/u_8329ce29/u_3aa346a2/u_dcd815c9/u_cc4240ab/g_d5115c37[2].u_727df53e/g_7e013b5a[1].g_b95b5937.u_6ee4500c/inst_dsp48e2/g_6e2e42a8.u_dsp48e1/CLK
Min Period        n/a     DSP48E1/CLK         n/a            3.443         6.667       3.224      DSP48_X4Y57      DPU_sys_i/dpu_eu_0/inst/g_e584eb07.u_822a997b/u_8329ce29/u_3aa346a2/u_dcd815c9/u_cc4240ab/g_d5115c37[9].u_727df53e/g_7e013b5a[1].g_b95b5937.u_6ee4500c/inst_dsp48e2/g_6e2e42a8.u_dsp48e1/CLK
Min Period        n/a     DSP48E1/CLK         n/a            3.443         6.667       3.224      DSP48_X3Y21      DPU_sys_i/dpu_eu_0/inst/g_e584eb07.u_822a997b/u_8329ce29/u_3aa346a2/u_dcd815c9/u_cc4240ab/g_d5115c37[0].u_727df53e/g_7e013b5a[3].g_b95b5937.u_6ee4500c/inst_dsp48e2/g_6e2e42a8.u_dsp48e1/CLK
Min Period        n/a     DSP48E1/CLK         n/a            3.443         6.667       3.224      DSP48_X2Y30      DPU_sys_i/dpu_eu_0/inst/g_e584eb07.u_822a997b/u_8329ce29/u_3aa346a2/u_dcd815c9/u_cc4240ab/g_d5115c37[5].u_727df53e/g_7e013b5a[3].g_b95b5937.u_6ee4500c/inst_dsp48e2/g_6e2e42a8.u_dsp48e1/CLK
Min Period        n/a     DSP48E1/CLK         n/a            3.443         6.667       3.224      DSP48_X3Y52      DPU_sys_i/dpu_eu_0/inst/g_e584eb07.u_822a997b/u_8329ce29/u_3aa346a2/u_dcd815c9/u_cc4240ab/g_d5115c37[2].u_727df53e/g_7e013b5a[2].g_b95b5937.u_6ee4500c/inst_dsp48e2/g_6e2e42a8.u_dsp48e1/CLK
Min Period        n/a     DSP48E1/CLK         n/a            3.443         6.667       3.224      DSP48_X4Y49      DPU_sys_i/dpu_eu_0/inst/g_e584eb07.u_822a997b/u_8329ce29/u_3aa346a2/u_dcd815c9/u_cc4240ab/g_d5115c37[9].u_727df53e/g_7e013b5a[2].g_b95b5937.u_6ee4500c/inst_dsp48e2/g_6e2e42a8.u_dsp48e1/CLK
Min Period        n/a     DSP48E1/CLK         n/a            3.443         6.667       3.224      DSP48_X2Y8       DPU_sys_i/dpu_eu_0/inst/g_e584eb07.u_822a997b/u_8329ce29/u_3aa346a2/u_dcd815c9/u_cc4240ab/g_d5115c37[10].u_727df53e/g_7e013b5a[0].g_b95b5937.u_6ee4500c/inst_dsp48e2/g_6e2e42a8.u_dsp48e1/CLK
Min Period        n/a     DSP48E1/CLK         n/a            3.443         6.667       3.224      DSP48_X3Y36      DPU_sys_i/dpu_eu_0/inst/g_e584eb07.u_822a997b/u_8329ce29/u_3aa346a2/u_dcd815c9/u_cc4240ab/g_d5115c37[6].u_727df53e/g_7e013b5a[0].g_b95b5937.u_6ee4500c/inst_dsp48e2/g_6e2e42a8.u_dsp48e1/CLK
Min Period        n/a     DSP48E1/CLK         n/a            3.443         6.667       3.224      DSP48_X2Y47      DPU_sys_i/dpu_eu_0/inst/g_e584eb07.u_822a997b/u_8329ce29/u_3aa346a2/u_dcd815c9/u_cc4240ab/g_d5115c37[2].u_727df53e/g_7e013b5a[3].g_b95b5937.u_6ee4500c/inst_dsp48e2/g_6e2e42a8.u_dsp48e1/CLK
Max Period        n/a     MMCME2_ADV/CLKOUT0  n/a            213.360       6.667       206.693    MMCME2_ADV_X1Y2  DPU_sys_i/clk_wiz_0/inst/mmcm_adv_inst/CLKOUT0
Low Pulse Width   Slow    RAMD32/CLK          n/a            1.250         3.333       2.083      SLICE_X66Y71     DPU_sys_i/dpu_eu_0/inst/g_e584eb07.u_822a997b/u_8329ce29/u_4314ae56/g_c6859d57[0].u_efb10811/u_c2b52391/s_92cda069_reg_0_3_90_95/RAMA/CLK
Low Pulse Width   Slow    RAMD32/CLK          n/a            1.250         3.333       2.083      SLICE_X66Y71     DPU_sys_i/dpu_eu_0/inst/g_e584eb07.u_822a997b/u_8329ce29/u_4314ae56/g_c6859d57[0].u_efb10811/u_c2b52391/s_92cda069_reg_0_3_90_95/RAMA_D1/CLK
Low Pulse Width   Slow    RAMD32/CLK          n/a            1.250         3.333       2.083      SLICE_X66Y71     DPU_sys_i/dpu_eu_0/inst/g_e584eb07.u_822a997b/u_8329ce29/u_4314ae56/g_c6859d57[0].u_efb10811/u_c2b52391/s_92cda069_reg_0_3_90_95/RAMB/CLK
Low Pulse Width   Slow    RAMD32/CLK          n/a            1.250         3.333       2.083      SLICE_X66Y71     DPU_sys_i/dpu_eu_0/inst/g_e584eb07.u_822a997b/u_8329ce29/u_4314ae56/g_c6859d57[0].u_efb10811/u_c2b52391/s_92cda069_reg_0_3_90_95/RAMB_D1/CLK
Low Pulse Width   Slow    RAMD32/CLK          n/a            1.250         3.333       2.083      SLICE_X66Y71     DPU_sys_i/dpu_eu_0/inst/g_e584eb07.u_822a997b/u_8329ce29/u_4314ae56/g_c6859d57[0].u_efb10811/u_c2b52391/s_92cda069_reg_0_3_90_95/RAMC/CLK
Low Pulse Width   Slow    RAMD32/CLK          n/a            1.250         3.333       2.083      SLICE_X66Y71     DPU_sys_i/dpu_eu_0/inst/g_e584eb07.u_822a997b/u_8329ce29/u_4314ae56/g_c6859d57[0].u_efb10811/u_c2b52391/s_92cda069_reg_0_3_90_95/RAMC_D1/CLK
Low Pulse Width   Slow    RAMS32/CLK          n/a            1.250         3.333       2.083      SLICE_X66Y71     DPU_sys_i/dpu_eu_0/inst/g_e584eb07.u_822a997b/u_8329ce29/u_4314ae56/g_c6859d57[0].u_efb10811/u_c2b52391/s_92cda069_reg_0_3_90_95/RAMD/CLK
Low Pulse Width   Slow    RAMS32/CLK          n/a            1.250         3.333       2.083      SLICE_X66Y71     DPU_sys_i/dpu_eu_0/inst/g_e584eb07.u_822a997b/u_8329ce29/u_4314ae56/g_c6859d57[0].u_efb10811/u_c2b52391/s_92cda069_reg_0_3_90_95/RAMD_D1/CLK
Low Pulse Width   Slow    RAMD32/CLK          n/a            1.250         3.333       2.083      SLICE_X94Y102    DPU_sys_i/dpu_eu_0/inst/g_e584eb07.u_822a997b/u_8329ce29/u_4314ae56/m_dad332bf/m_705b8e64/g_be0756b3[1].u_842ea6d7/g_7f7da5da.u_52ef9738/u_c2b52391/s_92cda069_reg_0_31_54_59/RAMA/CLK
Low Pulse Width   Slow    RAMD32/CLK          n/a            1.250         3.333       2.083      SLICE_X94Y102    DPU_sys_i/dpu_eu_0/inst/g_e584eb07.u_822a997b/u_8329ce29/u_4314ae56/m_dad332bf/m_705b8e64/g_be0756b3[1].u_842ea6d7/g_7f7da5da.u_52ef9738/u_c2b52391/s_92cda069_reg_0_31_54_59/RAMA_D1/CLK
High Pulse Width  Fast    RAMD32/CLK          n/a            1.250         3.333       2.083      SLICE_X62Y72     DPU_sys_i/dpu_eu_0/inst/g_e584eb07.u_822a997b/u_8329ce29/u_4314ae56/g_c6859d57[0].u_efb10811/u_c2b52391/s_92cda069_reg_0_3_0_5/RAMA/CLK
High Pulse Width  Fast    RAMD32/CLK          n/a            1.250         3.333       2.083      SLICE_X62Y72     DPU_sys_i/dpu_eu_0/inst/g_e584eb07.u_822a997b/u_8329ce29/u_4314ae56/g_c6859d57[0].u_efb10811/u_c2b52391/s_92cda069_reg_0_3_0_5/RAMA_D1/CLK
High Pulse Width  Fast    RAMD32/CLK          n/a            1.250         3.333       2.083      SLICE_X62Y72     DPU_sys_i/dpu_eu_0/inst/g_e584eb07.u_822a997b/u_8329ce29/u_4314ae56/g_c6859d57[0].u_efb10811/u_c2b52391/s_92cda069_reg_0_3_0_5/RAMB/CLK
High Pulse Width  Fast    RAMD32/CLK          n/a            1.250         3.333       2.083      SLICE_X62Y72     DPU_sys_i/dpu_eu_0/inst/g_e584eb07.u_822a997b/u_8329ce29/u_4314ae56/g_c6859d57[0].u_efb10811/u_c2b52391/s_92cda069_reg_0_3_0_5/RAMB_D1/CLK
High Pulse Width  Fast    RAMD32/CLK          n/a            1.250         3.333       2.083      SLICE_X62Y72     DPU_sys_i/dpu_eu_0/inst/g_e584eb07.u_822a997b/u_8329ce29/u_4314ae56/g_c6859d57[0].u_efb10811/u_c2b52391/s_92cda069_reg_0_3_0_5/RAMC/CLK
High Pulse Width  Fast    RAMD32/CLK          n/a            1.250         3.333       2.083      SLICE_X62Y72     DPU_sys_i/dpu_eu_0/inst/g_e584eb07.u_822a997b/u_8329ce29/u_4314ae56/g_c6859d57[0].u_efb10811/u_c2b52391/s_92cda069_reg_0_3_0_5/RAMC_D1/CLK
High Pulse Width  Fast    RAMS32/CLK          n/a            1.250         3.333       2.083      SLICE_X62Y72     DPU_sys_i/dpu_eu_0/inst/g_e584eb07.u_822a997b/u_8329ce29/u_4314ae56/g_c6859d57[0].u_efb10811/u_c2b52391/s_92cda069_reg_0_3_0_5/RAMD/CLK
High Pulse Width  Fast    RAMS32/CLK          n/a            1.250         3.333       2.083      SLICE_X62Y72     DPU_sys_i/dpu_eu_0/inst/g_e584eb07.u_822a997b/u_8329ce29/u_4314ae56/g_c6859d57[0].u_efb10811/u_c2b52391/s_92cda069_reg_0_3_0_5/RAMD_D1/CLK
High Pulse Width  Slow    RAMD32/CLK          n/a            1.250         3.333       2.083      SLICE_X66Y70     DPU_sys_i/dpu_eu_0/inst/g_e584eb07.u_822a997b/u_8329ce29/u_4314ae56/g_c6859d57[0].u_efb10811/u_c2b52391/s_92cda069_reg_0_3_36_41/RAMA/CLK
High Pulse Width  Slow    RAMD32/CLK          n/a            1.250         3.333       2.083      SLICE_X66Y70     DPU_sys_i/dpu_eu_0/inst/g_e584eb07.u_822a997b/u_8329ce29/u_4314ae56/g_c6859d57[0].u_efb10811/u_c2b52391/s_92cda069_reg_0_3_36_41/RAMA_D1/CLK



---------------------------------------------------------------------------------------------------
From Clock:  clk_out300Mhz_DPU_sys_clk_wiz_0_0
  To Clock:  clk_out300Mhz_DPU_sys_clk_wiz_0_0

Setup :          733  Failing Endpoints,  Worst Slack       -0.464ns,  Total Violation      -76.061ns
Hold  :            0  Failing Endpoints,  Worst Slack        0.050ns,  Total Violation        0.000ns
PW    :            0  Failing Endpoints,  Worst Slack        1.167ns,  Total Violation        0.000ns
---------------------------------------------------------------------------------------------------


Max Delay Paths
--------------------------------------------------------------------------------------
Slack (VIOLATED) :        -0.464ns  (required time - arrival time)
  Source:                 DPU_sys_i/dpu_eu_0/inst/g_e584eb07.u_822a997b/u_8329ce29/u_3aa346a2/u_dcd815c9/u_6c52c68e/g_7b54f91e[11].g_07af5fd4[0].g_9aa100cb[1].u_a326a45b/g_6779d86c[0].g_abd4b781.s_6ddd7a28_reg[7]/C
                            (rising edge-triggered cell FDRE clocked by clk_out300Mhz_DPU_sys_clk_wiz_0_0  {rise@0.000ns fall@1.667ns period=3.333ns})
  Destination:            DPU_sys_i/dpu_eu_0/inst/g_e584eb07.u_822a997b/u_8329ce29/u_3aa346a2/u_dcd815c9/u_6c52c68e/g_7b54f91e[11].g_07af5fd4[0].g_9aa100cb[1].u_a326a45b/g_6779d86c[0].g_91a7f445.u_9efd336d/u_dsp/g_6e2e42a8.u_dsp48e1/B[17]
                            (rising edge-triggered cell DSP48E1 clocked by clk_out300Mhz_DPU_sys_clk_wiz_0_0  {rise@0.000ns fall@1.667ns period=3.333ns})
  Path Group:             clk_out300Mhz_DPU_sys_clk_wiz_0_0
  Path Type:              Setup (Max at Slow Process Corner)
  Requirement:            3.333ns  (clk_out300Mhz_DPU_sys_clk_wiz_0_0 rise@3.333ns - clk_out300Mhz_DPU_sys_clk_wiz_0_0 rise@0.000ns)
  Data Path Delay:        3.118ns  (logic 0.419ns (13.436%)  route 2.699ns (86.564%))
  Logic Levels:           0  
  Clock Path Skew:        0.010ns (DCD - SCD + CPR)
    Destination Clock Delay (DCD):    1.670ns = ( 5.003 - 3.333 ) 
    Source Clock Delay      (SCD):    1.650ns
    Clock Pessimism Removal (CPR):    -0.010ns
  Clock Uncertainty:      0.066ns  ((TSJ^2 + DJ^2)^1/2) / 2 + PE
    Total System Jitter     (TSJ):    0.071ns
    Discrete Jitter          (DJ):    0.112ns
    Phase Error              (PE):    0.000ns

    Location             Delay type                Incr(ns)  Path(ns)    Netlist Resource(s)
  -------------------------------------------------------------------    -------------------
                         (clock clk_out300Mhz_DPU_sys_clk_wiz_0_0 rise edge)
                                                      0.000     0.000 r  
    BUFGCTRL_X0Y19       BUFG                         0.000     0.000 r  DPU_sys_i/processing_system7_0/inst/buffer_fclk_clk_0.FCLK_CLK_0_BUFG/O
                         net (fo=943, routed)         1.980     1.980    DPU_sys_i/clk_wiz_0/inst/clk_in1
    MMCME2_ADV_X1Y2      MMCME2_ADV (Prop_mmcme2_adv_CLKIN1_CLKOUT1)
                                                     -4.287    -2.307 r  DPU_sys_i/clk_wiz_0/inst/mmcm_adv_inst/CLKOUT1
                         net (fo=1, routed)           2.206    -0.101    DPU_sys_i/clk_wiz_0/inst/clk_out300Mhz_DPU_sys_clk_wiz_0_0
    BUFGCTRL_X0Y18       BUFG (Prop_bufg_I_O)         0.101    -0.000 r  DPU_sys_i/clk_wiz_0/inst/clkout2_buf/O
                         net (fo=25585, routed)       1.650     1.650    DPU_sys_i/dpu_eu_0/inst/g_e584eb07.u_822a997b/u_8329ce29/u_3aa346a2/u_dcd815c9/u_6c52c68e/g_7b54f91e[11].g_07af5fd4[0].g_9aa100cb[1].u_a326a45b/dpu_2x_clk
    SLICE_X49Y55         FDRE                                         r  DPU_sys_i/dpu_eu_0/inst/g_e584eb07.u_822a997b/u_8329ce29/u_3aa346a2/u_dcd815c9/u_6c52c68e/g_7b54f91e[11].g_07af5fd4[0].g_9aa100cb[1].u_a326a45b/g_6779d86c[0].g_abd4b781.s_6ddd7a28_reg[7]/C
  -------------------------------------------------------------------    -------------------
    SLICE_X49Y55         FDRE (Prop_fdre_C_Q)         0.419     2.069 r  DPU_sys_i/dpu_eu_0/inst/g_e584eb07.u_822a997b/u_8329ce29/u_3aa346a2/u_dcd815c9/u_6c52c68e/g_7b54f91e[11].g_07af5fd4[0].g_9aa100cb[1].u_a326a45b/g_6779d86c[0].g_abd4b781.s_6ddd7a28_reg[7]/Q
                         net (fo=2, routed)           2.699     4.768    DPU_sys_i/dpu_eu_0/inst/g_e584eb07.u_822a997b/u_8329ce29/u_3aa346a2/u_dcd815c9/u_6c52c68e/g_7b54f91e[11].g_07af5fd4[0].g_9aa100cb[1].u_a326a45b/g_6779d86c[0].g_91a7f445.u_9efd336d/u_dsp/Q[7]
    DSP48_X0Y16          DSP48E1                                      r  DPU_sys_i/dpu_eu_0/inst/g_e584eb07.u_822a997b/u_8329ce29/u_3aa346a2/u_dcd815c9/u_6c52c68e/g_7b54f91e[11].g_07af5fd4[0].g_9aa100cb[1].u_a326a45b/g_6779d86c[0].g_91a7f445.u_9efd336d/u_dsp/g_6e2e42a8.u_dsp48e1/B[17]
  -------------------------------------------------------------------    -------------------

                         (clock clk_out300Mhz_DPU_sys_clk_wiz_0_0 rise edge)
                                                      3.333     3.333 r  
    BUFGCTRL_X0Y19       BUFG                         0.000     3.333 r  DPU_sys_i/processing_system7_0/inst/buffer_fclk_clk_0.FCLK_CLK_0_BUFG/O
                         net (fo=943, routed)         1.770     5.103    DPU_sys_i/clk_wiz_0/inst/clk_in1
    MMCME2_ADV_X1Y2      MMCME2_ADV (Prop_mmcme2_adv_CLKIN1_CLKOUT1)
                                                     -3.873     1.230 r  DPU_sys_i/clk_wiz_0/inst/mmcm_adv_inst/CLKOUT1
                         net (fo=1, routed)           2.012     3.242    DPU_sys_i/clk_wiz_0/inst/clk_out300Mhz_DPU_sys_clk_wiz_0_0
    BUFGCTRL_X0Y18       BUFG (Prop_bufg_I_O)         0.091     3.333 r  DPU_sys_i/clk_wiz_0/inst/clkout2_buf/O
                         net (fo=25585, routed)       1.670     5.003    DPU_sys_i/dpu_eu_0/inst/g_e584eb07.u_822a997b/u_8329ce29/u_3aa346a2/u_dcd815c9/u_6c52c68e/g_7b54f91e[11].g_07af5fd4[0].g_9aa100cb[1].u_a326a45b/g_6779d86c[0].g_91a7f445.u_9efd336d/u_dsp/dpu_2x_clk
    DSP48_X0Y16          DSP48E1                                      r  DPU_sys_i/dpu_eu_0/inst/g_e584eb07.u_822a997b/u_8329ce29/u_3aa346a2/u_dcd815c9/u_6c52c68e/g_7b54f91e[11].g_07af5fd4[0].g_9aa100cb[1].u_a326a45b/g_6779d86c[0].g_91a7f445.u_9efd336d/u_dsp/g_6e2e42a8.u_dsp48e1/CLK
                         clock pessimism             -0.010     4.993    
                         clock uncertainty           -0.066     4.927    
    DSP48_X0Y16          DSP48E1 (Setup_dsp48e1_CLK_B[17])
                                                     -0.623     4.304    DPU_sys_i/dpu_eu_0/inst/g_e584eb07.u_822a997b/u_8329ce29/u_3aa346a2/u_dcd815c9/u_6c52c68e/g_7b54f91e[11].g_07af5fd4[0].g_9aa100cb[1].u_a326a45b/g_6779d86c[0].g_91a7f445.u_9efd336d/u_dsp/g_6e2e42a8.u_dsp48e1
  -------------------------------------------------------------------
                         required time                          4.304    
                         arrival time                          -4.768    
  -------------------------------------------------------------------
                         slack                                 -0.464    

Slack (VIOLATED) :        -0.451ns  (required time - arrival time)
  Source:                 DPU_sys_i/dpu_eu_0/inst/g_e584eb07.u_822a997b/u_8329ce29/u_3aa346a2/u_dcd815c9/u_6c52c68e/g_7b54f91e[8].g_07af5fd4[0].g_9aa100cb[2].u_a326a45b/g_6779d86c[1].g_91a7f445.u_9efd336d/u_dsp/g_6e2e42a8.u_dsp48e1/CLK
                            (rising edge-triggered cell DSP48E1 clocked by clk_out300Mhz_DPU_sys_clk_wiz_0_0  {rise@0.000ns fall@1.667ns period=3.333ns})
  Destination:            DPU_sys_i/dpu_eu_0/inst/g_e584eb07.u_822a997b/u_8329ce29/u_3aa346a2/u_dcd815c9/u_6c52c68e/g_7b54f91e[8].g_07af5fd4[0].g_9aa100cb[2].u_a326a45b/g_6779d86c[1].s_fcf4f443_reg[17]/D
                            (rising edge-triggered cell FDRE clocked by clk_out300Mhz_DPU_sys_clk_wiz_0_0  {rise@0.000ns fall@1.667ns period=3.333ns})
  Path Group:             clk_out300Mhz_DPU_sys_clk_wiz_0_0
  Path Type:              Setup (Max at Slow Process Corner)
  Requirement:            3.333ns  (clk_out300Mhz_DPU_sys_clk_wiz_0_0 rise@3.333ns - clk_out300Mhz_DPU_sys_clk_wiz_0_0 rise@0.000ns)
  Data Path Delay:        3.288ns  (logic 0.434ns (13.200%)  route 2.854ns (86.800%))
  Logic Levels:           0  
  Clock Path Skew:        -0.349ns (DCD - SCD + CPR)
    Destination Clock Delay (DCD):    1.509ns = ( 4.842 - 3.333 ) 
    Source Clock Delay      (SCD):    1.848ns
    Clock Pessimism Removal (CPR):    -0.010ns
  Clock Uncertainty:      0.066ns  ((TSJ^2 + DJ^2)^1/2) / 2 + PE
    Total System Jitter     (TSJ):    0.071ns
    Discrete Jitter          (DJ):    0.112ns
    Phase Error              (PE):    0.000ns

    Location             Delay type                Incr(ns)  Path(ns)    Netlist Resource(s)
  -------------------------------------------------------------------    -------------------
                         (clock clk_out300Mhz_DPU_sys_clk_wiz_0_0 rise edge)
                                                      0.000     0.000 r  
    BUFGCTRL_X0Y19       BUFG                         0.000     0.000 r  DPU_sys_i/processing_system7_0/inst/buffer_fclk_clk_0.FCLK_CLK_0_BUFG/O
                         net (fo=943, routed)         1.980     1.980    DPU_sys_i/clk_wiz_0/inst/clk_in1
    MMCME2_ADV_X1Y2      MMCME2_ADV (Prop_mmcme2_adv_CLKIN1_CLKOUT1)
                                                     -4.287    -2.307 r  DPU_sys_i/clk_wiz_0/inst/mmcm_adv_inst/CLKOUT1
                         net (fo=1, routed)           2.206    -0.101    DPU_sys_i/clk_wiz_0/inst/clk_out300Mhz_DPU_sys_clk_wiz_0_0
    BUFGCTRL_X0Y18       BUFG (Prop_bufg_I_O)         0.101    -0.000 r  DPU_sys_i/clk_wiz_0/inst/clkout2_buf/O
                         net (fo=25585, routed)       1.848     1.848    DPU_sys_i/dpu_eu_0/inst/g_e584eb07.u_822a997b/u_8329ce29/u_3aa346a2/u_dcd815c9/u_6c52c68e/g_7b54f91e[8].g_07af5fd4[0].g_9aa100cb[2].u_a326a45b/g_6779d86c[1].g_91a7f445.u_9efd336d/u_dsp/dpu_2x_clk
    DSP48_X0Y19          DSP48E1                                      r  DPU_sys_i/dpu_eu_0/inst/g_e584eb07.u_822a997b/u_8329ce29/u_3aa346a2/u_dcd815c9/u_6c52c68e/g_7b54f91e[8].g_07af5fd4[0].g_9aa100cb[2].u_a326a45b/g_6779d86c[1].g_91a7f445.u_9efd336d/u_dsp/g_6e2e42a8.u_dsp48e1/CLK
  -------------------------------------------------------------------    -------------------
    DSP48_X0Y19          DSP48E1 (Prop_dsp48e1_CLK_P[27])
                                                      0.434     2.282 r  DPU_sys_i/dpu_eu_0/inst/g_e584eb07.u_822a997b/u_8329ce29/u_3aa346a2/u_dcd815c9/u_6c52c68e/g_7b54f91e[8].g_07af5fd4[0].g_9aa100cb[2].u_a326a45b/g_6779d86c[1].g_91a7f445.u_9efd336d/u_dsp/g_6e2e42a8.u_dsp48e1/P[27]
                         net (fo=2, routed)           2.854     5.135    DPU_sys_i/dpu_eu_0/inst/g_e584eb07.u_822a997b/u_8329ce29/u_3aa346a2/u_dcd815c9/u_6c52c68e/g_7b54f91e[8].g_07af5fd4[0].g_9aa100cb[2].u_a326a45b/s_6524d426[1]_126[17]
    SLICE_X27Y71         FDRE                                         r  DPU_sys_i/dpu_eu_0/inst/g_e584eb07.u_822a997b/u_8329ce29/u_3aa346a2/u_dcd815c9/u_6c52c68e/g_7b54f91e[8].g_07af5fd4[0].g_9aa100cb[2].u_a326a45b/g_6779d86c[1].s_fcf4f443_reg[17]/D
  -------------------------------------------------------------------    -------------------

                         (clock clk_out300Mhz_DPU_sys_clk_wiz_0_0 rise edge)
                                                      3.333     3.333 r  
    BUFGCTRL_X0Y19       BUFG                         0.000     3.333 r  DPU_sys_i/processing_system7_0/inst/buffer_fclk_clk_0.FCLK_CLK_0_BUFG/O
                         net (fo=943, routed)         1.770     5.103    DPU_sys_i/clk_wiz_0/inst/clk_in1
    MMCME2_ADV_X1Y2      MMCME2_ADV (Prop_mmcme2_adv_CLKIN1_CLKOUT1)
                                                     -3.873     1.230 r  DPU_sys_i/clk_wiz_0/inst/mmcm_adv_inst/CLKOUT1
                         net (fo=1, routed)           2.012     3.242    DPU_sys_i/clk_wiz_0/inst/clk_out300Mhz_DPU_sys_clk_wiz_0_0
    BUFGCTRL_X0Y18       BUFG (Prop_bufg_I_O)         0.091     3.333 r  DPU_sys_i/clk_wiz_0/inst/clkout2_buf/O
                         net (fo=25585, routed)       1.509     4.842    DPU_sys_i/dpu_eu_0/inst/g_e584eb07.u_822a997b/u_8329ce29/u_3aa346a2/u_dcd815c9/u_6c52c68e/g_7b54f91e[8].g_07af5fd4[0].g_9aa100cb[2].u_a326a45b/dpu_2x_clk
    SLICE_X27Y71         FDRE                                         r  DPU_sys_i/dpu_eu_0/inst/g_e584eb07.u_822a997b/u_8329ce29/u_3aa346a2/u_dcd815c9/u_6c52c68e/g_7b54f91e[8].g_07af5fd4[0].g_9aa100cb[2].u_a326a45b/g_6779d86c[1].s_fcf4f443_reg[17]/C
                         clock pessimism             -0.010     4.832    
                         clock uncertainty           -0.066     4.766    
    SLICE_X27Y71         FDRE (Setup_fdre_C_D)       -0.081     4.685    DPU_sys_i/dpu_eu_0/inst/g_e584eb07.u_822a997b/u_8329ce29/u_3aa346a2/u_dcd815c9/u_6c52c68e/g_7b54f91e[8].g_07af5fd4[0].g_9aa100cb[2].u_a326a45b/g_6779d86c[1].s_fcf4f443_reg[17]
  -------------------------------------------------------------------
                         required time                          4.685    
                         arrival time                          -5.135    
  -------------------------------------------------------------------
                         slack                                 -0.451    

Slack (VIOLATED) :        -0.434ns  (required time - arrival time)
  Source:                 DPU_sys_i/dpu_eu_0/inst/g_e584eb07.u_822a997b/u_8329ce29/u_3aa346a2/u_dcd815c9/u_6c52c68e/g_7b54f91e[6].g_07af5fd4[0].g_9aa100cb[2].u_a326a45b/g_6779d86c[1].g_91a7f445.u_9efd336d/u_dsp/g_6e2e42a8.u_dsp48e1/CLK
                            (rising edge-triggered cell DSP48E1 clocked by clk_out300Mhz_DPU_sys_clk_wiz_0_0  {rise@0.000ns fall@1.667ns period=3.333ns})
  Destination:            DPU_sys_i/dpu_eu_0/inst/g_e584eb07.u_822a997b/u_8329ce29/u_3aa346a2/u_dcd815c9/u_6c52c68e/g_7b54f91e[6].g_07af5fd4[0].g_9aa100cb[2].u_a326a45b/g_6779d86c[1].s_ad0850dd_reg[3]/D
                            (rising edge-triggered cell FDRE clocked by clk_out300Mhz_DPU_sys_clk_wiz_0_0  {rise@0.000ns fall@1.667ns period=3.333ns})
  Path Group:             clk_out300Mhz_DPU_sys_clk_wiz_0_0
  Path Type:              Setup (Max at Slow Process Corner)
  Requirement:            3.333ns  (clk_out300Mhz_DPU_sys_clk_wiz_0_0 rise@3.333ns - clk_out300Mhz_DPU_sys_clk_wiz_0_0 rise@0.000ns)
  Data Path Delay:        3.272ns  (logic 0.434ns (13.264%)  route 2.838ns (86.736%))
  Logic Levels:           0  
  Clock Path Skew:        -0.337ns (DCD - SCD + CPR)
    Destination Clock Delay (DCD):    1.520ns = ( 4.853 - 3.333 ) 
    Source Clock Delay      (SCD):    1.847ns
    Clock Pessimism Removal (CPR):    -0.010ns
  Clock Uncertainty:      0.066ns  ((TSJ^2 + DJ^2)^1/2) / 2 + PE
    Total System Jitter     (TSJ):    0.071ns
    Discrete Jitter          (DJ):    0.112ns
    Phase Error              (PE):    0.000ns

    Location             Delay type                Incr(ns)  Path(ns)    Netlist Resource(s)
  -------------------------------------------------------------------    -------------------
                         (clock clk_out300Mhz_DPU_sys_clk_wiz_0_0 rise edge)
                                                      0.000     0.000 r  
    BUFGCTRL_X0Y19       BUFG                         0.000     0.000 r  DPU_sys_i/processing_system7_0/inst/buffer_fclk_clk_0.FCLK_CLK_0_BUFG/O
                         net (fo=943, routed)         1.980     1.980    DPU_sys_i/clk_wiz_0/inst/clk_in1
    MMCME2_ADV_X1Y2      MMCME2_ADV (Prop_mmcme2_adv_CLKIN1_CLKOUT1)
                                                     -4.287    -2.307 r  DPU_sys_i/clk_wiz_0/inst/mmcm_adv_inst/CLKOUT1
                         net (fo=1, routed)           2.206    -0.101    DPU_sys_i/clk_wiz_0/inst/clk_out300Mhz_DPU_sys_clk_wiz_0_0
    BUFGCTRL_X0Y18       BUFG (Prop_bufg_I_O)         0.101    -0.000 r  DPU_sys_i/clk_wiz_0/inst/clkout2_buf/O
                         net (fo=25585, routed)       1.847     1.847    DPU_sys_i/dpu_eu_0/inst/g_e584eb07.u_822a997b/u_8329ce29/u_3aa346a2/u_dcd815c9/u_6c52c68e/g_7b54f91e[6].g_07af5fd4[0].g_9aa100cb[2].u_a326a45b/g_6779d86c[1].g_91a7f445.u_9efd336d/u_dsp/dpu_2x_clk
    DSP48_X0Y18          DSP48E1                                      r  DPU_sys_i/dpu_eu_0/inst/g_e584eb07.u_822a997b/u_8329ce29/u_3aa346a2/u_dcd815c9/u_6c52c68e/g_7b54f91e[6].g_07af5fd4[0].g_9aa100cb[2].u_a326a45b/g_6779d86c[1].g_91a7f445.u_9efd336d/u_dsp/g_6e2e42a8.u_dsp48e1/CLK
  -------------------------------------------------------------------    -------------------
    DSP48_X0Y18          DSP48E1 (Prop_dsp48e1_CLK_P[13])
                                                      0.434     2.281 r  DPU_sys_i/dpu_eu_0/inst/g_e584eb07.u_822a997b/u_8329ce29/u_3aa346a2/u_dcd815c9/u_6c52c68e/g_7b54f91e[6].g_07af5fd4[0].g_9aa100cb[2].u_a326a45b/g_6779d86c[1].g_91a7f445.u_9efd336d/u_dsp/g_6e2e42a8.u_dsp48e1/P[13]
                         net (fo=2, routed)           2.838     5.118    DPU_sys_i/dpu_eu_0/inst/g_e584eb07.u_822a997b/u_8329ce29/u_3aa346a2/u_dcd815c9/u_6c52c68e/g_7b54f91e[6].g_07af5fd4[0].g_9aa100cb[2].u_a326a45b/s_6524d426[1]_96[3]
    SLICE_X31Y63         FDRE                                         r  DPU_sys_i/dpu_eu_0/inst/g_e584eb07.u_822a997b/u_8329ce29/u_3aa346a2/u_dcd815c9/u_6c52c68e/g_7b54f91e[6].g_07af5fd4[0].g_9aa100cb[2].u_a326a45b/g_6779d86c[1].s_ad0850dd_reg[3]/D
  -------------------------------------------------------------------    -------------------

                         (clock clk_out300Mhz_DPU_sys_clk_wiz_0_0 rise edge)
                                                      3.333     3.333 r  
    BUFGCTRL_X0Y19       BUFG                         0.000     3.333 r  DPU_sys_i/processing_system7_0/inst/buffer_fclk_clk_0.FCLK_CLK_0_BUFG/O
                         net (fo=943, routed)         1.770     5.103    DPU_sys_i/clk_wiz_0/inst/clk_in1
    MMCME2_ADV_X1Y2      MMCME2_ADV (Prop_mmcme2_adv_CLKIN1_CLKOUT1)
                                                     -3.873     1.230 r  DPU_sys_i/clk_wiz_0/inst/mmcm_adv_inst/CLKOUT1
                         net (fo=1, routed)           2.012     3.242    DPU_sys_i/clk_wiz_0/inst/clk_out300Mhz_DPU_sys_clk_wiz_0_0
    BUFGCTRL_X0Y18       BUFG (Prop_bufg_I_O)         0.091     3.333 r  DPU_sys_i/clk_wiz_0/inst/clkout2_buf/O
                         net (fo=25585, routed)       1.520     4.853    DPU_sys_i/dpu_eu_0/inst/g_e584eb07.u_822a997b/u_8329ce29/u_3aa346a2/u_dcd815c9/u_6c52c68e/g_7b54f91e[6].g_07af5fd4[0].g_9aa100cb[2].u_a326a45b/dpu_2x_clk
    SLICE_X31Y63         FDRE                                         r  DPU_sys_i/dpu_eu_0/inst/g_e584eb07.u_822a997b/u_8329ce29/u_3aa346a2/u_dcd815c9/u_6c52c68e/g_7b54f91e[6].g_07af5fd4[0].g_9aa100cb[2].u_a326a45b/g_6779d86c[1].s_ad0850dd_reg[3]/C
                         clock pessimism             -0.010     4.843    
                         clock uncertainty           -0.066     4.777    
    SLICE_X31Y63         FDRE (Setup_fdre_C_D)       -0.092     4.685    DPU_sys_i/dpu_eu_0/inst/g_e584eb07.u_822a997b/u_8329ce29/u_3aa346a2/u_dcd815c9/u_6c52c68e/g_7b54f91e[6].g_07af5fd4[0].g_9aa100cb[2].u_a326a45b/g_6779d86c[1].s_ad0850dd_reg[3]
  -------------------------------------------------------------------
                         required time                          4.685    
                         arrival time                          -5.118    
  -------------------------------------------------------------------
                         slack                                 -0.434    

Slack (VIOLATED) :        -0.420ns  (required time - arrival time)
  Source:                 DPU_sys_i/dpu_eu_0/inst/g_e584eb07.u_822a997b/u_8329ce29/u_3aa346a2/u_dcd815c9/u_6c52c68e/g_7b54f91e[8].g_07af5fd4[0].g_9aa100cb[2].u_a326a45b/g_6779d86c[1].g_91a7f445.u_9efd336d/u_dsp/g_6e2e42a8.u_dsp48e1/CLK
                            (rising edge-triggered cell DSP48E1 clocked by clk_out300Mhz_DPU_sys_clk_wiz_0_0  {rise@0.000ns fall@1.667ns period=3.333ns})
  Destination:            DPU_sys_i/dpu_eu_0/inst/g_e584eb07.u_822a997b/u_8329ce29/u_3aa346a2/u_dcd815c9/u_6c52c68e/g_7b54f91e[8].g_07af5fd4[0].g_9aa100cb[2].u_a326a45b/g_6779d86c[1].s_ad0850dd_reg[27]/D
                            (rising edge-triggered cell FDRE clocked by clk_out300Mhz_DPU_sys_clk_wiz_0_0  {rise@0.000ns fall@1.667ns period=3.333ns})
  Path Group:             clk_out300Mhz_DPU_sys_clk_wiz_0_0
  Path Type:              Setup (Max at Slow Process Corner)
  Requirement:            3.333ns  (clk_out300Mhz_DPU_sys_clk_wiz_0_0 rise@3.333ns - clk_out300Mhz_DPU_sys_clk_wiz_0_0 rise@0.000ns)
  Data Path Delay:        3.276ns  (logic 0.434ns (13.249%)  route 2.842ns (86.751%))
  Logic Levels:           0  
  Clock Path Skew:        -0.350ns (DCD - SCD + CPR)
    Destination Clock Delay (DCD):    1.508ns = ( 4.841 - 3.333 ) 
    Source Clock Delay      (SCD):    1.848ns
    Clock Pessimism Removal (CPR):    -0.010ns
  Clock Uncertainty:      0.066ns  ((TSJ^2 + DJ^2)^1/2) / 2 + PE
    Total System Jitter     (TSJ):    0.071ns
    Discrete Jitter          (DJ):    0.112ns
    Phase Error              (PE):    0.000ns

    Location             Delay type                Incr(ns)  Path(ns)    Netlist Resource(s)
  -------------------------------------------------------------------    -------------------
                         (clock clk_out300Mhz_DPU_sys_clk_wiz_0_0 rise edge)
                                                      0.000     0.000 r  
    BUFGCTRL_X0Y19       BUFG                         0.000     0.000 r  DPU_sys_i/processing_system7_0/inst/buffer_fclk_clk_0.FCLK_CLK_0_BUFG/O
                         net (fo=943, routed)         1.980     1.980    DPU_sys_i/clk_wiz_0/inst/clk_in1
    MMCME2_ADV_X1Y2      MMCME2_ADV (Prop_mmcme2_adv_CLKIN1_CLKOUT1)
                                                     -4.287    -2.307 r  DPU_sys_i/clk_wiz_0/inst/mmcm_adv_inst/CLKOUT1
                         net (fo=1, routed)           2.206    -0.101    DPU_sys_i/clk_wiz_0/inst/clk_out300Mhz_DPU_sys_clk_wiz_0_0
    BUFGCTRL_X0Y18       BUFG (Prop_bufg_I_O)         0.101    -0.000 r  DPU_sys_i/clk_wiz_0/inst/clkout2_buf/O
                         net (fo=25585, routed)       1.848     1.848    DPU_sys_i/dpu_eu_0/inst/g_e584eb07.u_822a997b/u_8329ce29/u_3aa346a2/u_dcd815c9/u_6c52c68e/g_7b54f91e[8].g_07af5fd4[0].g_9aa100cb[2].u_a326a45b/g_6779d86c[1].g_91a7f445.u_9efd336d/u_dsp/dpu_2x_clk
    DSP48_X0Y19          DSP48E1                                      r  DPU_sys_i/dpu_eu_0/inst/g_e584eb07.u_822a997b/u_8329ce29/u_3aa346a2/u_dcd815c9/u_6c52c68e/g_7b54f91e[8].g_07af5fd4[0].g_9aa100cb[2].u_a326a45b/g_6779d86c[1].g_91a7f445.u_9efd336d/u_dsp/g_6e2e42a8.u_dsp48e1/CLK
  -------------------------------------------------------------------    -------------------
    DSP48_X0Y19          DSP48E1 (Prop_dsp48e1_CLK_P[37])
                                                      0.434     2.282 r  DPU_sys_i/dpu_eu_0/inst/g_e584eb07.u_822a997b/u_8329ce29/u_3aa346a2/u_dcd815c9/u_6c52c68e/g_7b54f91e[8].g_07af5fd4[0].g_9aa100cb[2].u_a326a45b/g_6779d86c[1].g_91a7f445.u_9efd336d/u_dsp/g_6e2e42a8.u_dsp48e1/P[37]
                         net (fo=2, routed)           2.842     5.123    DPU_sys_i/dpu_eu_0/inst/g_e584eb07.u_822a997b/u_8329ce29/u_3aa346a2/u_dcd815c9/u_6c52c68e/g_7b54f91e[8].g_07af5fd4[0].g_9aa100cb[2].u_a326a45b/s_6524d426[1]_126[27]
    SLICE_X29Y74         FDRE                                         r  DPU_sys_i/dpu_eu_0/inst/g_e584eb07.u_822a997b/u_8329ce29/u_3aa346a2/u_dcd815c9/u_6c52c68e/g_7b54f91e[8].g_07af5fd4[0].g_9aa100cb[2].u_a326a45b/g_6779d86c[1].s_ad0850dd_reg[27]/D
  -------------------------------------------------------------------    -------------------

                         (clock clk_out300Mhz_DPU_sys_clk_wiz_0_0 rise edge)
                                                      3.333     3.333 r  
    BUFGCTRL_X0Y19       BUFG                         0.000     3.333 r  DPU_sys_i/processing_system7_0/inst/buffer_fclk_clk_0.FCLK_CLK_0_BUFG/O
                         net (fo=943, routed)         1.770     5.103    DPU_sys_i/clk_wiz_0/inst/clk_in1
    MMCME2_ADV_X1Y2      MMCME2_ADV (Prop_mmcme2_adv_CLKIN1_CLKOUT1)
                                                     -3.873     1.230 r  DPU_sys_i/clk_wiz_0/inst/mmcm_adv_inst/CLKOUT1
                         net (fo=1, routed)           2.012     3.242    DPU_sys_i/clk_wiz_0/inst/clk_out300Mhz_DPU_sys_clk_wiz_0_0
    BUFGCTRL_X0Y18       BUFG (Prop_bufg_I_O)         0.091     3.333 r  DPU_sys_i/clk_wiz_0/inst/clkout2_buf/O
                         net (fo=25585, routed)       1.508     4.841    DPU_sys_i/dpu_eu_0/inst/g_e584eb07.u_822a997b/u_8329ce29/u_3aa346a2/u_dcd815c9/u_6c52c68e/g_7b54f91e[8].g_07af5fd4[0].g_9aa100cb[2].u_a326a45b/dpu_2x_clk
    SLICE_X29Y74         FDRE                                         r  DPU_sys_i/dpu_eu_0/inst/g_e584eb07.u_822a997b/u_8329ce29/u_3aa346a2/u_dcd815c9/u_6c52c68e/g_7b54f91e[8].g_07af5fd4[0].g_9aa100cb[2].u_a326a45b/g_6779d86c[1].s_ad0850dd_reg[27]/C
                         clock pessimism             -0.010     4.831    
                         clock uncertainty           -0.066     4.765    
    SLICE_X29Y74         FDRE (Setup_fdre_C_D)       -0.062     4.703    DPU_sys_i/dpu_eu_0/inst/g_e584eb07.u_822a997b/u_8329ce29/u_3aa346a2/u_dcd815c9/u_6c52c68e/g_7b54f91e[8].g_07af5fd4[0].g_9aa100cb[2].u_a326a45b/g_6779d86c[1].s_ad0850dd_reg[27]
  -------------------------------------------------------------------
                         required time                          4.703    
                         arrival time                          -5.123    
  -------------------------------------------------------------------
                         slack                                 -0.420    

Slack (VIOLATED) :        -0.418ns  (required time - arrival time)
  Source:                 DPU_sys_i/dpu_eu_0/inst/g_e584eb07.u_822a997b/u_8329ce29/u_3aa346a2/u_dcd815c9/u_6c52c68e/g_7b54f91e[11].g_07af5fd4[0].g_9aa100cb[1].u_a326a45b/g_6779d86c[0].g_abd4b781.s_6ddd7a28_reg[6]/C
                            (rising edge-triggered cell FDRE clocked by clk_out300Mhz_DPU_sys_clk_wiz_0_0  {rise@0.000ns fall@1.667ns period=3.333ns})
  Destination:            DPU_sys_i/dpu_eu_0/inst/g_e584eb07.u_822a997b/u_8329ce29/u_3aa346a2/u_dcd815c9/u_6c52c68e/g_7b54f91e[11].g_07af5fd4[0].g_9aa100cb[1].u_a326a45b/g_6779d86c[0].g_91a7f445.u_9efd336d/u_dsp/g_6e2e42a8.u_dsp48e1/B[16]
                            (rising edge-triggered cell DSP48E1 clocked by clk_out300Mhz_DPU_sys_clk_wiz_0_0  {rise@0.000ns fall@1.667ns period=3.333ns})
  Path Group:             clk_out300Mhz_DPU_sys_clk_wiz_0_0
  Path Type:              Setup (Max at Slow Process Corner)
  Requirement:            3.333ns  (clk_out300Mhz_DPU_sys_clk_wiz_0_0 rise@3.333ns - clk_out300Mhz_DPU_sys_clk_wiz_0_0 rise@0.000ns)
  Data Path Delay:        3.245ns  (logic 0.456ns (14.051%)  route 2.789ns (85.949%))
  Logic Levels:           0  
  Clock Path Skew:        0.010ns (DCD - SCD + CPR)
    Destination Clock Delay (DCD):    1.670ns = ( 5.003 - 3.333 ) 
    Source Clock Delay      (SCD):    1.650ns
    Clock Pessimism Removal (CPR):    -0.010ns
  Clock Uncertainty:      0.066ns  ((TSJ^2 + DJ^2)^1/2) / 2 + PE
    Total System Jitter     (TSJ):    0.071ns
    Discrete Jitter          (DJ):    0.112ns
    Phase Error              (PE):    0.000ns

    Location             Delay type                Incr(ns)  Path(ns)    Netlist Resource(s)
  -------------------------------------------------------------------    -------------------
                         (clock clk_out300Mhz_DPU_sys_clk_wiz_0_0 rise edge)
                                                      0.000     0.000 r  
    BUFGCTRL_X0Y19       BUFG                         0.000     0.000 r  DPU_sys_i/processing_system7_0/inst/buffer_fclk_clk_0.FCLK_CLK_0_BUFG/O
                         net (fo=943, routed)         1.980     1.980    DPU_sys_i/clk_wiz_0/inst/clk_in1
    MMCME2_ADV_X1Y2      MMCME2_ADV (Prop_mmcme2_adv_CLKIN1_CLKOUT1)
                                                     -4.287    -2.307 r  DPU_sys_i/clk_wiz_0/inst/mmcm_adv_inst/CLKOUT1
                         net (fo=1, routed)           2.206    -0.101    DPU_sys_i/clk_wiz_0/inst/clk_out300Mhz_DPU_sys_clk_wiz_0_0
    BUFGCTRL_X0Y18       BUFG (Prop_bufg_I_O)         0.101    -0.000 r  DPU_sys_i/clk_wiz_0/inst/clkout2_buf/O
                         net (fo=25585, routed)       1.650     1.650    DPU_sys_i/dpu_eu_0/inst/g_e584eb07.u_822a997b/u_8329ce29/u_3aa346a2/u_dcd815c9/u_6c52c68e/g_7b54f91e[11].g_07af5fd4[0].g_9aa100cb[1].u_a326a45b/dpu_2x_clk
    SLICE_X49Y55         FDRE                                         r  DPU_sys_i/dpu_eu_0/inst/g_e584eb07.u_822a997b/u_8329ce29/u_3aa346a2/u_dcd815c9/u_6c52c68e/g_7b54f91e[11].g_07af5fd4[0].g_9aa100cb[1].u_a326a45b/g_6779d86c[0].g_abd4b781.s_6ddd7a28_reg[6]/C
  -------------------------------------------------------------------    -------------------
    SLICE_X49Y55         FDRE (Prop_fdre_C_Q)         0.456     2.106 r  DPU_sys_i/dpu_eu_0/inst/g_e584eb07.u_822a997b/u_8329ce29/u_3aa346a2/u_dcd815c9/u_6c52c68e/g_7b54f91e[11].g_07af5fd4[0].g_9aa100cb[1].u_a326a45b/g_6779d86c[0].g_abd4b781.s_6ddd7a28_reg[6]/Q
                         net (fo=2, routed)           2.789     4.895    DPU_sys_i/dpu_eu_0/inst/g_e584eb07.u_822a997b/u_8329ce29/u_3aa346a2/u_dcd815c9/u_6c52c68e/g_7b54f91e[11].g_07af5fd4[0].g_9aa100cb[1].u_a326a45b/g_6779d86c[0].g_91a7f445.u_9efd336d/u_dsp/Q[6]
    DSP48_X0Y16          DSP48E1                                      r  DPU_sys_i/dpu_eu_0/inst/g_e584eb07.u_822a997b/u_8329ce29/u_3aa346a2/u_dcd815c9/u_6c52c68e/g_7b54f91e[11].g_07af5fd4[0].g_9aa100cb[1].u_a326a45b/g_6779d86c[0].g_91a7f445.u_9efd336d/u_dsp/g_6e2e42a8.u_dsp48e1/B[16]
  -------------------------------------------------------------------    -------------------

                         (clock clk_out300Mhz_DPU_sys_clk_wiz_0_0 rise edge)
                                                      3.333     3.333 r  
    BUFGCTRL_X0Y19       BUFG                         0.000     3.333 r  DPU_sys_i/processing_system7_0/inst/buffer_fclk_clk_0.FCLK_CLK_0_BUFG/O
                         net (fo=943, routed)         1.770     5.103    DPU_sys_i/clk_wiz_0/inst/clk_in1
    MMCME2_ADV_X1Y2      MMCME2_ADV (Prop_mmcme2_adv_CLKIN1_CLKOUT1)
                                                     -3.873     1.230 r  DPU_sys_i/clk_wiz_0/inst/mmcm_adv_inst/CLKOUT1
                         net (fo=1, routed)           2.012     3.242    DPU_sys_i/clk_wiz_0/inst/clk_out300Mhz_DPU_sys_clk_wiz_0_0
    BUFGCTRL_X0Y18       BUFG (Prop_bufg_I_O)         0.091     3.333 r  DPU_sys_i/clk_wiz_0/inst/clkout2_buf/O
                         net (fo=25585, routed)       1.670     5.003    DPU_sys_i/dpu_eu_0/inst/g_e584eb07.u_822a997b/u_8329ce29/u_3aa346a2/u_dcd815c9/u_6c52c68e/g_7b54f91e[11].g_07af5fd4[0].g_9aa100cb[1].u_a326a45b/g_6779d86c[0].g_91a7f445.u_9efd336d/u_dsp/dpu_2x_clk
    DSP48_X0Y16          DSP48E1                                      r  DPU_sys_i/dpu_eu_0/inst/g_e584eb07.u_822a997b/u_8329ce29/u_3aa346a2/u_dcd815c9/u_6c52c68e/g_7b54f91e[11].g_07af5fd4[0].g_9aa100cb[1].u_a326a45b/g_6779d86c[0].g_91a7f445.u_9efd336d/u_dsp/g_6e2e42a8.u_dsp48e1/CLK
                         clock pessimism             -0.010     4.993    
                         clock uncertainty           -0.066     4.927    
    DSP48_X0Y16          DSP48E1 (Setup_dsp48e1_CLK_B[16])
                                                     -0.450     4.477    DPU_sys_i/dpu_eu_0/inst/g_e584eb07.u_822a997b/u_8329ce29/u_3aa346a2/u_dcd815c9/u_6c52c68e/g_7b54f91e[11].g_07af5fd4[0].g_9aa100cb[1].u_a326a45b/g_6779d86c[0].g_91a7f445.u_9efd336d/u_dsp/g_6e2e42a8.u_dsp48e1
  -------------------------------------------------------------------
                         required time                          4.477    
                         arrival time                          -4.895    
  -------------------------------------------------------------------
                         slack                                 -0.418    

Slack (VIOLATED) :        -0.411ns  (required time - arrival time)
  Source:                 DPU_sys_i/dpu_eu_0/inst/g_e584eb07.u_822a997b/u_8329ce29/u_3aa346a2/u_dcd815c9/u_6c52c68e/g_7b54f91e[8].g_07af5fd4[0].g_9aa100cb[1].u_a326a45b/g_6779d86c[0].g_abd4b781.s_6ddd7a28_reg[3]/C
                            (rising edge-triggered cell FDRE clocked by clk_out300Mhz_DPU_sys_clk_wiz_0_0  {rise@0.000ns fall@1.667ns period=3.333ns})
  Destination:            DPU_sys_i/dpu_eu_0/inst/g_e584eb07.u_822a997b/u_8329ce29/u_3aa346a2/u_dcd815c9/u_6c52c68e/g_7b54f91e[8].g_07af5fd4[0].g_9aa100cb[1].u_a326a45b/g_6779d86c[0].g_91a7f445.u_9efd336d/u_dsp/g_6e2e42a8.u_dsp48e1/B[13]
                            (rising edge-triggered cell DSP48E1 clocked by clk_out300Mhz_DPU_sys_clk_wiz_0_0  {rise@0.000ns fall@1.667ns period=3.333ns})
  Path Group:             clk_out300Mhz_DPU_sys_clk_wiz_0_0
  Path Type:              Setup (Max at Slow Process Corner)
  Requirement:            3.333ns  (clk_out300Mhz_DPU_sys_clk_wiz_0_0 rise@3.333ns - clk_out300Mhz_DPU_sys_clk_wiz_0_0 rise@0.000ns)
  Data Path Delay:        3.072ns  (logic 0.478ns (15.558%)  route 2.594ns (84.442%))
  Logic Levels:           0  
  Clock Path Skew:        0.015ns (DCD - SCD + CPR)
    Destination Clock Delay (DCD):    1.669ns = ( 5.002 - 3.333 ) 
    Source Clock Delay      (SCD):    1.644ns
    Clock Pessimism Removal (CPR):    -0.010ns
  Clock Uncertainty:      0.066ns  ((TSJ^2 + DJ^2)^1/2) / 2 + PE
    Total System Jitter     (TSJ):    0.071ns
    Discrete Jitter          (DJ):    0.112ns
    Phase Error              (PE):    0.000ns

    Location             Delay type                Incr(ns)  Path(ns)    Netlist Resource(s)
  -------------------------------------------------------------------    -------------------
                         (clock clk_out300Mhz_DPU_sys_clk_wiz_0_0 rise edge)
                                                      0.000     0.000 r  
    BUFGCTRL_X0Y19       BUFG                         0.000     0.000 r  DPU_sys_i/processing_system7_0/inst/buffer_fclk_clk_0.FCLK_CLK_0_BUFG/O
                         net (fo=943, routed)         1.980     1.980    DPU_sys_i/clk_wiz_0/inst/clk_in1
    MMCME2_ADV_X1Y2      MMCME2_ADV (Prop_mmcme2_adv_CLKIN1_CLKOUT1)
                                                     -4.287    -2.307 r  DPU_sys_i/clk_wiz_0/inst/mmcm_adv_inst/CLKOUT1
                         net (fo=1, routed)           2.206    -0.101    DPU_sys_i/clk_wiz_0/inst/clk_out300Mhz_DPU_sys_clk_wiz_0_0
    BUFGCTRL_X0Y18       BUFG (Prop_bufg_I_O)         0.101    -0.000 r  DPU_sys_i/clk_wiz_0/inst/clkout2_buf/O
                         net (fo=25585, routed)       1.644     1.644    DPU_sys_i/dpu_eu_0/inst/g_e584eb07.u_822a997b/u_8329ce29/u_3aa346a2/u_dcd815c9/u_6c52c68e/g_7b54f91e[8].g_07af5fd4[0].g_9aa100cb[1].u_a326a45b/dpu_2x_clk
    SLICE_X34Y83         FDRE                                         r  DPU_sys_i/dpu_eu_0/inst/g_e584eb07.u_822a997b/u_8329ce29/u_3aa346a2/u_dcd815c9/u_6c52c68e/g_7b54f91e[8].g_07af5fd4[0].g_9aa100cb[1].u_a326a45b/g_6779d86c[0].g_abd4b781.s_6ddd7a28_reg[3]/C
  -------------------------------------------------------------------    -------------------
    SLICE_X34Y83         FDRE (Prop_fdre_C_Q)         0.478     2.122 r  DPU_sys_i/dpu_eu_0/inst/g_e584eb07.u_822a997b/u_8329ce29/u_3aa346a2/u_dcd815c9/u_6c52c68e/g_7b54f91e[8].g_07af5fd4[0].g_9aa100cb[1].u_a326a45b/g_6779d86c[0].g_abd4b781.s_6ddd7a28_reg[3]/Q
                         net (fo=2, routed)           2.594     4.716    DPU_sys_i/dpu_eu_0/inst/g_e584eb07.u_822a997b/u_8329ce29/u_3aa346a2/u_dcd815c9/u_6c52c68e/g_7b54f91e[8].g_07af5fd4[0].g_9aa100cb[1].u_a326a45b/g_6779d86c[0].g_91a7f445.u_9efd336d/u_dsp/Q[3]
    DSP48_X1Y18          DSP48E1                                      r  DPU_sys_i/dpu_eu_0/inst/g_e584eb07.u_822a997b/u_8329ce29/u_3aa346a2/u_dcd815c9/u_6c52c68e/g_7b54f91e[8].g_07af5fd4[0].g_9aa100cb[1].u_a326a45b/g_6779d86c[0].g_91a7f445.u_9efd336d/u_dsp/g_6e2e42a8.u_dsp48e1/B[13]
  -------------------------------------------------------------------    -------------------

                         (clock clk_out300Mhz_DPU_sys_clk_wiz_0_0 rise edge)
                                                      3.333     3.333 r  
    BUFGCTRL_X0Y19       BUFG                         0.000     3.333 r  DPU_sys_i/processing_system7_0/inst/buffer_fclk_clk_0.FCLK_CLK_0_BUFG/O
                         net (fo=943, routed)         1.770     5.103    DPU_sys_i/clk_wiz_0/inst/clk_in1
    MMCME2_ADV_X1Y2      MMCME2_ADV (Prop_mmcme2_adv_CLKIN1_CLKOUT1)
                                                     -3.873     1.230 r  DPU_sys_i/clk_wiz_0/inst/mmcm_adv_inst/CLKOUT1
                         net (fo=1, routed)           2.012     3.242    DPU_sys_i/clk_wiz_0/inst/clk_out300Mhz_DPU_sys_clk_wiz_0_0
    BUFGCTRL_X0Y18       BUFG (Prop_bufg_I_O)         0.091     3.333 r  DPU_sys_i/clk_wiz_0/inst/clkout2_buf/O
                         net (fo=25585, routed)       1.669     5.002    DPU_sys_i/dpu_eu_0/inst/g_e584eb07.u_822a997b/u_8329ce29/u_3aa346a2/u_dcd815c9/u_6c52c68e/g_7b54f91e[8].g_07af5fd4[0].g_9aa100cb[1].u_a326a45b/g_6779d86c[0].g_91a7f445.u_9efd336d/u_dsp/dpu_2x_clk
    DSP48_X1Y18          DSP48E1                                      r  DPU_sys_i/dpu_eu_0/inst/g_e584eb07.u_822a997b/u_8329ce29/u_3aa346a2/u_dcd815c9/u_6c52c68e/g_7b54f91e[8].g_07af5fd4[0].g_9aa100cb[1].u_a326a45b/g_6779d86c[0].g_91a7f445.u_9efd336d/u_dsp/g_6e2e42a8.u_dsp48e1/CLK
                         clock pessimism             -0.010     4.992    
                         clock uncertainty           -0.066     4.926    
    DSP48_X1Y18          DSP48E1 (Setup_dsp48e1_CLK_B[13])
                                                     -0.621     4.305    DPU_sys_i/dpu_eu_0/inst/g_e584eb07.u_822a997b/u_8329ce29/u_3aa346a2/u_dcd815c9/u_6c52c68e/g_7b54f91e[8].g_07af5fd4[0].g_9aa100cb[1].u_a326a45b/g_6779d86c[0].g_91a7f445.u_9efd336d/u_dsp/g_6e2e42a8.u_dsp48e1
  -------------------------------------------------------------------
                         required time                          4.305    
                         arrival time                          -4.716    
  -------------------------------------------------------------------
                         slack                                 -0.411    

Slack (VIOLATED) :        -0.407ns  (required time - arrival time)
  Source:                 DPU_sys_i/dpu_eu_0/inst/g_e584eb07.u_822a997b/u_8329ce29/u_3aa346a2/u_dcd815c9/u_6c52c68e/g_7b54f91e[8].g_07af5fd4[0].g_9aa100cb[1].u_a326a45b/g_6779d86c[0].g_91a7f445.u_9efd336d/u_dsp/g_6e2e42a8.u_dsp48e1/CLK
                            (rising edge-triggered cell DSP48E1 clocked by clk_out300Mhz_DPU_sys_clk_wiz_0_0  {rise@0.000ns fall@1.667ns period=3.333ns})
  Destination:            DPU_sys_i/dpu_eu_0/inst/g_e584eb07.u_822a997b/u_8329ce29/u_3aa346a2/u_dcd815c9/u_6c52c68e/g_7b54f91e[8].g_07af5fd4[0].g_9aa100cb[1].u_a326a45b/g_6779d86c[0].s_ad0850dd_reg[26]/D
                            (rising edge-triggered cell FDRE clocked by clk_out300Mhz_DPU_sys_clk_wiz_0_0  {rise@0.000ns fall@1.667ns period=3.333ns})
  Path Group:             clk_out300Mhz_DPU_sys_clk_wiz_0_0
  Path Type:              Setup (Max at Slow Process Corner)
  Requirement:            3.333ns  (clk_out300Mhz_DPU_sys_clk_wiz_0_0 rise@3.333ns - clk_out300Mhz_DPU_sys_clk_wiz_0_0 rise@0.000ns)
  Data Path Delay:        3.256ns  (logic 0.434ns (13.328%)  route 2.822ns (86.672%))
  Logic Levels:           0  
  Clock Path Skew:        -0.388ns (DCD - SCD + CPR)
    Destination Clock Delay (DCD):    1.467ns = ( 4.800 - 3.333 ) 
    Source Clock Delay      (SCD):    1.845ns
    Clock Pessimism Removal (CPR):    -0.010ns
  Clock Uncertainty:      0.066ns  ((TSJ^2 + DJ^2)^1/2) / 2 + PE
    Total System Jitter     (TSJ):    0.071ns
    Discrete Jitter          (DJ):    0.112ns
    Phase Error              (PE):    0.000ns

    Location             Delay type                Incr(ns)  Path(ns)    Netlist Resource(s)
  -------------------------------------------------------------------    -------------------
                         (clock clk_out300Mhz_DPU_sys_clk_wiz_0_0 rise edge)
                                                      0.000     0.000 r  
    BUFGCTRL_X0Y19       BUFG                         0.000     0.000 r  DPU_sys_i/processing_system7_0/inst/buffer_fclk_clk_0.FCLK_CLK_0_BUFG/O
                         net (fo=943, routed)         1.980     1.980    DPU_sys_i/clk_wiz_0/inst/clk_in1
    MMCME2_ADV_X1Y2      MMCME2_ADV (Prop_mmcme2_adv_CLKIN1_CLKOUT1)
                                                     -4.287    -2.307 r  DPU_sys_i/clk_wiz_0/inst/mmcm_adv_inst/CLKOUT1
                         net (fo=1, routed)           2.206    -0.101    DPU_sys_i/clk_wiz_0/inst/clk_out300Mhz_DPU_sys_clk_wiz_0_0
    BUFGCTRL_X0Y18       BUFG (Prop_bufg_I_O)         0.101    -0.000 r  DPU_sys_i/clk_wiz_0/inst/clkout2_buf/O
                         net (fo=25585, routed)       1.845     1.845    DPU_sys_i/dpu_eu_0/inst/g_e584eb07.u_822a997b/u_8329ce29/u_3aa346a2/u_dcd815c9/u_6c52c68e/g_7b54f91e[8].g_07af5fd4[0].g_9aa100cb[1].u_a326a45b/g_6779d86c[0].g_91a7f445.u_9efd336d/u_dsp/dpu_2x_clk
    DSP48_X1Y18          DSP48E1                                      r  DPU_sys_i/dpu_eu_0/inst/g_e584eb07.u_822a997b/u_8329ce29/u_3aa346a2/u_dcd815c9/u_6c52c68e/g_7b54f91e[8].g_07af5fd4[0].g_9aa100cb[1].u_a326a45b/g_6779d86c[0].g_91a7f445.u_9efd336d/u_dsp/g_6e2e42a8.u_dsp48e1/CLK
  -------------------------------------------------------------------    -------------------
    DSP48_X1Y18          DSP48E1 (Prop_dsp48e1_CLK_P[36])
                                                      0.434     2.279 r  DPU_sys_i/dpu_eu_0/inst/g_e584eb07.u_822a997b/u_8329ce29/u_3aa346a2/u_dcd815c9/u_6c52c68e/g_7b54f91e[8].g_07af5fd4[0].g_9aa100cb[1].u_a326a45b/g_6779d86c[0].g_91a7f445.u_9efd336d/u_dsp/g_6e2e42a8.u_dsp48e1/P[36]
                         net (fo=2, routed)           2.822     5.101    DPU_sys_i/dpu_eu_0/inst/g_e584eb07.u_822a997b/u_8329ce29/u_3aa346a2/u_dcd815c9/u_6c52c68e/g_7b54f91e[8].g_07af5fd4[0].g_9aa100cb[1].u_a326a45b/s_6524d426[0]_122[26]
    SLICE_X42Y71         FDRE                                         r  DPU_sys_i/dpu_eu_0/inst/g_e584eb07.u_822a997b/u_8329ce29/u_3aa346a2/u_dcd815c9/u_6c52c68e/g_7b54f91e[8].g_07af5fd4[0].g_9aa100cb[1].u_a326a45b/g_6779d86c[0].s_ad0850dd_reg[26]/D
  -------------------------------------------------------------------    -------------------

                         (clock clk_out300Mhz_DPU_sys_clk_wiz_0_0 rise edge)
                                                      3.333     3.333 r  
    BUFGCTRL_X0Y19       BUFG                         0.000     3.333 r  DPU_sys_i/processing_system7_0/inst/buffer_fclk_clk_0.FCLK_CLK_0_BUFG/O
                         net (fo=943, routed)         1.770     5.103    DPU_sys_i/clk_wiz_0/inst/clk_in1
    MMCME2_ADV_X1Y2      MMCME2_ADV (Prop_mmcme2_adv_CLKIN1_CLKOUT1)
                                                     -3.873     1.230 r  DPU_sys_i/clk_wiz_0/inst/mmcm_adv_inst/CLKOUT1
                         net (fo=1, routed)           2.012     3.242    DPU_sys_i/clk_wiz_0/inst/clk_out300Mhz_DPU_sys_clk_wiz_0_0
    BUFGCTRL_X0Y18       BUFG (Prop_bufg_I_O)         0.091     3.333 r  DPU_sys_i/clk_wiz_0/inst/clkout2_buf/O
                         net (fo=25585, routed)       1.467     4.800    DPU_sys_i/dpu_eu_0/inst/g_e584eb07.u_822a997b/u_8329ce29/u_3aa346a2/u_dcd815c9/u_6c52c68e/g_7b54f91e[8].g_07af5fd4[0].g_9aa100cb[1].u_a326a45b/dpu_2x_clk
    SLICE_X42Y71         FDRE                                         r  DPU_sys_i/dpu_eu_0/inst/g_e584eb07.u_822a997b/u_8329ce29/u_3aa346a2/u_dcd815c9/u_6c52c68e/g_7b54f91e[8].g_07af5fd4[0].g_9aa100cb[1].u_a326a45b/g_6779d86c[0].s_ad0850dd_reg[26]/C
                         clock pessimism             -0.010     4.790    
                         clock uncertainty           -0.066     4.724    
    SLICE_X42Y71         FDRE (Setup_fdre_C_D)       -0.030     4.694    DPU_sys_i/dpu_eu_0/inst/g_e584eb07.u_822a997b/u_8329ce29/u_3aa346a2/u_dcd815c9/u_6c52c68e/g_7b54f91e[8].g_07af5fd4[0].g_9aa100cb[1].u_a326a45b/g_6779d86c[0].s_ad0850dd_reg[26]
  -------------------------------------------------------------------
                         required time                          4.694    
                         arrival time                          -5.101    
  -------------------------------------------------------------------
                         slack                                 -0.407    

Slack (VIOLATED) :        -0.393ns  (required time - arrival time)
  Source:                 DPU_sys_i/dpu_eu_0/inst/g_e584eb07.u_822a997b/u_8329ce29/u_3aa346a2/u_dcd815c9/u_6c52c68e/g_7b54f91e[8].g_07af5fd4[0].g_9aa100cb[1].u_a326a45b/g_6779d86c[0].g_91a7f445.u_9efd336d/u_dsp/g_6e2e42a8.u_dsp48e1/CLK
                            (rising edge-triggered cell DSP48E1 clocked by clk_out300Mhz_DPU_sys_clk_wiz_0_0  {rise@0.000ns fall@1.667ns period=3.333ns})
  Destination:            DPU_sys_i/dpu_eu_0/inst/g_e584eb07.u_822a997b/u_8329ce29/u_3aa346a2/u_dcd815c9/u_6c52c68e/g_7b54f91e[8].g_07af5fd4[0].g_9aa100cb[1].u_a326a45b/g_6779d86c[0].s_fcf4f443_reg[14]/D
                            (rising edge-triggered cell FDRE clocked by clk_out300Mhz_DPU_sys_clk_wiz_0_0  {rise@0.000ns fall@1.667ns period=3.333ns})
  Path Group:             clk_out300Mhz_DPU_sys_clk_wiz_0_0
  Path Type:              Setup (Max at Slow Process Corner)
  Requirement:            3.333ns  (clk_out300Mhz_DPU_sys_clk_wiz_0_0 rise@3.333ns - clk_out300Mhz_DPU_sys_clk_wiz_0_0 rise@0.000ns)
  Data Path Delay:        3.234ns  (logic 0.434ns (13.418%)  route 2.800ns (86.582%))
  Logic Levels:           0  
  Clock Path Skew:        -0.381ns (DCD - SCD + CPR)
    Destination Clock Delay (DCD):    1.474ns = ( 4.807 - 3.333 ) 
    Source Clock Delay      (SCD):    1.845ns
    Clock Pessimism Removal (CPR):    -0.010ns
  Clock Uncertainty:      0.066ns  ((TSJ^2 + DJ^2)^1/2) / 2 + PE
    Total System Jitter     (TSJ):    0.071ns
    Discrete Jitter          (DJ):    0.112ns
    Phase Error              (PE):    0.000ns

    Location             Delay type                Incr(ns)  Path(ns)    Netlist Resource(s)
  -------------------------------------------------------------------    -------------------
                         (clock clk_out300Mhz_DPU_sys_clk_wiz_0_0 rise edge)
                                                      0.000     0.000 r  
    BUFGCTRL_X0Y19       BUFG                         0.000     0.000 r  DPU_sys_i/processing_system7_0/inst/buffer_fclk_clk_0.FCLK_CLK_0_BUFG/O
                         net (fo=943, routed)         1.980     1.980    DPU_sys_i/clk_wiz_0/inst/clk_in1
    MMCME2_ADV_X1Y2      MMCME2_ADV (Prop_mmcme2_adv_CLKIN1_CLKOUT1)
                                                     -4.287    -2.307 r  DPU_sys_i/clk_wiz_0/inst/mmcm_adv_inst/CLKOUT1
                         net (fo=1, routed)           2.206    -0.101    DPU_sys_i/clk_wiz_0/inst/clk_out300Mhz_DPU_sys_clk_wiz_0_0
    BUFGCTRL_X0Y18       BUFG (Prop_bufg_I_O)         0.101    -0.000 r  DPU_sys_i/clk_wiz_0/inst/clkout2_buf/O
                         net (fo=25585, routed)       1.845     1.845    DPU_sys_i/dpu_eu_0/inst/g_e584eb07.u_822a997b/u_8329ce29/u_3aa346a2/u_dcd815c9/u_6c52c68e/g_7b54f91e[8].g_07af5fd4[0].g_9aa100cb[1].u_a326a45b/g_6779d86c[0].g_91a7f445.u_9efd336d/u_dsp/dpu_2x_clk
    DSP48_X1Y18          DSP48E1                                      r  DPU_sys_i/dpu_eu_0/inst/g_e584eb07.u_822a997b/u_8329ce29/u_3aa346a2/u_dcd815c9/u_6c52c68e/g_7b54f91e[8].g_07af5fd4[0].g_9aa100cb[1].u_a326a45b/g_6779d86c[0].g_91a7f445.u_9efd336d/u_dsp/g_6e2e42a8.u_dsp48e1/CLK
  -------------------------------------------------------------------    -------------------
    DSP48_X1Y18          DSP48E1 (Prop_dsp48e1_CLK_P[24])
                                                      0.434     2.279 r  DPU_sys_i/dpu_eu_0/inst/g_e584eb07.u_822a997b/u_8329ce29/u_3aa346a2/u_dcd815c9/u_6c52c68e/g_7b54f91e[8].g_07af5fd4[0].g_9aa100cb[1].u_a326a45b/g_6779d86c[0].g_91a7f445.u_9efd336d/u_dsp/g_6e2e42a8.u_dsp48e1/P[24]
                         net (fo=2, routed)           2.800     5.079    DPU_sys_i/dpu_eu_0/inst/g_e584eb07.u_822a997b/u_8329ce29/u_3aa346a2/u_dcd815c9/u_6c52c68e/g_7b54f91e[8].g_07af5fd4[0].g_9aa100cb[1].u_a326a45b/s_6524d426[0]_122[14]
    SLICE_X36Y63         FDRE                                         r  DPU_sys_i/dpu_eu_0/inst/g_e584eb07.u_822a997b/u_8329ce29/u_3aa346a2/u_dcd815c9/u_6c52c68e/g_7b54f91e[8].g_07af5fd4[0].g_9aa100cb[1].u_a326a45b/g_6779d86c[0].s_fcf4f443_reg[14]/D
  -------------------------------------------------------------------    -------------------

                         (clock clk_out300Mhz_DPU_sys_clk_wiz_0_0 rise edge)
                                                      3.333     3.333 r  
    BUFGCTRL_X0Y19       BUFG                         0.000     3.333 r  DPU_sys_i/processing_system7_0/inst/buffer_fclk_clk_0.FCLK_CLK_0_BUFG/O
                         net (fo=943, routed)         1.770     5.103    DPU_sys_i/clk_wiz_0/inst/clk_in1
    MMCME2_ADV_X1Y2      MMCME2_ADV (Prop_mmcme2_adv_CLKIN1_CLKOUT1)
                                                     -3.873     1.230 r  DPU_sys_i/clk_wiz_0/inst/mmcm_adv_inst/CLKOUT1
                         net (fo=1, routed)           2.012     3.242    DPU_sys_i/clk_wiz_0/inst/clk_out300Mhz_DPU_sys_clk_wiz_0_0
    BUFGCTRL_X0Y18       BUFG (Prop_bufg_I_O)         0.091     3.333 r  DPU_sys_i/clk_wiz_0/inst/clkout2_buf/O
                         net (fo=25585, routed)       1.474     4.807    DPU_sys_i/dpu_eu_0/inst/g_e584eb07.u_822a997b/u_8329ce29/u_3aa346a2/u_dcd815c9/u_6c52c68e/g_7b54f91e[8].g_07af5fd4[0].g_9aa100cb[1].u_a326a45b/dpu_2x_clk
    SLICE_X36Y63         FDRE                                         r  DPU_sys_i/dpu_eu_0/inst/g_e584eb07.u_822a997b/u_8329ce29/u_3aa346a2/u_dcd815c9/u_6c52c68e/g_7b54f91e[8].g_07af5fd4[0].g_9aa100cb[1].u_a326a45b/g_6779d86c[0].s_fcf4f443_reg[14]/C
                         clock pessimism             -0.010     4.797    
                         clock uncertainty           -0.066     4.731    
    SLICE_X36Y63         FDRE (Setup_fdre_C_D)       -0.045     4.686    DPU_sys_i/dpu_eu_0/inst/g_e584eb07.u_822a997b/u_8329ce29/u_3aa346a2/u_dcd815c9/u_6c52c68e/g_7b54f91e[8].g_07af5fd4[0].g_9aa100cb[1].u_a326a45b/g_6779d86c[0].s_fcf4f443_reg[14]
  -------------------------------------------------------------------
                         required time                          4.686    
                         arrival time                          -5.079    
  -------------------------------------------------------------------
                         slack                                 -0.393    

Slack (VIOLATED) :        -0.378ns  (required time - arrival time)
  Source:                 DPU_sys_i/dpu_eu_0/inst/g_e584eb07.u_822a997b/u_8329ce29/u_3aa346a2/u_dcd815c9/u_6c52c68e/g_7b54f91e[8].g_07af5fd4[0].g_9aa100cb[2].u_a326a45b/g_6779d86c[0].s_e77f1071_reg[5]/C
                            (rising edge-triggered cell FDRE clocked by clk_out300Mhz_DPU_sys_clk_wiz_0_0  {rise@0.000ns fall@1.667ns period=3.333ns})
  Destination:            DPU_sys_i/dpu_eu_0/inst/g_e584eb07.u_822a997b/u_8329ce29/u_3aa346a2/u_dcd815c9/u_6c52c68e/g_7b54f91e[8].g_07af5fd4[0].g_9aa100cb[2].u_a326a45b/g_6779d86c[1].g_91a7f445.u_9efd336d/u_dsp/g_6e2e42a8.u_dsp48e1/B[15]
                            (rising edge-triggered cell DSP48E1 clocked by clk_out300Mhz_DPU_sys_clk_wiz_0_0  {rise@0.000ns fall@1.667ns period=3.333ns})
  Path Group:             clk_out300Mhz_DPU_sys_clk_wiz_0_0
  Path Type:              Setup (Max at Slow Process Corner)
  Requirement:            3.333ns  (clk_out300Mhz_DPU_sys_clk_wiz_0_0 rise@3.333ns - clk_out300Mhz_DPU_sys_clk_wiz_0_0 rise@0.000ns)
  Data Path Delay:        2.987ns  (logic 0.478ns (16.004%)  route 2.509ns (83.996%))
  Logic Levels:           0  
  Clock Path Skew:        -0.034ns (DCD - SCD + CPR)
    Destination Clock Delay (DCD):    1.672ns = ( 5.005 - 3.333 ) 
    Source Clock Delay      (SCD):    1.696ns
    Clock Pessimism Removal (CPR):    -0.010ns
  Clock Uncertainty:      0.066ns  ((TSJ^2 + DJ^2)^1/2) / 2 + PE
    Total System Jitter     (TSJ):    0.071ns
    Discrete Jitter          (DJ):    0.112ns
    Phase Error              (PE):    0.000ns

    Location             Delay type                Incr(ns)  Path(ns)    Netlist Resource(s)
  -------------------------------------------------------------------    -------------------
                         (clock clk_out300Mhz_DPU_sys_clk_wiz_0_0 rise edge)
                                                      0.000     0.000 r  
    BUFGCTRL_X0Y19       BUFG                         0.000     0.000 r  DPU_sys_i/processing_system7_0/inst/buffer_fclk_clk_0.FCLK_CLK_0_BUFG/O
                         net (fo=943, routed)         1.980     1.980    DPU_sys_i/clk_wiz_0/inst/clk_in1
    MMCME2_ADV_X1Y2      MMCME2_ADV (Prop_mmcme2_adv_CLKIN1_CLKOUT1)
                                                     -4.287    -2.307 r  DPU_sys_i/clk_wiz_0/inst/mmcm_adv_inst/CLKOUT1
                         net (fo=1, routed)           2.206    -0.101    DPU_sys_i/clk_wiz_0/inst/clk_out300Mhz_DPU_sys_clk_wiz_0_0
    BUFGCTRL_X0Y18       BUFG (Prop_bufg_I_O)         0.101    -0.000 r  DPU_sys_i/clk_wiz_0/inst/clkout2_buf/O
                         net (fo=25585, routed)       1.696     1.696    DPU_sys_i/dpu_eu_0/inst/g_e584eb07.u_822a997b/u_8329ce29/u_3aa346a2/u_dcd815c9/u_6c52c68e/g_7b54f91e[8].g_07af5fd4[0].g_9aa100cb[2].u_a326a45b/dpu_2x_clk
    SLICE_X26Y52         FDRE                                         r  DPU_sys_i/dpu_eu_0/inst/g_e584eb07.u_822a997b/u_8329ce29/u_3aa346a2/u_dcd815c9/u_6c52c68e/g_7b54f91e[8].g_07af5fd4[0].g_9aa100cb[2].u_a326a45b/g_6779d86c[0].s_e77f1071_reg[5]/C
  -------------------------------------------------------------------    -------------------
    SLICE_X26Y52         FDRE (Prop_fdre_C_Q)         0.478     2.174 r  DPU_sys_i/dpu_eu_0/inst/g_e584eb07.u_822a997b/u_8329ce29/u_3aa346a2/u_dcd815c9/u_6c52c68e/g_7b54f91e[8].g_07af5fd4[0].g_9aa100cb[2].u_a326a45b/g_6779d86c[0].s_e77f1071_reg[5]/Q
                         net (fo=1, routed)           2.509     4.683    DPU_sys_i/dpu_eu_0/inst/g_e584eb07.u_822a997b/u_8329ce29/u_3aa346a2/u_dcd815c9/u_6c52c68e/g_7b54f91e[8].g_07af5fd4[0].g_9aa100cb[2].u_a326a45b/g_6779d86c[1].g_91a7f445.u_9efd336d/u_dsp/Q[5]
    DSP48_X0Y19          DSP48E1                                      r  DPU_sys_i/dpu_eu_0/inst/g_e584eb07.u_822a997b/u_8329ce29/u_3aa346a2/u_dcd815c9/u_6c52c68e/g_7b54f91e[8].g_07af5fd4[0].g_9aa100cb[2].u_a326a45b/g_6779d86c[1].g_91a7f445.u_9efd336d/u_dsp/g_6e2e42a8.u_dsp48e1/B[15]
  -------------------------------------------------------------------    -------------------

                         (clock clk_out300Mhz_DPU_sys_clk_wiz_0_0 rise edge)
                                                      3.333     3.333 r  
    BUFGCTRL_X0Y19       BUFG                         0.000     3.333 r  DPU_sys_i/processing_system7_0/inst/buffer_fclk_clk_0.FCLK_CLK_0_BUFG/O
                         net (fo=943, routed)         1.770     5.103    DPU_sys_i/clk_wiz_0/inst/clk_in1
    MMCME2_ADV_X1Y2      MMCME2_ADV (Prop_mmcme2_adv_CLKIN1_CLKOUT1)
                                                     -3.873     1.230 r  DPU_sys_i/clk_wiz_0/inst/mmcm_adv_inst/CLKOUT1
                         net (fo=1, routed)           2.012     3.242    DPU_sys_i/clk_wiz_0/inst/clk_out300Mhz_DPU_sys_clk_wiz_0_0
    BUFGCTRL_X0Y18       BUFG (Prop_bufg_I_O)         0.091     3.333 r  DPU_sys_i/clk_wiz_0/inst/clkout2_buf/O
                         net (fo=25585, routed)       1.672     5.005    DPU_sys_i/dpu_eu_0/inst/g_e584eb07.u_822a997b/u_8329ce29/u_3aa346a2/u_dcd815c9/u_6c52c68e/g_7b54f91e[8].g_07af5fd4[0].g_9aa100cb[2].u_a326a45b/g_6779d86c[1].g_91a7f445.u_9efd336d/u_dsp/dpu_2x_clk
    DSP48_X0Y19          DSP48E1                                      r  DPU_sys_i/dpu_eu_0/inst/g_e584eb07.u_822a997b/u_8329ce29/u_3aa346a2/u_dcd815c9/u_6c52c68e/g_7b54f91e[8].g_07af5fd4[0].g_9aa100cb[2].u_a326a45b/g_6779d86c[1].g_91a7f445.u_9efd336d/u_dsp/g_6e2e42a8.u_dsp48e1/CLK
                         clock pessimism             -0.010     4.995    
                         clock uncertainty           -0.066     4.929    
    DSP48_X0Y19          DSP48E1 (Setup_dsp48e1_CLK_B[15])
                                                     -0.624     4.305    DPU_sys_i/dpu_eu_0/inst/g_e584eb07.u_822a997b/u_8329ce29/u_3aa346a2/u_dcd815c9/u_6c52c68e/g_7b54f91e[8].g_07af5fd4[0].g_9aa100cb[2].u_a326a45b/g_6779d86c[1].g_91a7f445.u_9efd336d/u_dsp/g_6e2e42a8.u_dsp48e1
  -------------------------------------------------------------------
                         required time                          4.305    
                         arrival time                          -4.683    
  -------------------------------------------------------------------
                         slack                                 -0.378    

Slack (VIOLATED) :        -0.360ns  (required time - arrival time)
  Source:                 DPU_sys_i/dpu_eu_0/inst/g_e584eb07.u_822a997b/u_8329ce29/u_3aa346a2/u_dcd815c9/u_6c52c68e/g_7b54f91e[1].g_07af5fd4[0].g_9aa100cb[5].u_a326a45b/g_6779d86c[0].g_abd4b781.s_6ddd7a28_reg[1]/C
                            (rising edge-triggered cell FDRE clocked by clk_out300Mhz_DPU_sys_clk_wiz_0_0  {rise@0.000ns fall@1.667ns period=3.333ns})
  Destination:            DPU_sys_i/dpu_eu_0/inst/g_e584eb07.u_822a997b/u_8329ce29/u_3aa346a2/u_dcd815c9/u_6c52c68e/g_7b54f91e[1].g_07af5fd4[0].g_9aa100cb[5].u_a326a45b/g_6779d86c[0].s_e77f1071_reg[1]/D
                            (rising edge-triggered cell FDRE clocked by clk_out300Mhz_DPU_sys_clk_wiz_0_0  {rise@0.000ns fall@1.667ns period=3.333ns})
  Path Group:             clk_out300Mhz_DPU_sys_clk_wiz_0_0
  Path Type:              Setup (Max at Slow Process Corner)
  Requirement:            3.333ns  (clk_out300Mhz_DPU_sys_clk_wiz_0_0 rise@3.333ns - clk_out300Mhz_DPU_sys_clk_wiz_0_0 rise@0.000ns)
  Data Path Delay:        3.241ns  (logic 0.478ns (14.750%)  route 2.763ns (85.250%))
  Logic Levels:           0  
  Clock Path Skew:        -0.171ns (DCD - SCD + CPR)
    Destination Clock Delay (DCD):    1.613ns = ( 4.947 - 3.333 ) 
    Source Clock Delay      (SCD):    1.774ns
    Clock Pessimism Removal (CPR):    -0.010ns
  Clock Uncertainty:      0.066ns  ((TSJ^2 + DJ^2)^1/2) / 2 + PE
    Total System Jitter     (TSJ):    0.071ns
    Discrete Jitter          (DJ):    0.112ns
    Phase Error              (PE):    0.000ns

    Location             Delay type                Incr(ns)  Path(ns)    Netlist Resource(s)
  -------------------------------------------------------------------    -------------------
                         (clock clk_out300Mhz_DPU_sys_clk_wiz_0_0 rise edge)
                                                      0.000     0.000 r  
    BUFGCTRL_X0Y19       BUFG                         0.000     0.000 r  DPU_sys_i/processing_system7_0/inst/buffer_fclk_clk_0.FCLK_CLK_0_BUFG/O
                         net (fo=943, routed)         1.980     1.980    DPU_sys_i/clk_wiz_0/inst/clk_in1
    MMCME2_ADV_X1Y2      MMCME2_ADV (Prop_mmcme2_adv_CLKIN1_CLKOUT1)
                                                     -4.287    -2.307 r  DPU_sys_i/clk_wiz_0/inst/mmcm_adv_inst/CLKOUT1
                         net (fo=1, routed)           2.206    -0.101    DPU_sys_i/clk_wiz_0/inst/clk_out300Mhz_DPU_sys_clk_wiz_0_0
    BUFGCTRL_X0Y18       BUFG (Prop_bufg_I_O)         0.101    -0.000 r  DPU_sys_i/clk_wiz_0/inst/clkout2_buf/O
                         net (fo=25585, routed)       1.774     1.774    DPU_sys_i/dpu_eu_0/inst/g_e584eb07.u_822a997b/u_8329ce29/u_3aa346a2/u_dcd815c9/u_6c52c68e/g_7b54f91e[1].g_07af5fd4[0].g_9aa100cb[5].u_a326a45b/dpu_2x_clk
    SLICE_X92Y82         FDRE                                         r  DPU_sys_i/dpu_eu_0/inst/g_e584eb07.u_822a997b/u_8329ce29/u_3aa346a2/u_dcd815c9/u_6c52c68e/g_7b54f91e[1].g_07af5fd4[0].g_9aa100cb[5].u_a326a45b/g_6779d86c[0].g_abd4b781.s_6ddd7a28_reg[1]/C
  -------------------------------------------------------------------    -------------------
    SLICE_X92Y82         FDRE (Prop_fdre_C_Q)         0.478     2.252 r  DPU_sys_i/dpu_eu_0/inst/g_e584eb07.u_822a997b/u_8329ce29/u_3aa346a2/u_dcd815c9/u_6c52c68e/g_7b54f91e[1].g_07af5fd4[0].g_9aa100cb[5].u_a326a45b/g_6779d86c[0].g_abd4b781.s_6ddd7a28_reg[1]/Q
                         net (fo=2, routed)           2.763     5.015    DPU_sys_i/dpu_eu_0/inst/g_e584eb07.u_822a997b/u_8329ce29/u_3aa346a2/u_dcd815c9/u_6c52c68e/g_7b54f91e[1].g_07af5fd4[0].g_9aa100cb[5].u_a326a45b/g_6779d86c[0].g_abd4b781.s_6ddd7a28[1]
    SLICE_X96Y20         FDRE                                         r  DPU_sys_i/dpu_eu_0/inst/g_e584eb07.u_822a997b/u_8329ce29/u_3aa346a2/u_dcd815c9/u_6c52c68e/g_7b54f91e[1].g_07af5fd4[0].g_9aa100cb[5].u_a326a45b/g_6779d86c[0].s_e77f1071_reg[1]/D
  -------------------------------------------------------------------    -------------------

                         (clock clk_out300Mhz_DPU_sys_clk_wiz_0_0 rise edge)
                                                      3.333     3.333 r  
    BUFGCTRL_X0Y19       BUFG                         0.000     3.333 r  DPU_sys_i/processing_system7_0/inst/buffer_fclk_clk_0.FCLK_CLK_0_BUFG/O
                         net (fo=943, routed)         1.770     5.103    DPU_sys_i/clk_wiz_0/inst/clk_in1
    MMCME2_ADV_X1Y2      MMCME2_ADV (Prop_mmcme2_adv_CLKIN1_CLKOUT1)
                                                     -3.873     1.230 r  DPU_sys_i/clk_wiz_0/inst/mmcm_adv_inst/CLKOUT1
                         net (fo=1, routed)           2.012     3.242    DPU_sys_i/clk_wiz_0/inst/clk_out300Mhz_DPU_sys_clk_wiz_0_0
    BUFGCTRL_X0Y18       BUFG (Prop_bufg_I_O)         0.091     3.333 r  DPU_sys_i/clk_wiz_0/inst/clkout2_buf/O
                         net (fo=25585, routed)       1.613     4.947    DPU_sys_i/dpu_eu_0/inst/g_e584eb07.u_822a997b/u_8329ce29/u_3aa346a2/u_dcd815c9/u_6c52c68e/g_7b54f91e[1].g_07af5fd4[0].g_9aa100cb[5].u_a326a45b/dpu_2x_clk
    SLICE_X96Y20         FDRE                                         r  DPU_sys_i/dpu_eu_0/inst/g_e584eb07.u_822a997b/u_8329ce29/u_3aa346a2/u_dcd815c9/u_6c52c68e/g_7b54f91e[1].g_07af5fd4[0].g_9aa100cb[5].u_a326a45b/g_6779d86c[0].s_e77f1071_reg[1]/C
                         clock pessimism             -0.010     4.937    
                         clock uncertainty           -0.066     4.871    
    SLICE_X96Y20         FDRE (Setup_fdre_C_D)       -0.216     4.655    DPU_sys_i/dpu_eu_0/inst/g_e584eb07.u_822a997b/u_8329ce29/u_3aa346a2/u_dcd815c9/u_6c52c68e/g_7b54f91e[1].g_07af5fd4[0].g_9aa100cb[5].u_a326a45b/g_6779d86c[0].s_e77f1071_reg[1]
  -------------------------------------------------------------------
                         required time                          4.655    
                         arrival time                          -5.015    
  -------------------------------------------------------------------
                         slack                                 -0.360    





Min Delay Paths
--------------------------------------------------------------------------------------
Slack (MET) :             0.050ns  (arrival time - required time)
  Source:                 DPU_sys_i/dpu_eu_0/inst/g_e584eb07.u_822a997b/u_8329ce29/u_3aa346a2/u_dcd815c9/u_6c52c68e/g_7b54f91e[6].g_07af5fd4[0].g_9aa100cb[5].u_a326a45b/g_6779d86c[0].s_ad0850dd_reg[21]/C
                            (rising edge-triggered cell FDRE clocked by clk_out300Mhz_DPU_sys_clk_wiz_0_0  {rise@0.000ns fall@1.667ns period=3.333ns})
  Destination:            DPU_sys_i/dpu_eu_0/inst/g_e584eb07.u_822a997b/u_8329ce29/u_3aa346a2/u_dcd815c9/u_6c52c68e/g_7b54f91e[6].g_07af5fd4[0].g_9aa100cb[5].u_a326a45b/g_6779d86c[0].s_35d09acc_reg[21]/D
                            (rising edge-triggered cell FDRE clocked by clk_out300Mhz_DPU_sys_clk_wiz_0_0  {rise@0.000ns fall@1.667ns period=3.333ns})
  Path Group:             clk_out300Mhz_DPU_sys_clk_wiz_0_0
  Path Type:              Hold (Min at Fast Process Corner)
  Requirement:            0.000ns  (clk_out300Mhz_DPU_sys_clk_wiz_0_0 rise@0.000ns - clk_out300Mhz_DPU_sys_clk_wiz_0_0 rise@0.000ns)
  Data Path Delay:        0.391ns  (logic 0.164ns (41.905%)  route 0.227ns (58.095%))
  Logic Levels:           0  
  Clock Path Skew:        0.278ns (DCD - SCD - CPR)
    Destination Clock Delay (DCD):    0.914ns
    Source Clock Delay      (SCD):    0.636ns
    Clock Pessimism Removal (CPR):    -0.000ns

    Location             Delay type                Incr(ns)  Path(ns)    Netlist Resource(s)
  -------------------------------------------------------------------    -------------------
                         (clock clk_out300Mhz_DPU_sys_clk_wiz_0_0 rise edge)
                                                      0.000     0.000 r  
    BUFGCTRL_X0Y19       BUFG                         0.000     0.000 r  DPU_sys_i/processing_system7_0/inst/buffer_fclk_clk_0.FCLK_CLK_0_BUFG/O
                         net (fo=943, routed)         0.672     0.672    DPU_sys_i/clk_wiz_0/inst/clk_in1
    MMCME2_ADV_X1Y2      MMCME2_ADV (Prop_mmcme2_adv_CLKIN1_CLKOUT1)
                                                     -1.395    -0.722 r  DPU_sys_i/clk_wiz_0/inst/mmcm_adv_inst/CLKOUT1
                         net (fo=1, routed)           0.696    -0.026    DPU_sys_i/clk_wiz_0/inst/clk_out300Mhz_DPU_sys_clk_wiz_0_0
    BUFGCTRL_X0Y18       BUFG (Prop_bufg_I_O)         0.026    -0.000 r  DPU_sys_i/clk_wiz_0/inst/clkout2_buf/O
                         net (fo=25585, routed)       0.636     0.636    DPU_sys_i/dpu_eu_0/inst/g_e584eb07.u_822a997b/u_8329ce29/u_3aa346a2/u_dcd815c9/u_6c52c68e/g_7b54f91e[6].g_07af5fd4[0].g_9aa100cb[5].u_a326a45b/dpu_2x_clk
    SLICE_X108Y50        FDRE                                         r  DPU_sys_i/dpu_eu_0/inst/g_e584eb07.u_822a997b/u_8329ce29/u_3aa346a2/u_dcd815c9/u_6c52c68e/g_7b54f91e[6].g_07af5fd4[0].g_9aa100cb[5].u_a326a45b/g_6779d86c[0].s_ad0850dd_reg[21]/C
  -------------------------------------------------------------------    -------------------
    SLICE_X108Y50        FDRE (Prop_fdre_C_Q)         0.164     0.800 r  DPU_sys_i/dpu_eu_0/inst/g_e584eb07.u_822a997b/u_8329ce29/u_3aa346a2/u_dcd815c9/u_6c52c68e/g_7b54f91e[6].g_07af5fd4[0].g_9aa100cb[5].u_a326a45b/g_6779d86c[0].s_ad0850dd_reg[21]/Q
                         net (fo=1, routed)           0.227     1.027    DPU_sys_i/dpu_eu_0/inst/g_e584eb07.u_822a997b/u_8329ce29/u_3aa346a2/u_dcd815c9/u_6c52c68e/g_7b54f91e[6].g_07af5fd4[0].g_9aa100cb[5].u_a326a45b/g_6779d86c[0].s_ad0850dd_reg_n_0_[21]
    SLICE_X110Y49        FDRE                                         r  DPU_sys_i/dpu_eu_0/inst/g_e584eb07.u_822a997b/u_8329ce29/u_3aa346a2/u_dcd815c9/u_6c52c68e/g_7b54f91e[6].g_07af5fd4[0].g_9aa100cb[5].u_a326a45b/g_6779d86c[0].s_35d09acc_reg[21]/D
  -------------------------------------------------------------------    -------------------

                         (clock clk_out300Mhz_DPU_sys_clk_wiz_0_0 rise edge)
                                                      0.000     0.000 r  
    BUFGCTRL_X0Y19       BUFG                         0.000     0.000 r  DPU_sys_i/processing_system7_0/inst/buffer_fclk_clk_0.FCLK_CLK_0_BUFG/O
                         net (fo=943, routed)         0.945     0.945    DPU_sys_i/clk_wiz_0/inst/clk_in1
    MMCME2_ADV_X1Y2      MMCME2_ADV (Prop_mmcme2_adv_CLKIN1_CLKOUT1)
                                                     -1.726    -0.781 r  DPU_sys_i/clk_wiz_0/inst/mmcm_adv_inst/CLKOUT1
                         net (fo=1, routed)           0.752    -0.029    DPU_sys_i/clk_wiz_0/inst/clk_out300Mhz_DPU_sys_clk_wiz_0_0
    BUFGCTRL_X0Y18       BUFG (Prop_bufg_I_O)         0.029     0.000 r  DPU_sys_i/clk_wiz_0/inst/clkout2_buf/O
                         net (fo=25585, routed)       0.914     0.914    DPU_sys_i/dpu_eu_0/inst/g_e584eb07.u_822a997b/u_8329ce29/u_3aa346a2/u_dcd815c9/u_6c52c68e/g_7b54f91e[6].g_07af5fd4[0].g_9aa100cb[5].u_a326a45b/dpu_2x_clk
    SLICE_X110Y49        FDRE                                         r  DPU_sys_i/dpu_eu_0/inst/g_e584eb07.u_822a997b/u_8329ce29/u_3aa346a2/u_dcd815c9/u_6c52c68e/g_7b54f91e[6].g_07af5fd4[0].g_9aa100cb[5].u_a326a45b/g_6779d86c[0].s_35d09acc_reg[21]/C
                         clock pessimism              0.000     0.914    
    SLICE_X110Y49        FDRE (Hold_fdre_C_D)         0.063     0.977    DPU_sys_i/dpu_eu_0/inst/g_e584eb07.u_822a997b/u_8329ce29/u_3aa346a2/u_dcd815c9/u_6c52c68e/g_7b54f91e[6].g_07af5fd4[0].g_9aa100cb[5].u_a326a45b/g_6779d86c[0].s_35d09acc_reg[21]
  -------------------------------------------------------------------
                         required time                         -0.977    
                         arrival time                           1.027    
  -------------------------------------------------------------------
                         slack                                  0.050    

Slack (MET) :             0.052ns  (arrival time - required time)
  Source:                 DPU_sys_i/dpu_eu_0/inst/g_e584eb07.u_822a997b/u_8329ce29/u_3aa346a2/u_dcd815c9/u_6c52c68e/g_7b54f91e[2].g_07af5fd4[0].g_9aa100cb[5].u_a326a45b/g_6779d86c[0].g_1714e1cc.s_a45d67bf_reg/C
                            (rising edge-triggered cell FDRE clocked by clk_out300Mhz_DPU_sys_clk_wiz_0_0  {rise@0.000ns fall@1.667ns period=3.333ns})
  Destination:            DPU_sys_i/dpu_eu_0/inst/g_e584eb07.u_822a997b/u_8329ce29/u_3aa346a2/u_dcd815c9/u_6c52c68e/g_7b54f91e[2].g_07af5fd4[0].g_9aa100cb[5].u_a326a45b/g_6779d86c[0].g_91a7f445.u_9efd336d/u_dsp/g_6e2e42a8.u_dsp48e1/CEM
                            (rising edge-triggered cell DSP48E1 clocked by clk_out300Mhz_DPU_sys_clk_wiz_0_0  {rise@0.000ns fall@1.667ns period=3.333ns})
  Path Group:             clk_out300Mhz_DPU_sys_clk_wiz_0_0
  Path Type:              Hold (Min at Fast Process Corner)
  Requirement:            0.000ns  (clk_out300Mhz_DPU_sys_clk_wiz_0_0 rise@0.000ns - clk_out300Mhz_DPU_sys_clk_wiz_0_0 rise@0.000ns)
  Data Path Delay:        0.255ns  (logic 0.141ns (55.264%)  route 0.114ns (44.736%))
  Logic Levels:           0  
  Clock Path Skew:        0.104ns (DCD - SCD - CPR)
    Destination Clock Delay (DCD):    0.967ns
    Source Clock Delay      (SCD):    0.609ns
    Clock Pessimism Removal (CPR):    0.254ns

    Location             Delay type                Incr(ns)  Path(ns)    Netlist Resource(s)
  -------------------------------------------------------------------    -------------------
                         (clock clk_out300Mhz_DPU_sys_clk_wiz_0_0 rise edge)
                                                      0.000     0.000 r  
    BUFGCTRL_X0Y19       BUFG                         0.000     0.000 r  DPU_sys_i/processing_system7_0/inst/buffer_fclk_clk_0.FCLK_CLK_0_BUFG/O
                         net (fo=943, routed)         0.672     0.672    DPU_sys_i/clk_wiz_0/inst/clk_in1
    MMCME2_ADV_X1Y2      MMCME2_ADV (Prop_mmcme2_adv_CLKIN1_CLKOUT1)
                                                     -1.395    -0.722 r  DPU_sys_i/clk_wiz_0/inst/mmcm_adv_inst/CLKOUT1
                         net (fo=1, routed)           0.696    -0.026    DPU_sys_i/clk_wiz_0/inst/clk_out300Mhz_DPU_sys_clk_wiz_0_0
    BUFGCTRL_X0Y18       BUFG (Prop_bufg_I_O)         0.026    -0.000 r  DPU_sys_i/clk_wiz_0/inst/clkout2_buf/O
                         net (fo=25585, routed)       0.609     0.609    DPU_sys_i/dpu_eu_0/inst/g_e584eb07.u_822a997b/u_8329ce29/u_3aa346a2/u_dcd815c9/u_6c52c68e/g_7b54f91e[2].g_07af5fd4[0].g_9aa100cb[5].u_a326a45b/dpu_2x_clk
    SLICE_X103Y33        FDRE                                         r  DPU_sys_i/dpu_eu_0/inst/g_e584eb07.u_822a997b/u_8329ce29/u_3aa346a2/u_dcd815c9/u_6c52c68e/g_7b54f91e[2].g_07af5fd4[0].g_9aa100cb[5].u_a326a45b/g_6779d86c[0].g_1714e1cc.s_a45d67bf_reg/C
  -------------------------------------------------------------------    -------------------
    SLICE_X103Y33        FDRE (Prop_fdre_C_Q)         0.141     0.750 r  DPU_sys_i/dpu_eu_0/inst/g_e584eb07.u_822a997b/u_8329ce29/u_3aa346a2/u_dcd815c9/u_6c52c68e/g_7b54f91e[2].g_07af5fd4[0].g_9aa100cb[5].u_a326a45b/g_6779d86c[0].g_1714e1cc.s_a45d67bf_reg/Q
                         net (fo=3, routed)           0.114     0.864    DPU_sys_i/dpu_eu_0/inst/g_e584eb07.u_822a997b/u_8329ce29/u_3aa346a2/u_dcd815c9/u_6c52c68e/g_7b54f91e[2].g_07af5fd4[0].g_9aa100cb[5].u_a326a45b/g_6779d86c[0].g_91a7f445.u_9efd336d/u_dsp/g_6e2e42a8.u_dsp48e1_1
    DSP48_X4Y13          DSP48E1                                      r  DPU_sys_i/dpu_eu_0/inst/g_e584eb07.u_822a997b/u_8329ce29/u_3aa346a2/u_dcd815c9/u_6c52c68e/g_7b54f91e[2].g_07af5fd4[0].g_9aa100cb[5].u_a326a45b/g_6779d86c[0].g_91a7f445.u_9efd336d/u_dsp/g_6e2e42a8.u_dsp48e1/CEM
  -------------------------------------------------------------------    -------------------

                         (clock clk_out300Mhz_DPU_sys_clk_wiz_0_0 rise edge)
                                                      0.000     0.000 r  
    BUFGCTRL_X0Y19       BUFG                         0.000     0.000 r  DPU_sys_i/processing_system7_0/inst/buffer_fclk_clk_0.FCLK_CLK_0_BUFG/O
                         net (fo=943, routed)         0.945     0.945    DPU_sys_i/clk_wiz_0/inst/clk_in1
    MMCME2_ADV_X1Y2      MMCME2_ADV (Prop_mmcme2_adv_CLKIN1_CLKOUT1)
                                                     -1.726    -0.781 r  DPU_sys_i/clk_wiz_0/inst/mmcm_adv_inst/CLKOUT1
                         net (fo=1, routed)           0.752    -0.029    DPU_sys_i/clk_wiz_0/inst/clk_out300Mhz_DPU_sys_clk_wiz_0_0
    BUFGCTRL_X0Y18       BUFG (Prop_bufg_I_O)         0.029     0.000 r  DPU_sys_i/clk_wiz_0/inst/clkout2_buf/O
                         net (fo=25585, routed)       0.967     0.967    DPU_sys_i/dpu_eu_0/inst/g_e584eb07.u_822a997b/u_8329ce29/u_3aa346a2/u_dcd815c9/u_6c52c68e/g_7b54f91e[2].g_07af5fd4[0].g_9aa100cb[5].u_a326a45b/g_6779d86c[0].g_91a7f445.u_9efd336d/u_dsp/dpu_2x_clk
    DSP48_X4Y13          DSP48E1                                      r  DPU_sys_i/dpu_eu_0/inst/g_e584eb07.u_822a997b/u_8329ce29/u_3aa346a2/u_dcd815c9/u_6c52c68e/g_7b54f91e[2].g_07af5fd4[0].g_9aa100cb[5].u_a326a45b/g_6779d86c[0].g_91a7f445.u_9efd336d/u_dsp/g_6e2e42a8.u_dsp48e1/CLK
                         clock pessimism             -0.254     0.712    
    DSP48_X4Y13          DSP48E1 (Hold_dsp48e1_CLK_CEM)
                                                      0.100     0.812    DPU_sys_i/dpu_eu_0/inst/g_e584eb07.u_822a997b/u_8329ce29/u_3aa346a2/u_dcd815c9/u_6c52c68e/g_7b54f91e[2].g_07af5fd4[0].g_9aa100cb[5].u_a326a45b/g_6779d86c[0].g_91a7f445.u_9efd336d/u_dsp/g_6e2e42a8.u_dsp48e1
  -------------------------------------------------------------------
                         required time                         -0.812    
                         arrival time                           0.864    
  -------------------------------------------------------------------
                         slack                                  0.052    

Slack (MET) :             0.052ns  (arrival time - required time)
  Source:                 DPU_sys_i/dpu_eu_0/inst/g_e584eb07.u_822a997b/u_8329ce29/u_3aa346a2/u_dcd815c9/u_6c52c68e/g_7b54f91e[10].g_07af5fd4[0].g_9aa100cb[0].u_a326a45b/g_6779d86c[0].s_ad0850dd_reg[21]/C
                            (rising edge-triggered cell FDRE clocked by clk_out300Mhz_DPU_sys_clk_wiz_0_0  {rise@0.000ns fall@1.667ns period=3.333ns})
  Destination:            DPU_sys_i/dpu_eu_0/inst/g_e584eb07.u_822a997b/u_8329ce29/u_3aa346a2/u_dcd815c9/u_6c52c68e/g_7b54f91e[10].g_07af5fd4[0].g_9aa100cb[0].u_a326a45b/g_6779d86c[0].s_35d09acc_reg[21]/D
                            (rising edge-triggered cell FDRE clocked by clk_out300Mhz_DPU_sys_clk_wiz_0_0  {rise@0.000ns fall@1.667ns period=3.333ns})
  Path Group:             clk_out300Mhz_DPU_sys_clk_wiz_0_0
  Path Type:              Hold (Min at Fast Process Corner)
  Requirement:            0.000ns  (clk_out300Mhz_DPU_sys_clk_wiz_0_0 rise@0.000ns - clk_out300Mhz_DPU_sys_clk_wiz_0_0 rise@0.000ns)
  Data Path Delay:        0.305ns  (logic 0.128ns (42.036%)  route 0.177ns (57.964%))
  Logic Levels:           0  
  Clock Path Skew:        0.258ns (DCD - SCD - CPR)
    Destination Clock Delay (DCD):    0.899ns
    Source Clock Delay      (SCD):    0.632ns
    Clock Pessimism Removal (CPR):    0.009ns

    Location             Delay type                Incr(ns)  Path(ns)    Netlist Resource(s)
  -------------------------------------------------------------------    -------------------
                         (clock clk_out300Mhz_DPU_sys_clk_wiz_0_0 rise edge)
                                                      0.000     0.000 r  
    BUFGCTRL_X0Y19       BUFG                         0.000     0.000 r  DPU_sys_i/processing_system7_0/inst/buffer_fclk_clk_0.FCLK_CLK_0_BUFG/O
                         net (fo=943, routed)         0.672     0.672    DPU_sys_i/clk_wiz_0/inst/clk_in1
    MMCME2_ADV_X1Y2      MMCME2_ADV (Prop_mmcme2_adv_CLKIN1_CLKOUT1)
                                                     -1.395    -0.722 r  DPU_sys_i/clk_wiz_0/inst/mmcm_adv_inst/CLKOUT1
                         net (fo=1, routed)           0.696    -0.026    DPU_sys_i/clk_wiz_0/inst/clk_out300Mhz_DPU_sys_clk_wiz_0_0
    BUFGCTRL_X0Y18       BUFG (Prop_bufg_I_O)         0.026    -0.000 r  DPU_sys_i/clk_wiz_0/inst/clkout2_buf/O
                         net (fo=25585, routed)       0.632     0.632    DPU_sys_i/dpu_eu_0/inst/g_e584eb07.u_822a997b/u_8329ce29/u_3aa346a2/u_dcd815c9/u_6c52c68e/g_7b54f91e[10].g_07af5fd4[0].g_9aa100cb[0].u_a326a45b/dpu_2x_clk
    SLICE_X49Y116        FDRE                                         r  DPU_sys_i/dpu_eu_0/inst/g_e584eb07.u_822a997b/u_8329ce29/u_3aa346a2/u_dcd815c9/u_6c52c68e/g_7b54f91e[10].g_07af5fd4[0].g_9aa100cb[0].u_a326a45b/g_6779d86c[0].s_ad0850dd_reg[21]/C
  -------------------------------------------------------------------    -------------------
    SLICE_X49Y116        FDRE (Prop_fdre_C_Q)         0.128     0.760 r  DPU_sys_i/dpu_eu_0/inst/g_e584eb07.u_822a997b/u_8329ce29/u_3aa346a2/u_dcd815c9/u_6c52c68e/g_7b54f91e[10].g_07af5fd4[0].g_9aa100cb[0].u_a326a45b/g_6779d86c[0].s_ad0850dd_reg[21]/Q
                         net (fo=1, routed)           0.177     0.937    DPU_sys_i/dpu_eu_0/inst/g_e584eb07.u_822a997b/u_8329ce29/u_3aa346a2/u_dcd815c9/u_6c52c68e/g_7b54f91e[10].g_07af5fd4[0].g_9aa100cb[0].u_a326a45b/g_6779d86c[0].s_ad0850dd_reg_n_0_[21]
    SLICE_X51Y116        FDRE                                         r  DPU_sys_i/dpu_eu_0/inst/g_e584eb07.u_822a997b/u_8329ce29/u_3aa346a2/u_dcd815c9/u_6c52c68e/g_7b54f91e[10].g_07af5fd4[0].g_9aa100cb[0].u_a326a45b/g_6779d86c[0].s_35d09acc_reg[21]/D
  -------------------------------------------------------------------    -------------------

                         (clock clk_out300Mhz_DPU_sys_clk_wiz_0_0 rise edge)
                                                      0.000     0.000 r  
    BUFGCTRL_X0Y19       BUFG                         0.000     0.000 r  DPU_sys_i/processing_system7_0/inst/buffer_fclk_clk_0.FCLK_CLK_0_BUFG/O
                         net (fo=943, routed)         0.945     0.945    DPU_sys_i/clk_wiz_0/inst/clk_in1
    MMCME2_ADV_X1Y2      MMCME2_ADV (Prop_mmcme2_adv_CLKIN1_CLKOUT1)
                                                     -1.726    -0.781 r  DPU_sys_i/clk_wiz_0/inst/mmcm_adv_inst/CLKOUT1
                         net (fo=1, routed)           0.752    -0.029    DPU_sys_i/clk_wiz_0/inst/clk_out300Mhz_DPU_sys_clk_wiz_0_0
    BUFGCTRL_X0Y18       BUFG (Prop_bufg_I_O)         0.029     0.000 r  DPU_sys_i/clk_wiz_0/inst/clkout2_buf/O
                         net (fo=25585, routed)       0.899     0.899    DPU_sys_i/dpu_eu_0/inst/g_e584eb07.u_822a997b/u_8329ce29/u_3aa346a2/u_dcd815c9/u_6c52c68e/g_7b54f91e[10].g_07af5fd4[0].g_9aa100cb[0].u_a326a45b/dpu_2x_clk
    SLICE_X51Y116        FDRE                                         r  DPU_sys_i/dpu_eu_0/inst/g_e584eb07.u_822a997b/u_8329ce29/u_3aa346a2/u_dcd815c9/u_6c52c68e/g_7b54f91e[10].g_07af5fd4[0].g_9aa100cb[0].u_a326a45b/g_6779d86c[0].s_35d09acc_reg[21]/C
                         clock pessimism             -0.009     0.890    
    SLICE_X51Y116        FDRE (Hold_fdre_C_D)        -0.006     0.884    DPU_sys_i/dpu_eu_0/inst/g_e584eb07.u_822a997b/u_8329ce29/u_3aa346a2/u_dcd815c9/u_6c52c68e/g_7b54f91e[10].g_07af5fd4[0].g_9aa100cb[0].u_a326a45b/g_6779d86c[0].s_35d09acc_reg[21]
  -------------------------------------------------------------------
                         required time                         -0.884    
                         arrival time                           0.937    
  -------------------------------------------------------------------
                         slack                                  0.052    

Slack (MET) :             0.053ns  (arrival time - required time)
  Source:                 DPU_sys_i/dpu_eu_0/inst/g_e584eb07.u_822a997b/u_8329ce29/u_5e95f3e2/u_1134bd62/u_18022e7e/u_febba987/s_93751e11_reg[111]/C
                            (rising edge-triggered cell FDRE clocked by clk_out300Mhz_DPU_sys_clk_wiz_0_0  {rise@0.000ns fall@1.667ns period=3.333ns})
  Destination:            DPU_sys_i/dpu_eu_0/inst/g_e584eb07.u_822a997b/u_8329ce29/u_5e95f3e2/u_1134bd62/u_18022e7e/u_febba987/g_38d43538[1].g_f3f20cad[0].s_9b54aaad_reg[7]/D
                            (rising edge-triggered cell FDRE clocked by clk_out300Mhz_DPU_sys_clk_wiz_0_0  {rise@0.000ns fall@1.667ns period=3.333ns})
  Path Group:             clk_out300Mhz_DPU_sys_clk_wiz_0_0
  Path Type:              Hold (Min at Fast Process Corner)
  Requirement:            0.000ns  (clk_out300Mhz_DPU_sys_clk_wiz_0_0 rise@0.000ns - clk_out300Mhz_DPU_sys_clk_wiz_0_0 rise@0.000ns)
  Data Path Delay:        0.420ns  (logic 0.187ns (44.560%)  route 0.233ns (55.440%))
  Logic Levels:           1  (LUT3=1)
  Clock Path Skew:        0.259ns (DCD - SCD - CPR)
    Destination Clock Delay (DCD):    0.824ns
    Source Clock Delay      (SCD):    0.560ns
    Clock Pessimism Removal (CPR):    0.005ns

    Location             Delay type                Incr(ns)  Path(ns)    Netlist Resource(s)
  -------------------------------------------------------------------    -------------------
                         (clock clk_out300Mhz_DPU_sys_clk_wiz_0_0 rise edge)
                                                      0.000     0.000 r  
    BUFGCTRL_X0Y19       BUFG                         0.000     0.000 r  DPU_sys_i/processing_system7_0/inst/buffer_fclk_clk_0.FCLK_CLK_0_BUFG/O
                         net (fo=943, routed)         0.672     0.672    DPU_sys_i/clk_wiz_0/inst/clk_in1
    MMCME2_ADV_X1Y2      MMCME2_ADV (Prop_mmcme2_adv_CLKIN1_CLKOUT1)
                                                     -1.395    -0.722 r  DPU_sys_i/clk_wiz_0/inst/mmcm_adv_inst/CLKOUT1
                         net (fo=1, routed)           0.696    -0.026    DPU_sys_i/clk_wiz_0/inst/clk_out300Mhz_DPU_sys_clk_wiz_0_0
    BUFGCTRL_X0Y18       BUFG (Prop_bufg_I_O)         0.026    -0.000 r  DPU_sys_i/clk_wiz_0/inst/clkout2_buf/O
                         net (fo=25585, routed)       0.560     0.560    DPU_sys_i/dpu_eu_0/inst/g_e584eb07.u_822a997b/u_8329ce29/u_5e95f3e2/u_1134bd62/u_18022e7e/u_febba987/dpu_2x_clk
    SLICE_X49Y7          FDRE                                         r  DPU_sys_i/dpu_eu_0/inst/g_e584eb07.u_822a997b/u_8329ce29/u_5e95f3e2/u_1134bd62/u_18022e7e/u_febba987/s_93751e11_reg[111]/C
  -------------------------------------------------------------------    -------------------
    SLICE_X49Y7          FDRE (Prop_fdre_C_Q)         0.141     0.701 r  DPU_sys_i/dpu_eu_0/inst/g_e584eb07.u_822a997b/u_8329ce29/u_5e95f3e2/u_1134bd62/u_18022e7e/u_febba987/s_93751e11_reg[111]/Q
                         net (fo=1, routed)           0.233     0.933    DPU_sys_i/dpu_eu_0/inst/g_e584eb07.u_822a997b/u_8329ce29/u_5e95f3e2/u_1134bd62/u_18022e7e/u_febba987/s_93751e11_reg_n_0_[111]
    SLICE_X51Y8          LUT3 (Prop_lut3_I0_O)        0.046     0.979 r  DPU_sys_i/dpu_eu_0/inst/g_e584eb07.u_822a997b/u_8329ce29/u_5e95f3e2/u_1134bd62/u_18022e7e/u_febba987/g_38d43538[1].g_f3f20cad[0].s_9b54aaad[7]_i_1/O
                         net (fo=1, routed)           0.000     0.979    DPU_sys_i/dpu_eu_0/inst/g_e584eb07.u_822a997b/u_8329ce29/u_5e95f3e2/u_1134bd62/u_18022e7e/u_febba987/g_38d43538[1].g_f3f20cad[0].s_9b54aaad[7]_i_1_n_0
    SLICE_X51Y8          FDRE                                         r  DPU_sys_i/dpu_eu_0/inst/g_e584eb07.u_822a997b/u_8329ce29/u_5e95f3e2/u_1134bd62/u_18022e7e/u_febba987/g_38d43538[1].g_f3f20cad[0].s_9b54aaad_reg[7]/D
  -------------------------------------------------------------------    -------------------

                         (clock clk_out300Mhz_DPU_sys_clk_wiz_0_0 rise edge)
                                                      0.000     0.000 r  
    BUFGCTRL_X0Y19       BUFG                         0.000     0.000 r  DPU_sys_i/processing_system7_0/inst/buffer_fclk_clk_0.FCLK_CLK_0_BUFG/O
                         net (fo=943, routed)         0.945     0.945    DPU_sys_i/clk_wiz_0/inst/clk_in1
    MMCME2_ADV_X1Y2      MMCME2_ADV (Prop_mmcme2_adv_CLKIN1_CLKOUT1)
                                                     -1.726    -0.781 r  DPU_sys_i/clk_wiz_0/inst/mmcm_adv_inst/CLKOUT1
                         net (fo=1, routed)           0.752    -0.029    DPU_sys_i/clk_wiz_0/inst/clk_out300Mhz_DPU_sys_clk_wiz_0_0
    BUFGCTRL_X0Y18       BUFG (Prop_bufg_I_O)         0.029     0.000 r  DPU_sys_i/clk_wiz_0/inst/clkout2_buf/O
                         net (fo=25585, routed)       0.824     0.824    DPU_sys_i/dpu_eu_0/inst/g_e584eb07.u_822a997b/u_8329ce29/u_5e95f3e2/u_1134bd62/u_18022e7e/u_febba987/dpu_2x_clk
    SLICE_X51Y8          FDRE                                         r  DPU_sys_i/dpu_eu_0/inst/g_e584eb07.u_822a997b/u_8329ce29/u_5e95f3e2/u_1134bd62/u_18022e7e/u_febba987/g_38d43538[1].g_f3f20cad[0].s_9b54aaad_reg[7]/C
                         clock pessimism             -0.005     0.819    
    SLICE_X51Y8          FDRE (Hold_fdre_C_D)         0.107     0.926    DPU_sys_i/dpu_eu_0/inst/g_e584eb07.u_822a997b/u_8329ce29/u_5e95f3e2/u_1134bd62/u_18022e7e/u_febba987/g_38d43538[1].g_f3f20cad[0].s_9b54aaad_reg[7]
  -------------------------------------------------------------------
                         required time                         -0.926    
                         arrival time                           0.979    
  -------------------------------------------------------------------
                         slack                                  0.053    

Slack (MET) :             0.055ns  (arrival time - required time)
  Source:                 DPU_sys_i/dpu_eu_0/inst/g_e584eb07.u_822a997b/u_8329ce29/u_3aa346a2/u_dcd815c9/u_6c52c68e/g_7b54f91e[8].g_07af5fd4[0].g_9aa100cb[3].u_a326a45b/g_6779d86c[0].g_abd4b781.s_6ddd7a28_reg[6]/C
                            (rising edge-triggered cell FDRE clocked by clk_out300Mhz_DPU_sys_clk_wiz_0_0  {rise@0.000ns fall@1.667ns period=3.333ns})
  Destination:            DPU_sys_i/dpu_eu_0/inst/g_e584eb07.u_822a997b/u_8329ce29/u_3aa346a2/u_dcd815c9/u_6c52c68e/g_7b54f91e[8].g_07af5fd4[0].g_9aa100cb[3].u_a326a45b/g_6779d86c[0].s_e77f1071_reg[6]/D
                            (rising edge-triggered cell FDRE clocked by clk_out300Mhz_DPU_sys_clk_wiz_0_0  {rise@0.000ns fall@1.667ns period=3.333ns})
  Path Group:             clk_out300Mhz_DPU_sys_clk_wiz_0_0
  Path Type:              Hold (Min at Fast Process Corner)
  Requirement:            0.000ns  (clk_out300Mhz_DPU_sys_clk_wiz_0_0 rise@0.000ns - clk_out300Mhz_DPU_sys_clk_wiz_0_0 rise@0.000ns)
  Data Path Delay:        0.391ns  (logic 0.141ns (36.034%)  route 0.250ns (63.966%))
  Logic Levels:           0  
  Clock Path Skew:        0.258ns (DCD - SCD - CPR)
    Destination Clock Delay (DCD):    0.814ns
    Source Clock Delay      (SCD):    0.551ns
    Clock Pessimism Removal (CPR):    0.005ns

    Location             Delay type                Incr(ns)  Path(ns)    Netlist Resource(s)
  -------------------------------------------------------------------    -------------------
                         (clock clk_out300Mhz_DPU_sys_clk_wiz_0_0 rise edge)
                                                      0.000     0.000 r  
    BUFGCTRL_X0Y19       BUFG                         0.000     0.000 r  DPU_sys_i/processing_system7_0/inst/buffer_fclk_clk_0.FCLK_CLK_0_BUFG/O
                         net (fo=943, routed)         0.672     0.672    DPU_sys_i/clk_wiz_0/inst/clk_in1
    MMCME2_ADV_X1Y2      MMCME2_ADV (Prop_mmcme2_adv_CLKIN1_CLKOUT1)
                                                     -1.395    -0.722 r  DPU_sys_i/clk_wiz_0/inst/mmcm_adv_inst/CLKOUT1
                         net (fo=1, routed)           0.696    -0.026    DPU_sys_i/clk_wiz_0/inst/clk_out300Mhz_DPU_sys_clk_wiz_0_0
    BUFGCTRL_X0Y18       BUFG (Prop_bufg_I_O)         0.026    -0.000 r  DPU_sys_i/clk_wiz_0/inst/clkout2_buf/O
                         net (fo=25585, routed)       0.551     0.551    DPU_sys_i/dpu_eu_0/inst/g_e584eb07.u_822a997b/u_8329ce29/u_3aa346a2/u_dcd815c9/u_6c52c68e/g_7b54f91e[8].g_07af5fd4[0].g_9aa100cb[3].u_a326a45b/dpu_2x_clk
    SLICE_X41Y83         FDRE                                         r  DPU_sys_i/dpu_eu_0/inst/g_e584eb07.u_822a997b/u_8329ce29/u_3aa346a2/u_dcd815c9/u_6c52c68e/g_7b54f91e[8].g_07af5fd4[0].g_9aa100cb[3].u_a326a45b/g_6779d86c[0].g_abd4b781.s_6ddd7a28_reg[6]/C
  -------------------------------------------------------------------    -------------------
    SLICE_X41Y83         FDRE (Prop_fdre_C_Q)         0.141     0.692 r  DPU_sys_i/dpu_eu_0/inst/g_e584eb07.u_822a997b/u_8329ce29/u_3aa346a2/u_dcd815c9/u_6c52c68e/g_7b54f91e[8].g_07af5fd4[0].g_9aa100cb[3].u_a326a45b/g_6779d86c[0].g_abd4b781.s_6ddd7a28_reg[6]/Q
                         net (fo=2, routed)           0.250     0.942    DPU_sys_i/dpu_eu_0/inst/g_e584eb07.u_822a997b/u_8329ce29/u_3aa346a2/u_dcd815c9/u_6c52c68e/g_7b54f91e[8].g_07af5fd4[0].g_9aa100cb[3].u_a326a45b/g_6779d86c[0].g_abd4b781.s_6ddd7a28[6]
    SLICE_X52Y84         FDRE                                         r  DPU_sys_i/dpu_eu_0/inst/g_e584eb07.u_822a997b/u_8329ce29/u_3aa346a2/u_dcd815c9/u_6c52c68e/g_7b54f91e[8].g_07af5fd4[0].g_9aa100cb[3].u_a326a45b/g_6779d86c[0].s_e77f1071_reg[6]/D
  -------------------------------------------------------------------    -------------------

                         (clock clk_out300Mhz_DPU_sys_clk_wiz_0_0 rise edge)
                                                      0.000     0.000 r  
    BUFGCTRL_X0Y19       BUFG                         0.000     0.000 r  DPU_sys_i/processing_system7_0/inst/buffer_fclk_clk_0.FCLK_CLK_0_BUFG/O
                         net (fo=943, routed)         0.945     0.945    DPU_sys_i/clk_wiz_0/inst/clk_in1
    MMCME2_ADV_X1Y2      MMCME2_ADV (Prop_mmcme2_adv_CLKIN1_CLKOUT1)
                                                     -1.726    -0.781 r  DPU_sys_i/clk_wiz_0/inst/mmcm_adv_inst/CLKOUT1
                         net (fo=1, routed)           0.752    -0.029    DPU_sys_i/clk_wiz_0/inst/clk_out300Mhz_DPU_sys_clk_wiz_0_0
    BUFGCTRL_X0Y18       BUFG (Prop_bufg_I_O)         0.029     0.000 r  DPU_sys_i/clk_wiz_0/inst/clkout2_buf/O
                         net (fo=25585, routed)       0.814     0.814    DPU_sys_i/dpu_eu_0/inst/g_e584eb07.u_822a997b/u_8329ce29/u_3aa346a2/u_dcd815c9/u_6c52c68e/g_7b54f91e[8].g_07af5fd4[0].g_9aa100cb[3].u_a326a45b/dpu_2x_clk
    SLICE_X52Y84         FDRE                                         r  DPU_sys_i/dpu_eu_0/inst/g_e584eb07.u_822a997b/u_8329ce29/u_3aa346a2/u_dcd815c9/u_6c52c68e/g_7b54f91e[8].g_07af5fd4[0].g_9aa100cb[3].u_a326a45b/g_6779d86c[0].s_e77f1071_reg[6]/C
                         clock pessimism             -0.005     0.809    
    SLICE_X52Y84         FDRE (Hold_fdre_C_D)         0.078     0.887    DPU_sys_i/dpu_eu_0/inst/g_e584eb07.u_822a997b/u_8329ce29/u_3aa346a2/u_dcd815c9/u_6c52c68e/g_7b54f91e[8].g_07af5fd4[0].g_9aa100cb[3].u_a326a45b/g_6779d86c[0].s_e77f1071_reg[6]
  -------------------------------------------------------------------
                         required time                         -0.887    
                         arrival time                           0.942    
  -------------------------------------------------------------------
                         slack                                  0.055    

Slack (MET) :             0.056ns  (arrival time - required time)
  Source:                 DPU_sys_i/dpu_eu_0/inst/g_e584eb07.u_822a997b/u_8329ce29/u_3aa346a2/u_dcd815c9/u_6c52c68e/g_7b54f91e[0].g_07af5fd4[0].g_9aa100cb[4].u_a326a45b/g_6779d86c[0].g_1714e1cc.s_a45d67bf_reg/C
                            (rising edge-triggered cell FDRE clocked by clk_out300Mhz_DPU_sys_clk_wiz_0_0  {rise@0.000ns fall@1.667ns period=3.333ns})
  Destination:            DPU_sys_i/dpu_eu_0/inst/g_e584eb07.u_822a997b/u_8329ce29/u_3aa346a2/u_dcd815c9/u_6c52c68e/g_7b54f91e[0].g_07af5fd4[0].g_9aa100cb[4].u_a326a45b/g_6779d86c[0].g_91a7f445.u_9efd336d/u_dsp/g_6e2e42a8.u_dsp48e1/CEM
                            (rising edge-triggered cell DSP48E1 clocked by clk_out300Mhz_DPU_sys_clk_wiz_0_0  {rise@0.000ns fall@1.667ns period=3.333ns})
  Path Group:             clk_out300Mhz_DPU_sys_clk_wiz_0_0
  Path Type:              Hold (Min at Fast Process Corner)
  Requirement:            0.000ns  (clk_out300Mhz_DPU_sys_clk_wiz_0_0 rise@0.000ns - clk_out300Mhz_DPU_sys_clk_wiz_0_0 rise@0.000ns)
  Data Path Delay:        0.428ns  (logic 0.141ns (32.928%)  route 0.287ns (67.072%))
  Logic Levels:           0  
  Clock Path Skew:        0.272ns (DCD - SCD - CPR)
    Destination Clock Delay (DCD):    0.916ns
    Source Clock Delay      (SCD):    0.638ns
    Clock Pessimism Removal (CPR):    0.005ns

    Location             Delay type                Incr(ns)  Path(ns)    Netlist Resource(s)
  -------------------------------------------------------------------    -------------------
                         (clock clk_out300Mhz_DPU_sys_clk_wiz_0_0 rise edge)
                                                      0.000     0.000 r  
    BUFGCTRL_X0Y19       BUFG                         0.000     0.000 r  DPU_sys_i/processing_system7_0/inst/buffer_fclk_clk_0.FCLK_CLK_0_BUFG/O
                         net (fo=943, routed)         0.672     0.672    DPU_sys_i/clk_wiz_0/inst/clk_in1
    MMCME2_ADV_X1Y2      MMCME2_ADV (Prop_mmcme2_adv_CLKIN1_CLKOUT1)
                                                     -1.395    -0.722 r  DPU_sys_i/clk_wiz_0/inst/mmcm_adv_inst/CLKOUT1
                         net (fo=1, routed)           0.696    -0.026    DPU_sys_i/clk_wiz_0/inst/clk_out300Mhz_DPU_sys_clk_wiz_0_0
    BUFGCTRL_X0Y18       BUFG (Prop_bufg_I_O)         0.026    -0.000 r  DPU_sys_i/clk_wiz_0/inst/clkout2_buf/O
                         net (fo=25585, routed)       0.638     0.638    DPU_sys_i/dpu_eu_0/inst/g_e584eb07.u_822a997b/u_8329ce29/u_3aa346a2/u_dcd815c9/u_6c52c68e/g_7b54f91e[0].g_07af5fd4[0].g_9aa100cb[4].u_a326a45b/dpu_2x_clk
    SLICE_X40Y104        FDRE                                         r  DPU_sys_i/dpu_eu_0/inst/g_e584eb07.u_822a997b/u_8329ce29/u_3aa346a2/u_dcd815c9/u_6c52c68e/g_7b54f91e[0].g_07af5fd4[0].g_9aa100cb[4].u_a326a45b/g_6779d86c[0].g_1714e1cc.s_a45d67bf_reg/C
  -------------------------------------------------------------------    -------------------
    SLICE_X40Y104        FDRE (Prop_fdre_C_Q)         0.141     0.779 r  DPU_sys_i/dpu_eu_0/inst/g_e584eb07.u_822a997b/u_8329ce29/u_3aa346a2/u_dcd815c9/u_6c52c68e/g_7b54f91e[0].g_07af5fd4[0].g_9aa100cb[4].u_a326a45b/g_6779d86c[0].g_1714e1cc.s_a45d67bf_reg/Q
                         net (fo=3, routed)           0.287     1.066    DPU_sys_i/dpu_eu_0/inst/g_e584eb07.u_822a997b/u_8329ce29/u_3aa346a2/u_dcd815c9/u_6c52c68e/g_7b54f91e[0].g_07af5fd4[0].g_9aa100cb[4].u_a326a45b/g_6779d86c[0].g_91a7f445.u_9efd336d/u_dsp/g_6e2e42a8.u_dsp48e1_1
    DSP48_X2Y39          DSP48E1                                      r  DPU_sys_i/dpu_eu_0/inst/g_e584eb07.u_822a997b/u_8329ce29/u_3aa346a2/u_dcd815c9/u_6c52c68e/g_7b54f91e[0].g_07af5fd4[0].g_9aa100cb[4].u_a326a45b/g_6779d86c[0].g_91a7f445.u_9efd336d/u_dsp/g_6e2e42a8.u_dsp48e1/CEM
  -------------------------------------------------------------------    -------------------

                         (clock clk_out300Mhz_DPU_sys_clk_wiz_0_0 rise edge)
                                                      0.000     0.000 r  
    BUFGCTRL_X0Y19       BUFG                         0.000     0.000 r  DPU_sys_i/processing_system7_0/inst/buffer_fclk_clk_0.FCLK_CLK_0_BUFG/O
                         net (fo=943, routed)         0.945     0.945    DPU_sys_i/clk_wiz_0/inst/clk_in1
    MMCME2_ADV_X1Y2      MMCME2_ADV (Prop_mmcme2_adv_CLKIN1_CLKOUT1)
                                                     -1.726    -0.781 r  DPU_sys_i/clk_wiz_0/inst/mmcm_adv_inst/CLKOUT1
                         net (fo=1, routed)           0.752    -0.029    DPU_sys_i/clk_wiz_0/inst/clk_out300Mhz_DPU_sys_clk_wiz_0_0
    BUFGCTRL_X0Y18       BUFG (Prop_bufg_I_O)         0.029     0.000 r  DPU_sys_i/clk_wiz_0/inst/clkout2_buf/O
                         net (fo=25585, routed)       0.916     0.916    DPU_sys_i/dpu_eu_0/inst/g_e584eb07.u_822a997b/u_8329ce29/u_3aa346a2/u_dcd815c9/u_6c52c68e/g_7b54f91e[0].g_07af5fd4[0].g_9aa100cb[4].u_a326a45b/g_6779d86c[0].g_91a7f445.u_9efd336d/u_dsp/dpu_2x_clk
    DSP48_X2Y39          DSP48E1                                      r  DPU_sys_i/dpu_eu_0/inst/g_e584eb07.u_822a997b/u_8329ce29/u_3aa346a2/u_dcd815c9/u_6c52c68e/g_7b54f91e[0].g_07af5fd4[0].g_9aa100cb[4].u_a326a45b/g_6779d86c[0].g_91a7f445.u_9efd336d/u_dsp/g_6e2e42a8.u_dsp48e1/CLK
                         clock pessimism             -0.005     0.911    
    DSP48_X2Y39          DSP48E1 (Hold_dsp48e1_CLK_CEM)
                                                      0.100     1.011    DPU_sys_i/dpu_eu_0/inst/g_e584eb07.u_822a997b/u_8329ce29/u_3aa346a2/u_dcd815c9/u_6c52c68e/g_7b54f91e[0].g_07af5fd4[0].g_9aa100cb[4].u_a326a45b/g_6779d86c[0].g_91a7f445.u_9efd336d/u_dsp/g_6e2e42a8.u_dsp48e1
  -------------------------------------------------------------------
                         required time                         -1.011    
                         arrival time                           1.066    
  -------------------------------------------------------------------
                         slack                                  0.056    

Slack (MET) :             0.056ns  (arrival time - required time)
  Source:                 DPU_sys_i/dpu_eu_0/inst/g_e584eb07.u_822a997b/u_8329ce29/u_3aa346a2/u_dcd815c9/u_6c52c68e/g_7b54f91e[9].g_07af5fd4[0].g_9aa100cb[0].u_a326a45b/g_6779d86c[0].s_ad0850dd_reg[17]/C
                            (rising edge-triggered cell FDRE clocked by clk_out300Mhz_DPU_sys_clk_wiz_0_0  {rise@0.000ns fall@1.667ns period=3.333ns})
  Destination:            DPU_sys_i/dpu_eu_0/inst/g_e584eb07.u_822a997b/u_8329ce29/u_3aa346a2/u_dcd815c9/u_6c52c68e/g_7b54f91e[9].g_07af5fd4[0].g_9aa100cb[0].u_a326a45b/g_6779d86c[0].s_35d09acc_reg[17]/D
                            (rising edge-triggered cell FDRE clocked by clk_out300Mhz_DPU_sys_clk_wiz_0_0  {rise@0.000ns fall@1.667ns period=3.333ns})
  Path Group:             clk_out300Mhz_DPU_sys_clk_wiz_0_0
  Path Type:              Hold (Min at Fast Process Corner)
  Requirement:            0.000ns  (clk_out300Mhz_DPU_sys_clk_wiz_0_0 rise@0.000ns - clk_out300Mhz_DPU_sys_clk_wiz_0_0 rise@0.000ns)
  Data Path Delay:        0.396ns  (logic 0.141ns (35.591%)  route 0.255ns (64.409%))
  Logic Levels:           0  
  Clock Path Skew:        0.265ns (DCD - SCD - CPR)
    Destination Clock Delay (DCD):    0.908ns
    Source Clock Delay      (SCD):    0.634ns
    Clock Pessimism Removal (CPR):    0.009ns

    Location             Delay type                Incr(ns)  Path(ns)    Netlist Resource(s)
  -------------------------------------------------------------------    -------------------
                         (clock clk_out300Mhz_DPU_sys_clk_wiz_0_0 rise edge)
                                                      0.000     0.000 r  
    BUFGCTRL_X0Y19       BUFG                         0.000     0.000 r  DPU_sys_i/processing_system7_0/inst/buffer_fclk_clk_0.FCLK_CLK_0_BUFG/O
                         net (fo=943, routed)         0.672     0.672    DPU_sys_i/clk_wiz_0/inst/clk_in1
    MMCME2_ADV_X1Y2      MMCME2_ADV (Prop_mmcme2_adv_CLKIN1_CLKOUT1)
                                                     -1.395    -0.722 r  DPU_sys_i/clk_wiz_0/inst/mmcm_adv_inst/CLKOUT1
                         net (fo=1, routed)           0.696    -0.026    DPU_sys_i/clk_wiz_0/inst/clk_out300Mhz_DPU_sys_clk_wiz_0_0
    BUFGCTRL_X0Y18       BUFG (Prop_bufg_I_O)         0.026    -0.000 r  DPU_sys_i/clk_wiz_0/inst/clkout2_buf/O
                         net (fo=25585, routed)       0.634     0.634    DPU_sys_i/dpu_eu_0/inst/g_e584eb07.u_822a997b/u_8329ce29/u_3aa346a2/u_dcd815c9/u_6c52c68e/g_7b54f91e[9].g_07af5fd4[0].g_9aa100cb[0].u_a326a45b/dpu_2x_clk
    SLICE_X52Y103        FDRE                                         r  DPU_sys_i/dpu_eu_0/inst/g_e584eb07.u_822a997b/u_8329ce29/u_3aa346a2/u_dcd815c9/u_6c52c68e/g_7b54f91e[9].g_07af5fd4[0].g_9aa100cb[0].u_a326a45b/g_6779d86c[0].s_ad0850dd_reg[17]/C
  -------------------------------------------------------------------    -------------------
    SLICE_X52Y103        FDRE (Prop_fdre_C_Q)         0.141     0.775 r  DPU_sys_i/dpu_eu_0/inst/g_e584eb07.u_822a997b/u_8329ce29/u_3aa346a2/u_dcd815c9/u_6c52c68e/g_7b54f91e[9].g_07af5fd4[0].g_9aa100cb[0].u_a326a45b/g_6779d86c[0].s_ad0850dd_reg[17]/Q
                         net (fo=1, routed)           0.255     1.030    DPU_sys_i/dpu_eu_0/inst/g_e584eb07.u_822a997b/u_8329ce29/u_3aa346a2/u_dcd815c9/u_6c52c68e/g_7b54f91e[9].g_07af5fd4[0].g_9aa100cb[0].u_a326a45b/g_6779d86c[0].s_ad0850dd_reg_n_0_[17]
    SLICE_X48Y110        FDRE                                         r  DPU_sys_i/dpu_eu_0/inst/g_e584eb07.u_822a997b/u_8329ce29/u_3aa346a2/u_dcd815c9/u_6c52c68e/g_7b54f91e[9].g_07af5fd4[0].g_9aa100cb[0].u_a326a45b/g_6779d86c[0].s_35d09acc_reg[17]/D
  -------------------------------------------------------------------    -------------------

                         (clock clk_out300Mhz_DPU_sys_clk_wiz_0_0 rise edge)
                                                      0.000     0.000 r  
    BUFGCTRL_X0Y19       BUFG                         0.000     0.000 r  DPU_sys_i/processing_system7_0/inst/buffer_fclk_clk_0.FCLK_CLK_0_BUFG/O
                         net (fo=943, routed)         0.945     0.945    DPU_sys_i/clk_wiz_0/inst/clk_in1
    MMCME2_ADV_X1Y2      MMCME2_ADV (Prop_mmcme2_adv_CLKIN1_CLKOUT1)
                                                     -1.726    -0.781 r  DPU_sys_i/clk_wiz_0/inst/mmcm_adv_inst/CLKOUT1
                         net (fo=1, routed)           0.752    -0.029    DPU_sys_i/clk_wiz_0/inst/clk_out300Mhz_DPU_sys_clk_wiz_0_0
    BUFGCTRL_X0Y18       BUFG (Prop_bufg_I_O)         0.029     0.000 r  DPU_sys_i/clk_wiz_0/inst/clkout2_buf/O
                         net (fo=25585, routed)       0.908     0.908    DPU_sys_i/dpu_eu_0/inst/g_e584eb07.u_822a997b/u_8329ce29/u_3aa346a2/u_dcd815c9/u_6c52c68e/g_7b54f91e[9].g_07af5fd4[0].g_9aa100cb[0].u_a326a45b/dpu_2x_clk
    SLICE_X48Y110        FDRE                                         r  DPU_sys_i/dpu_eu_0/inst/g_e584eb07.u_822a997b/u_8329ce29/u_3aa346a2/u_dcd815c9/u_6c52c68e/g_7b54f91e[9].g_07af5fd4[0].g_9aa100cb[0].u_a326a45b/g_6779d86c[0].s_35d09acc_reg[17]/C
                         clock pessimism             -0.009     0.899    
    SLICE_X48Y110        FDRE (Hold_fdre_C_D)         0.075     0.974    DPU_sys_i/dpu_eu_0/inst/g_e584eb07.u_822a997b/u_8329ce29/u_3aa346a2/u_dcd815c9/u_6c52c68e/g_7b54f91e[9].g_07af5fd4[0].g_9aa100cb[0].u_a326a45b/g_6779d86c[0].s_35d09acc_reg[17]
  -------------------------------------------------------------------
                         required time                         -0.974    
                         arrival time                           1.030    
  -------------------------------------------------------------------
                         slack                                  0.056    

Slack (MET) :             0.056ns  (arrival time - required time)
  Source:                 DPU_sys_i/dpu_eu_0/inst/g_e584eb07.u_822a997b/u_8329ce29/u_3aa346a2/u_dcd815c9/u_6c52c68e/g_7b54f91e[11].g_07af5fd4[0].g_9aa100cb[3].u_a326a45b/g_6779d86c[0].g_1714e1cc.s_a45d67bf_reg/C
                            (rising edge-triggered cell FDRE clocked by clk_out300Mhz_DPU_sys_clk_wiz_0_0  {rise@0.000ns fall@1.667ns period=3.333ns})
  Destination:            DPU_sys_i/dpu_eu_0/inst/g_e584eb07.u_822a997b/u_8329ce29/u_3aa346a2/u_dcd815c9/u_6c52c68e/g_7b54f91e[11].g_07af5fd4[0].g_9aa100cb[3].u_a326a45b/g_6779d86c[0].g_91a7f445.u_9efd336d/u_dsp/g_6e2e42a8.u_dsp48e1/CEM
                            (rising edge-triggered cell DSP48E1 clocked by clk_out300Mhz_DPU_sys_clk_wiz_0_0  {rise@0.000ns fall@1.667ns period=3.333ns})
  Path Group:             clk_out300Mhz_DPU_sys_clk_wiz_0_0
  Path Type:              Hold (Min at Fast Process Corner)
  Requirement:            0.000ns  (clk_out300Mhz_DPU_sys_clk_wiz_0_0 rise@0.000ns - clk_out300Mhz_DPU_sys_clk_wiz_0_0 rise@0.000ns)
  Data Path Delay:        0.281ns  (logic 0.141ns (50.229%)  route 0.140ns (49.771%))
  Logic Levels:           0  
  Clock Path Skew:        0.125ns (DCD - SCD - CPR)
    Destination Clock Delay (DCD):    1.051ns
    Source Clock Delay      (SCD):    0.688ns
    Clock Pessimism Removal (CPR):    0.238ns

    Location             Delay type                Incr(ns)  Path(ns)    Netlist Resource(s)
  -------------------------------------------------------------------    -------------------
                         (clock clk_out300Mhz_DPU_sys_clk_wiz_0_0 rise edge)
                                                      0.000     0.000 r  
    BUFGCTRL_X0Y19       BUFG                         0.000     0.000 r  DPU_sys_i/processing_system7_0/inst/buffer_fclk_clk_0.FCLK_CLK_0_BUFG/O
                         net (fo=943, routed)         0.672     0.672    DPU_sys_i/clk_wiz_0/inst/clk_in1
    MMCME2_ADV_X1Y2      MMCME2_ADV (Prop_mmcme2_adv_CLKIN1_CLKOUT1)
                                                     -1.395    -0.722 r  DPU_sys_i/clk_wiz_0/inst/mmcm_adv_inst/CLKOUT1
                         net (fo=1, routed)           0.696    -0.026    DPU_sys_i/clk_wiz_0/inst/clk_out300Mhz_DPU_sys_clk_wiz_0_0
    BUFGCTRL_X0Y18       BUFG (Prop_bufg_I_O)         0.026    -0.000 r  DPU_sys_i/clk_wiz_0/inst/clkout2_buf/O
                         net (fo=25585, routed)       0.688     0.688    DPU_sys_i/dpu_eu_0/inst/g_e584eb07.u_822a997b/u_8329ce29/u_3aa346a2/u_dcd815c9/u_6c52c68e/g_7b54f91e[11].g_07af5fd4[0].g_9aa100cb[3].u_a326a45b/dpu_2x_clk
    SLICE_X95Y141        FDRE                                         r  DPU_sys_i/dpu_eu_0/inst/g_e584eb07.u_822a997b/u_8329ce29/u_3aa346a2/u_dcd815c9/u_6c52c68e/g_7b54f91e[11].g_07af5fd4[0].g_9aa100cb[3].u_a326a45b/g_6779d86c[0].g_1714e1cc.s_a45d67bf_reg/C
  -------------------------------------------------------------------    -------------------
    SLICE_X95Y141        FDRE (Prop_fdre_C_Q)         0.141     0.829 r  DPU_sys_i/dpu_eu_0/inst/g_e584eb07.u_822a997b/u_8329ce29/u_3aa346a2/u_dcd815c9/u_6c52c68e/g_7b54f91e[11].g_07af5fd4[0].g_9aa100cb[3].u_a326a45b/g_6779d86c[0].g_1714e1cc.s_a45d67bf_reg/Q
                         net (fo=3, routed)           0.140     0.969    DPU_sys_i/dpu_eu_0/inst/g_e584eb07.u_822a997b/u_8329ce29/u_3aa346a2/u_dcd815c9/u_6c52c68e/g_7b54f91e[11].g_07af5fd4[0].g_9aa100cb[3].u_a326a45b/g_6779d86c[0].g_91a7f445.u_9efd336d/u_dsp/g_6e2e42a8.u_dsp48e1_1
    DSP48_X3Y56          DSP48E1                                      r  DPU_sys_i/dpu_eu_0/inst/g_e584eb07.u_822a997b/u_8329ce29/u_3aa346a2/u_dcd815c9/u_6c52c68e/g_7b54f91e[11].g_07af5fd4[0].g_9aa100cb[3].u_a326a45b/g_6779d86c[0].g_91a7f445.u_9efd336d/u_dsp/g_6e2e42a8.u_dsp48e1/CEM
  -------------------------------------------------------------------    -------------------

                         (clock clk_out300Mhz_DPU_sys_clk_wiz_0_0 rise edge)
                                                      0.000     0.000 r  
    BUFGCTRL_X0Y19       BUFG                         0.000     0.000 r  DPU_sys_i/processing_system7_0/inst/buffer_fclk_clk_0.FCLK_CLK_0_BUFG/O
                         net (fo=943, routed)         0.945     0.945    DPU_sys_i/clk_wiz_0/inst/clk_in1
    MMCME2_ADV_X1Y2      MMCME2_ADV (Prop_mmcme2_adv_CLKIN1_CLKOUT1)
                                                     -1.726    -0.781 r  DPU_sys_i/clk_wiz_0/inst/mmcm_adv_inst/CLKOUT1
                         net (fo=1, routed)           0.752    -0.029    DPU_sys_i/clk_wiz_0/inst/clk_out300Mhz_DPU_sys_clk_wiz_0_0
    BUFGCTRL_X0Y18       BUFG (Prop_bufg_I_O)         0.029     0.000 r  DPU_sys_i/clk_wiz_0/inst/clkout2_buf/O
                         net (fo=25585, routed)       1.051     1.051    DPU_sys_i/dpu_eu_0/inst/g_e584eb07.u_822a997b/u_8329ce29/u_3aa346a2/u_dcd815c9/u_6c52c68e/g_7b54f91e[11].g_07af5fd4[0].g_9aa100cb[3].u_a326a45b/g_6779d86c[0].g_91a7f445.u_9efd336d/u_dsp/dpu_2x_clk
    DSP48_X3Y56          DSP48E1                                      r  DPU_sys_i/dpu_eu_0/inst/g_e584eb07.u_822a997b/u_8329ce29/u_3aa346a2/u_dcd815c9/u_6c52c68e/g_7b54f91e[11].g_07af5fd4[0].g_9aa100cb[3].u_a326a45b/g_6779d86c[0].g_91a7f445.u_9efd336d/u_dsp/g_6e2e42a8.u_dsp48e1/CLK
                         clock pessimism             -0.238     0.813    
    DSP48_X3Y56          DSP48E1 (Hold_dsp48e1_CLK_CEM)
                                                      0.100     0.913    DPU_sys_i/dpu_eu_0/inst/g_e584eb07.u_822a997b/u_8329ce29/u_3aa346a2/u_dcd815c9/u_6c52c68e/g_7b54f91e[11].g_07af5fd4[0].g_9aa100cb[3].u_a326a45b/g_6779d86c[0].g_91a7f445.u_9efd336d/u_dsp/g_6e2e42a8.u_dsp48e1
  -------------------------------------------------------------------
                         required time                         -0.913    
                         arrival time                           0.969    
  -------------------------------------------------------------------
                         slack                                  0.056    

Slack (MET) :             0.057ns  (arrival time - required time)
  Source:                 DPU_sys_i/dpu_eu_0/inst/g_e584eb07.u_822a997b/u_8329ce29/u_3aa346a2/u_dcd815c9/u_6c52c68e/g_7b54f91e[2].g_07af5fd4[0].g_9aa100cb[0].u_a326a45b/g_6779d86c[0].g_1714e1cc.s_a45d67bf_reg/C
                            (rising edge-triggered cell FDRE clocked by clk_out300Mhz_DPU_sys_clk_wiz_0_0  {rise@0.000ns fall@1.667ns period=3.333ns})
  Destination:            DPU_sys_i/dpu_eu_0/inst/g_e584eb07.u_822a997b/u_8329ce29/u_3aa346a2/u_dcd815c9/u_6c52c68e/g_7b54f91e[2].g_07af5fd4[0].g_9aa100cb[0].u_a326a45b/g_6779d86c[0].g_91a7f445.u_9efd336d/u_dsp/g_6e2e42a8.u_dsp48e1/CEM
                            (rising edge-triggered cell DSP48E1 clocked by clk_out300Mhz_DPU_sys_clk_wiz_0_0  {rise@0.000ns fall@1.667ns period=3.333ns})
  Path Group:             clk_out300Mhz_DPU_sys_clk_wiz_0_0
  Path Type:              Hold (Min at Fast Process Corner)
  Requirement:            0.000ns  (clk_out300Mhz_DPU_sys_clk_wiz_0_0 rise@0.000ns - clk_out300Mhz_DPU_sys_clk_wiz_0_0 rise@0.000ns)
  Data Path Delay:        0.257ns  (logic 0.141ns (54.777%)  route 0.116ns (45.223%))
  Logic Levels:           0  
  Clock Path Skew:        0.101ns (DCD - SCD - CPR)
    Destination Clock Delay (DCD):    0.940ns
    Source Clock Delay      (SCD):    0.586ns
    Clock Pessimism Removal (CPR):    0.253ns

    Location             Delay type                Incr(ns)  Path(ns)    Netlist Resource(s)
  -------------------------------------------------------------------    -------------------
                         (clock clk_out300Mhz_DPU_sys_clk_wiz_0_0 rise edge)
                                                      0.000     0.000 r  
    BUFGCTRL_X0Y19       BUFG                         0.000     0.000 r  DPU_sys_i/processing_system7_0/inst/buffer_fclk_clk_0.FCLK_CLK_0_BUFG/O
                         net (fo=943, routed)         0.672     0.672    DPU_sys_i/clk_wiz_0/inst/clk_in1
    MMCME2_ADV_X1Y2      MMCME2_ADV (Prop_mmcme2_adv_CLKIN1_CLKOUT1)
                                                     -1.395    -0.722 r  DPU_sys_i/clk_wiz_0/inst/mmcm_adv_inst/CLKOUT1
                         net (fo=1, routed)           0.696    -0.026    DPU_sys_i/clk_wiz_0/inst/clk_out300Mhz_DPU_sys_clk_wiz_0_0
    BUFGCTRL_X0Y18       BUFG (Prop_bufg_I_O)         0.026    -0.000 r  DPU_sys_i/clk_wiz_0/inst/clkout2_buf/O
                         net (fo=25585, routed)       0.586     0.586    DPU_sys_i/dpu_eu_0/inst/g_e584eb07.u_822a997b/u_8329ce29/u_3aa346a2/u_dcd815c9/u_6c52c68e/g_7b54f91e[2].g_07af5fd4[0].g_9aa100cb[0].u_a326a45b/dpu_2x_clk
    SLICE_X11Y27         FDRE                                         r  DPU_sys_i/dpu_eu_0/inst/g_e584eb07.u_822a997b/u_8329ce29/u_3aa346a2/u_dcd815c9/u_6c52c68e/g_7b54f91e[2].g_07af5fd4[0].g_9aa100cb[0].u_a326a45b/g_6779d86c[0].g_1714e1cc.s_a45d67bf_reg/C
  -------------------------------------------------------------------    -------------------
    SLICE_X11Y27         FDRE (Prop_fdre_C_Q)         0.141     0.727 r  DPU_sys_i/dpu_eu_0/inst/g_e584eb07.u_822a997b/u_8329ce29/u_3aa346a2/u_dcd815c9/u_6c52c68e/g_7b54f91e[2].g_07af5fd4[0].g_9aa100cb[0].u_a326a45b/g_6779d86c[0].g_1714e1cc.s_a45d67bf_reg/Q
                         net (fo=3, routed)           0.116     0.843    DPU_sys_i/dpu_eu_0/inst/g_e584eb07.u_822a997b/u_8329ce29/u_3aa346a2/u_dcd815c9/u_6c52c68e/g_7b54f91e[2].g_07af5fd4[0].g_9aa100cb[0].u_a326a45b/g_6779d86c[0].g_91a7f445.u_9efd336d/u_dsp/g_6e2e42a8.u_dsp48e1_1
    DSP48_X0Y10          DSP48E1                                      r  DPU_sys_i/dpu_eu_0/inst/g_e584eb07.u_822a997b/u_8329ce29/u_3aa346a2/u_dcd815c9/u_6c52c68e/g_7b54f91e[2].g_07af5fd4[0].g_9aa100cb[0].u_a326a45b/g_6779d86c[0].g_91a7f445.u_9efd336d/u_dsp/g_6e2e42a8.u_dsp48e1/CEM
  -------------------------------------------------------------------    -------------------

                         (clock clk_out300Mhz_DPU_sys_clk_wiz_0_0 rise edge)
                                                      0.000     0.000 r  
    BUFGCTRL_X0Y19       BUFG                         0.000     0.000 r  DPU_sys_i/processing_system7_0/inst/buffer_fclk_clk_0.FCLK_CLK_0_BUFG/O
                         net (fo=943, routed)         0.945     0.945    DPU_sys_i/clk_wiz_0/inst/clk_in1
    MMCME2_ADV_X1Y2      MMCME2_ADV (Prop_mmcme2_adv_CLKIN1_CLKOUT1)
                                                     -1.726    -0.781 r  DPU_sys_i/clk_wiz_0/inst/mmcm_adv_inst/CLKOUT1
                         net (fo=1, routed)           0.752    -0.029    DPU_sys_i/clk_wiz_0/inst/clk_out300Mhz_DPU_sys_clk_wiz_0_0
    BUFGCTRL_X0Y18       BUFG (Prop_bufg_I_O)         0.029     0.000 r  DPU_sys_i/clk_wiz_0/inst/clkout2_buf/O
                         net (fo=25585, routed)       0.940     0.940    DPU_sys_i/dpu_eu_0/inst/g_e584eb07.u_822a997b/u_8329ce29/u_3aa346a2/u_dcd815c9/u_6c52c68e/g_7b54f91e[2].g_07af5fd4[0].g_9aa100cb[0].u_a326a45b/g_6779d86c[0].g_91a7f445.u_9efd336d/u_dsp/dpu_2x_clk
    DSP48_X0Y10          DSP48E1                                      r  DPU_sys_i/dpu_eu_0/inst/g_e584eb07.u_822a997b/u_8329ce29/u_3aa346a2/u_dcd815c9/u_6c52c68e/g_7b54f91e[2].g_07af5fd4[0].g_9aa100cb[0].u_a326a45b/g_6779d86c[0].g_91a7f445.u_9efd336d/u_dsp/g_6e2e42a8.u_dsp48e1/CLK
                         clock pessimism             -0.253     0.686    
    DSP48_X0Y10          DSP48E1 (Hold_dsp48e1_CLK_CEM)
                                                      0.100     0.786    DPU_sys_i/dpu_eu_0/inst/g_e584eb07.u_822a997b/u_8329ce29/u_3aa346a2/u_dcd815c9/u_6c52c68e/g_7b54f91e[2].g_07af5fd4[0].g_9aa100cb[0].u_a326a45b/g_6779d86c[0].g_91a7f445.u_9efd336d/u_dsp/g_6e2e42a8.u_dsp48e1
  -------------------------------------------------------------------
                         required time                         -0.786    
                         arrival time                           0.843    
  -------------------------------------------------------------------
                         slack                                  0.057    

Slack (MET) :             0.062ns  (arrival time - required time)
  Source:                 DPU_sys_i/dpu_eu_0/inst/g_e584eb07.u_822a997b/u_8329ce29/u_3aa346a2/u_dcd815c9/u_6c52c68e/g_7b54f91e[11].g_07af5fd4[0].g_9aa100cb[3].u_a326a45b/g_6779d86c[1].u_0a74c988/g_6fde1118.srl_reg[2]/C
                            (rising edge-triggered cell FDRE clocked by clk_out300Mhz_DPU_sys_clk_wiz_0_0  {rise@0.000ns fall@1.667ns period=3.333ns})
  Destination:            DPU_sys_i/dpu_eu_0/inst/g_e584eb07.u_822a997b/u_8329ce29/u_3aa346a2/u_dcd815c9/u_6c52c68e/g_7b54f91e[11].g_07af5fd4[0].g_9aa100cb[3].u_a326a45b/g_6779d86c[1].s_fcf4f443_reg[2]/D
                            (rising edge-triggered cell FDRE clocked by clk_out300Mhz_DPU_sys_clk_wiz_0_0  {rise@0.000ns fall@1.667ns period=3.333ns})
  Path Group:             clk_out300Mhz_DPU_sys_clk_wiz_0_0
  Path Type:              Hold (Min at Fast Process Corner)
  Requirement:            0.000ns  (clk_out300Mhz_DPU_sys_clk_wiz_0_0 rise@0.000ns - clk_out300Mhz_DPU_sys_clk_wiz_0_0 rise@0.000ns)
  Data Path Delay:        0.320ns  (logic 0.141ns (44.007%)  route 0.179ns (55.993%))
  Logic Levels:           0  
  Clock Path Skew:        0.183ns (DCD - SCD - CPR)
    Destination Clock Delay (DCD):    0.879ns
    Source Clock Delay      (SCD):    0.691ns
    Clock Pessimism Removal (CPR):    0.005ns

    Location             Delay type                Incr(ns)  Path(ns)    Netlist Resource(s)
  -------------------------------------------------------------------    -------------------
                         (clock clk_out300Mhz_DPU_sys_clk_wiz_0_0 rise edge)
                                                      0.000     0.000 r  
    BUFGCTRL_X0Y19       BUFG                         0.000     0.000 r  DPU_sys_i/processing_system7_0/inst/buffer_fclk_clk_0.FCLK_CLK_0_BUFG/O
                         net (fo=943, routed)         0.672     0.672    DPU_sys_i/clk_wiz_0/inst/clk_in1
    MMCME2_ADV_X1Y2      MMCME2_ADV (Prop_mmcme2_adv_CLKIN1_CLKOUT1)
                                                     -1.395    -0.722 r  DPU_sys_i/clk_wiz_0/inst/mmcm_adv_inst/CLKOUT1
                         net (fo=1, routed)           0.696    -0.026    DPU_sys_i/clk_wiz_0/inst/clk_out300Mhz_DPU_sys_clk_wiz_0_0
    BUFGCTRL_X0Y18       BUFG (Prop_bufg_I_O)         0.026    -0.000 r  DPU_sys_i/clk_wiz_0/inst/clkout2_buf/O
                         net (fo=25585, routed)       0.691     0.691    DPU_sys_i/dpu_eu_0/inst/g_e584eb07.u_822a997b/u_8329ce29/u_3aa346a2/u_dcd815c9/u_6c52c68e/g_7b54f91e[11].g_07af5fd4[0].g_9aa100cb[3].u_a326a45b/g_6779d86c[1].u_0a74c988/dpu_2x_clk
    SLICE_X101Y102       FDRE                                         r  DPU_sys_i/dpu_eu_0/inst/g_e584eb07.u_822a997b/u_8329ce29/u_3aa346a2/u_dcd815c9/u_6c52c68e/g_7b54f91e[11].g_07af5fd4[0].g_9aa100cb[3].u_a326a45b/g_6779d86c[1].u_0a74c988/g_6fde1118.srl_reg[2]/C
  -------------------------------------------------------------------    -------------------
    SLICE_X101Y102       FDRE (Prop_fdre_C_Q)         0.141     0.832 r  DPU_sys_i/dpu_eu_0/inst/g_e584eb07.u_822a997b/u_8329ce29/u_3aa346a2/u_dcd815c9/u_6c52c68e/g_7b54f91e[11].g_07af5fd4[0].g_9aa100cb[3].u_a326a45b/g_6779d86c[1].u_0a74c988/g_6fde1118.srl_reg[2]/Q
                         net (fo=2, routed)           0.179     1.012    DPU_sys_i/dpu_eu_0/inst/g_e584eb07.u_822a997b/u_8329ce29/u_3aa346a2/u_dcd815c9/u_6c52c68e/g_7b54f91e[11].g_07af5fd4[0].g_9aa100cb[3].u_a326a45b/g_6779d86c[1].u_0a74c988_n_29
    SLICE_X101Y99        FDRE                                         r  DPU_sys_i/dpu_eu_0/inst/g_e584eb07.u_822a997b/u_8329ce29/u_3aa346a2/u_dcd815c9/u_6c52c68e/g_7b54f91e[11].g_07af5fd4[0].g_9aa100cb[3].u_a326a45b/g_6779d86c[1].s_fcf4f443_reg[2]/D
  -------------------------------------------------------------------    -------------------

                         (clock clk_out300Mhz_DPU_sys_clk_wiz_0_0 rise edge)
                                                      0.000     0.000 r  
    BUFGCTRL_X0Y19       BUFG                         0.000     0.000 r  DPU_sys_i/processing_system7_0/inst/buffer_fclk_clk_0.FCLK_CLK_0_BUFG/O
                         net (fo=943, routed)         0.945     0.945    DPU_sys_i/clk_wiz_0/inst/clk_in1
    MMCME2_ADV_X1Y2      MMCME2_ADV (Prop_mmcme2_adv_CLKIN1_CLKOUT1)
                                                     -1.726    -0.781 r  DPU_sys_i/clk_wiz_0/inst/mmcm_adv_inst/CLKOUT1
                         net (fo=1, routed)           0.752    -0.029    DPU_sys_i/clk_wiz_0/inst/clk_out300Mhz_DPU_sys_clk_wiz_0_0
    BUFGCTRL_X0Y18       BUFG (Prop_bufg_I_O)         0.029     0.000 r  DPU_sys_i/clk_wiz_0/inst/clkout2_buf/O
                         net (fo=25585, routed)       0.879     0.879    DPU_sys_i/dpu_eu_0/inst/g_e584eb07.u_822a997b/u_8329ce29/u_3aa346a2/u_dcd815c9/u_6c52c68e/g_7b54f91e[11].g_07af5fd4[0].g_9aa100cb[3].u_a326a45b/dpu_2x_clk
    SLICE_X101Y99        FDRE                                         r  DPU_sys_i/dpu_eu_0/inst/g_e584eb07.u_822a997b/u_8329ce29/u_3aa346a2/u_dcd815c9/u_6c52c68e/g_7b54f91e[11].g_07af5fd4[0].g_9aa100cb[3].u_a326a45b/g_6779d86c[1].s_fcf4f443_reg[2]/C
                         clock pessimism             -0.005     0.874    
    SLICE_X101Y99        FDRE (Hold_fdre_C_D)         0.076     0.950    DPU_sys_i/dpu_eu_0/inst/g_e584eb07.u_822a997b/u_8329ce29/u_3aa346a2/u_dcd815c9/u_6c52c68e/g_7b54f91e[11].g_07af5fd4[0].g_9aa100cb[3].u_a326a45b/g_6779d86c[1].s_fcf4f443_reg[2]
  -------------------------------------------------------------------
                         required time                         -0.950    
                         arrival time                           1.012    
  -------------------------------------------------------------------
                         slack                                  0.062    





Pulse Width Checks
--------------------------------------------------------------------------------------
Clock Name:         clk_out300Mhz_DPU_sys_clk_wiz_0_0
Waveform(ns):       { 0.000 1.667 }
Period(ns):         3.333
Sources:            { DPU_sys_i/clk_wiz_0/inst/mmcm_adv_inst/CLKOUT1 }

Check Type        Corner  Lib Pin             Reference Pin  Required(ns)  Actual(ns)  Slack(ns)  Location         Pin
Min Period        n/a     BUFG/I              n/a            2.155         3.333       1.178      BUFGCTRL_X0Y18   DPU_sys_i/clk_wiz_0/inst/clkout2_buf/I
Min Period        n/a     DSP48E1/CLK         n/a            2.154         3.333       1.179      DSP48_X3Y30      DPU_sys_i/dpu_eu_0/inst/g_e584eb07.u_822a997b/u_8329ce29/u_3aa346a2/u_dcd815c9/u_6c52c68e/g_7b54f91e[0].g_07af5fd4[0].g_9aa100cb[3].u_a326a45b/g_6779d86c[1].g_91a7f445.u_9efd336d/u_dsp/g_6e2e42a8.u_dsp48e1/CLK
Min Period        n/a     DSP48E1/CLK         n/a            2.154         3.333       1.179      DSP48_X3Y17      DPU_sys_i/dpu_eu_0/inst/g_e584eb07.u_822a997b/u_8329ce29/u_3aa346a2/u_dcd815c9/u_6c52c68e/g_7b54f91e[3].g_07af5fd4[0].g_9aa100cb[1].u_a326a45b/g_6779d86c[1].g_91a7f445.u_9efd336d/u_dsp/g_6e2e42a8.u_dsp48e1/CLK
Min Period        n/a     DSP48E1/CLK         n/a            2.154         3.333       1.179      DSP48_X4Y26      DPU_sys_i/dpu_eu_0/inst/g_e584eb07.u_822a997b/u_8329ce29/u_3aa346a2/u_dcd815c9/u_6c52c68e/g_7b54f91e[5].g_07af5fd4[0].g_9aa100cb[3].u_a326a45b/g_6779d86c[1].g_91a7f445.u_9efd336d/u_dsp/g_6e2e42a8.u_dsp48e1/CLK
Min Period        n/a     DSP48E1/CLK         n/a            2.154         3.333       1.179      DSP48_X3Y3       DPU_sys_i/dpu_eu_0/inst/g_e584eb07.u_822a997b/u_8329ce29/u_3aa346a2/u_dcd815c9/u_6c52c68e/g_7b54f91e[11].g_07af5fd4[0].g_9aa100cb[5].u_a326a45b/g_6779d86c[1].g_91a7f445.u_9efd336d/u_dsp/g_6e2e42a8.u_dsp48e1/CLK
Min Period        n/a     DSP48E1/CLK         n/a            2.154         3.333       1.179      DSP48_X4Y10      DPU_sys_i/dpu_eu_0/inst/g_e584eb07.u_822a997b/u_8329ce29/u_3aa346a2/u_dcd815c9/u_6c52c68e/g_7b54f91e[7].g_07af5fd4[0].g_9aa100cb[5].u_a326a45b/g_6779d86c[1].g_91a7f445.u_9efd336d/u_dsp/g_6e2e42a8.u_dsp48e1/CLK
Min Period        n/a     DSP48E1/CLK         n/a            2.154         3.333       1.179      DSP48_X4Y22      DPU_sys_i/dpu_eu_0/inst/g_e584eb07.u_822a997b/u_8329ce29/u_3aa346a2/u_dcd815c9/u_6c52c68e/g_7b54f91e[10].g_07af5fd4[0].g_9aa100cb[4].u_a326a45b/g_6779d86c[1].g_91a7f445.u_9efd336d/u_dsp/g_6e2e42a8.u_dsp48e1/CLK
Min Period        n/a     DSP48E1/CLK         n/a            2.154         3.333       1.179      DSP48_X4Y39      DPU_sys_i/dpu_eu_0/inst/g_e584eb07.u_822a997b/u_8329ce29/u_3aa346a2/u_dcd815c9/u_6c52c68e/g_7b54f91e[2].g_07af5fd4[0].g_9aa100cb[0].u_a326a45b/g_6779d86c[1].g_91a7f445.u_9efd336d/u_dsp/g_6e2e42a8.u_dsp48e1/CLK
Min Period        n/a     DSP48E1/CLK         n/a            2.154         3.333       1.179      DSP48_X2Y15      DPU_sys_i/dpu_eu_0/inst/g_e584eb07.u_822a997b/u_8329ce29/u_3aa346a2/u_dcd815c9/u_6c52c68e/g_7b54f91e[4].g_07af5fd4[0].g_9aa100cb[2].u_a326a45b/g_6779d86c[1].g_91a7f445.u_9efd336d/u_dsp/g_6e2e42a8.u_dsp48e1/CLK
Min Period        n/a     DSP48E1/CLK         n/a            2.154         3.333       1.179      DSP48_X4Y50      DPU_sys_i/dpu_eu_0/inst/g_e584eb07.u_822a997b/u_8329ce29/u_3aa346a2/u_dcd815c9/u_6c52c68e/g_7b54f91e[6].g_07af5fd4[0].g_9aa100cb[4].u_a326a45b/g_6779d86c[1].g_91a7f445.u_9efd336d/u_dsp/g_6e2e42a8.u_dsp48e1/CLK
Max Period        n/a     MMCME2_ADV/CLKOUT1  n/a            213.360       3.333       210.027    MMCME2_ADV_X1Y2  DPU_sys_i/clk_wiz_0/inst/mmcm_adv_inst/CLKOUT1
Low Pulse Width   Fast    FDRE/C              n/a            0.500         1.667       1.167      SLICE_X51Y66     DPU_sys_i/dpu_eu_0/inst/g_e584eb07.u_822a997b/u_8329ce29/u_3aa346a2/u_dcd815c9/u_6c52c68e/g_7b54f91e[0].g_07af5fd4[0].g_9aa100cb[3].u_a326a45b/g_6779d86c[0].s_27e0d716_reg/C
Low Pulse Width   Fast    FDRE/C              n/a            0.500         1.667       1.167      SLICE_X9Y34      DPU_sys_i/dpu_eu_0/inst/g_e584eb07.u_822a997b/u_8329ce29/u_3aa346a2/u_dcd815c9/u_6c52c68e/g_7b54f91e[2].g_07af5fd4[0].g_9aa100cb[0].u_a326a45b/g_6779d86c[0].s_35d09acc_reg[12]/C
Low Pulse Width   Fast    FDRE/C              n/a            0.500         1.667       1.167      SLICE_X42Y80     DPU_sys_i/dpu_eu_0/inst/g_e584eb07.u_822a997b/u_8329ce29/u_3aa346a2/u_dcd815c9/u_6c52c68e/g_7b54f91e[3].g_07af5fd4[0].g_9aa100cb[1].u_a326a45b/g_6779d86c[0].s_35d09acc_reg[11]/C
Low Pulse Width   Fast    FDRE/C              n/a            0.500         1.667       1.167      SLICE_X92Y132    DPU_sys_i/dpu_eu_0/inst/g_e584eb07.u_822a997b/u_8329ce29/u_3aa346a2/u_dcd815c9/u_6c52c68e/g_7b54f91e[5].g_07af5fd4[0].g_9aa100cb[3].u_a326a45b/g_6779d86c[0].g_abd4b781.s_6ddd7a28_reg[6]/C
Low Pulse Width   Fast    FDRE/C              n/a            0.500         1.667       1.167      SLICE_X92Y132    DPU_sys_i/dpu_eu_0/inst/g_e584eb07.u_822a997b/u_8329ce29/u_3aa346a2/u_dcd815c9/u_6c52c68e/g_7b54f91e[5].g_07af5fd4[0].g_9aa100cb[3].u_a326a45b/g_6779d86c[0].g_abd4b781.s_6ddd7a28_reg[7]/C
Low Pulse Width   Fast    FDRE/C              n/a            0.500         1.667       1.167      SLICE_X87Y137    DPU_sys_i/dpu_eu_0/inst/g_e584eb07.u_822a997b/u_8329ce29/u_3aa346a2/u_dcd815c9/u_6c52c68e/g_7b54f91e[5].g_07af5fd4[0].g_9aa100cb[3].u_a326a45b/g_6779d86c[0].s_35d09acc_reg[10]/C
Low Pulse Width   Fast    FDRE/C              n/a            0.500         1.667       1.167      SLICE_X89Y114    DPU_sys_i/dpu_eu_0/inst/g_e584eb07.u_822a997b/u_8329ce29/u_3aa346a2/u_dcd815c9/u_6c52c68e/g_7b54f91e[6].g_07af5fd4[0].g_9aa100cb[4].u_a326a45b/g_6779d86c[0].g_abd4b781.s_6ddd7a28_reg[0]/C
Low Pulse Width   Fast    FDRE/C              n/a            0.500         1.667       1.167      SLICE_X89Y114    DPU_sys_i/dpu_eu_0/inst/g_e584eb07.u_822a997b/u_8329ce29/u_3aa346a2/u_dcd815c9/u_6c52c68e/g_7b54f91e[6].g_07af5fd4[0].g_9aa100cb[4].u_a326a45b/g_6779d86c[0].g_abd4b781.s_6ddd7a28_reg[1]/C
Low Pulse Width   Fast    FDRE/C              n/a            0.500         1.667       1.167      SLICE_X94Y119    DPU_sys_i/dpu_eu_0/inst/g_e584eb07.u_822a997b/u_8329ce29/u_3aa346a2/u_dcd815c9/u_6c52c68e/g_7b54f91e[6].g_07af5fd4[0].g_9aa100cb[4].u_a326a45b/g_6779d86c[0].g_abd4b781.s_6ddd7a28_reg[2]/C
Low Pulse Width   Fast    FDRE/C              n/a            0.500         1.667       1.167      SLICE_X94Y119    DPU_sys_i/dpu_eu_0/inst/g_e584eb07.u_822a997b/u_8329ce29/u_3aa346a2/u_dcd815c9/u_6c52c68e/g_7b54f91e[6].g_07af5fd4[0].g_9aa100cb[4].u_a326a45b/g_6779d86c[0].g_abd4b781.s_6ddd7a28_reg[3]/C
High Pulse Width  Slow    FDRE/C              n/a            0.500         1.667       1.167      SLICE_X39Y82     DPU_sys_i/dpu_eu_0/inst/g_e584eb07.u_822a997b/u_8329ce29/u_3aa346a2/u_dcd815c9/u_6c52c68e/g_7b54f91e[0].g_07af5fd4[0].g_9aa100cb[3].u_a326a45b/g_6779d86c[0].g_abd4b781.s_6ddd7a28_reg[0]/C
High Pulse Width  Slow    FDRE/C              n/a            0.500         1.667       1.167      SLICE_X39Y82     DPU_sys_i/dpu_eu_0/inst/g_e584eb07.u_822a997b/u_8329ce29/u_3aa346a2/u_dcd815c9/u_6c52c68e/g_7b54f91e[0].g_07af5fd4[0].g_9aa100cb[3].u_a326a45b/g_6779d86c[0].g_abd4b781.s_6ddd7a28_reg[1]/C
High Pulse Width  Slow    FDRE/C              n/a            0.500         1.667       1.167      SLICE_X39Y82     DPU_sys_i/dpu_eu_0/inst/g_e584eb07.u_822a997b/u_8329ce29/u_3aa346a2/u_dcd815c9/u_6c52c68e/g_7b54f91e[0].g_07af5fd4[0].g_9aa100cb[3].u_a326a45b/g_6779d86c[0].g_abd4b781.s_6ddd7a28_reg[2]/C
High Pulse Width  Slow    FDRE/C              n/a            0.500         1.667       1.167      SLICE_X39Y82     DPU_sys_i/dpu_eu_0/inst/g_e584eb07.u_822a997b/u_8329ce29/u_3aa346a2/u_dcd815c9/u_6c52c68e/g_7b54f91e[0].g_07af5fd4[0].g_9aa100cb[3].u_a326a45b/g_6779d86c[0].g_abd4b781.s_6ddd7a28_reg[3]/C
High Pulse Width  Slow    FDRE/C              n/a            0.500         1.667       1.167      SLICE_X39Y82     DPU_sys_i/dpu_eu_0/inst/g_e584eb07.u_822a997b/u_8329ce29/u_3aa346a2/u_dcd815c9/u_6c52c68e/g_7b54f91e[0].g_07af5fd4[0].g_9aa100cb[3].u_a326a45b/g_6779d86c[0].g_abd4b781.s_6ddd7a28_reg[4]/C
High Pulse Width  Slow    FDRE/C              n/a            0.500         1.667       1.167      SLICE_X39Y82     DPU_sys_i/dpu_eu_0/inst/g_e584eb07.u_822a997b/u_8329ce29/u_3aa346a2/u_dcd815c9/u_6c52c68e/g_7b54f91e[0].g_07af5fd4[0].g_9aa100cb[3].u_a326a45b/g_6779d86c[0].g_abd4b781.s_6ddd7a28_reg[5]/C
High Pulse Width  Slow    FDRE/C              n/a            0.500         1.667       1.167      SLICE_X39Y82     DPU_sys_i/dpu_eu_0/inst/g_e584eb07.u_822a997b/u_8329ce29/u_3aa346a2/u_dcd815c9/u_6c52c68e/g_7b54f91e[0].g_07af5fd4[0].g_9aa100cb[3].u_a326a45b/g_6779d86c[0].g_abd4b781.s_6ddd7a28_reg[6]/C
High Pulse Width  Slow    FDRE/C              n/a            0.500         1.667       1.167      SLICE_X39Y82     DPU_sys_i/dpu_eu_0/inst/g_e584eb07.u_822a997b/u_8329ce29/u_3aa346a2/u_dcd815c9/u_6c52c68e/g_7b54f91e[0].g_07af5fd4[0].g_9aa100cb[3].u_a326a45b/g_6779d86c[0].g_abd4b781.s_6ddd7a28_reg[7]/C
High Pulse Width  Slow    FDRE/C              n/a            0.500         1.667       1.167      SLICE_X39Y71     DPU_sys_i/dpu_eu_0/inst/g_e584eb07.u_822a997b/u_8329ce29/u_3aa346a2/u_dcd815c9/u_6c52c68e/g_7b54f91e[0].g_07af5fd4[0].g_9aa100cb[3].u_a326a45b/g_6779d86c[0].s_35d09acc_reg[11]/C
High Pulse Width  Fast    FDRE/C              n/a            0.500         1.667       1.167      SLICE_X39Y71     DPU_sys_i/dpu_eu_0/inst/g_e584eb07.u_822a997b/u_8329ce29/u_3aa346a2/u_dcd815c9/u_6c52c68e/g_7b54f91e[0].g_07af5fd4[0].g_9aa100cb[3].u_a326a45b/g_6779d86c[0].s_35d09acc_reg[11]/C



---------------------------------------------------------------------------------------------------
From Clock:  clkfbout_DPU_sys_clk_wiz_0_0
  To Clock:  clkfbout_DPU_sys_clk_wiz_0_0

Setup :           NA  Failing Endpoints,  Worst Slack           NA  ,  Total Violation           NA
Hold  :           NA  Failing Endpoints,  Worst Slack           NA  ,  Total Violation           NA
PW    :            0  Failing Endpoints,  Worst Slack        7.845ns,  Total Violation        0.000ns
---------------------------------------------------------------------------------------------------


Pulse Width Checks
--------------------------------------------------------------------------------------
Clock Name:         clkfbout_DPU_sys_clk_wiz_0_0
Waveform(ns):       { 0.000 5.000 }
Period(ns):         10.000
Sources:            { DPU_sys_i/clk_wiz_0/inst/mmcm_adv_inst/CLKFBOUT }

Check Type  Corner  Lib Pin              Reference Pin  Required(ns)  Actual(ns)  Slack(ns)  Location         Pin
Min Period  n/a     BUFG/I               n/a            2.155         10.000      7.845      BUFGCTRL_X0Y16   DPU_sys_i/clk_wiz_0/inst/clkf_buf/I
Min Period  n/a     MMCME2_ADV/CLKFBOUT  n/a            1.249         10.000      8.751      MMCME2_ADV_X1Y2  DPU_sys_i/clk_wiz_0/inst/mmcm_adv_inst/CLKFBOUT
Min Period  n/a     MMCME2_ADV/CLKFBIN   n/a            1.249         10.000      8.751      MMCME2_ADV_X1Y2  DPU_sys_i/clk_wiz_0/inst/mmcm_adv_inst/CLKFBIN
Max Period  n/a     MMCME2_ADV/CLKFBIN   n/a            100.000       10.000      90.000     MMCME2_ADV_X1Y2  DPU_sys_i/clk_wiz_0/inst/mmcm_adv_inst/CLKFBIN
Max Period  n/a     MMCME2_ADV/CLKFBOUT  n/a            213.360       10.000      203.360    MMCME2_ADV_X1Y2  DPU_sys_i/clk_wiz_0/inst/mmcm_adv_inst/CLKFBOUT



---------------------------------------------------------------------------------------------------
From Clock:  clk_fpga_0
  To Clock:  clk_fpga_0

Setup :            0  Failing Endpoints,  Worst Slack        2.113ns,  Total Violation        0.000ns
Hold  :            0  Failing Endpoints,  Worst Slack        0.104ns,  Total Violation        0.000ns
PW    :            0  Failing Endpoints,  Worst Slack        4.020ns,  Total Violation        0.000ns
---------------------------------------------------------------------------------------------------


Max Delay Paths
--------------------------------------------------------------------------------------
Slack (MET) :             2.113ns  (required time - arrival time)
  Source:                 DPU_sys_i/dpu_eu_0/inst/u_0fdf40ec/s_97656b57_reg[4]/C
                            (rising edge-triggered cell FDRE clocked by clk_fpga_0  {rise@0.000ns fall@5.000ns period=10.000ns})
  Destination:            DPU_sys_i/dpu_eu_0/inst/u_regs4/s_edf60c17_reg[6]/D
                            (rising edge-triggered cell FDRE clocked by clk_fpga_0  {rise@0.000ns fall@5.000ns period=10.000ns})
  Path Group:             clk_fpga_0
  Path Type:              Setup (Max at Slow Process Corner)
  Requirement:            10.000ns  (clk_fpga_0 rise@10.000ns - clk_fpga_0 rise@0.000ns)
  Data Path Delay:        7.742ns  (logic 1.431ns (18.484%)  route 6.311ns (81.516%))
  Logic Levels:           5  (LUT5=3 MUXF7=1 MUXF8=1)
  Clock Path Skew:        -0.023ns (DCD - SCD + CPR)
    Destination Clock Delay (DCD):    2.701ns = ( 12.701 - 10.000 ) 
    Source Clock Delay      (SCD):    2.988ns
    Clock Pessimism Removal (CPR):    0.264ns
  Clock Uncertainty:      0.154ns  ((TSJ^2 + TIJ^2)^1/2 + DJ) / 2 + PE
    Total System Jitter     (TSJ):    0.071ns
    Total Input Jitter      (TIJ):    0.300ns
    Discrete Jitter          (DJ):    0.000ns
    Phase Error              (PE):    0.000ns

    Location             Delay type                Incr(ns)  Path(ns)    Netlist Resource(s)
  -------------------------------------------------------------------    -------------------
                         (clock clk_fpga_0 rise edge)
                                                      0.000     0.000 r  
    PS7_X0Y0             PS7                          0.000     0.000 r  DPU_sys_i/processing_system7_0/inst/PS7_i/FCLKCLK[0]
                         net (fo=1, routed)           1.193     1.193    DPU_sys_i/processing_system7_0/inst/FCLK_CLK_unbuffered[0]
    BUFGCTRL_X0Y19       BUFG (Prop_bufg_I_O)         0.101     1.294 r  DPU_sys_i/processing_system7_0/inst/buffer_fclk_clk_0.FCLK_CLK_0_BUFG/O
                         net (fo=943, routed)         1.694     2.988    DPU_sys_i/dpu_eu_0/inst/u_0fdf40ec/s_axi_aclk
    SLICE_X26Y91         FDRE                                         r  DPU_sys_i/dpu_eu_0/inst/u_0fdf40ec/s_97656b57_reg[4]/C
  -------------------------------------------------------------------    -------------------
    SLICE_X26Y91         FDRE (Prop_fdre_C_Q)         0.518     3.506 r  DPU_sys_i/dpu_eu_0/inst/u_0fdf40ec/s_97656b57_reg[4]/Q
                         net (fo=294, routed)         4.549     8.055    DPU_sys_i/dpu_eu_0/inst/u_regs4/s_edf60c17_reg[0]_0[3]
    SLICE_X35Y101        LUT5 (Prop_lut5_I2_O)        0.124     8.179 r  DPU_sys_i/dpu_eu_0/inst/u_regs4/s_edf60c17[6]_i_16/O
                         net (fo=1, routed)           0.000     8.179    DPU_sys_i/dpu_eu_0/inst/u_regs4/s_edf60c17[6]_i_16_n_0
    SLICE_X35Y101        MUXF7 (Prop_muxf7_I1_O)      0.245     8.424 r  DPU_sys_i/dpu_eu_0/inst/u_regs4/s_edf60c17_reg[6]_i_9/O
                         net (fo=1, routed)           0.000     8.424    DPU_sys_i/dpu_eu_0/inst/u_regs4/s_edf60c17_reg[6]_i_9_n_0
    SLICE_X35Y101        MUXF8 (Prop_muxf8_I0_O)      0.104     8.528 r  DPU_sys_i/dpu_eu_0/inst/u_regs4/s_edf60c17_reg[6]_i_6/O
                         net (fo=1, routed)           0.968     9.495    DPU_sys_i/dpu_eu_0/inst/u_0fdf40ec/s_edf60c17_reg[6]
    SLICE_X30Y96         LUT5 (Prop_lut5_I4_O)        0.316     9.811 r  DPU_sys_i/dpu_eu_0/inst/u_0fdf40ec/s_edf60c17[6]_i_3/O
                         net (fo=1, routed)           0.795    10.606    DPU_sys_i/dpu_eu_0/inst/u_0fdf40ec/u_regs4/s_edf60c17__97[6]
    SLICE_X27Y97         LUT5 (Prop_lut5_I2_O)        0.124    10.730 r  DPU_sys_i/dpu_eu_0/inst/u_0fdf40ec/s_edf60c17[6]_i_1/O
                         net (fo=1, routed)           0.000    10.730    DPU_sys_i/dpu_eu_0/inst/u_regs4/s_edf60c17_reg[6]_0
    SLICE_X27Y97         FDRE                                         r  DPU_sys_i/dpu_eu_0/inst/u_regs4/s_edf60c17_reg[6]/D
  -------------------------------------------------------------------    -------------------

                         (clock clk_fpga_0 rise edge)
                                                     10.000    10.000 r  
    PS7_X0Y0             PS7                          0.000    10.000 r  DPU_sys_i/processing_system7_0/inst/PS7_i/FCLKCLK[0]
                         net (fo=1, routed)           1.088    11.088    DPU_sys_i/processing_system7_0/inst/FCLK_CLK_unbuffered[0]
    BUFGCTRL_X0Y19       BUFG (Prop_bufg_I_O)         0.091    11.179 r  DPU_sys_i/processing_system7_0/inst/buffer_fclk_clk_0.FCLK_CLK_0_BUFG/O
                         net (fo=943, routed)         1.522    12.701    DPU_sys_i/dpu_eu_0/inst/u_regs4/s_axi_aclk
    SLICE_X27Y97         FDRE                                         r  DPU_sys_i/dpu_eu_0/inst/u_regs4/s_edf60c17_reg[6]/C
                         clock pessimism              0.264    12.965    
                         clock uncertainty           -0.154    12.811    
    SLICE_X27Y97         FDRE (Setup_fdre_C_D)        0.032    12.843    DPU_sys_i/dpu_eu_0/inst/u_regs4/s_edf60c17_reg[6]
  -------------------------------------------------------------------
                         required time                         12.843    
                         arrival time                         -10.730    
  -------------------------------------------------------------------
                         slack                                  2.113    

Slack (MET) :             2.148ns  (required time - arrival time)
  Source:                 DPU_sys_i/dpu_eu_0/inst/u_0fdf40ec/s_97656b57_reg[4]/C
                            (rising edge-triggered cell FDRE clocked by clk_fpga_0  {rise@0.000ns fall@5.000ns period=10.000ns})
  Destination:            DPU_sys_i/dpu_eu_0/inst/u_regs4/s_edf60c17_reg[14]/D
                            (rising edge-triggered cell FDRE clocked by clk_fpga_0  {rise@0.000ns fall@5.000ns period=10.000ns})
  Path Group:             clk_fpga_0
  Path Type:              Setup (Max at Slow Process Corner)
  Requirement:            10.000ns  (clk_fpga_0 rise@10.000ns - clk_fpga_0 rise@0.000ns)
  Data Path Delay:        7.674ns  (logic 1.282ns (16.705%)  route 6.392ns (83.295%))
  Logic Levels:           4  (LUT5=1 LUT6=2 MUXF7=1)
  Clock Path Skew:        -0.055ns (DCD - SCD + CPR)
    Destination Clock Delay (DCD):    2.704ns = ( 12.704 - 10.000 ) 
    Source Clock Delay      (SCD):    2.988ns
    Clock Pessimism Removal (CPR):    0.229ns
  Clock Uncertainty:      0.154ns  ((TSJ^2 + TIJ^2)^1/2 + DJ) / 2 + PE
    Total System Jitter     (TSJ):    0.071ns
    Total Input Jitter      (TIJ):    0.300ns
    Discrete Jitter          (DJ):    0.000ns
    Phase Error              (PE):    0.000ns

    Location             Delay type                Incr(ns)  Path(ns)    Netlist Resource(s)
  -------------------------------------------------------------------    -------------------
                         (clock clk_fpga_0 rise edge)
                                                      0.000     0.000 r  
    PS7_X0Y0             PS7                          0.000     0.000 r  DPU_sys_i/processing_system7_0/inst/PS7_i/FCLKCLK[0]
                         net (fo=1, routed)           1.193     1.193    DPU_sys_i/processing_system7_0/inst/FCLK_CLK_unbuffered[0]
    BUFGCTRL_X0Y19       BUFG (Prop_bufg_I_O)         0.101     1.294 r  DPU_sys_i/processing_system7_0/inst/buffer_fclk_clk_0.FCLK_CLK_0_BUFG/O
                         net (fo=943, routed)         1.694     2.988    DPU_sys_i/dpu_eu_0/inst/u_0fdf40ec/s_axi_aclk
    SLICE_X26Y91         FDRE                                         r  DPU_sys_i/dpu_eu_0/inst/u_0fdf40ec/s_97656b57_reg[4]/C
  -------------------------------------------------------------------    -------------------
    SLICE_X26Y91         FDRE (Prop_fdre_C_Q)         0.518     3.506 r  DPU_sys_i/dpu_eu_0/inst/u_0fdf40ec/s_97656b57_reg[4]/Q
                         net (fo=294, routed)         4.293     7.799    DPU_sys_i/dpu_eu_0/inst/u_regs4/s_edf60c17_reg[0]_0[3]
    SLICE_X41Y113        LUT5 (Prop_lut5_I2_O)        0.124     7.923 r  DPU_sys_i/dpu_eu_0/inst/u_regs4/s_edf60c17[14]_i_15/O
                         net (fo=1, routed)           0.000     7.923    DPU_sys_i/dpu_eu_0/inst/u_regs4/s_edf60c17[14]_i_15_n_0
    SLICE_X41Y113        MUXF7 (Prop_muxf7_I1_O)      0.217     8.140 r  DPU_sys_i/dpu_eu_0/inst/u_regs4/s_edf60c17_reg[14]_i_7/O
                         net (fo=1, routed)           1.389     9.529    DPU_sys_i/dpu_eu_0/inst/u_0fdf40ec/s_edf60c17_reg[14]_0
    SLICE_X34Y99         LUT6 (Prop_lut6_I5_O)        0.299     9.828 r  DPU_sys_i/dpu_eu_0/inst/u_0fdf40ec/s_edf60c17[14]_i_3/O
                         net (fo=1, routed)           0.711    10.538    DPU_sys_i/dpu_eu_0/inst/u_0fdf40ec/s_edf60c17[14]_i_3_n_0
    SLICE_X28Y96         LUT6 (Prop_lut6_I4_O)        0.124    10.662 r  DPU_sys_i/dpu_eu_0/inst/u_0fdf40ec/s_edf60c17[14]_i_1/O
                         net (fo=1, routed)           0.000    10.662    DPU_sys_i/dpu_eu_0/inst/u_regs4/s_edf60c17[3]
    SLICE_X28Y96         FDRE                                         r  DPU_sys_i/dpu_eu_0/inst/u_regs4/s_edf60c17_reg[14]/D
  -------------------------------------------------------------------    -------------------

                         (clock clk_fpga_0 rise edge)
                                                     10.000    10.000 r  
    PS7_X0Y0             PS7                          0.000    10.000 r  DPU_sys_i/processing_system7_0/inst/PS7_i/FCLKCLK[0]
                         net (fo=1, routed)           1.088    11.088    DPU_sys_i/processing_system7_0/inst/FCLK_CLK_unbuffered[0]
    BUFGCTRL_X0Y19       BUFG (Prop_bufg_I_O)         0.091    11.179 r  DPU_sys_i/processing_system7_0/inst/buffer_fclk_clk_0.FCLK_CLK_0_BUFG/O
                         net (fo=943, routed)         1.525    12.704    DPU_sys_i/dpu_eu_0/inst/u_regs4/s_axi_aclk
    SLICE_X28Y96         FDRE                                         r  DPU_sys_i/dpu_eu_0/inst/u_regs4/s_edf60c17_reg[14]/C
                         clock pessimism              0.229    12.933    
                         clock uncertainty           -0.154    12.779    
    SLICE_X28Y96         FDRE (Setup_fdre_C_D)        0.031    12.810    DPU_sys_i/dpu_eu_0/inst/u_regs4/s_edf60c17_reg[14]
  -------------------------------------------------------------------
                         required time                         12.810    
                         arrival time                         -10.662    
  -------------------------------------------------------------------
                         slack                                  2.148    

Slack (MET) :             2.193ns  (required time - arrival time)
  Source:                 DPU_sys_i/dpu_eu_0/inst/u_0fdf40ec/s_97656b57_reg[4]/C
                            (rising edge-triggered cell FDRE clocked by clk_fpga_0  {rise@0.000ns fall@5.000ns period=10.000ns})
  Destination:            DPU_sys_i/dpu_eu_0/inst/u_regs4/s_edf60c17_reg[12]/D
                            (rising edge-triggered cell FDRE clocked by clk_fpga_0  {rise@0.000ns fall@5.000ns period=10.000ns})
  Path Group:             clk_fpga_0
  Path Type:              Setup (Max at Slow Process Corner)
  Requirement:            10.000ns  (clk_fpga_0 rise@10.000ns - clk_fpga_0 rise@0.000ns)
  Data Path Delay:        7.581ns  (logic 1.431ns (18.875%)  route 6.150ns (81.125%))
  Logic Levels:           5  (LUT5=3 MUXF7=1 MUXF8=1)
  Clock Path Skew:        -0.025ns (DCD - SCD + CPR)
    Destination Clock Delay (DCD):    2.699ns = ( 12.699 - 10.000 ) 
    Source Clock Delay      (SCD):    2.988ns
    Clock Pessimism Removal (CPR):    0.264ns
  Clock Uncertainty:      0.154ns  ((TSJ^2 + TIJ^2)^1/2 + DJ) / 2 + PE
    Total System Jitter     (TSJ):    0.071ns
    Total Input Jitter      (TIJ):    0.300ns
    Discrete Jitter          (DJ):    0.000ns
    Phase Error              (PE):    0.000ns

    Location             Delay type                Incr(ns)  Path(ns)    Netlist Resource(s)
  -------------------------------------------------------------------    -------------------
                         (clock clk_fpga_0 rise edge)
                                                      0.000     0.000 r  
    PS7_X0Y0             PS7                          0.000     0.000 r  DPU_sys_i/processing_system7_0/inst/PS7_i/FCLKCLK[0]
                         net (fo=1, routed)           1.193     1.193    DPU_sys_i/processing_system7_0/inst/FCLK_CLK_unbuffered[0]
    BUFGCTRL_X0Y19       BUFG (Prop_bufg_I_O)         0.101     1.294 r  DPU_sys_i/processing_system7_0/inst/buffer_fclk_clk_0.FCLK_CLK_0_BUFG/O
                         net (fo=943, routed)         1.694     2.988    DPU_sys_i/dpu_eu_0/inst/u_0fdf40ec/s_axi_aclk
    SLICE_X26Y91         FDRE                                         r  DPU_sys_i/dpu_eu_0/inst/u_0fdf40ec/s_97656b57_reg[4]/C
  -------------------------------------------------------------------    -------------------
    SLICE_X26Y91         FDRE (Prop_fdre_C_Q)         0.518     3.506 r  DPU_sys_i/dpu_eu_0/inst/u_0fdf40ec/s_97656b57_reg[4]/Q
                         net (fo=294, routed)         3.618     7.124    DPU_sys_i/dpu_eu_0/inst/u_regs4/s_edf60c17_reg[0]_0[3]
    SLICE_X41Y114        LUT5 (Prop_lut5_I2_O)        0.124     7.248 r  DPU_sys_i/dpu_eu_0/inst/u_regs4/s_edf60c17[12]_i_15/O
                         net (fo=1, routed)           0.000     7.248    DPU_sys_i/dpu_eu_0/inst/u_regs4/s_edf60c17[12]_i_15_n_0
    SLICE_X41Y114        MUXF7 (Prop_muxf7_I1_O)      0.245     7.493 r  DPU_sys_i/dpu_eu_0/inst/u_regs4/s_edf60c17_reg[12]_i_8/O
                         net (fo=1, routed)           0.000     7.493    DPU_sys_i/dpu_eu_0/inst/u_regs4/s_edf60c17_reg[12]_i_8_n_0
    SLICE_X41Y114        MUXF8 (Prop_muxf8_I0_O)      0.104     7.597 r  DPU_sys_i/dpu_eu_0/inst/u_regs4/s_edf60c17_reg[12]_i_5/O
                         net (fo=1, routed)           1.394     8.992    DPU_sys_i/dpu_eu_0/inst/u_0fdf40ec/s_edf60c17_reg[12]
    SLICE_X29Y93         LUT5 (Prop_lut5_I4_O)        0.316     9.308 r  DPU_sys_i/dpu_eu_0/inst/u_0fdf40ec/s_edf60c17[12]_i_2/O
                         net (fo=1, routed)           0.659     9.966    DPU_sys_i/dpu_eu_0/inst/u_0fdf40ec/u_regs4/s_edf60c17__97[12]
    SLICE_X28Y93         LUT5 (Prop_lut5_I2_O)        0.124    10.090 r  DPU_sys_i/dpu_eu_0/inst/u_0fdf40ec/s_edf60c17[12]_i_1/O
                         net (fo=1, routed)           0.479    10.569    DPU_sys_i/dpu_eu_0/inst/u_regs4/s_edf60c17_reg[12]_0
    SLICE_X27Y92         FDRE                                         r  DPU_sys_i/dpu_eu_0/inst/u_regs4/s_edf60c17_reg[12]/D
  -------------------------------------------------------------------    -------------------

                         (clock clk_fpga_0 rise edge)
                                                     10.000    10.000 r  
    PS7_X0Y0             PS7                          0.000    10.000 r  DPU_sys_i/processing_system7_0/inst/PS7_i/FCLKCLK[0]
                         net (fo=1, routed)           1.088    11.088    DPU_sys_i/processing_system7_0/inst/FCLK_CLK_unbuffered[0]
    BUFGCTRL_X0Y19       BUFG (Prop_bufg_I_O)         0.091    11.179 r  DPU_sys_i/processing_system7_0/inst/buffer_fclk_clk_0.FCLK_CLK_0_BUFG/O
                         net (fo=943, routed)         1.520    12.699    DPU_sys_i/dpu_eu_0/inst/u_regs4/s_axi_aclk
    SLICE_X27Y92         FDRE                                         r  DPU_sys_i/dpu_eu_0/inst/u_regs4/s_edf60c17_reg[12]/C
                         clock pessimism              0.264    12.963    
                         clock uncertainty           -0.154    12.809    
    SLICE_X27Y92         FDRE (Setup_fdre_C_D)       -0.047    12.762    DPU_sys_i/dpu_eu_0/inst/u_regs4/s_edf60c17_reg[12]
  -------------------------------------------------------------------
                         required time                         12.762    
                         arrival time                         -10.569    
  -------------------------------------------------------------------
                         slack                                  2.193    

Slack (MET) :             2.263ns  (required time - arrival time)
  Source:                 DPU_sys_i/dpu_eu_0/inst/u_0fdf40ec/s_97656b57_reg[7]/C
                            (rising edge-triggered cell FDRE clocked by clk_fpga_0  {rise@0.000ns fall@5.000ns period=10.000ns})
  Destination:            DPU_sys_i/dpu_eu_0/inst/u_regs4/s_6679cdec_reg[1]/CE
                            (rising edge-triggered cell FDRE clocked by clk_fpga_0  {rise@0.000ns fall@5.000ns period=10.000ns})
  Path Group:             clk_fpga_0
  Path Type:              Setup (Max at Slow Process Corner)
  Requirement:            10.000ns  (clk_fpga_0 rise@10.000ns - clk_fpga_0 rise@0.000ns)
  Data Path Delay:        7.274ns  (logic 0.903ns (12.414%)  route 6.371ns (87.586%))
  Logic Levels:           2  (LUT2=1 LUT6=1)
  Clock Path Skew:        -0.104ns (DCD - SCD + CPR)
    Destination Clock Delay (DCD):    2.655ns = ( 12.655 - 10.000 ) 
    Source Clock Delay      (SCD):    2.988ns
    Clock Pessimism Removal (CPR):    0.229ns
  Clock Uncertainty:      0.154ns  ((TSJ^2 + TIJ^2)^1/2 + DJ) / 2 + PE
    Total System Jitter     (TSJ):    0.071ns
    Total Input Jitter      (TIJ):    0.300ns
    Discrete Jitter          (DJ):    0.000ns
    Phase Error              (PE):    0.000ns

    Location             Delay type                Incr(ns)  Path(ns)    Netlist Resource(s)
  -------------------------------------------------------------------    -------------------
                         (clock clk_fpga_0 rise edge)
                                                      0.000     0.000 r  
    PS7_X0Y0             PS7                          0.000     0.000 r  DPU_sys_i/processing_system7_0/inst/PS7_i/FCLKCLK[0]
                         net (fo=1, routed)           1.193     1.193    DPU_sys_i/processing_system7_0/inst/FCLK_CLK_unbuffered[0]
    BUFGCTRL_X0Y19       BUFG (Prop_bufg_I_O)         0.101     1.294 r  DPU_sys_i/processing_system7_0/inst/buffer_fclk_clk_0.FCLK_CLK_0_BUFG/O
                         net (fo=943, routed)         1.694     2.988    DPU_sys_i/dpu_eu_0/inst/u_0fdf40ec/s_axi_aclk
    SLICE_X26Y91         FDRE                                         r  DPU_sys_i/dpu_eu_0/inst/u_0fdf40ec/s_97656b57_reg[7]/C
  -------------------------------------------------------------------    -------------------
    SLICE_X26Y91         FDRE (Prop_fdre_C_Q)         0.478     3.466 f  DPU_sys_i/dpu_eu_0/inst/u_0fdf40ec/s_97656b57_reg[7]/Q
                         net (fo=42, routed)          2.345     5.811    DPU_sys_i/dpu_eu_0/inst/u_0fdf40ec/s_438155a2[7]
    SLICE_X29Y102        LUT2 (Prop_lut2_I0_O)        0.301     6.112 f  DPU_sys_i/dpu_eu_0/inst/u_0fdf40ec/s_6679cdec[27]_i_4/O
                         net (fo=22, routed)          1.907     8.019    DPU_sys_i/dpu_eu_0/inst/u_0fdf40ec/s_6679cdec[27]_i_4_n_0
    SLICE_X35Y105        LUT6 (Prop_lut6_I3_O)        0.124     8.143 r  DPU_sys_i/dpu_eu_0/inst/u_0fdf40ec/s_6679cdec[27]_i_1/O
                         net (fo=28, routed)          2.119    10.262    DPU_sys_i/dpu_eu_0/inst/u_regs4/s_6679cdec_reg[27]_0[0]
    SLICE_X35Y87         FDRE                                         r  DPU_sys_i/dpu_eu_0/inst/u_regs4/s_6679cdec_reg[1]/CE
  -------------------------------------------------------------------    -------------------

                         (clock clk_fpga_0 rise edge)
                                                     10.000    10.000 r  
    PS7_X0Y0             PS7                          0.000    10.000 r  DPU_sys_i/processing_system7_0/inst/PS7_i/FCLKCLK[0]
                         net (fo=1, routed)           1.088    11.088    DPU_sys_i/processing_system7_0/inst/FCLK_CLK_unbuffered[0]
    BUFGCTRL_X0Y19       BUFG (Prop_bufg_I_O)         0.091    11.179 r  DPU_sys_i/processing_system7_0/inst/buffer_fclk_clk_0.FCLK_CLK_0_BUFG/O
                         net (fo=943, routed)         1.476    12.655    DPU_sys_i/dpu_eu_0/inst/u_regs4/s_axi_aclk
    SLICE_X35Y87         FDRE                                         r  DPU_sys_i/dpu_eu_0/inst/u_regs4/s_6679cdec_reg[1]/C
                         clock pessimism              0.229    12.884    
                         clock uncertainty           -0.154    12.730    
    SLICE_X35Y87         FDRE (Setup_fdre_C_CE)      -0.205    12.525    DPU_sys_i/dpu_eu_0/inst/u_regs4/s_6679cdec_reg[1]
  -------------------------------------------------------------------
                         required time                         12.525    
                         arrival time                         -10.262    
  -------------------------------------------------------------------
                         slack                                  2.263    

Slack (MET) :             2.263ns  (required time - arrival time)
  Source:                 DPU_sys_i/dpu_eu_0/inst/u_0fdf40ec/s_97656b57_reg[7]/C
                            (rising edge-triggered cell FDRE clocked by clk_fpga_0  {rise@0.000ns fall@5.000ns period=10.000ns})
  Destination:            DPU_sys_i/dpu_eu_0/inst/u_regs4/s_6679cdec_reg[3]/CE
                            (rising edge-triggered cell FDRE clocked by clk_fpga_0  {rise@0.000ns fall@5.000ns period=10.000ns})
  Path Group:             clk_fpga_0
  Path Type:              Setup (Max at Slow Process Corner)
  Requirement:            10.000ns  (clk_fpga_0 rise@10.000ns - clk_fpga_0 rise@0.000ns)
  Data Path Delay:        7.274ns  (logic 0.903ns (12.414%)  route 6.371ns (87.586%))
  Logic Levels:           2  (LUT2=1 LUT6=1)
  Clock Path Skew:        -0.104ns (DCD - SCD + CPR)
    Destination Clock Delay (DCD):    2.655ns = ( 12.655 - 10.000 ) 
    Source Clock Delay      (SCD):    2.988ns
    Clock Pessimism Removal (CPR):    0.229ns
  Clock Uncertainty:      0.154ns  ((TSJ^2 + TIJ^2)^1/2 + DJ) / 2 + PE
    Total System Jitter     (TSJ):    0.071ns
    Total Input Jitter      (TIJ):    0.300ns
    Discrete Jitter          (DJ):    0.000ns
    Phase Error              (PE):    0.000ns

    Location             Delay type                Incr(ns)  Path(ns)    Netlist Resource(s)
  -------------------------------------------------------------------    -------------------
                         (clock clk_fpga_0 rise edge)
                                                      0.000     0.000 r  
    PS7_X0Y0             PS7                          0.000     0.000 r  DPU_sys_i/processing_system7_0/inst/PS7_i/FCLKCLK[0]
                         net (fo=1, routed)           1.193     1.193    DPU_sys_i/processing_system7_0/inst/FCLK_CLK_unbuffered[0]
    BUFGCTRL_X0Y19       BUFG (Prop_bufg_I_O)         0.101     1.294 r  DPU_sys_i/processing_system7_0/inst/buffer_fclk_clk_0.FCLK_CLK_0_BUFG/O
                         net (fo=943, routed)         1.694     2.988    DPU_sys_i/dpu_eu_0/inst/u_0fdf40ec/s_axi_aclk
    SLICE_X26Y91         FDRE                                         r  DPU_sys_i/dpu_eu_0/inst/u_0fdf40ec/s_97656b57_reg[7]/C
  -------------------------------------------------------------------    -------------------
    SLICE_X26Y91         FDRE (Prop_fdre_C_Q)         0.478     3.466 f  DPU_sys_i/dpu_eu_0/inst/u_0fdf40ec/s_97656b57_reg[7]/Q
                         net (fo=42, routed)          2.345     5.811    DPU_sys_i/dpu_eu_0/inst/u_0fdf40ec/s_438155a2[7]
    SLICE_X29Y102        LUT2 (Prop_lut2_I0_O)        0.301     6.112 f  DPU_sys_i/dpu_eu_0/inst/u_0fdf40ec/s_6679cdec[27]_i_4/O
                         net (fo=22, routed)          1.907     8.019    DPU_sys_i/dpu_eu_0/inst/u_0fdf40ec/s_6679cdec[27]_i_4_n_0
    SLICE_X35Y105        LUT6 (Prop_lut6_I3_O)        0.124     8.143 r  DPU_sys_i/dpu_eu_0/inst/u_0fdf40ec/s_6679cdec[27]_i_1/O
                         net (fo=28, routed)          2.119    10.262    DPU_sys_i/dpu_eu_0/inst/u_regs4/s_6679cdec_reg[27]_0[0]
    SLICE_X35Y87         FDRE                                         r  DPU_sys_i/dpu_eu_0/inst/u_regs4/s_6679cdec_reg[3]/CE
  -------------------------------------------------------------------    -------------------

                         (clock clk_fpga_0 rise edge)
                                                     10.000    10.000 r  
    PS7_X0Y0             PS7                          0.000    10.000 r  DPU_sys_i/processing_system7_0/inst/PS7_i/FCLKCLK[0]
                         net (fo=1, routed)           1.088    11.088    DPU_sys_i/processing_system7_0/inst/FCLK_CLK_unbuffered[0]
    BUFGCTRL_X0Y19       BUFG (Prop_bufg_I_O)         0.091    11.179 r  DPU_sys_i/processing_system7_0/inst/buffer_fclk_clk_0.FCLK_CLK_0_BUFG/O
                         net (fo=943, routed)         1.476    12.655    DPU_sys_i/dpu_eu_0/inst/u_regs4/s_axi_aclk
    SLICE_X35Y87         FDRE                                         r  DPU_sys_i/dpu_eu_0/inst/u_regs4/s_6679cdec_reg[3]/C
                         clock pessimism              0.229    12.884    
                         clock uncertainty           -0.154    12.730    
    SLICE_X35Y87         FDRE (Setup_fdre_C_CE)      -0.205    12.525    DPU_sys_i/dpu_eu_0/inst/u_regs4/s_6679cdec_reg[3]
  -------------------------------------------------------------------
                         required time                         12.525    
                         arrival time                         -10.262    
  -------------------------------------------------------------------
                         slack                                  2.263    

Slack (MET) :             2.263ns  (required time - arrival time)
  Source:                 DPU_sys_i/dpu_eu_0/inst/u_0fdf40ec/s_97656b57_reg[7]/C
                            (rising edge-triggered cell FDRE clocked by clk_fpga_0  {rise@0.000ns fall@5.000ns period=10.000ns})
  Destination:            DPU_sys_i/dpu_eu_0/inst/u_regs4/s_6679cdec_reg[7]/CE
                            (rising edge-triggered cell FDRE clocked by clk_fpga_0  {rise@0.000ns fall@5.000ns period=10.000ns})
  Path Group:             clk_fpga_0
  Path Type:              Setup (Max at Slow Process Corner)
  Requirement:            10.000ns  (clk_fpga_0 rise@10.000ns - clk_fpga_0 rise@0.000ns)
  Data Path Delay:        7.274ns  (logic 0.903ns (12.414%)  route 6.371ns (87.586%))
  Logic Levels:           2  (LUT2=1 LUT6=1)
  Clock Path Skew:        -0.104ns (DCD - SCD + CPR)
    Destination Clock Delay (DCD):    2.655ns = ( 12.655 - 10.000 ) 
    Source Clock Delay      (SCD):    2.988ns
    Clock Pessimism Removal (CPR):    0.229ns
  Clock Uncertainty:      0.154ns  ((TSJ^2 + TIJ^2)^1/2 + DJ) / 2 + PE
    Total System Jitter     (TSJ):    0.071ns
    Total Input Jitter      (TIJ):    0.300ns
    Discrete Jitter          (DJ):    0.000ns
    Phase Error              (PE):    0.000ns

    Location             Delay type                Incr(ns)  Path(ns)    Netlist Resource(s)
  -------------------------------------------------------------------    -------------------
                         (clock clk_fpga_0 rise edge)
                                                      0.000     0.000 r  
    PS7_X0Y0             PS7                          0.000     0.000 r  DPU_sys_i/processing_system7_0/inst/PS7_i/FCLKCLK[0]
                         net (fo=1, routed)           1.193     1.193    DPU_sys_i/processing_system7_0/inst/FCLK_CLK_unbuffered[0]
    BUFGCTRL_X0Y19       BUFG (Prop_bufg_I_O)         0.101     1.294 r  DPU_sys_i/processing_system7_0/inst/buffer_fclk_clk_0.FCLK_CLK_0_BUFG/O
                         net (fo=943, routed)         1.694     2.988    DPU_sys_i/dpu_eu_0/inst/u_0fdf40ec/s_axi_aclk
    SLICE_X26Y91         FDRE                                         r  DPU_sys_i/dpu_eu_0/inst/u_0fdf40ec/s_97656b57_reg[7]/C
  -------------------------------------------------------------------    -------------------
    SLICE_X26Y91         FDRE (Prop_fdre_C_Q)         0.478     3.466 f  DPU_sys_i/dpu_eu_0/inst/u_0fdf40ec/s_97656b57_reg[7]/Q
                         net (fo=42, routed)          2.345     5.811    DPU_sys_i/dpu_eu_0/inst/u_0fdf40ec/s_438155a2[7]
    SLICE_X29Y102        LUT2 (Prop_lut2_I0_O)        0.301     6.112 f  DPU_sys_i/dpu_eu_0/inst/u_0fdf40ec/s_6679cdec[27]_i_4/O
                         net (fo=22, routed)          1.907     8.019    DPU_sys_i/dpu_eu_0/inst/u_0fdf40ec/s_6679cdec[27]_i_4_n_0
    SLICE_X35Y105        LUT6 (Prop_lut6_I3_O)        0.124     8.143 r  DPU_sys_i/dpu_eu_0/inst/u_0fdf40ec/s_6679cdec[27]_i_1/O
                         net (fo=28, routed)          2.119    10.262    DPU_sys_i/dpu_eu_0/inst/u_regs4/s_6679cdec_reg[27]_0[0]
    SLICE_X35Y87         FDRE                                         r  DPU_sys_i/dpu_eu_0/inst/u_regs4/s_6679cdec_reg[7]/CE
  -------------------------------------------------------------------    -------------------

                         (clock clk_fpga_0 rise edge)
                                                     10.000    10.000 r  
    PS7_X0Y0             PS7                          0.000    10.000 r  DPU_sys_i/processing_system7_0/inst/PS7_i/FCLKCLK[0]
                         net (fo=1, routed)           1.088    11.088    DPU_sys_i/processing_system7_0/inst/FCLK_CLK_unbuffered[0]
    BUFGCTRL_X0Y19       BUFG (Prop_bufg_I_O)         0.091    11.179 r  DPU_sys_i/processing_system7_0/inst/buffer_fclk_clk_0.FCLK_CLK_0_BUFG/O
                         net (fo=943, routed)         1.476    12.655    DPU_sys_i/dpu_eu_0/inst/u_regs4/s_axi_aclk
    SLICE_X35Y87         FDRE                                         r  DPU_sys_i/dpu_eu_0/inst/u_regs4/s_6679cdec_reg[7]/C
                         clock pessimism              0.229    12.884    
                         clock uncertainty           -0.154    12.730    
    SLICE_X35Y87         FDRE (Setup_fdre_C_CE)      -0.205    12.525    DPU_sys_i/dpu_eu_0/inst/u_regs4/s_6679cdec_reg[7]
  -------------------------------------------------------------------
                         required time                         12.525    
                         arrival time                         -10.262    
  -------------------------------------------------------------------
                         slack                                  2.263    

Slack (MET) :             2.263ns  (required time - arrival time)
  Source:                 DPU_sys_i/dpu_eu_0/inst/u_0fdf40ec/s_97656b57_reg[7]/C
                            (rising edge-triggered cell FDRE clocked by clk_fpga_0  {rise@0.000ns fall@5.000ns period=10.000ns})
  Destination:            DPU_sys_i/dpu_eu_0/inst/u_regs4/s_6679cdec_reg[9]/CE
                            (rising edge-triggered cell FDRE clocked by clk_fpga_0  {rise@0.000ns fall@5.000ns period=10.000ns})
  Path Group:             clk_fpga_0
  Path Type:              Setup (Max at Slow Process Corner)
  Requirement:            10.000ns  (clk_fpga_0 rise@10.000ns - clk_fpga_0 rise@0.000ns)
  Data Path Delay:        7.274ns  (logic 0.903ns (12.414%)  route 6.371ns (87.586%))
  Logic Levels:           2  (LUT2=1 LUT6=1)
  Clock Path Skew:        -0.104ns (DCD - SCD + CPR)
    Destination Clock Delay (DCD):    2.655ns = ( 12.655 - 10.000 ) 
    Source Clock Delay      (SCD):    2.988ns
    Clock Pessimism Removal (CPR):    0.229ns
  Clock Uncertainty:      0.154ns  ((TSJ^2 + TIJ^2)^1/2 + DJ) / 2 + PE
    Total System Jitter     (TSJ):    0.071ns
    Total Input Jitter      (TIJ):    0.300ns
    Discrete Jitter          (DJ):    0.000ns
    Phase Error              (PE):    0.000ns

    Location             Delay type                Incr(ns)  Path(ns)    Netlist Resource(s)
  -------------------------------------------------------------------    -------------------
                         (clock clk_fpga_0 rise edge)
                                                      0.000     0.000 r  
    PS7_X0Y0             PS7                          0.000     0.000 r  DPU_sys_i/processing_system7_0/inst/PS7_i/FCLKCLK[0]
                         net (fo=1, routed)           1.193     1.193    DPU_sys_i/processing_system7_0/inst/FCLK_CLK_unbuffered[0]
    BUFGCTRL_X0Y19       BUFG (Prop_bufg_I_O)         0.101     1.294 r  DPU_sys_i/processing_system7_0/inst/buffer_fclk_clk_0.FCLK_CLK_0_BUFG/O
                         net (fo=943, routed)         1.694     2.988    DPU_sys_i/dpu_eu_0/inst/u_0fdf40ec/s_axi_aclk
    SLICE_X26Y91         FDRE                                         r  DPU_sys_i/dpu_eu_0/inst/u_0fdf40ec/s_97656b57_reg[7]/C
  -------------------------------------------------------------------    -------------------
    SLICE_X26Y91         FDRE (Prop_fdre_C_Q)         0.478     3.466 f  DPU_sys_i/dpu_eu_0/inst/u_0fdf40ec/s_97656b57_reg[7]/Q
                         net (fo=42, routed)          2.345     5.811    DPU_sys_i/dpu_eu_0/inst/u_0fdf40ec/s_438155a2[7]
    SLICE_X29Y102        LUT2 (Prop_lut2_I0_O)        0.301     6.112 f  DPU_sys_i/dpu_eu_0/inst/u_0fdf40ec/s_6679cdec[27]_i_4/O
                         net (fo=22, routed)          1.907     8.019    DPU_sys_i/dpu_eu_0/inst/u_0fdf40ec/s_6679cdec[27]_i_4_n_0
    SLICE_X35Y105        LUT6 (Prop_lut6_I3_O)        0.124     8.143 r  DPU_sys_i/dpu_eu_0/inst/u_0fdf40ec/s_6679cdec[27]_i_1/O
                         net (fo=28, routed)          2.119    10.262    DPU_sys_i/dpu_eu_0/inst/u_regs4/s_6679cdec_reg[27]_0[0]
    SLICE_X35Y87         FDRE                                         r  DPU_sys_i/dpu_eu_0/inst/u_regs4/s_6679cdec_reg[9]/CE
  -------------------------------------------------------------------    -------------------

                         (clock clk_fpga_0 rise edge)
                                                     10.000    10.000 r  
    PS7_X0Y0             PS7                          0.000    10.000 r  DPU_sys_i/processing_system7_0/inst/PS7_i/FCLKCLK[0]
                         net (fo=1, routed)           1.088    11.088    DPU_sys_i/processing_system7_0/inst/FCLK_CLK_unbuffered[0]
    BUFGCTRL_X0Y19       BUFG (Prop_bufg_I_O)         0.091    11.179 r  DPU_sys_i/processing_system7_0/inst/buffer_fclk_clk_0.FCLK_CLK_0_BUFG/O
                         net (fo=943, routed)         1.476    12.655    DPU_sys_i/dpu_eu_0/inst/u_regs4/s_axi_aclk
    SLICE_X35Y87         FDRE                                         r  DPU_sys_i/dpu_eu_0/inst/u_regs4/s_6679cdec_reg[9]/C
                         clock pessimism              0.229    12.884    
                         clock uncertainty           -0.154    12.730    
    SLICE_X35Y87         FDRE (Setup_fdre_C_CE)      -0.205    12.525    DPU_sys_i/dpu_eu_0/inst/u_regs4/s_6679cdec_reg[9]
  -------------------------------------------------------------------
                         required time                         12.525    
                         arrival time                         -10.262    
  -------------------------------------------------------------------
                         slack                                  2.263    

Slack (MET) :             2.395ns  (required time - arrival time)
  Source:                 DPU_sys_i/dpu_eu_0/inst/u_0fdf40ec/s_97656b57_reg[4]/C
                            (rising edge-triggered cell FDRE clocked by clk_fpga_0  {rise@0.000ns fall@5.000ns period=10.000ns})
  Destination:            DPU_sys_i/dpu_eu_0/inst/u_regs4/s_edf60c17_reg[20]/D
                            (rising edge-triggered cell FDRE clocked by clk_fpga_0  {rise@0.000ns fall@5.000ns period=10.000ns})
  Path Group:             clk_fpga_0
  Path Type:              Setup (Max at Slow Process Corner)
  Requirement:            10.000ns  (clk_fpga_0 rise@10.000ns - clk_fpga_0 rise@0.000ns)
  Data Path Delay:        7.457ns  (logic 1.282ns (17.193%)  route 6.175ns (82.807%))
  Logic Levels:           4  (LUT3=1 LUT6=2 MUXF7=1)
  Clock Path Skew:        -0.025ns (DCD - SCD + CPR)
    Destination Clock Delay (DCD):    2.699ns = ( 12.699 - 10.000 ) 
    Source Clock Delay      (SCD):    2.988ns
    Clock Pessimism Removal (CPR):    0.264ns
  Clock Uncertainty:      0.154ns  ((TSJ^2 + TIJ^2)^1/2 + DJ) / 2 + PE
    Total System Jitter     (TSJ):    0.071ns
    Total Input Jitter      (TIJ):    0.300ns
    Discrete Jitter          (DJ):    0.000ns
    Phase Error              (PE):    0.000ns

    Location             Delay type                Incr(ns)  Path(ns)    Netlist Resource(s)
  -------------------------------------------------------------------    -------------------
                         (clock clk_fpga_0 rise edge)
                                                      0.000     0.000 r  
    PS7_X0Y0             PS7                          0.000     0.000 r  DPU_sys_i/processing_system7_0/inst/PS7_i/FCLKCLK[0]
                         net (fo=1, routed)           1.193     1.193    DPU_sys_i/processing_system7_0/inst/FCLK_CLK_unbuffered[0]
    BUFGCTRL_X0Y19       BUFG (Prop_bufg_I_O)         0.101     1.294 r  DPU_sys_i/processing_system7_0/inst/buffer_fclk_clk_0.FCLK_CLK_0_BUFG/O
                         net (fo=943, routed)         1.694     2.988    DPU_sys_i/dpu_eu_0/inst/u_0fdf40ec/s_axi_aclk
    SLICE_X26Y91         FDRE                                         r  DPU_sys_i/dpu_eu_0/inst/u_0fdf40ec/s_97656b57_reg[4]/C
  -------------------------------------------------------------------    -------------------
    SLICE_X26Y91         FDRE (Prop_fdre_C_Q)         0.518     3.506 f  DPU_sys_i/dpu_eu_0/inst/u_0fdf40ec/s_97656b57_reg[4]/Q
                         net (fo=294, routed)         4.043     7.549    DPU_sys_i/dpu_eu_0/inst/u_0fdf40ec/Q[3]
    SLICE_X31Y109        LUT3 (Prop_lut3_I2_O)        0.124     7.673 r  DPU_sys_i/dpu_eu_0/inst/u_0fdf40ec/s_edf60c17[20]_i_8/O
                         net (fo=1, routed)           0.000     7.673    DPU_sys_i/dpu_eu_0/inst/u_0fdf40ec/s_edf60c17[20]_i_8_n_0
    SLICE_X31Y109        MUXF7 (Prop_muxf7_I1_O)      0.217     7.890 r  DPU_sys_i/dpu_eu_0/inst/u_0fdf40ec/s_edf60c17_reg[20]_i_5/O
                         net (fo=1, routed)           0.800     8.690    DPU_sys_i/dpu_eu_0/inst/u_0fdf40ec/s_edf60c17_reg[20]_i_5_n_0
    SLICE_X28Y109        LUT6 (Prop_lut6_I3_O)        0.299     8.989 r  DPU_sys_i/dpu_eu_0/inst/u_0fdf40ec/s_edf60c17[20]_i_2/O
                         net (fo=1, routed)           1.331    10.321    DPU_sys_i/dpu_eu_0/inst/u_0fdf40ec/s_edf60c17[20]_i_2_n_0
    SLICE_X27Y92         LUT6 (Prop_lut6_I2_O)        0.124    10.445 r  DPU_sys_i/dpu_eu_0/inst/u_0fdf40ec/s_edf60c17[20]_i_1/O
                         net (fo=1, routed)           0.000    10.445    DPU_sys_i/dpu_eu_0/inst/u_regs4/s_edf60c17_reg[20]_0
    SLICE_X27Y92         FDRE                                         r  DPU_sys_i/dpu_eu_0/inst/u_regs4/s_edf60c17_reg[20]/D
  -------------------------------------------------------------------    -------------------

                         (clock clk_fpga_0 rise edge)
                                                     10.000    10.000 r  
    PS7_X0Y0             PS7                          0.000    10.000 r  DPU_sys_i/processing_system7_0/inst/PS7_i/FCLKCLK[0]
                         net (fo=1, routed)           1.088    11.088    DPU_sys_i/processing_system7_0/inst/FCLK_CLK_unbuffered[0]
    BUFGCTRL_X0Y19       BUFG (Prop_bufg_I_O)         0.091    11.179 r  DPU_sys_i/processing_system7_0/inst/buffer_fclk_clk_0.FCLK_CLK_0_BUFG/O
                         net (fo=943, routed)         1.520    12.699    DPU_sys_i/dpu_eu_0/inst/u_regs4/s_axi_aclk
    SLICE_X27Y92         FDRE                                         r  DPU_sys_i/dpu_eu_0/inst/u_regs4/s_edf60c17_reg[20]/C
                         clock pessimism              0.264    12.963    
                         clock uncertainty           -0.154    12.809    
    SLICE_X27Y92         FDRE (Setup_fdre_C_D)        0.031    12.840    DPU_sys_i/dpu_eu_0/inst/u_regs4/s_edf60c17_reg[20]
  -------------------------------------------------------------------
                         required time                         12.840    
                         arrival time                         -10.445    
  -------------------------------------------------------------------
                         slack                                  2.395    

Slack (MET) :             2.411ns  (required time - arrival time)
  Source:                 DPU_sys_i/dpu_eu_0/inst/u_0fdf40ec/s_97656b57_reg[7]/C
                            (rising edge-triggered cell FDRE clocked by clk_fpga_0  {rise@0.000ns fall@5.000ns period=10.000ns})
  Destination:            DPU_sys_i/dpu_eu_0/inst/u_regs4/s_b8d32cef_reg[11]/CE
                            (rising edge-triggered cell FDRE clocked by clk_fpga_0  {rise@0.000ns fall@5.000ns period=10.000ns})
  Path Group:             clk_fpga_0
  Path Type:              Setup (Max at Slow Process Corner)
  Requirement:            10.000ns  (clk_fpga_0 rise@10.000ns - clk_fpga_0 rise@0.000ns)
  Data Path Delay:        7.052ns  (logic 0.903ns (12.805%)  route 6.149ns (87.195%))
  Logic Levels:           2  (LUT2=1 LUT6=1)
  Clock Path Skew:        -0.214ns (DCD - SCD + CPR)
    Destination Clock Delay (DCD):    2.645ns = ( 12.645 - 10.000 ) 
    Source Clock Delay      (SCD):    2.988ns
    Clock Pessimism Removal (CPR):    0.129ns
  Clock Uncertainty:      0.154ns  ((TSJ^2 + TIJ^2)^1/2 + DJ) / 2 + PE
    Total System Jitter     (TSJ):    0.071ns
    Total Input Jitter      (TIJ):    0.300ns
    Discrete Jitter          (DJ):    0.000ns
    Phase Error              (PE):    0.000ns

    Location             Delay type                Incr(ns)  Path(ns)    Netlist Resource(s)
  -------------------------------------------------------------------    -------------------
                         (clock clk_fpga_0 rise edge)
                                                      0.000     0.000 r  
    PS7_X0Y0             PS7                          0.000     0.000 r  DPU_sys_i/processing_system7_0/inst/PS7_i/FCLKCLK[0]
                         net (fo=1, routed)           1.193     1.193    DPU_sys_i/processing_system7_0/inst/FCLK_CLK_unbuffered[0]
    BUFGCTRL_X0Y19       BUFG (Prop_bufg_I_O)         0.101     1.294 r  DPU_sys_i/processing_system7_0/inst/buffer_fclk_clk_0.FCLK_CLK_0_BUFG/O
                         net (fo=943, routed)         1.694     2.988    DPU_sys_i/dpu_eu_0/inst/u_0fdf40ec/s_axi_aclk
    SLICE_X26Y91         FDRE                                         r  DPU_sys_i/dpu_eu_0/inst/u_0fdf40ec/s_97656b57_reg[7]/C
  -------------------------------------------------------------------    -------------------
    SLICE_X26Y91         FDRE (Prop_fdre_C_Q)         0.478     3.466 f  DPU_sys_i/dpu_eu_0/inst/u_0fdf40ec/s_97656b57_reg[7]/Q
                         net (fo=42, routed)          2.345     5.811    DPU_sys_i/dpu_eu_0/inst/u_0fdf40ec/s_438155a2[7]
    SLICE_X29Y102        LUT2 (Prop_lut2_I0_O)        0.301     6.112 f  DPU_sys_i/dpu_eu_0/inst/u_0fdf40ec/s_6679cdec[27]_i_4/O
                         net (fo=22, routed)          1.939     8.051    DPU_sys_i/dpu_eu_0/inst/u_0fdf40ec/s_6679cdec[27]_i_4_n_0
    SLICE_X28Y107        LUT6 (Prop_lut6_I3_O)        0.124     8.175 r  DPU_sys_i/dpu_eu_0/inst/u_0fdf40ec/s_b8d32cef[31]_i_1/O
                         net (fo=32, routed)          1.865    10.040    DPU_sys_i/dpu_eu_0/inst/u_regs4/s_b8d32cef_reg[31]_0[0]
    SLICE_X50Y96         FDRE                                         r  DPU_sys_i/dpu_eu_0/inst/u_regs4/s_b8d32cef_reg[11]/CE
  -------------------------------------------------------------------    -------------------

                         (clock clk_fpga_0 rise edge)
                                                     10.000    10.000 r  
    PS7_X0Y0             PS7                          0.000    10.000 r  DPU_sys_i/processing_system7_0/inst/PS7_i/FCLKCLK[0]
                         net (fo=1, routed)           1.088    11.088    DPU_sys_i/processing_system7_0/inst/FCLK_CLK_unbuffered[0]
    BUFGCTRL_X0Y19       BUFG (Prop_bufg_I_O)         0.091    11.179 r  DPU_sys_i/processing_system7_0/inst/buffer_fclk_clk_0.FCLK_CLK_0_BUFG/O
                         net (fo=943, routed)         1.466    12.645    DPU_sys_i/dpu_eu_0/inst/u_regs4/s_axi_aclk
    SLICE_X50Y96         FDRE                                         r  DPU_sys_i/dpu_eu_0/inst/u_regs4/s_b8d32cef_reg[11]/C
                         clock pessimism              0.129    12.774    
                         clock uncertainty           -0.154    12.620    
    SLICE_X50Y96         FDRE (Setup_fdre_C_CE)      -0.169    12.451    DPU_sys_i/dpu_eu_0/inst/u_regs4/s_b8d32cef_reg[11]
  -------------------------------------------------------------------
                         required time                         12.451    
                         arrival time                         -10.040    
  -------------------------------------------------------------------
                         slack                                  2.411    

Slack (MET) :             2.411ns  (required time - arrival time)
  Source:                 DPU_sys_i/dpu_eu_0/inst/u_0fdf40ec/s_97656b57_reg[7]/C
                            (rising edge-triggered cell FDRE clocked by clk_fpga_0  {rise@0.000ns fall@5.000ns period=10.000ns})
  Destination:            DPU_sys_i/dpu_eu_0/inst/u_regs4/s_b8d32cef_reg[5]/CE
                            (rising edge-triggered cell FDRE clocked by clk_fpga_0  {rise@0.000ns fall@5.000ns period=10.000ns})
  Path Group:             clk_fpga_0
  Path Type:              Setup (Max at Slow Process Corner)
  Requirement:            10.000ns  (clk_fpga_0 rise@10.000ns - clk_fpga_0 rise@0.000ns)
  Data Path Delay:        7.052ns  (logic 0.903ns (12.805%)  route 6.149ns (87.195%))
  Logic Levels:           2  (LUT2=1 LUT6=1)
  Clock Path Skew:        -0.214ns (DCD - SCD + CPR)
    Destination Clock Delay (DCD):    2.645ns = ( 12.645 - 10.000 ) 
    Source Clock Delay      (SCD):    2.988ns
    Clock Pessimism Removal (CPR):    0.129ns
  Clock Uncertainty:      0.154ns  ((TSJ^2 + TIJ^2)^1/2 + DJ) / 2 + PE
    Total System Jitter     (TSJ):    0.071ns
    Total Input Jitter      (TIJ):    0.300ns
    Discrete Jitter          (DJ):    0.000ns
    Phase Error              (PE):    0.000ns

    Location             Delay type                Incr(ns)  Path(ns)    Netlist Resource(s)
  -------------------------------------------------------------------    -------------------
                         (clock clk_fpga_0 rise edge)
                                                      0.000     0.000 r  
    PS7_X0Y0             PS7                          0.000     0.000 r  DPU_sys_i/processing_system7_0/inst/PS7_i/FCLKCLK[0]
                         net (fo=1, routed)           1.193     1.193    DPU_sys_i/processing_system7_0/inst/FCLK_CLK_unbuffered[0]
    BUFGCTRL_X0Y19       BUFG (Prop_bufg_I_O)         0.101     1.294 r  DPU_sys_i/processing_system7_0/inst/buffer_fclk_clk_0.FCLK_CLK_0_BUFG/O
                         net (fo=943, routed)         1.694     2.988    DPU_sys_i/dpu_eu_0/inst/u_0fdf40ec/s_axi_aclk
    SLICE_X26Y91         FDRE                                         r  DPU_sys_i/dpu_eu_0/inst/u_0fdf40ec/s_97656b57_reg[7]/C
  -------------------------------------------------------------------    -------------------
    SLICE_X26Y91         FDRE (Prop_fdre_C_Q)         0.478     3.466 f  DPU_sys_i/dpu_eu_0/inst/u_0fdf40ec/s_97656b57_reg[7]/Q
                         net (fo=42, routed)          2.345     5.811    DPU_sys_i/dpu_eu_0/inst/u_0fdf40ec/s_438155a2[7]
    SLICE_X29Y102        LUT2 (Prop_lut2_I0_O)        0.301     6.112 f  DPU_sys_i/dpu_eu_0/inst/u_0fdf40ec/s_6679cdec[27]_i_4/O
                         net (fo=22, routed)          1.939     8.051    DPU_sys_i/dpu_eu_0/inst/u_0fdf40ec/s_6679cdec[27]_i_4_n_0
    SLICE_X28Y107        LUT6 (Prop_lut6_I3_O)        0.124     8.175 r  DPU_sys_i/dpu_eu_0/inst/u_0fdf40ec/s_b8d32cef[31]_i_1/O
                         net (fo=32, routed)          1.865    10.040    DPU_sys_i/dpu_eu_0/inst/u_regs4/s_b8d32cef_reg[31]_0[0]
    SLICE_X50Y96         FDRE                                         r  DPU_sys_i/dpu_eu_0/inst/u_regs4/s_b8d32cef_reg[5]/CE
  -------------------------------------------------------------------    -------------------

                         (clock clk_fpga_0 rise edge)
                                                     10.000    10.000 r  
    PS7_X0Y0             PS7                          0.000    10.000 r  DPU_sys_i/processing_system7_0/inst/PS7_i/FCLKCLK[0]
                         net (fo=1, routed)           1.088    11.088    DPU_sys_i/processing_system7_0/inst/FCLK_CLK_unbuffered[0]
    BUFGCTRL_X0Y19       BUFG (Prop_bufg_I_O)         0.091    11.179 r  DPU_sys_i/processing_system7_0/inst/buffer_fclk_clk_0.FCLK_CLK_0_BUFG/O
                         net (fo=943, routed)         1.466    12.645    DPU_sys_i/dpu_eu_0/inst/u_regs4/s_axi_aclk
    SLICE_X50Y96         FDRE                                         r  DPU_sys_i/dpu_eu_0/inst/u_regs4/s_b8d32cef_reg[5]/C
                         clock pessimism              0.129    12.774    
                         clock uncertainty           -0.154    12.620    
    SLICE_X50Y96         FDRE (Setup_fdre_C_CE)      -0.169    12.451    DPU_sys_i/dpu_eu_0/inst/u_regs4/s_b8d32cef_reg[5]
  -------------------------------------------------------------------
                         required time                         12.451    
                         arrival time                         -10.040    
  -------------------------------------------------------------------
                         slack                                  2.411    





Min Delay Paths
--------------------------------------------------------------------------------------
Slack (MET) :             0.104ns  (arrival time - required time)
  Source:                 DPU_sys_i/dpu_eu_0/inst/u_0fdf40ec/s_b1cd6231_reg[12]/C
                            (rising edge-triggered cell FDRE clocked by clk_fpga_0  {rise@0.000ns fall@5.000ns period=10.000ns})
  Destination:            DPU_sys_i/dpu_eu_0/inst/u_regs4/s_d1657525_reg[12]/D
                            (rising edge-triggered cell FDRE clocked by clk_fpga_0  {rise@0.000ns fall@5.000ns period=10.000ns})
  Path Group:             clk_fpga_0
  Path Type:              Hold (Min at Fast Process Corner)
  Requirement:            0.000ns  (clk_fpga_0 rise@0.000ns - clk_fpga_0 rise@0.000ns)
  Data Path Delay:        0.518ns  (logic 0.141ns (27.204%)  route 0.377ns (72.796%))
  Logic Levels:           0  
  Clock Path Skew:        0.353ns (DCD - SCD - CPR)
    Destination Clock Delay (DCD):    1.297ns
    Source Clock Delay      (SCD):    0.909ns
    Clock Pessimism Removal (CPR):    0.035ns

    Location             Delay type                Incr(ns)  Path(ns)    Netlist Resource(s)
  -------------------------------------------------------------------    -------------------
                         (clock clk_fpga_0 rise edge)
                                                      0.000     0.000 r  
    PS7_X0Y0             PS7                          0.000     0.000 r  DPU_sys_i/processing_system7_0/inst/PS7_i/FCLKCLK[0]
                         net (fo=1, routed)           0.310     0.310    DPU_sys_i/processing_system7_0/inst/FCLK_CLK_unbuffered[0]
    BUFGCTRL_X0Y19       BUFG (Prop_bufg_I_O)         0.026     0.336 r  DPU_sys_i/processing_system7_0/inst/buffer_fclk_clk_0.FCLK_CLK_0_BUFG/O
                         net (fo=943, routed)         0.573     0.909    DPU_sys_i/dpu_eu_0/inst/u_0fdf40ec/s_axi_aclk
    SLICE_X27Y93         FDRE                                         r  DPU_sys_i/dpu_eu_0/inst/u_0fdf40ec/s_b1cd6231_reg[12]/C
  -------------------------------------------------------------------    -------------------
    SLICE_X27Y93         FDRE (Prop_fdre_C_Q)         0.141     1.050 r  DPU_sys_i/dpu_eu_0/inst/u_0fdf40ec/s_b1cd6231_reg[12]/Q
                         net (fo=21, routed)          0.377     1.427    DPU_sys_i/dpu_eu_0/inst/u_regs4/D[12]
    SLICE_X29Y100        FDRE                                         r  DPU_sys_i/dpu_eu_0/inst/u_regs4/s_d1657525_reg[12]/D
  -------------------------------------------------------------------    -------------------

                         (clock clk_fpga_0 rise edge)
                                                      0.000     0.000 r  
    PS7_X0Y0             PS7                          0.000     0.000 r  DPU_sys_i/processing_system7_0/inst/PS7_i/FCLKCLK[0]
                         net (fo=1, routed)           0.337     0.337    DPU_sys_i/processing_system7_0/inst/FCLK_CLK_unbuffered[0]
    BUFGCTRL_X0Y19       BUFG (Prop_bufg_I_O)         0.029     0.366 r  DPU_sys_i/processing_system7_0/inst/buffer_fclk_clk_0.FCLK_CLK_0_BUFG/O
                         net (fo=943, routed)         0.931     1.297    DPU_sys_i/dpu_eu_0/inst/u_regs4/s_axi_aclk
    SLICE_X29Y100        FDRE                                         r  DPU_sys_i/dpu_eu_0/inst/u_regs4/s_d1657525_reg[12]/C
                         clock pessimism             -0.035     1.262    
    SLICE_X29Y100        FDRE (Hold_fdre_C_D)         0.061     1.323    DPU_sys_i/dpu_eu_0/inst/u_regs4/s_d1657525_reg[12]
  -------------------------------------------------------------------
                         required time                         -1.323    
                         arrival time                           1.427    
  -------------------------------------------------------------------
                         slack                                  0.104    

Slack (MET) :             0.106ns  (arrival time - required time)
  Source:                 DPU_sys_i/dpu_eu_0/inst/u_0fdf40ec/s_cb174f19_reg[11]/C
                            (rising edge-triggered cell FDRE clocked by clk_fpga_0  {rise@0.000ns fall@5.000ns period=10.000ns})
  Destination:            DPU_sys_i/processing_system7_0/inst/PS7_i/MAXIGP0RID[11]
                            (rising edge-triggered cell PS7 clocked by clk_fpga_0  {rise@0.000ns fall@5.000ns period=10.000ns})
  Path Group:             clk_fpga_0
  Path Type:              Hold (Min at Fast Process Corner)
  Requirement:            0.000ns  (clk_fpga_0 rise@0.000ns - clk_fpga_0 rise@0.000ns)
  Data Path Delay:        0.330ns  (logic 0.141ns (42.714%)  route 0.189ns (57.286%))
  Logic Levels:           0  
  Clock Path Skew:        0.224ns (DCD - SCD - CPR)
    Destination Clock Delay (DCD):    1.251ns
    Source Clock Delay      (SCD):    0.992ns
    Clock Pessimism Removal (CPR):    0.035ns

    Location             Delay type                Incr(ns)  Path(ns)    Netlist Resource(s)
  -------------------------------------------------------------------    -------------------
                         (clock clk_fpga_0 rise edge)
                                                      0.000     0.000 r  
    PS7_X0Y0             PS7                          0.000     0.000 r  DPU_sys_i/processing_system7_0/inst/PS7_i/FCLKCLK[0]
                         net (fo=1, routed)           0.310     0.310    DPU_sys_i/processing_system7_0/inst/FCLK_CLK_unbuffered[0]
    BUFGCTRL_X0Y19       BUFG (Prop_bufg_I_O)         0.026     0.336 r  DPU_sys_i/processing_system7_0/inst/buffer_fclk_clk_0.FCLK_CLK_0_BUFG/O
                         net (fo=943, routed)         0.656     0.992    DPU_sys_i/dpu_eu_0/inst/u_0fdf40ec/s_axi_aclk
    SLICE_X27Y100        FDRE                                         r  DPU_sys_i/dpu_eu_0/inst/u_0fdf40ec/s_cb174f19_reg[11]/C
  -------------------------------------------------------------------    -------------------
    SLICE_X27Y100        FDRE (Prop_fdre_C_Q)         0.141     1.133 r  DPU_sys_i/dpu_eu_0/inst/u_0fdf40ec/s_cb174f19_reg[11]/Q
                         net (fo=1, routed)           0.189     1.322    DPU_sys_i/processing_system7_0/inst/M_AXI_GP0_RID[11]
    PS7_X0Y0             PS7                                          r  DPU_sys_i/processing_system7_0/inst/PS7_i/MAXIGP0RID[11]
  -------------------------------------------------------------------    -------------------

                         (clock clk_fpga_0 rise edge)
                                                      0.000     0.000 r  
    PS7_X0Y0             PS7                          0.000     0.000 r  DPU_sys_i/processing_system7_0/inst/PS7_i/FCLKCLK[0]
                         net (fo=1, routed)           0.337     0.337    DPU_sys_i/processing_system7_0/inst/FCLK_CLK_unbuffered[0]
    BUFGCTRL_X0Y19       BUFG (Prop_bufg_I_O)         0.029     0.366 r  DPU_sys_i/processing_system7_0/inst/buffer_fclk_clk_0.FCLK_CLK_0_BUFG/O
                         net (fo=943, routed)         0.885     1.251    DPU_sys_i/processing_system7_0/inst/M_AXI_GP0_ACLK
    PS7_X0Y0             PS7                                          r  DPU_sys_i/processing_system7_0/inst/PS7_i/MAXIGP0ACLK
                         clock pessimism             -0.035     1.216    
    PS7_X0Y0             PS7 (Hold_ps7_MAXIGP0ACLK_MAXIGP0RID[11])
                                                      0.000     1.216    DPU_sys_i/processing_system7_0/inst/PS7_i
  -------------------------------------------------------------------
                         required time                         -1.216    
                         arrival time                           1.322    
  -------------------------------------------------------------------
                         slack                                  0.106    

Slack (MET) :             0.109ns  (arrival time - required time)
  Source:                 DPU_sys_i/dpu_eu_0/inst/u_0fdf40ec/s_b1cd6231_reg[27]/C
                            (rising edge-triggered cell FDRE clocked by clk_fpga_0  {rise@0.000ns fall@5.000ns period=10.000ns})
  Destination:            DPU_sys_i/dpu_eu_0/inst/u_regs4/s_a7154937_reg[27]/D
                            (rising edge-triggered cell FDRE clocked by clk_fpga_0  {rise@0.000ns fall@5.000ns period=10.000ns})
  Path Group:             clk_fpga_0
  Path Type:              Hold (Min at Fast Process Corner)
  Requirement:            0.000ns  (clk_fpga_0 rise@0.000ns - clk_fpga_0 rise@0.000ns)
  Data Path Delay:        0.537ns  (logic 0.141ns (26.235%)  route 0.396ns (73.765%))
  Logic Levels:           0  
  Clock Path Skew:        0.352ns (DCD - SCD - CPR)
    Destination Clock Delay (DCD):    1.297ns
    Source Clock Delay      (SCD):    0.910ns
    Clock Pessimism Removal (CPR):    0.035ns

    Location             Delay type                Incr(ns)  Path(ns)    Netlist Resource(s)
  -------------------------------------------------------------------    -------------------
                         (clock clk_fpga_0 rise edge)
                                                      0.000     0.000 r  
    PS7_X0Y0             PS7                          0.000     0.000 r  DPU_sys_i/processing_system7_0/inst/PS7_i/FCLKCLK[0]
                         net (fo=1, routed)           0.310     0.310    DPU_sys_i/processing_system7_0/inst/FCLK_CLK_unbuffered[0]
    BUFGCTRL_X0Y19       BUFG (Prop_bufg_I_O)         0.026     0.336 r  DPU_sys_i/processing_system7_0/inst/buffer_fclk_clk_0.FCLK_CLK_0_BUFG/O
                         net (fo=943, routed)         0.574     0.910    DPU_sys_i/dpu_eu_0/inst/u_0fdf40ec/s_axi_aclk
    SLICE_X27Y99         FDRE                                         r  DPU_sys_i/dpu_eu_0/inst/u_0fdf40ec/s_b1cd6231_reg[27]/C
  -------------------------------------------------------------------    -------------------
    SLICE_X27Y99         FDRE (Prop_fdre_C_Q)         0.141     1.051 r  DPU_sys_i/dpu_eu_0/inst/u_0fdf40ec/s_b1cd6231_reg[27]/Q
                         net (fo=21, routed)          0.396     1.447    DPU_sys_i/dpu_eu_0/inst/u_regs4/D[27]
    SLICE_X29Y101        FDRE                                         r  DPU_sys_i/dpu_eu_0/inst/u_regs4/s_a7154937_reg[27]/D
  -------------------------------------------------------------------    -------------------

                         (clock clk_fpga_0 rise edge)
                                                      0.000     0.000 r  
    PS7_X0Y0             PS7                          0.000     0.000 r  DPU_sys_i/processing_system7_0/inst/PS7_i/FCLKCLK[0]
                         net (fo=1, routed)           0.337     0.337    DPU_sys_i/processing_system7_0/inst/FCLK_CLK_unbuffered[0]
    BUFGCTRL_X0Y19       BUFG (Prop_bufg_I_O)         0.029     0.366 r  DPU_sys_i/processing_system7_0/inst/buffer_fclk_clk_0.FCLK_CLK_0_BUFG/O
                         net (fo=943, routed)         0.931     1.297    DPU_sys_i/dpu_eu_0/inst/u_regs4/s_axi_aclk
    SLICE_X29Y101        FDRE                                         r  DPU_sys_i/dpu_eu_0/inst/u_regs4/s_a7154937_reg[27]/C
                         clock pessimism             -0.035     1.262    
    SLICE_X29Y101        FDRE (Hold_fdre_C_D)         0.076     1.338    DPU_sys_i/dpu_eu_0/inst/u_regs4/s_a7154937_reg[27]
  -------------------------------------------------------------------
                         required time                         -1.338    
                         arrival time                           1.447    
  -------------------------------------------------------------------
                         slack                                  0.109    

Slack (MET) :             0.112ns  (arrival time - required time)
  Source:                 DPU_sys_i/dpu_eu_0/inst/u_0fdf40ec/s_b1cd6231_reg[3]/C
                            (rising edge-triggered cell FDRE clocked by clk_fpga_0  {rise@0.000ns fall@5.000ns period=10.000ns})
  Destination:            DPU_sys_i/dpu_eu_0/inst/u_regs4/s_7adad622_reg/D
                            (rising edge-triggered cell FDSE clocked by clk_fpga_0  {rise@0.000ns fall@5.000ns period=10.000ns})
  Path Group:             clk_fpga_0
  Path Type:              Hold (Min at Fast Process Corner)
  Requirement:            0.000ns  (clk_fpga_0 rise@0.000ns - clk_fpga_0 rise@0.000ns)
  Data Path Delay:        0.481ns  (logic 0.128ns (26.618%)  route 0.353ns (73.382%))
  Logic Levels:           0  
  Clock Path Skew:        0.350ns (DCD - SCD - CPR)
    Destination Clock Delay (DCD):    1.296ns
    Source Clock Delay      (SCD):    0.911ns
    Clock Pessimism Removal (CPR):    0.035ns

    Location             Delay type                Incr(ns)  Path(ns)    Netlist Resource(s)
  -------------------------------------------------------------------    -------------------
                         (clock clk_fpga_0 rise edge)
                                                      0.000     0.000 r  
    PS7_X0Y0             PS7                          0.000     0.000 r  DPU_sys_i/processing_system7_0/inst/PS7_i/FCLKCLK[0]
                         net (fo=1, routed)           0.310     0.310    DPU_sys_i/processing_system7_0/inst/FCLK_CLK_unbuffered[0]
    BUFGCTRL_X0Y19       BUFG (Prop_bufg_I_O)         0.026     0.336 r  DPU_sys_i/processing_system7_0/inst/buffer_fclk_clk_0.FCLK_CLK_0_BUFG/O
                         net (fo=943, routed)         0.575     0.911    DPU_sys_i/dpu_eu_0/inst/u_0fdf40ec/s_axi_aclk
    SLICE_X28Y92         FDRE                                         r  DPU_sys_i/dpu_eu_0/inst/u_0fdf40ec/s_b1cd6231_reg[3]/C
  -------------------------------------------------------------------    -------------------
    SLICE_X28Y92         FDRE (Prop_fdre_C_Q)         0.128     1.039 r  DPU_sys_i/dpu_eu_0/inst/u_0fdf40ec/s_b1cd6231_reg[3]/Q
                         net (fo=24, routed)          0.353     1.391    DPU_sys_i/dpu_eu_0/inst/u_regs4/D[3]
    SLICE_X27Y102        FDSE                                         r  DPU_sys_i/dpu_eu_0/inst/u_regs4/s_7adad622_reg/D
  -------------------------------------------------------------------    -------------------

                         (clock clk_fpga_0 rise edge)
                                                      0.000     0.000 r  
    PS7_X0Y0             PS7                          0.000     0.000 r  DPU_sys_i/processing_system7_0/inst/PS7_i/FCLKCLK[0]
                         net (fo=1, routed)           0.337     0.337    DPU_sys_i/processing_system7_0/inst/FCLK_CLK_unbuffered[0]
    BUFGCTRL_X0Y19       BUFG (Prop_bufg_I_O)         0.029     0.366 r  DPU_sys_i/processing_system7_0/inst/buffer_fclk_clk_0.FCLK_CLK_0_BUFG/O
                         net (fo=943, routed)         0.930     1.296    DPU_sys_i/dpu_eu_0/inst/u_regs4/s_axi_aclk
    SLICE_X27Y102        FDSE                                         r  DPU_sys_i/dpu_eu_0/inst/u_regs4/s_7adad622_reg/C
                         clock pessimism             -0.035     1.261    
    SLICE_X27Y102        FDSE (Hold_fdse_C_D)         0.019     1.280    DPU_sys_i/dpu_eu_0/inst/u_regs4/s_7adad622_reg
  -------------------------------------------------------------------
                         required time                         -1.280    
                         arrival time                           1.391    
  -------------------------------------------------------------------
                         slack                                  0.112    

Slack (MET) :             0.121ns  (arrival time - required time)
  Source:                 DPU_sys_i/dpu_eu_0/inst/u_regs4/s_2d02b1a6_reg/C
                            (rising edge-triggered cell FDRE clocked by clk_fpga_0  {rise@0.000ns fall@5.000ns period=10.000ns})
  Destination:            DPU_sys_i/dpu_eu_0/inst/u_regs4/s_cdc7cfd1_reg/D
                            (rising edge-triggered cell FDRE clocked by clk_fpga_0  {rise@0.000ns fall@5.000ns period=10.000ns})
  Path Group:             clk_fpga_0
  Path Type:              Hold (Min at Fast Process Corner)
  Requirement:            0.000ns  (clk_fpga_0 rise@0.000ns - clk_fpga_0 rise@0.000ns)
  Data Path Delay:        0.197ns  (logic 0.141ns (71.611%)  route 0.056ns (28.389%))
  Logic Levels:           0  
  Clock Path Skew:        0.000ns (DCD - SCD - CPR)
    Destination Clock Delay (DCD):    1.295ns
    Source Clock Delay      (SCD):    0.991ns
    Clock Pessimism Removal (CPR):    0.304ns

    Location             Delay type                Incr(ns)  Path(ns)    Netlist Resource(s)
  -------------------------------------------------------------------    -------------------
                         (clock clk_fpga_0 rise edge)
                                                      0.000     0.000 r  
    PS7_X0Y0             PS7                          0.000     0.000 r  DPU_sys_i/processing_system7_0/inst/PS7_i/FCLKCLK[0]
                         net (fo=1, routed)           0.310     0.310    DPU_sys_i/processing_system7_0/inst/FCLK_CLK_unbuffered[0]
    BUFGCTRL_X0Y19       BUFG (Prop_bufg_I_O)         0.026     0.336 r  DPU_sys_i/processing_system7_0/inst/buffer_fclk_clk_0.FCLK_CLK_0_BUFG/O
                         net (fo=943, routed)         0.655     0.991    DPU_sys_i/dpu_eu_0/inst/u_regs4/s_axi_aclk
    SLICE_X27Y105        FDRE                                         r  DPU_sys_i/dpu_eu_0/inst/u_regs4/s_2d02b1a6_reg/C
  -------------------------------------------------------------------    -------------------
    SLICE_X27Y105        FDRE (Prop_fdre_C_Q)         0.141     1.132 r  DPU_sys_i/dpu_eu_0/inst/u_regs4/s_2d02b1a6_reg/Q
                         net (fo=1, routed)           0.056     1.188    DPU_sys_i/dpu_eu_0/inst/u_regs4/s_2d02b1a6
    SLICE_X27Y105        FDRE                                         r  DPU_sys_i/dpu_eu_0/inst/u_regs4/s_cdc7cfd1_reg/D
  -------------------------------------------------------------------    -------------------

                         (clock clk_fpga_0 rise edge)
                                                      0.000     0.000 r  
    PS7_X0Y0             PS7                          0.000     0.000 r  DPU_sys_i/processing_system7_0/inst/PS7_i/FCLKCLK[0]
                         net (fo=1, routed)           0.337     0.337    DPU_sys_i/processing_system7_0/inst/FCLK_CLK_unbuffered[0]
    BUFGCTRL_X0Y19       BUFG (Prop_bufg_I_O)         0.029     0.366 r  DPU_sys_i/processing_system7_0/inst/buffer_fclk_clk_0.FCLK_CLK_0_BUFG/O
                         net (fo=943, routed)         0.929     1.295    DPU_sys_i/dpu_eu_0/inst/u_regs4/s_axi_aclk
    SLICE_X27Y105        FDRE                                         r  DPU_sys_i/dpu_eu_0/inst/u_regs4/s_cdc7cfd1_reg/C
                         clock pessimism             -0.304     0.991    
    SLICE_X27Y105        FDRE (Hold_fdre_C_D)         0.076     1.067    DPU_sys_i/dpu_eu_0/inst/u_regs4/s_cdc7cfd1_reg
  -------------------------------------------------------------------
                         required time                         -1.067    
                         arrival time                           1.188    
  -------------------------------------------------------------------
                         slack                                  0.121    

Slack (MET) :             0.122ns  (arrival time - required time)
  Source:                 DPU_sys_i/dpu_eu_0/inst/u_regs4/s_0bdd2060_reg/C
                            (rising edge-triggered cell FDRE clocked by clk_fpga_0  {rise@0.000ns fall@5.000ns period=10.000ns})
  Destination:            DPU_sys_i/dpu_eu_0/inst/u_regs4/s_f91cca3b_reg/D
                            (rising edge-triggered cell FDRE clocked by clk_fpga_0  {rise@0.000ns fall@5.000ns period=10.000ns})
  Path Group:             clk_fpga_0
  Path Type:              Hold (Min at Fast Process Corner)
  Requirement:            0.000ns  (clk_fpga_0 rise@0.000ns - clk_fpga_0 rise@0.000ns)
  Data Path Delay:        0.197ns  (logic 0.141ns (71.611%)  route 0.056ns (28.389%))
  Logic Levels:           0  
  Clock Path Skew:        0.000ns (DCD - SCD - CPR)
    Destination Clock Delay (DCD):    1.295ns
    Source Clock Delay      (SCD):    0.991ns
    Clock Pessimism Removal (CPR):    0.304ns

    Location             Delay type                Incr(ns)  Path(ns)    Netlist Resource(s)
  -------------------------------------------------------------------    -------------------
                         (clock clk_fpga_0 rise edge)
                                                      0.000     0.000 r  
    PS7_X0Y0             PS7                          0.000     0.000 r  DPU_sys_i/processing_system7_0/inst/PS7_i/FCLKCLK[0]
                         net (fo=1, routed)           0.310     0.310    DPU_sys_i/processing_system7_0/inst/FCLK_CLK_unbuffered[0]
    BUFGCTRL_X0Y19       BUFG (Prop_bufg_I_O)         0.026     0.336 r  DPU_sys_i/processing_system7_0/inst/buffer_fclk_clk_0.FCLK_CLK_0_BUFG/O
                         net (fo=943, routed)         0.655     0.991    DPU_sys_i/dpu_eu_0/inst/u_regs4/s_axi_aclk
    SLICE_X27Y105        FDRE                                         r  DPU_sys_i/dpu_eu_0/inst/u_regs4/s_0bdd2060_reg/C
  -------------------------------------------------------------------    -------------------
    SLICE_X27Y105        FDRE (Prop_fdre_C_Q)         0.141     1.132 r  DPU_sys_i/dpu_eu_0/inst/u_regs4/s_0bdd2060_reg/Q
                         net (fo=1, routed)           0.056     1.188    DPU_sys_i/dpu_eu_0/inst/u_regs4/s_0bdd2060
    SLICE_X27Y105        FDRE                                         r  DPU_sys_i/dpu_eu_0/inst/u_regs4/s_f91cca3b_reg/D
  -------------------------------------------------------------------    -------------------

                         (clock clk_fpga_0 rise edge)
                                                      0.000     0.000 r  
    PS7_X0Y0             PS7                          0.000     0.000 r  DPU_sys_i/processing_system7_0/inst/PS7_i/FCLKCLK[0]
                         net (fo=1, routed)           0.337     0.337    DPU_sys_i/processing_system7_0/inst/FCLK_CLK_unbuffered[0]
    BUFGCTRL_X0Y19       BUFG (Prop_bufg_I_O)         0.029     0.366 r  DPU_sys_i/processing_system7_0/inst/buffer_fclk_clk_0.FCLK_CLK_0_BUFG/O
                         net (fo=943, routed)         0.929     1.295    DPU_sys_i/dpu_eu_0/inst/u_regs4/s_axi_aclk
    SLICE_X27Y105        FDRE                                         r  DPU_sys_i/dpu_eu_0/inst/u_regs4/s_f91cca3b_reg/C
                         clock pessimism             -0.304     0.991    
    SLICE_X27Y105        FDRE (Hold_fdre_C_D)         0.075     1.066    DPU_sys_i/dpu_eu_0/inst/u_regs4/s_f91cca3b_reg
  -------------------------------------------------------------------
                         required time                         -1.066    
                         arrival time                           1.188    
  -------------------------------------------------------------------
                         slack                                  0.122    

Slack (MET) :             0.126ns  (arrival time - required time)
  Source:                 DPU_sys_i/dpu_eu_0/inst/u_regs4/s_182904ee_reg/C
                            (rising edge-triggered cell FDRE clocked by clk_fpga_0  {rise@0.000ns fall@5.000ns period=10.000ns})
  Destination:            DPU_sys_i/dpu_eu_0/inst/u_regs4/s_5650b994_reg/D
                            (rising edge-triggered cell FDRE clocked by clk_fpga_0  {rise@0.000ns fall@5.000ns period=10.000ns})
  Path Group:             clk_fpga_0
  Path Type:              Hold (Min at Fast Process Corner)
  Requirement:            0.000ns  (clk_fpga_0 rise@0.000ns - clk_fpga_0 rise@0.000ns)
  Data Path Delay:        0.197ns  (logic 0.141ns (71.611%)  route 0.056ns (28.389%))
  Logic Levels:           0  
  Clock Path Skew:        0.000ns (DCD - SCD - CPR)
    Destination Clock Delay (DCD):    1.295ns
    Source Clock Delay      (SCD):    0.991ns
    Clock Pessimism Removal (CPR):    0.304ns

    Location             Delay type                Incr(ns)  Path(ns)    Netlist Resource(s)
  -------------------------------------------------------------------    -------------------
                         (clock clk_fpga_0 rise edge)
                                                      0.000     0.000 r  
    PS7_X0Y0             PS7                          0.000     0.000 r  DPU_sys_i/processing_system7_0/inst/PS7_i/FCLKCLK[0]
                         net (fo=1, routed)           0.310     0.310    DPU_sys_i/processing_system7_0/inst/FCLK_CLK_unbuffered[0]
    BUFGCTRL_X0Y19       BUFG (Prop_bufg_I_O)         0.026     0.336 r  DPU_sys_i/processing_system7_0/inst/buffer_fclk_clk_0.FCLK_CLK_0_BUFG/O
                         net (fo=943, routed)         0.655     0.991    DPU_sys_i/dpu_eu_0/inst/u_regs4/s_axi_aclk
    SLICE_X27Y105        FDRE                                         r  DPU_sys_i/dpu_eu_0/inst/u_regs4/s_182904ee_reg/C
  -------------------------------------------------------------------    -------------------
    SLICE_X27Y105        FDRE (Prop_fdre_C_Q)         0.141     1.132 r  DPU_sys_i/dpu_eu_0/inst/u_regs4/s_182904ee_reg/Q
                         net (fo=1, routed)           0.056     1.188    DPU_sys_i/dpu_eu_0/inst/u_regs4/s_182904ee
    SLICE_X27Y105        FDRE                                         r  DPU_sys_i/dpu_eu_0/inst/u_regs4/s_5650b994_reg/D
  -------------------------------------------------------------------    -------------------

                         (clock clk_fpga_0 rise edge)
                                                      0.000     0.000 r  
    PS7_X0Y0             PS7                          0.000     0.000 r  DPU_sys_i/processing_system7_0/inst/PS7_i/FCLKCLK[0]
                         net (fo=1, routed)           0.337     0.337    DPU_sys_i/processing_system7_0/inst/FCLK_CLK_unbuffered[0]
    BUFGCTRL_X0Y19       BUFG (Prop_bufg_I_O)         0.029     0.366 r  DPU_sys_i/processing_system7_0/inst/buffer_fclk_clk_0.FCLK_CLK_0_BUFG/O
                         net (fo=943, routed)         0.929     1.295    DPU_sys_i/dpu_eu_0/inst/u_regs4/s_axi_aclk
    SLICE_X27Y105        FDRE                                         r  DPU_sys_i/dpu_eu_0/inst/u_regs4/s_5650b994_reg/C
                         clock pessimism             -0.304     0.991    
    SLICE_X27Y105        FDRE (Hold_fdre_C_D)         0.071     1.062    DPU_sys_i/dpu_eu_0/inst/u_regs4/s_5650b994_reg
  -------------------------------------------------------------------
                         required time                         -1.062    
                         arrival time                           1.188    
  -------------------------------------------------------------------
                         slack                                  0.126    

Slack (MET) :             0.129ns  (arrival time - required time)
  Source:                 DPU_sys_i/dpu_eu_0/inst/u_0fdf40ec/s_b1cd6231_reg[12]/C
                            (rising edge-triggered cell FDRE clocked by clk_fpga_0  {rise@0.000ns fall@5.000ns period=10.000ns})
  Destination:            DPU_sys_i/dpu_eu_0/inst/u_regs4/s_0460ec8c_reg[12]/D
                            (rising edge-triggered cell FDRE clocked by clk_fpga_0  {rise@0.000ns fall@5.000ns period=10.000ns})
  Path Group:             clk_fpga_0
  Path Type:              Hold (Min at Fast Process Corner)
  Requirement:            0.000ns  (clk_fpga_0 rise@0.000ns - clk_fpga_0 rise@0.000ns)
  Data Path Delay:        0.528ns  (logic 0.141ns (26.714%)  route 0.387ns (73.286%))
  Logic Levels:           0  
  Clock Path Skew:        0.333ns (DCD - SCD - CPR)
    Destination Clock Delay (DCD):    1.277ns
    Source Clock Delay      (SCD):    0.909ns
    Clock Pessimism Removal (CPR):    0.035ns

    Location             Delay type                Incr(ns)  Path(ns)    Netlist Resource(s)
  -------------------------------------------------------------------    -------------------
                         (clock clk_fpga_0 rise edge)
                                                      0.000     0.000 r  
    PS7_X0Y0             PS7                          0.000     0.000 r  DPU_sys_i/processing_system7_0/inst/PS7_i/FCLKCLK[0]
                         net (fo=1, routed)           0.310     0.310    DPU_sys_i/processing_system7_0/inst/FCLK_CLK_unbuffered[0]
    BUFGCTRL_X0Y19       BUFG (Prop_bufg_I_O)         0.026     0.336 r  DPU_sys_i/processing_system7_0/inst/buffer_fclk_clk_0.FCLK_CLK_0_BUFG/O
                         net (fo=943, routed)         0.573     0.909    DPU_sys_i/dpu_eu_0/inst/u_0fdf40ec/s_axi_aclk
    SLICE_X27Y93         FDRE                                         r  DPU_sys_i/dpu_eu_0/inst/u_0fdf40ec/s_b1cd6231_reg[12]/C
  -------------------------------------------------------------------    -------------------
    SLICE_X27Y93         FDRE (Prop_fdre_C_Q)         0.141     1.050 r  DPU_sys_i/dpu_eu_0/inst/u_0fdf40ec/s_b1cd6231_reg[12]/Q
                         net (fo=21, routed)          0.387     1.436    DPU_sys_i/dpu_eu_0/inst/u_regs4/D[12]
    SLICE_X33Y103        FDRE                                         r  DPU_sys_i/dpu_eu_0/inst/u_regs4/s_0460ec8c_reg[12]/D
  -------------------------------------------------------------------    -------------------

                         (clock clk_fpga_0 rise edge)
                                                      0.000     0.000 r  
    PS7_X0Y0             PS7                          0.000     0.000 r  DPU_sys_i/processing_system7_0/inst/PS7_i/FCLKCLK[0]
                         net (fo=1, routed)           0.337     0.337    DPU_sys_i/processing_system7_0/inst/FCLK_CLK_unbuffered[0]
    BUFGCTRL_X0Y19       BUFG (Prop_bufg_I_O)         0.029     0.366 r  DPU_sys_i/processing_system7_0/inst/buffer_fclk_clk_0.FCLK_CLK_0_BUFG/O
                         net (fo=943, routed)         0.911     1.277    DPU_sys_i/dpu_eu_0/inst/u_regs4/s_axi_aclk
    SLICE_X33Y103        FDRE                                         r  DPU_sys_i/dpu_eu_0/inst/u_regs4/s_0460ec8c_reg[12]/C
                         clock pessimism             -0.035     1.242    
    SLICE_X33Y103        FDRE (Hold_fdre_C_D)         0.066     1.308    DPU_sys_i/dpu_eu_0/inst/u_regs4/s_0460ec8c_reg[12]
  -------------------------------------------------------------------
                         required time                         -1.308    
                         arrival time                           1.436    
  -------------------------------------------------------------------
                         slack                                  0.129    

Slack (MET) :             0.131ns  (arrival time - required time)
  Source:                 DPU_sys_i/dpu_eu_0/inst/u_regs4/s_edf60c17_reg[30]/C
                            (rising edge-triggered cell FDRE clocked by clk_fpga_0  {rise@0.000ns fall@5.000ns period=10.000ns})
  Destination:            DPU_sys_i/dpu_eu_0/inst/u_0fdf40ec/s_3ce9bc8c_reg[30]/D
                            (rising edge-triggered cell FDRE clocked by clk_fpga_0  {rise@0.000ns fall@5.000ns period=10.000ns})
  Path Group:             clk_fpga_0
  Path Type:              Hold (Min at Fast Process Corner)
  Requirement:            0.000ns  (clk_fpga_0 rise@0.000ns - clk_fpga_0 rise@0.000ns)
  Data Path Delay:        0.441ns  (logic 0.213ns (48.245%)  route 0.228ns (51.755%))
  Logic Levels:           1  (LUT4=1)
  Clock Path Skew:        0.180ns (DCD - SCD - CPR)
    Destination Clock Delay (DCD):    1.210ns
    Source Clock Delay      (SCD):    0.995ns
    Clock Pessimism Removal (CPR):    0.035ns

    Location             Delay type                Incr(ns)  Path(ns)    Netlist Resource(s)
  -------------------------------------------------------------------    -------------------
                         (clock clk_fpga_0 rise edge)
                                                      0.000     0.000 r  
    PS7_X0Y0             PS7                          0.000     0.000 r  DPU_sys_i/processing_system7_0/inst/PS7_i/FCLKCLK[0]
                         net (fo=1, routed)           0.310     0.310    DPU_sys_i/processing_system7_0/inst/FCLK_CLK_unbuffered[0]
    BUFGCTRL_X0Y19       BUFG (Prop_bufg_I_O)         0.026     0.336 r  DPU_sys_i/processing_system7_0/inst/buffer_fclk_clk_0.FCLK_CLK_0_BUFG/O
                         net (fo=943, routed)         0.659     0.995    DPU_sys_i/dpu_eu_0/inst/u_regs4/s_axi_aclk
    SLICE_X30Y102        FDRE                                         r  DPU_sys_i/dpu_eu_0/inst/u_regs4/s_edf60c17_reg[30]/C
  -------------------------------------------------------------------    -------------------
    SLICE_X30Y102        FDRE (Prop_fdre_C_Q)         0.164     1.159 r  DPU_sys_i/dpu_eu_0/inst/u_regs4/s_edf60c17_reg[30]/Q
                         net (fo=1, routed)           0.228     1.387    DPU_sys_i/dpu_eu_0/inst/u_0fdf40ec/s_81bbbaaf[30]
    SLICE_X26Y97         LUT4 (Prop_lut4_I2_O)        0.049     1.436 r  DPU_sys_i/dpu_eu_0/inst/u_0fdf40ec/s_3ce9bc8c[30]_i_1/O
                         net (fo=1, routed)           0.000     1.436    DPU_sys_i/dpu_eu_0/inst/u_0fdf40ec/s_3ce9bc8c[30]_i_1_n_0
    SLICE_X26Y97         FDRE                                         r  DPU_sys_i/dpu_eu_0/inst/u_0fdf40ec/s_3ce9bc8c_reg[30]/D
  -------------------------------------------------------------------    -------------------

                         (clock clk_fpga_0 rise edge)
                                                      0.000     0.000 r  
    PS7_X0Y0             PS7                          0.000     0.000 r  DPU_sys_i/processing_system7_0/inst/PS7_i/FCLKCLK[0]
                         net (fo=1, routed)           0.337     0.337    DPU_sys_i/processing_system7_0/inst/FCLK_CLK_unbuffered[0]
    BUFGCTRL_X0Y19       BUFG (Prop_bufg_I_O)         0.029     0.366 r  DPU_sys_i/processing_system7_0/inst/buffer_fclk_clk_0.FCLK_CLK_0_BUFG/O
                         net (fo=943, routed)         0.844     1.210    DPU_sys_i/dpu_eu_0/inst/u_0fdf40ec/s_axi_aclk
    SLICE_X26Y97         FDRE                                         r  DPU_sys_i/dpu_eu_0/inst/u_0fdf40ec/s_3ce9bc8c_reg[30]/C
                         clock pessimism             -0.035     1.175    
    SLICE_X26Y97         FDRE (Hold_fdre_C_D)         0.131     1.306    DPU_sys_i/dpu_eu_0/inst/u_0fdf40ec/s_3ce9bc8c_reg[30]
  -------------------------------------------------------------------
                         required time                         -1.306    
                         arrival time                           1.436    
  -------------------------------------------------------------------
                         slack                                  0.131    

Slack (MET) :             0.132ns  (arrival time - required time)
  Source:                 DPU_sys_i/dpu_eu_0/inst/u_regs4/s_edf60c17_reg[24]/C
                            (rising edge-triggered cell FDRE clocked by clk_fpga_0  {rise@0.000ns fall@5.000ns period=10.000ns})
  Destination:            DPU_sys_i/dpu_eu_0/inst/u_0fdf40ec/s_3ce9bc8c_reg[24]/D
                            (rising edge-triggered cell FDRE clocked by clk_fpga_0  {rise@0.000ns fall@5.000ns period=10.000ns})
  Path Group:             clk_fpga_0
  Path Type:              Hold (Min at Fast Process Corner)
  Requirement:            0.000ns  (clk_fpga_0 rise@0.000ns - clk_fpga_0 rise@0.000ns)
  Data Path Delay:        0.435ns  (logic 0.186ns (42.795%)  route 0.249ns (57.205%))
  Logic Levels:           1  (LUT4=1)
  Clock Path Skew:        0.182ns (DCD - SCD - CPR)
    Destination Clock Delay (DCD):    1.211ns
    Source Clock Delay      (SCD):    0.994ns
    Clock Pessimism Removal (CPR):    0.035ns

    Location             Delay type                Incr(ns)  Path(ns)    Netlist Resource(s)
  -------------------------------------------------------------------    -------------------
                         (clock clk_fpga_0 rise edge)
                                                      0.000     0.000 r  
    PS7_X0Y0             PS7                          0.000     0.000 r  DPU_sys_i/processing_system7_0/inst/PS7_i/FCLKCLK[0]
                         net (fo=1, routed)           0.310     0.310    DPU_sys_i/processing_system7_0/inst/FCLK_CLK_unbuffered[0]
    BUFGCTRL_X0Y19       BUFG (Prop_bufg_I_O)         0.026     0.336 r  DPU_sys_i/processing_system7_0/inst/buffer_fclk_clk_0.FCLK_CLK_0_BUFG/O
                         net (fo=943, routed)         0.658     0.994    DPU_sys_i/dpu_eu_0/inst/u_regs4/s_axi_aclk
    SLICE_X28Y105        FDRE                                         r  DPU_sys_i/dpu_eu_0/inst/u_regs4/s_edf60c17_reg[24]/C
  -------------------------------------------------------------------    -------------------
    SLICE_X28Y105        FDRE (Prop_fdre_C_Q)         0.141     1.135 r  DPU_sys_i/dpu_eu_0/inst/u_regs4/s_edf60c17_reg[24]/Q
                         net (fo=1, routed)           0.249     1.384    DPU_sys_i/dpu_eu_0/inst/u_0fdf40ec/s_81bbbaaf[24]
    SLICE_X30Y98         LUT4 (Prop_lut4_I2_O)        0.045     1.429 r  DPU_sys_i/dpu_eu_0/inst/u_0fdf40ec/s_3ce9bc8c[24]_i_1/O
                         net (fo=1, routed)           0.000     1.429    DPU_sys_i/dpu_eu_0/inst/u_0fdf40ec/s_3ce9bc8c[24]_i_1_n_0
    SLICE_X30Y98         FDRE                                         r  DPU_sys_i/dpu_eu_0/inst/u_0fdf40ec/s_3ce9bc8c_reg[24]/D
  -------------------------------------------------------------------    -------------------

                         (clock clk_fpga_0 rise edge)
                                                      0.000     0.000 r  
    PS7_X0Y0             PS7                          0.000     0.000 r  DPU_sys_i/processing_system7_0/inst/PS7_i/FCLKCLK[0]
                         net (fo=1, routed)           0.337     0.337    DPU_sys_i/processing_system7_0/inst/FCLK_CLK_unbuffered[0]
    BUFGCTRL_X0Y19       BUFG (Prop_bufg_I_O)         0.029     0.366 r  DPU_sys_i/processing_system7_0/inst/buffer_fclk_clk_0.FCLK_CLK_0_BUFG/O
                         net (fo=943, routed)         0.845     1.211    DPU_sys_i/dpu_eu_0/inst/u_0fdf40ec/s_axi_aclk
    SLICE_X30Y98         FDRE                                         r  DPU_sys_i/dpu_eu_0/inst/u_0fdf40ec/s_3ce9bc8c_reg[24]/C
                         clock pessimism             -0.035     1.176    
    SLICE_X30Y98         FDRE (Hold_fdre_C_D)         0.121     1.297    DPU_sys_i/dpu_eu_0/inst/u_0fdf40ec/s_3ce9bc8c_reg[24]
  -------------------------------------------------------------------
                         required time                         -1.297    
                         arrival time                           1.429    
  -------------------------------------------------------------------
                         slack                                  0.132    





Pulse Width Checks
--------------------------------------------------------------------------------------
Clock Name:         clk_fpga_0
Waveform(ns):       { 0.000 5.000 }
Period(ns):         10.000
Sources:            { DPU_sys_i/processing_system7_0/inst/PS7_i/FCLKCLK[0] }

Check Type        Corner  Lib Pin     Reference Pin  Required(ns)  Actual(ns)  Slack(ns)  Location        Pin
Min Period        n/a     BUFG/I      n/a            2.155         10.000      7.845      BUFGCTRL_X0Y19  DPU_sys_i/processing_system7_0/inst/buffer_fclk_clk_0.FCLK_CLK_0_BUFG/I
Min Period        n/a     FDSE/C      n/a            1.000         10.000      9.000      SLICE_X28Y98    DPU_sys_i/dpu_eu_0/inst/u_0fdf40ec/FSM_onehot_s_de29fffd_reg[0]/C
Min Period        n/a     FDRE/C      n/a            1.000         10.000      9.000      SLICE_X26Y98    DPU_sys_i/dpu_eu_0/inst/u_0fdf40ec/FSM_onehot_s_de29fffd_reg[1]/C
Min Period        n/a     FDRE/C      n/a            1.000         10.000      9.000      SLICE_X26Y98    DPU_sys_i/dpu_eu_0/inst/u_0fdf40ec/FSM_onehot_s_de29fffd_reg[2]/C
Min Period        n/a     FDRE/C      n/a            1.000         10.000      9.000      SLICE_X26Y98    DPU_sys_i/dpu_eu_0/inst/u_0fdf40ec/FSM_onehot_s_de29fffd_reg[3]/C
Min Period        n/a     FDRE/C      n/a            1.000         10.000      9.000      SLICE_X28Y98    DPU_sys_i/dpu_eu_0/inst/u_0fdf40ec/FSM_onehot_s_de29fffd_reg[4]/C
Min Period        n/a     FDRE/C      n/a            1.000         10.000      9.000      SLICE_X26Y98    DPU_sys_i/dpu_eu_0/inst/u_0fdf40ec/FSM_onehot_s_de29fffd_reg[5]/C
Min Period        n/a     FDRE/C      n/a            1.000         10.000      9.000      SLICE_X28Y98    DPU_sys_i/dpu_eu_0/inst/u_0fdf40ec/FSM_onehot_s_de29fffd_reg[6]/C
Min Period        n/a     FDRE/C      n/a            1.000         10.000      9.000      SLICE_X28Y98    DPU_sys_i/dpu_eu_0/inst/u_0fdf40ec/FSM_onehot_s_de29fffd_reg[7]/C
Min Period        n/a     FDRE/C      n/a            1.000         10.000      9.000      SLICE_X27Y98    DPU_sys_i/dpu_eu_0/inst/u_0fdf40ec/s_13b2b796_reg[0]/C
Low Pulse Width   Fast    SRL16E/CLK  n/a            0.980         5.000       4.020      SLICE_X26Y121   DPU_sys_i/proc_sys_reset_0/U0/EXT_LPF/POR_SRL_I/CLK
Low Pulse Width   Slow    SRL16E/CLK  n/a            0.980         5.000       4.020      SLICE_X26Y121   DPU_sys_i/proc_sys_reset_0/U0/EXT_LPF/POR_SRL_I/CLK
Low Pulse Width   Slow    FDRE/C      n/a            0.500         5.000       4.500      SLICE_X33Y103   DPU_sys_i/dpu_eu_0/inst/u_regs4/s_0460ec8c_reg[12]/C
Low Pulse Width   Slow    FDRE/C      n/a            0.500         5.000       4.500      SLICE_X33Y103   DPU_sys_i/dpu_eu_0/inst/u_regs4/s_0460ec8c_reg[29]/C
Low Pulse Width   Slow    FDRE/C      n/a            0.500         5.000       4.500      SLICE_X33Y103   DPU_sys_i/dpu_eu_0/inst/u_regs4/s_0460ec8c_reg[30]/C
Low Pulse Width   Slow    FDRE/C      n/a            0.500         5.000       4.500      SLICE_X33Y103   DPU_sys_i/dpu_eu_0/inst/u_regs4/s_0460ec8c_reg[8]/C
Low Pulse Width   Slow    FDRE/C      n/a            0.500         5.000       4.500      SLICE_X34Y105   DPU_sys_i/dpu_eu_0/inst/u_regs4/s_302b1c0e_reg[10]/C
Low Pulse Width   Slow    FDRE/C      n/a            0.500         5.000       4.500      SLICE_X43Y106   DPU_sys_i/dpu_eu_0/inst/u_regs4/s_302b1c0e_reg[11]/C
Low Pulse Width   Slow    FDRE/C      n/a            0.500         5.000       4.500      SLICE_X43Y106   DPU_sys_i/dpu_eu_0/inst/u_regs4/s_302b1c0e_reg[12]/C
Low Pulse Width   Slow    FDRE/C      n/a            0.500         5.000       4.500      SLICE_X34Y105   DPU_sys_i/dpu_eu_0/inst/u_regs4/s_302b1c0e_reg[14]/C
High Pulse Width  Slow    SRL16E/CLK  n/a            0.980         5.000       4.020      SLICE_X26Y121   DPU_sys_i/proc_sys_reset_0/U0/EXT_LPF/POR_SRL_I/CLK
High Pulse Width  Fast    SRL16E/CLK  n/a            0.980         5.000       4.020      SLICE_X26Y121   DPU_sys_i/proc_sys_reset_0/U0/EXT_LPF/POR_SRL_I/CLK
High Pulse Width  Slow    FDRE/C      n/a            0.500         5.000       4.500      SLICE_X26Y92    DPU_sys_i/dpu_eu_0/inst/u_0fdf40ec/s_3ce9bc8c_reg[10]/C
High Pulse Width  Slow    FDRE/C      n/a            0.500         5.000       4.500      SLICE_X26Y93    DPU_sys_i/dpu_eu_0/inst/u_0fdf40ec/s_3ce9bc8c_reg[12]/C
High Pulse Width  Slow    FDRE/C      n/a            0.500         5.000       4.500      SLICE_X26Y93    DPU_sys_i/dpu_eu_0/inst/u_0fdf40ec/s_3ce9bc8c_reg[15]/C
High Pulse Width  Slow    FDRE/C      n/a            0.500         5.000       4.500      SLICE_X27Y95    DPU_sys_i/dpu_eu_0/inst/u_0fdf40ec/s_3ce9bc8c_reg[16]/C
High Pulse Width  Slow    FDRE/C      n/a            0.500         5.000       4.500      SLICE_X26Y92    DPU_sys_i/dpu_eu_0/inst/u_0fdf40ec/s_3ce9bc8c_reg[18]/C
High Pulse Width  Slow    FDRE/C      n/a            0.500         5.000       4.500      SLICE_X26Y93    DPU_sys_i/dpu_eu_0/inst/u_0fdf40ec/s_3ce9bc8c_reg[19]/C
High Pulse Width  Slow    FDRE/C      n/a            0.500         5.000       4.500      SLICE_X26Y92    DPU_sys_i/dpu_eu_0/inst/u_0fdf40ec/s_3ce9bc8c_reg[20]/C
High Pulse Width  Slow    FDRE/C      n/a            0.500         5.000       4.500      SLICE_X26Y92    DPU_sys_i/dpu_eu_0/inst/u_0fdf40ec/s_3ce9bc8c_reg[22]/C



---------------------------------------------------------------------------------------------------
From Clock:  clk_out300Mhz_DPU_sys_clk_wiz_0_0
  To Clock:  clk_out150Mhz_DPU_sys_clk_wiz_0_0

Setup :            1  Failing Endpoint ,  Worst Slack       -0.119ns,  Total Violation       -0.119ns
Hold  :            0  Failing Endpoints,  Worst Slack        0.045ns,  Total Violation        0.000ns
---------------------------------------------------------------------------------------------------


Max Delay Paths
--------------------------------------------------------------------------------------
Slack (VIOLATED) :        -0.119ns  (required time - arrival time)
  Source:                 DPU_sys_i/dpu_eu_0/inst/g_e584eb07.u_822a997b/u_8329ce29/u_3aa346a2/u_dcd815c9/u_6c52c68e/g_7b54f91e[5].g_07af5fd4[0].g_9aa100cb[0].u_a326a45b/g_6779d86c[1].s_fcf4f443_reg[15]/C
                            (rising edge-triggered cell FDRE clocked by clk_out300Mhz_DPU_sys_clk_wiz_0_0  {rise@0.000ns fall@1.667ns period=3.333ns})
  Destination:            DPU_sys_i/dpu_eu_0/inst/g_e584eb07.u_822a997b/u_8329ce29/u_3aa346a2/u_dcd815c9/u_cc4240ab/g_d5115c37[1].u_727df53e/g_7e013b5a[2].g_2f7783b8.u_3a555dae/g_5c347808.g_78b48482[2].u_srl/D
                            (rising edge-triggered cell SRL16E clocked by clk_out150Mhz_DPU_sys_clk_wiz_0_0  {rise@0.000ns fall@3.333ns period=6.667ns})
  Path Group:             clk_out150Mhz_DPU_sys_clk_wiz_0_0
  Path Type:              Setup (Max at Slow Process Corner)
  Requirement:            6.667ns  (clk_out150Mhz_DPU_sys_clk_wiz_0_0 rise@6.667ns - clk_out300Mhz_DPU_sys_clk_wiz_0_0 rise@0.000ns)
  Data Path Delay:        5.876ns  (logic 1.055ns (17.953%)  route 4.821ns (82.047%))
  Logic Levels:           3  (LUT4=2 LUT5=1)
  Clock Path Skew:        -0.478ns (DCD - SCD + CPR)
    Destination Clock Delay (DCD):    1.472ns = ( 8.138 - 6.667 ) 
    Source Clock Delay      (SCD):    1.746ns = ( 5.079 - 3.333 ) 
    Clock Pessimism Removal (CPR):    -0.204ns
  Clock Uncertainty:      0.193ns  ((TSJ^2 + DJ^2)^1/2) / 2 + PE
    Total System Jitter     (TSJ):    0.071ns
    Discrete Jitter          (DJ):    0.127ns
    Phase Error              (PE):    0.120ns
  Timing Exception:       MultiCycle Path   Setup -start 2

    Location             Delay type                Incr(ns)  Path(ns)    Netlist Resource(s)
  -------------------------------------------------------------------    -------------------
                         (clock clk_out300Mhz_DPU_sys_clk_wiz_0_0 rise edge)
                                                      0.000     0.000 r  
    BUFGCTRL_X0Y19       BUFG                         0.000     0.000 r  DPU_sys_i/processing_system7_0/inst/buffer_fclk_clk_0.FCLK_CLK_0_BUFG/O
                         net (fo=943, routed)         1.980     1.980    DPU_sys_i/clk_wiz_0/inst/clk_in1
    MMCME2_ADV_X1Y2      MMCME2_ADV (Prop_mmcme2_adv_CLKIN1_CLKOUT1)
                                                     -4.287    -2.307 r  DPU_sys_i/clk_wiz_0/inst/mmcm_adv_inst/CLKOUT1
                         net (fo=1, routed)           2.206    -0.101    DPU_sys_i/clk_wiz_0/inst/clk_out300Mhz_DPU_sys_clk_wiz_0_0
    BUFGCTRL_X0Y18       BUFG (Prop_bufg_I_O)         0.101    -0.000 r  DPU_sys_i/clk_wiz_0/inst/clkout2_buf/O
                         net (fo=25585, routed)       1.746     1.746    DPU_sys_i/dpu_eu_0/inst/g_e584eb07.u_822a997b/u_8329ce29/u_3aa346a2/u_dcd815c9/u_6c52c68e/g_7b54f91e[5].g_07af5fd4[0].g_9aa100cb[0].u_a326a45b/dpu_2x_clk
    SLICE_X21Y32         FDRE                                         r  DPU_sys_i/dpu_eu_0/inst/g_e584eb07.u_822a997b/u_8329ce29/u_3aa346a2/u_dcd815c9/u_6c52c68e/g_7b54f91e[5].g_07af5fd4[0].g_9aa100cb[0].u_a326a45b/g_6779d86c[1].s_fcf4f443_reg[15]/C
  -------------------------------------------------------------------    -------------------
    SLICE_X21Y32         FDRE (Prop_fdre_C_Q)         0.456     2.202 r  DPU_sys_i/dpu_eu_0/inst/g_e584eb07.u_822a997b/u_8329ce29/u_3aa346a2/u_dcd815c9/u_6c52c68e/g_7b54f91e[5].g_07af5fd4[0].g_9aa100cb[0].u_a326a45b/g_6779d86c[1].s_fcf4f443_reg[15]/Q
                         net (fo=7, routed)           2.418     4.620    DPU_sys_i/dpu_eu_0/inst/g_e584eb07.u_822a997b/u_8329ce29/u_3aa346a2/u_dcd815c9/u_cc4240ab/s_d01f2b17[41]
    SLICE_X38Y59         LUT5 (Prop_lut5_I0_O)        0.124     4.744 r  DPU_sys_i/dpu_eu_0/inst/g_e584eb07.u_822a997b/u_8329ce29/u_3aa346a2/u_dcd815c9/u_cc4240ab/g0_b1__10/O
                         net (fo=3, routed)           0.922     5.666    DPU_sys_i/dpu_eu_0/inst/g_e584eb07.u_822a997b/u_8329ce29/u_3aa346a2/u_dcd815c9/u_cc4240ab/g0_b1__10_n_0
    SLICE_X45Y67         LUT4 (Prop_lut4_I3_O)        0.120     5.786 r  DPU_sys_i/dpu_eu_0/inst/g_e584eb07.u_822a997b/u_8329ce29/u_3aa346a2/u_dcd815c9/u_cc4240ab/g0_b0__44/O
                         net (fo=2, routed)           0.979     6.764    DPU_sys_i/dpu_eu_0/inst/g_e584eb07.u_822a997b/u_8329ce29/u_3aa346a2/u_dcd815c9/u_cc4240ab/g_d5115c37[1].u_727df53e/g_7e013b5a[2].g_2f7783b8.u_342b4e00/g_54a8b342.u_b032a817/g_5c347808.g_78b48482[2].s_b3fb9c55_reg_0
    SLICE_X44Y67         LUT4 (Prop_lut4_I1_O)        0.355     7.119 r  DPU_sys_i/dpu_eu_0/inst/g_e584eb07.u_822a997b/u_8329ce29/u_3aa346a2/u_dcd815c9/u_cc4240ab/g_d5115c37[1].u_727df53e/g_7e013b5a[2].g_2f7783b8.u_342b4e00/g_54a8b342.u_b032a817/s_b3025657/O
                         net (fo=1, routed)           0.503     7.622    DPU_sys_i/dpu_eu_0/inst/g_e584eb07.u_822a997b/u_8329ce29/u_3aa346a2/u_dcd815c9/u_cc4240ab/g_d5115c37[1].u_727df53e/g_7e013b5a[2].g_2f7783b8.u_3a555dae/g_7e013b5a[2].g_2f7783b8.s_43e71ef4[0]
    SLICE_X42Y66         SRL16E                                       r  DPU_sys_i/dpu_eu_0/inst/g_e584eb07.u_822a997b/u_8329ce29/u_3aa346a2/u_dcd815c9/u_cc4240ab/g_d5115c37[1].u_727df53e/g_7e013b5a[2].g_2f7783b8.u_3a555dae/g_5c347808.g_78b48482[2].u_srl/D
  -------------------------------------------------------------------    -------------------

                         (clock clk_out150Mhz_DPU_sys_clk_wiz_0_0 rise edge)
                                                      6.667     6.667 r  
    BUFGCTRL_X0Y19       BUFG                         0.000     6.667 r  DPU_sys_i/processing_system7_0/inst/buffer_fclk_clk_0.FCLK_CLK_0_BUFG/O
                         net (fo=943, routed)         1.770     8.437    DPU_sys_i/clk_wiz_0/inst/clk_in1
    MMCME2_ADV_X1Y2      MMCME2_ADV (Prop_mmcme2_adv_CLKIN1_CLKOUT0)
                                                     -3.873     4.563 r  DPU_sys_i/clk_wiz_0/inst/mmcm_adv_inst/CLKOUT0
                         net (fo=1, routed)           2.012     6.576    DPU_sys_i/clk_wiz_0/inst/clk_out150Mhz_DPU_sys_clk_wiz_0_0
    BUFGCTRL_X0Y17       BUFG (Prop_bufg_I_O)         0.091     6.667 r  DPU_sys_i/clk_wiz_0/inst/clkout1_buf/O
                         net (fo=40816, routed)       1.472     8.138    DPU_sys_i/dpu_eu_0/inst/g_e584eb07.u_822a997b/u_8329ce29/u_3aa346a2/u_dcd815c9/u_cc4240ab/g_d5115c37[1].u_727df53e/g_7e013b5a[2].g_2f7783b8.u_3a555dae/m_axi_dpu_aclk
    SLICE_X42Y66         SRL16E                                       r  DPU_sys_i/dpu_eu_0/inst/g_e584eb07.u_822a997b/u_8329ce29/u_3aa346a2/u_dcd815c9/u_cc4240ab/g_d5115c37[1].u_727df53e/g_7e013b5a[2].g_2f7783b8.u_3a555dae/g_5c347808.g_78b48482[2].u_srl/CLK
                         clock pessimism             -0.204     7.935    
                         clock uncertainty           -0.193     7.742    
    SLICE_X42Y66         SRL16E (Setup_srl16e_CLK_D)
                                                     -0.238     7.504    DPU_sys_i/dpu_eu_0/inst/g_e584eb07.u_822a997b/u_8329ce29/u_3aa346a2/u_dcd815c9/u_cc4240ab/g_d5115c37[1].u_727df53e/g_7e013b5a[2].g_2f7783b8.u_3a555dae/g_5c347808.g_78b48482[2].u_srl
  -------------------------------------------------------------------
                         required time                          7.504    
                         arrival time                          -7.622    
  -------------------------------------------------------------------
                         slack                                 -0.119    

Slack (MET) :             0.004ns  (required time - arrival time)
  Source:                 DPU_sys_i/dpu_eu_0/inst/g_e584eb07.u_822a997b/u_8329ce29/u_3aa346a2/u_dcd815c9/u_6c52c68e/g_7b54f91e[9].g_07af5fd4[0].g_9aa100cb[0].u_a326a45b/g_6779d86c[0].s_35d09acc_reg[15]/C
                            (rising edge-triggered cell FDRE clocked by clk_out300Mhz_DPU_sys_clk_wiz_0_0  {rise@0.000ns fall@1.667ns period=3.333ns})
  Destination:            DPU_sys_i/dpu_eu_0/inst/g_e584eb07.u_822a997b/u_8329ce29/u_3aa346a2/u_dcd815c9/u_cc4240ab/g_d5115c37[0].u_727df53e/g_7e013b5a[0].g_2f7783b8.u_3a555dae/g_5c347808.g_78b48482[2].u_srl/D
                            (rising edge-triggered cell SRL16E clocked by clk_out150Mhz_DPU_sys_clk_wiz_0_0  {rise@0.000ns fall@3.333ns period=6.667ns})
  Path Group:             clk_out150Mhz_DPU_sys_clk_wiz_0_0
  Path Type:              Setup (Max at Slow Process Corner)
  Requirement:            6.667ns  (clk_out150Mhz_DPU_sys_clk_wiz_0_0 rise@6.667ns - clk_out300Mhz_DPU_sys_clk_wiz_0_0 rise@0.000ns)
  Data Path Delay:        5.766ns  (logic 1.223ns (21.211%)  route 4.543ns (78.789%))
  Logic Levels:           3  (LUT4=2 LUT5=1)
  Clock Path Skew:        -0.472ns (DCD - SCD + CPR)
    Destination Clock Delay (DCD):    1.575ns = ( 8.242 - 6.667 ) 
    Source Clock Delay      (SCD):    1.844ns = ( 5.177 - 3.333 ) 
    Clock Pessimism Removal (CPR):    -0.204ns
  Clock Uncertainty:      0.193ns  ((TSJ^2 + DJ^2)^1/2) / 2 + PE
    Total System Jitter     (TSJ):    0.071ns
    Discrete Jitter          (DJ):    0.127ns
    Phase Error              (PE):    0.120ns
  Timing Exception:       MultiCycle Path   Setup -start 2

    Location             Delay type                Incr(ns)  Path(ns)    Netlist Resource(s)
  -------------------------------------------------------------------    -------------------
                         (clock clk_out300Mhz_DPU_sys_clk_wiz_0_0 rise edge)
                                                      0.000     0.000 r  
    BUFGCTRL_X0Y19       BUFG                         0.000     0.000 r  DPU_sys_i/processing_system7_0/inst/buffer_fclk_clk_0.FCLK_CLK_0_BUFG/O
                         net (fo=943, routed)         1.980     1.980    DPU_sys_i/clk_wiz_0/inst/clk_in1
    MMCME2_ADV_X1Y2      MMCME2_ADV (Prop_mmcme2_adv_CLKIN1_CLKOUT1)
                                                     -4.287    -2.307 r  DPU_sys_i/clk_wiz_0/inst/mmcm_adv_inst/CLKOUT1
                         net (fo=1, routed)           2.206    -0.101    DPU_sys_i/clk_wiz_0/inst/clk_out300Mhz_DPU_sys_clk_wiz_0_0
    BUFGCTRL_X0Y18       BUFG (Prop_bufg_I_O)         0.101    -0.000 r  DPU_sys_i/clk_wiz_0/inst/clkout2_buf/O
                         net (fo=25585, routed)       1.844     1.844    DPU_sys_i/dpu_eu_0/inst/g_e584eb07.u_822a997b/u_8329ce29/u_3aa346a2/u_dcd815c9/u_6c52c68e/g_7b54f91e[9].g_07af5fd4[0].g_9aa100cb[0].u_a326a45b/dpu_2x_clk
    SLICE_X40Y100        FDRE                                         r  DPU_sys_i/dpu_eu_0/inst/g_e584eb07.u_822a997b/u_8329ce29/u_3aa346a2/u_dcd815c9/u_6c52c68e/g_7b54f91e[9].g_07af5fd4[0].g_9aa100cb[0].u_a326a45b/g_6779d86c[0].s_35d09acc_reg[15]/C
  -------------------------------------------------------------------    -------------------
    SLICE_X40Y100        FDRE (Prop_fdre_C_Q)         0.419     2.263 r  DPU_sys_i/dpu_eu_0/inst/g_e584eb07.u_822a997b/u_8329ce29/u_3aa346a2/u_dcd815c9/u_6c52c68e/g_7b54f91e[9].g_07af5fd4[0].g_9aa100cb[0].u_a326a45b/g_6779d86c[0].s_35d09acc_reg[15]/Q
                         net (fo=6, routed)           2.168     4.431    DPU_sys_i/dpu_eu_0/inst/g_e584eb07.u_822a997b/u_8329ce29/u_3aa346a2/u_dcd815c9/u_cc4240ab/s_d01f2b17[9]
    SLICE_X29Y42         LUT5 (Prop_lut5_I4_O)        0.296     4.727 r  DPU_sys_i/dpu_eu_0/inst/g_e584eb07.u_822a997b/u_8329ce29/u_3aa346a2/u_dcd815c9/u_cc4240ab/g0_b1__0__0/O
                         net (fo=2, routed)           0.662     5.389    DPU_sys_i/dpu_eu_0/inst/g_e584eb07.u_822a997b/u_8329ce29/u_3aa346a2/u_dcd815c9/u_cc4240ab/g0_b1__0__0_n_0
    SLICE_X27Y42         LUT4 (Prop_lut4_I3_O)        0.153     5.542 r  DPU_sys_i/dpu_eu_0/inst/g_e584eb07.u_822a997b/u_8329ce29/u_3aa346a2/u_dcd815c9/u_cc4240ab/g0_b1__9__0/O
                         net (fo=2, routed)           0.794     6.336    DPU_sys_i/dpu_eu_0/inst/g_e584eb07.u_822a997b/u_8329ce29/u_3aa346a2/u_dcd815c9/u_6c52c68e/g_7b54f91e[10].g_07af5fd4[0].g_9aa100cb[0].u_a326a45b/s_98866fa5_14[1]
    SLICE_X25Y42         LUT4 (Prop_lut4_I2_O)        0.355     6.691 r  DPU_sys_i/dpu_eu_0/inst/g_e584eb07.u_822a997b/u_8329ce29/u_3aa346a2/u_dcd815c9/u_6c52c68e/g_7b54f91e[10].g_07af5fd4[0].g_9aa100cb[0].u_a326a45b/g_d5115c37[0].u_727df53e/g_7e013b5a[0].g_2f7783b8.u_342b4e00/g_54a8b342.u_b032a817/g_5c347808.g_78b48482[2].u_srl_i_1/O
                         net (fo=1, routed)           0.919     7.610    DPU_sys_i/dpu_eu_0/inst/g_e584eb07.u_822a997b/u_8329ce29/u_3aa346a2/u_dcd815c9/u_cc4240ab/g_d5115c37[0].u_727df53e/g_7e013b5a[0].g_2f7783b8.u_3a555dae/g_7e013b5a[0].g_2f7783b8.s_43e71ef4[1]
    SLICE_X22Y38         SRL16E                                       r  DPU_sys_i/dpu_eu_0/inst/g_e584eb07.u_822a997b/u_8329ce29/u_3aa346a2/u_dcd815c9/u_cc4240ab/g_d5115c37[0].u_727df53e/g_7e013b5a[0].g_2f7783b8.u_3a555dae/g_5c347808.g_78b48482[2].u_srl/D
  -------------------------------------------------------------------    -------------------

                         (clock clk_out150Mhz_DPU_sys_clk_wiz_0_0 rise edge)
                                                      6.667     6.667 r  
    BUFGCTRL_X0Y19       BUFG                         0.000     6.667 r  DPU_sys_i/processing_system7_0/inst/buffer_fclk_clk_0.FCLK_CLK_0_BUFG/O
                         net (fo=943, routed)         1.770     8.437    DPU_sys_i/clk_wiz_0/inst/clk_in1
    MMCME2_ADV_X1Y2      MMCME2_ADV (Prop_mmcme2_adv_CLKIN1_CLKOUT0)
                                                     -3.873     4.563 r  DPU_sys_i/clk_wiz_0/inst/mmcm_adv_inst/CLKOUT0
                         net (fo=1, routed)           2.012     6.576    DPU_sys_i/clk_wiz_0/inst/clk_out150Mhz_DPU_sys_clk_wiz_0_0
    BUFGCTRL_X0Y17       BUFG (Prop_bufg_I_O)         0.091     6.667 r  DPU_sys_i/clk_wiz_0/inst/clkout1_buf/O
                         net (fo=40816, routed)       1.575     8.242    DPU_sys_i/dpu_eu_0/inst/g_e584eb07.u_822a997b/u_8329ce29/u_3aa346a2/u_dcd815c9/u_cc4240ab/g_d5115c37[0].u_727df53e/g_7e013b5a[0].g_2f7783b8.u_3a555dae/m_axi_dpu_aclk
    SLICE_X22Y38         SRL16E                                       r  DPU_sys_i/dpu_eu_0/inst/g_e584eb07.u_822a997b/u_8329ce29/u_3aa346a2/u_dcd815c9/u_cc4240ab/g_d5115c37[0].u_727df53e/g_7e013b5a[0].g_2f7783b8.u_3a555dae/g_5c347808.g_78b48482[2].u_srl/CLK
                         clock pessimism             -0.204     8.038    
                         clock uncertainty           -0.193     7.845    
    SLICE_X22Y38         SRL16E (Setup_srl16e_CLK_D)
                                                     -0.232     7.613    DPU_sys_i/dpu_eu_0/inst/g_e584eb07.u_822a997b/u_8329ce29/u_3aa346a2/u_dcd815c9/u_cc4240ab/g_d5115c37[0].u_727df53e/g_7e013b5a[0].g_2f7783b8.u_3a555dae/g_5c347808.g_78b48482[2].u_srl
  -------------------------------------------------------------------
                         required time                          7.613    
                         arrival time                          -7.610    
  -------------------------------------------------------------------
                         slack                                  0.004    

Slack (MET) :             0.047ns  (required time - arrival time)
  Source:                 DPU_sys_i/dpu_eu_0/inst/g_e584eb07.u_822a997b/u_8329ce29/u_3aa346a2/u_dcd815c9/u_6c52c68e/g_7b54f91e[2].g_07af5fd4[0].g_9aa100cb[0].u_a326a45b/g_6779d86c[1].s_fcf4f443_reg[25]/C
                            (rising edge-triggered cell FDRE clocked by clk_out300Mhz_DPU_sys_clk_wiz_0_0  {rise@0.000ns fall@1.667ns period=3.333ns})
  Destination:            DPU_sys_i/dpu_eu_0/inst/g_e584eb07.u_822a997b/u_8329ce29/u_3aa346a2/u_dcd815c9/u_cc4240ab/g_d5115c37[1].u_727df53e/g_7e013b5a[2].u_17965cf0/g_3cbadd10[0].u_3f8488f4/g_76ac48ca.g_28df02a4[3].g_8de8756b.s_bc11f753_reg[17]/D
                            (rising edge-triggered cell FDRE clocked by clk_out150Mhz_DPU_sys_clk_wiz_0_0  {rise@0.000ns fall@3.333ns period=6.667ns})
  Path Group:             clk_out150Mhz_DPU_sys_clk_wiz_0_0
  Path Type:              Setup (Max at Slow Process Corner)
  Requirement:            6.667ns  (clk_out150Mhz_DPU_sys_clk_wiz_0_0 rise@6.667ns - clk_out300Mhz_DPU_sys_clk_wiz_0_0 rise@0.000ns)
  Data Path Delay:        5.832ns  (logic 1.424ns (24.415%)  route 4.408ns (75.585%))
  Logic Levels:           4  (CARRY4=3 LUT3=1)
  Clock Path Skew:        -0.703ns (DCD - SCD + CPR)
    Destination Clock Delay (DCD):    1.477ns = ( 8.143 - 6.667 ) 
    Source Clock Delay      (SCD):    1.976ns = ( 5.309 - 3.333 ) 
    Clock Pessimism Removal (CPR):    -0.204ns
  Clock Uncertainty:      0.193ns  ((TSJ^2 + DJ^2)^1/2) / 2 + PE
    Total System Jitter     (TSJ):    0.071ns
    Discrete Jitter          (DJ):    0.127ns
    Phase Error              (PE):    0.120ns
  Timing Exception:       MultiCycle Path   Setup -start 2

    Location             Delay type                Incr(ns)  Path(ns)    Netlist Resource(s)
  -------------------------------------------------------------------    -------------------
                         (clock clk_out300Mhz_DPU_sys_clk_wiz_0_0 rise edge)
                                                      0.000     0.000 r  
    BUFGCTRL_X0Y19       BUFG                         0.000     0.000 r  DPU_sys_i/processing_system7_0/inst/buffer_fclk_clk_0.FCLK_CLK_0_BUFG/O
                         net (fo=943, routed)         1.980     1.980    DPU_sys_i/clk_wiz_0/inst/clk_in1
    MMCME2_ADV_X1Y2      MMCME2_ADV (Prop_mmcme2_adv_CLKIN1_CLKOUT1)
                                                     -4.287    -2.307 r  DPU_sys_i/clk_wiz_0/inst/mmcm_adv_inst/CLKOUT1
                         net (fo=1, routed)           2.206    -0.101    DPU_sys_i/clk_wiz_0/inst/clk_out300Mhz_DPU_sys_clk_wiz_0_0
    BUFGCTRL_X0Y18       BUFG (Prop_bufg_I_O)         0.101    -0.000 r  DPU_sys_i/clk_wiz_0/inst/clkout2_buf/O
                         net (fo=25585, routed)       1.976     1.976    DPU_sys_i/dpu_eu_0/inst/g_e584eb07.u_822a997b/u_8329ce29/u_3aa346a2/u_dcd815c9/u_6c52c68e/g_7b54f91e[2].g_07af5fd4[0].g_9aa100cb[0].u_a326a45b/dpu_2x_clk
    SLICE_X97Y106        FDRE                                         r  DPU_sys_i/dpu_eu_0/inst/g_e584eb07.u_822a997b/u_8329ce29/u_3aa346a2/u_dcd815c9/u_6c52c68e/g_7b54f91e[2].g_07af5fd4[0].g_9aa100cb[0].u_a326a45b/g_6779d86c[1].s_fcf4f443_reg[25]/C
  -------------------------------------------------------------------    -------------------
    SLICE_X97Y106        FDRE (Prop_fdre_C_Q)         0.456     2.432 r  DPU_sys_i/dpu_eu_0/inst/g_e584eb07.u_822a997b/u_8329ce29/u_3aa346a2/u_dcd815c9/u_6c52c68e/g_7b54f91e[2].g_07af5fd4[0].g_9aa100cb[0].u_a326a45b/g_6779d86c[1].s_fcf4f443_reg[25]/Q
                         net (fo=3, routed)           3.786     6.218    DPU_sys_i/dpu_eu_0/inst/g_e584eb07.u_822a997b/u_8329ce29/u_3aa346a2/u_dcd815c9/u_6c52c68e/g_7b54f91e[1].g_07af5fd4[0].g_9aa100cb[0].u_a326a45b/g_76ac48ca.g_28df02a4[3].g_8de8756b.s_bc11f753_reg[15][206]
    SLICE_X33Y59         LUT3 (Prop_lut3_I2_O)        0.124     6.342 r  DPU_sys_i/dpu_eu_0/inst/g_e584eb07.u_822a997b/u_8329ce29/u_3aa346a2/u_dcd815c9/u_6c52c68e/g_7b54f91e[1].g_07af5fd4[0].g_9aa100cb[0].u_a326a45b/g_d5115c37[1].u_727df53e/g_7e013b5a[2].u_17965cf0/g_3cbadd10[0].u_3f8488f4/g_76ac48ca.g_28df02a4[3].g_8de8756b.u_77891990/g_76ac48ca.g_28df02a4[3].g_8de8756b.s_bc11f753[11]_i_3/O
                         net (fo=1, routed)           0.622     6.964    DPU_sys_i/dpu_eu_0/inst/g_e584eb07.u_822a997b_n_3588
    SLICE_X34Y59         CARRY4 (Prop_carry4_DI[2]_CO[3])
                                                      0.404     7.368 r  DPU_sys_i/dpu_eu_0/inst/g_d5115c37[1].u_727df53e/g_7e013b5a[2].u_17965cf0/g_3cbadd10[0].u_3f8488f4/g_76ac48ca.g_28df02a4[3].g_8de8756b.u_77891990/g_76ac48ca.g_28df02a4[3].g_8de8756b.s_bc11f753_reg[11]_i_1/CO[3]
                         net (fo=1, routed)           0.000     7.368    DPU_sys_i/dpu_eu_0/inst/g_d5115c37[1].u_727df53e/g_7e013b5a[2].u_17965cf0/g_3cbadd10[0].u_3f8488f4/g_76ac48ca.g_28df02a4[3].g_8de8756b.u_77891990/g_76ac48ca.g_28df02a4[3].g_8de8756b.s_bc11f753_reg[11]_i_1_n_0
    SLICE_X34Y60         CARRY4 (Prop_carry4_CI_CO[3])
                                                      0.117     7.485 r  DPU_sys_i/dpu_eu_0/inst/g_d5115c37[1].u_727df53e/g_7e013b5a[2].u_17965cf0/g_3cbadd10[0].u_3f8488f4/g_76ac48ca.g_28df02a4[3].g_8de8756b.u_77891990/g_76ac48ca.g_28df02a4[3].g_8de8756b.s_bc11f753_reg[15]_i_1/CO[3]
                         net (fo=1, routed)           0.000     7.485    DPU_sys_i/dpu_eu_0/inst/g_e584eb07.u_822a997b/u_8329ce29/u_3aa346a2/u_dcd815c9/u_6c52c68e/g_7b54f91e[1].g_07af5fd4[0].g_9aa100cb[0].u_a326a45b/g_76ac48ca.g_28df02a4[3].g_8de8756b.s_bc11f753_reg[17]_16[0]
    SLICE_X34Y61         CARRY4 (Prop_carry4_CI_O[1])
                                                      0.323     7.808 r  DPU_sys_i/dpu_eu_0/inst/g_e584eb07.u_822a997b/u_8329ce29/u_3aa346a2/u_dcd815c9/u_6c52c68e/g_7b54f91e[1].g_07af5fd4[0].g_9aa100cb[0].u_a326a45b/g_d5115c37[1].u_727df53e/g_7e013b5a[2].u_17965cf0/g_3cbadd10[0].u_3f8488f4/g_76ac48ca.g_28df02a4[3].g_8de8756b.u_77891990/g_76ac48ca.g_28df02a4[3].g_8de8756b.s_bc11f753_reg[17]_i_1/O[1]
                         net (fo=1, routed)           0.000     7.808    DPU_sys_i/dpu_eu_0/inst/g_e584eb07.u_822a997b/u_8329ce29/u_3aa346a2/u_dcd815c9/u_cc4240ab/g_d5115c37[1].u_727df53e/g_7e013b5a[2].u_17965cf0/g_3cbadd10[0].u_3f8488f4/g_76ac48ca.g_28df02a4[3].g_8de8756b.s_bc11f753_reg[17]_1[17]
    SLICE_X34Y61         FDRE                                         r  DPU_sys_i/dpu_eu_0/inst/g_e584eb07.u_822a997b/u_8329ce29/u_3aa346a2/u_dcd815c9/u_cc4240ab/g_d5115c37[1].u_727df53e/g_7e013b5a[2].u_17965cf0/g_3cbadd10[0].u_3f8488f4/g_76ac48ca.g_28df02a4[3].g_8de8756b.s_bc11f753_reg[17]/D
  -------------------------------------------------------------------    -------------------

                         (clock clk_out150Mhz_DPU_sys_clk_wiz_0_0 rise edge)
                                                      6.667     6.667 r  
    BUFGCTRL_X0Y19       BUFG                         0.000     6.667 r  DPU_sys_i/processing_system7_0/inst/buffer_fclk_clk_0.FCLK_CLK_0_BUFG/O
                         net (fo=943, routed)         1.770     8.437    DPU_sys_i/clk_wiz_0/inst/clk_in1
    MMCME2_ADV_X1Y2      MMCME2_ADV (Prop_mmcme2_adv_CLKIN1_CLKOUT0)
                                                     -3.873     4.563 r  DPU_sys_i/clk_wiz_0/inst/mmcm_adv_inst/CLKOUT0
                         net (fo=1, routed)           2.012     6.576    DPU_sys_i/clk_wiz_0/inst/clk_out150Mhz_DPU_sys_clk_wiz_0_0
    BUFGCTRL_X0Y17       BUFG (Prop_bufg_I_O)         0.091     6.667 r  DPU_sys_i/clk_wiz_0/inst/clkout1_buf/O
                         net (fo=40816, routed)       1.477     8.143    DPU_sys_i/dpu_eu_0/inst/g_e584eb07.u_822a997b/u_8329ce29/u_3aa346a2/u_dcd815c9/u_cc4240ab/g_d5115c37[1].u_727df53e/g_7e013b5a[2].u_17965cf0/g_3cbadd10[0].u_3f8488f4/m_axi_dpu_aclk
    SLICE_X34Y61         FDRE                                         r  DPU_sys_i/dpu_eu_0/inst/g_e584eb07.u_822a997b/u_8329ce29/u_3aa346a2/u_dcd815c9/u_cc4240ab/g_d5115c37[1].u_727df53e/g_7e013b5a[2].u_17965cf0/g_3cbadd10[0].u_3f8488f4/g_76ac48ca.g_28df02a4[3].g_8de8756b.s_bc11f753_reg[17]/C
                         clock pessimism             -0.204     7.940    
                         clock uncertainty           -0.193     7.747    
    SLICE_X34Y61         FDRE (Setup_fdre_C_D)        0.109     7.856    DPU_sys_i/dpu_eu_0/inst/g_e584eb07.u_822a997b/u_8329ce29/u_3aa346a2/u_dcd815c9/u_cc4240ab/g_d5115c37[1].u_727df53e/g_7e013b5a[2].u_17965cf0/g_3cbadd10[0].u_3f8488f4/g_76ac48ca.g_28df02a4[3].g_8de8756b.s_bc11f753_reg[17]
  -------------------------------------------------------------------
                         required time                          7.856    
                         arrival time                          -7.808    
  -------------------------------------------------------------------
                         slack                                  0.047    

Slack (MET) :             0.050ns  (required time - arrival time)
  Source:                 DPU_sys_i/dpu_eu_0/inst/g_e584eb07.u_822a997b/u_8329ce29/u_3aa346a2/u_dcd815c9/u_6c52c68e/g_7b54f91e[7].g_07af5fd4[0].g_9aa100cb[4].u_a326a45b/g_6779d86c[1].s_fcf4f443_reg[19]/C
                            (rising edge-triggered cell FDRE clocked by clk_out300Mhz_DPU_sys_clk_wiz_0_0  {rise@0.000ns fall@1.667ns period=3.333ns})
  Destination:            DPU_sys_i/dpu_eu_0/inst/g_e584eb07.u_822a997b/u_8329ce29/u_3aa346a2/u_dcd815c9/u_cc4240ab/g_d5115c37[9].u_727df53e/g_7e013b5a[2].u_17965cf0/g_3cbadd10[0].u_3f8488f4/g_76ac48ca.g_28df02a4[1].g_8de8756b.s_bc11f753_reg[17]/D
                            (rising edge-triggered cell FDRE clocked by clk_out150Mhz_DPU_sys_clk_wiz_0_0  {rise@0.000ns fall@3.333ns period=6.667ns})
  Path Group:             clk_out150Mhz_DPU_sys_clk_wiz_0_0
  Path Type:              Setup (Max at Slow Process Corner)
  Requirement:            6.667ns  (clk_out150Mhz_DPU_sys_clk_wiz_0_0 rise@6.667ns - clk_out300Mhz_DPU_sys_clk_wiz_0_0 rise@0.000ns)
  Data Path Delay:        5.931ns  (logic 1.668ns (28.125%)  route 4.263ns (71.875%))
  Logic Levels:           5  (CARRY4=4 LUT3=1)
  Clock Path Skew:        -0.555ns (DCD - SCD + CPR)
    Destination Clock Delay (DCD):    1.608ns = ( 8.274 - 6.667 ) 
    Source Clock Delay      (SCD):    1.959ns = ( 5.292 - 3.333 ) 
    Clock Pessimism Removal (CPR):    -0.204ns
  Clock Uncertainty:      0.193ns  ((TSJ^2 + DJ^2)^1/2) / 2 + PE
    Total System Jitter     (TSJ):    0.071ns
    Discrete Jitter          (DJ):    0.127ns
    Phase Error              (PE):    0.120ns
  Timing Exception:       MultiCycle Path   Setup -start 2

    Location             Delay type                Incr(ns)  Path(ns)    Netlist Resource(s)
  -------------------------------------------------------------------    -------------------
                         (clock clk_out300Mhz_DPU_sys_clk_wiz_0_0 rise edge)
                                                      0.000     0.000 r  
    BUFGCTRL_X0Y19       BUFG                         0.000     0.000 r  DPU_sys_i/processing_system7_0/inst/buffer_fclk_clk_0.FCLK_CLK_0_BUFG/O
                         net (fo=943, routed)         1.980     1.980    DPU_sys_i/clk_wiz_0/inst/clk_in1
    MMCME2_ADV_X1Y2      MMCME2_ADV (Prop_mmcme2_adv_CLKIN1_CLKOUT1)
                                                     -4.287    -2.307 r  DPU_sys_i/clk_wiz_0/inst/mmcm_adv_inst/CLKOUT1
                         net (fo=1, routed)           2.206    -0.101    DPU_sys_i/clk_wiz_0/inst/clk_out300Mhz_DPU_sys_clk_wiz_0_0
    BUFGCTRL_X0Y18       BUFG (Prop_bufg_I_O)         0.101    -0.000 r  DPU_sys_i/clk_wiz_0/inst/clkout2_buf/O
                         net (fo=25585, routed)       1.959     1.959    DPU_sys_i/dpu_eu_0/inst/g_e584eb07.u_822a997b/u_8329ce29/u_3aa346a2/u_dcd815c9/u_6c52c68e/g_7b54f91e[7].g_07af5fd4[0].g_9aa100cb[4].u_a326a45b/dpu_2x_clk
    SLICE_X101Y126       FDRE                                         r  DPU_sys_i/dpu_eu_0/inst/g_e584eb07.u_822a997b/u_8329ce29/u_3aa346a2/u_dcd815c9/u_6c52c68e/g_7b54f91e[7].g_07af5fd4[0].g_9aa100cb[4].u_a326a45b/g_6779d86c[1].s_fcf4f443_reg[19]/C
  -------------------------------------------------------------------    -------------------
    SLICE_X101Y126       FDRE (Prop_fdre_C_Q)         0.456     2.415 r  DPU_sys_i/dpu_eu_0/inst/g_e584eb07.u_822a997b/u_8329ce29/u_3aa346a2/u_dcd815c9/u_6c52c68e/g_7b54f91e[7].g_07af5fd4[0].g_9aa100cb[4].u_a326a45b/g_6779d86c[1].s_fcf4f443_reg[19]/Q
                         net (fo=3, routed)           3.615     6.030    DPU_sys_i/dpu_eu_0/inst/g_e584eb07.u_822a997b/u_8329ce29/u_3aa346a2/u_dcd815c9/u_6c52c68e/g_7b54f91e[7].g_07af5fd4[0].g_9aa100cb[4].u_a326a45b/g_6779d86c[1].s_fcf4f443_reg[14]_0[40]
    SLICE_X100Y50        LUT3 (Prop_lut3_I0_O)        0.124     6.154 r  DPU_sys_i/dpu_eu_0/inst/g_e584eb07.u_822a997b/u_8329ce29/u_3aa346a2/u_dcd815c9/u_6c52c68e/g_7b54f91e[7].g_07af5fd4[0].g_9aa100cb[4].u_a326a45b/g_d5115c37[9].u_727df53e/g_7e013b5a[2].u_17965cf0/g_3cbadd10[0].u_3f8488f4/g_76ac48ca.g_28df02a4[1].g_8de8756b.u_77891990/g_76ac48ca.g_28df02a4[1].g_8de8756b.s_bc11f753[7]_i_5/O
                         net (fo=1, routed)           0.647     6.802    DPU_sys_i/dpu_eu_0/inst/g_e584eb07.u_822a997b_n_8844
    SLICE_X101Y50        CARRY4 (Prop_carry4_DI[0]_CO[3])
                                                      0.526     7.328 r  DPU_sys_i/dpu_eu_0/inst/g_d5115c37[9].u_727df53e/g_7e013b5a[2].u_17965cf0/g_3cbadd10[0].u_3f8488f4/g_76ac48ca.g_28df02a4[1].g_8de8756b.u_77891990/g_76ac48ca.g_28df02a4[1].g_8de8756b.s_bc11f753_reg[7]_i_1/CO[3]
                         net (fo=1, routed)           0.000     7.328    DPU_sys_i/dpu_eu_0/inst/g_d5115c37[9].u_727df53e/g_7e013b5a[2].u_17965cf0/g_3cbadd10[0].u_3f8488f4/g_76ac48ca.g_28df02a4[1].g_8de8756b.u_77891990/g_76ac48ca.g_28df02a4[1].g_8de8756b.s_bc11f753_reg[7]_i_1_n_0
    SLICE_X101Y51        CARRY4 (Prop_carry4_CI_CO[3])
                                                      0.114     7.442 r  DPU_sys_i/dpu_eu_0/inst/g_d5115c37[9].u_727df53e/g_7e013b5a[2].u_17965cf0/g_3cbadd10[0].u_3f8488f4/g_76ac48ca.g_28df02a4[1].g_8de8756b.u_77891990/g_76ac48ca.g_28df02a4[1].g_8de8756b.s_bc11f753_reg[11]_i_1/CO[3]
                         net (fo=1, routed)           0.000     7.442    DPU_sys_i/dpu_eu_0/inst/g_d5115c37[9].u_727df53e/g_7e013b5a[2].u_17965cf0/g_3cbadd10[0].u_3f8488f4/g_76ac48ca.g_28df02a4[1].g_8de8756b.u_77891990/g_76ac48ca.g_28df02a4[1].g_8de8756b.s_bc11f753_reg[11]_i_1_n_0
    SLICE_X101Y52        CARRY4 (Prop_carry4_CI_CO[3])
                                                      0.114     7.556 r  DPU_sys_i/dpu_eu_0/inst/g_d5115c37[9].u_727df53e/g_7e013b5a[2].u_17965cf0/g_3cbadd10[0].u_3f8488f4/g_76ac48ca.g_28df02a4[1].g_8de8756b.u_77891990/g_76ac48ca.g_28df02a4[1].g_8de8756b.s_bc11f753_reg[15]_i_1/CO[3]
                         net (fo=1, routed)           0.000     7.556    DPU_sys_i/dpu_eu_0/inst/g_e584eb07.u_822a997b/u_8329ce29/u_3aa346a2/u_dcd815c9/u_6c52c68e/g_7b54f91e[7].g_07af5fd4[0].g_9aa100cb[4].u_a326a45b/g_76ac48ca.g_28df02a4[1].g_8de8756b.s_bc11f753_reg[17]_16[0]
    SLICE_X101Y53        CARRY4 (Prop_carry4_CI_O[1])
                                                      0.334     7.890 r  DPU_sys_i/dpu_eu_0/inst/g_e584eb07.u_822a997b/u_8329ce29/u_3aa346a2/u_dcd815c9/u_6c52c68e/g_7b54f91e[7].g_07af5fd4[0].g_9aa100cb[4].u_a326a45b/g_d5115c37[9].u_727df53e/g_7e013b5a[2].u_17965cf0/g_3cbadd10[0].u_3f8488f4/g_76ac48ca.g_28df02a4[1].g_8de8756b.u_77891990/g_76ac48ca.g_28df02a4[1].g_8de8756b.s_bc11f753_reg[17]_i_1/O[1]
                         net (fo=1, routed)           0.000     7.890    DPU_sys_i/dpu_eu_0/inst/g_e584eb07.u_822a997b/u_8329ce29/u_3aa346a2/u_dcd815c9/u_cc4240ab/g_d5115c37[9].u_727df53e/g_7e013b5a[2].u_17965cf0/g_3cbadd10[0].u_3f8488f4/g_76ac48ca.g_28df02a4[1].g_8de8756b.s_bc11f753_reg[17]_1[17]
    SLICE_X101Y53        FDRE                                         r  DPU_sys_i/dpu_eu_0/inst/g_e584eb07.u_822a997b/u_8329ce29/u_3aa346a2/u_dcd815c9/u_cc4240ab/g_d5115c37[9].u_727df53e/g_7e013b5a[2].u_17965cf0/g_3cbadd10[0].u_3f8488f4/g_76ac48ca.g_28df02a4[1].g_8de8756b.s_bc11f753_reg[17]/D
  -------------------------------------------------------------------    -------------------

                         (clock clk_out150Mhz_DPU_sys_clk_wiz_0_0 rise edge)
                                                      6.667     6.667 r  
    BUFGCTRL_X0Y19       BUFG                         0.000     6.667 r  DPU_sys_i/processing_system7_0/inst/buffer_fclk_clk_0.FCLK_CLK_0_BUFG/O
                         net (fo=943, routed)         1.770     8.437    DPU_sys_i/clk_wiz_0/inst/clk_in1
    MMCME2_ADV_X1Y2      MMCME2_ADV (Prop_mmcme2_adv_CLKIN1_CLKOUT0)
                                                     -3.873     4.563 r  DPU_sys_i/clk_wiz_0/inst/mmcm_adv_inst/CLKOUT0
                         net (fo=1, routed)           2.012     6.576    DPU_sys_i/clk_wiz_0/inst/clk_out150Mhz_DPU_sys_clk_wiz_0_0
    BUFGCTRL_X0Y17       BUFG (Prop_bufg_I_O)         0.091     6.667 r  DPU_sys_i/clk_wiz_0/inst/clkout1_buf/O
                         net (fo=40816, routed)       1.608     8.274    DPU_sys_i/dpu_eu_0/inst/g_e584eb07.u_822a997b/u_8329ce29/u_3aa346a2/u_dcd815c9/u_cc4240ab/g_d5115c37[9].u_727df53e/g_7e013b5a[2].u_17965cf0/g_3cbadd10[0].u_3f8488f4/m_axi_dpu_aclk
    SLICE_X101Y53        FDRE                                         r  DPU_sys_i/dpu_eu_0/inst/g_e584eb07.u_822a997b/u_8329ce29/u_3aa346a2/u_dcd815c9/u_cc4240ab/g_d5115c37[9].u_727df53e/g_7e013b5a[2].u_17965cf0/g_3cbadd10[0].u_3f8488f4/g_76ac48ca.g_28df02a4[1].g_8de8756b.s_bc11f753_reg[17]/C
                         clock pessimism             -0.204     8.071    
                         clock uncertainty           -0.193     7.878    
    SLICE_X101Y53        FDRE (Setup_fdre_C_D)        0.062     7.940    DPU_sys_i/dpu_eu_0/inst/g_e584eb07.u_822a997b/u_8329ce29/u_3aa346a2/u_dcd815c9/u_cc4240ab/g_d5115c37[9].u_727df53e/g_7e013b5a[2].u_17965cf0/g_3cbadd10[0].u_3f8488f4/g_76ac48ca.g_28df02a4[1].g_8de8756b.s_bc11f753_reg[17]
  -------------------------------------------------------------------
                         required time                          7.940    
                         arrival time                          -7.890    
  -------------------------------------------------------------------
                         slack                                  0.050    

Slack (MET) :             0.083ns  (required time - arrival time)
  Source:                 DPU_sys_i/dpu_eu_0/inst/g_e584eb07.u_822a997b/u_8329ce29/u_3aa346a2/u_dcd815c9/u_6c52c68e/g_7b54f91e[0].g_07af5fd4[0].g_9aa100cb[4].u_a326a45b/g_6779d86c[1].s_fcf4f443_reg[3]/C
                            (rising edge-triggered cell FDRE clocked by clk_out300Mhz_DPU_sys_clk_wiz_0_0  {rise@0.000ns fall@1.667ns period=3.333ns})
  Destination:            DPU_sys_i/dpu_eu_0/inst/g_e584eb07.u_822a997b/u_8329ce29/u_3aa346a2/u_dcd815c9/u_cc4240ab/g_d5115c37[9].u_727df53e/g_7e013b5a[3].u_17965cf0/g_3cbadd10[0].u_3f8488f4/g_76ac48ca.g_28df02a4[3].g_8de8756b.s_bc11f753_reg[17]/D
                            (rising edge-triggered cell FDRE clocked by clk_out150Mhz_DPU_sys_clk_wiz_0_0  {rise@0.000ns fall@3.333ns period=6.667ns})
  Path Group:             clk_out150Mhz_DPU_sys_clk_wiz_0_0
  Path Type:              Setup (Max at Slow Process Corner)
  Requirement:            6.667ns  (clk_out150Mhz_DPU_sys_clk_wiz_0_0 rise@6.667ns - clk_out300Mhz_DPU_sys_clk_wiz_0_0 rise@0.000ns)
  Data Path Delay:        5.953ns  (logic 1.822ns (30.609%)  route 4.131ns (69.391%))
  Logic Levels:           5  (CARRY4=4 LUT3=1)
  Clock Path Skew:        -0.547ns (DCD - SCD + CPR)
    Destination Clock Delay (DCD):    1.623ns = ( 8.290 - 6.667 ) 
    Source Clock Delay      (SCD):    1.967ns = ( 5.300 - 3.333 ) 
    Clock Pessimism Removal (CPR):    -0.204ns
  Clock Uncertainty:      0.193ns  ((TSJ^2 + DJ^2)^1/2) / 2 + PE
    Total System Jitter     (TSJ):    0.071ns
    Discrete Jitter          (DJ):    0.127ns
    Phase Error              (PE):    0.120ns
  Timing Exception:       MultiCycle Path   Setup -start 2

    Location             Delay type                Incr(ns)  Path(ns)    Netlist Resource(s)
  -------------------------------------------------------------------    -------------------
                         (clock clk_out300Mhz_DPU_sys_clk_wiz_0_0 rise edge)
                                                      0.000     0.000 r  
    BUFGCTRL_X0Y19       BUFG                         0.000     0.000 r  DPU_sys_i/processing_system7_0/inst/buffer_fclk_clk_0.FCLK_CLK_0_BUFG/O
                         net (fo=943, routed)         1.980     1.980    DPU_sys_i/clk_wiz_0/inst/clk_in1
    MMCME2_ADV_X1Y2      MMCME2_ADV (Prop_mmcme2_adv_CLKIN1_CLKOUT1)
                                                     -4.287    -2.307 r  DPU_sys_i/clk_wiz_0/inst/mmcm_adv_inst/CLKOUT1
                         net (fo=1, routed)           2.206    -0.101    DPU_sys_i/clk_wiz_0/inst/clk_out300Mhz_DPU_sys_clk_wiz_0_0
    BUFGCTRL_X0Y18       BUFG (Prop_bufg_I_O)         0.101    -0.000 r  DPU_sys_i/clk_wiz_0/inst/clkout2_buf/O
                         net (fo=25585, routed)       1.967     1.967    DPU_sys_i/dpu_eu_0/inst/g_e584eb07.u_822a997b/u_8329ce29/u_3aa346a2/u_dcd815c9/u_6c52c68e/g_7b54f91e[0].g_07af5fd4[0].g_9aa100cb[4].u_a326a45b/dpu_2x_clk
    SLICE_X97Y117        FDRE                                         r  DPU_sys_i/dpu_eu_0/inst/g_e584eb07.u_822a997b/u_8329ce29/u_3aa346a2/u_dcd815c9/u_6c52c68e/g_7b54f91e[0].g_07af5fd4[0].g_9aa100cb[4].u_a326a45b/g_6779d86c[1].s_fcf4f443_reg[3]/C
  -------------------------------------------------------------------    -------------------
    SLICE_X97Y117        FDRE (Prop_fdre_C_Q)         0.419     2.386 r  DPU_sys_i/dpu_eu_0/inst/g_e584eb07.u_822a997b/u_8329ce29/u_3aa346a2/u_dcd815c9/u_6c52c68e/g_7b54f91e[0].g_07af5fd4[0].g_9aa100cb[4].u_a326a45b/g_6779d86c[1].s_fcf4f443_reg[3]/Q
                         net (fo=3, routed)           3.325     5.711    DPU_sys_i/dpu_eu_0/inst/g_e584eb07.u_822a997b/u_8329ce29/u_3aa346a2/u_dcd815c9/u_6c52c68e/g_7b54f91e[1].g_07af5fd4[0].g_9aa100cb[4].u_a326a45b/g_76ac48ca.g_28df02a4[3].g_8de8756b.s_bc11f753_reg[15][215]
    SLICE_X103Y36        LUT3 (Prop_lut3_I1_O)        0.296     6.007 r  DPU_sys_i/dpu_eu_0/inst/g_e584eb07.u_822a997b/u_8329ce29/u_3aa346a2/u_dcd815c9/u_6c52c68e/g_7b54f91e[1].g_07af5fd4[0].g_9aa100cb[4].u_a326a45b/g_d5115c37[9].u_727df53e/g_7e013b5a[3].u_17965cf0/g_3cbadd10[0].u_3f8488f4/g_76ac48ca.g_28df02a4[3].g_8de8756b.u_77891990/g_76ac48ca.g_28df02a4[3].g_8de8756b.s_bc11f753[7]_i_5/O
                         net (fo=1, routed)           0.806     6.813    DPU_sys_i/dpu_eu_0/inst/g_e584eb07.u_822a997b_n_9068
    SLICE_X102Y37        CARRY4 (Prop_carry4_DI[0]_CO[3])
                                                      0.550     7.363 r  DPU_sys_i/dpu_eu_0/inst/g_d5115c37[9].u_727df53e/g_7e013b5a[3].u_17965cf0/g_3cbadd10[0].u_3f8488f4/g_76ac48ca.g_28df02a4[3].g_8de8756b.u_77891990/g_76ac48ca.g_28df02a4[3].g_8de8756b.s_bc11f753_reg[7]_i_1/CO[3]
                         net (fo=1, routed)           0.000     7.363    DPU_sys_i/dpu_eu_0/inst/g_d5115c37[9].u_727df53e/g_7e013b5a[3].u_17965cf0/g_3cbadd10[0].u_3f8488f4/g_76ac48ca.g_28df02a4[3].g_8de8756b.u_77891990/g_76ac48ca.g_28df02a4[3].g_8de8756b.s_bc11f753_reg[7]_i_1_n_0
    SLICE_X102Y38        CARRY4 (Prop_carry4_CI_CO[3])
                                                      0.117     7.480 r  DPU_sys_i/dpu_eu_0/inst/g_d5115c37[9].u_727df53e/g_7e013b5a[3].u_17965cf0/g_3cbadd10[0].u_3f8488f4/g_76ac48ca.g_28df02a4[3].g_8de8756b.u_77891990/g_76ac48ca.g_28df02a4[3].g_8de8756b.s_bc11f753_reg[11]_i_1/CO[3]
                         net (fo=1, routed)           0.000     7.480    DPU_sys_i/dpu_eu_0/inst/g_d5115c37[9].u_727df53e/g_7e013b5a[3].u_17965cf0/g_3cbadd10[0].u_3f8488f4/g_76ac48ca.g_28df02a4[3].g_8de8756b.u_77891990/g_76ac48ca.g_28df02a4[3].g_8de8756b.s_bc11f753_reg[11]_i_1_n_0
    SLICE_X102Y39        CARRY4 (Prop_carry4_CI_CO[3])
                                                      0.117     7.597 r  DPU_sys_i/dpu_eu_0/inst/g_d5115c37[9].u_727df53e/g_7e013b5a[3].u_17965cf0/g_3cbadd10[0].u_3f8488f4/g_76ac48ca.g_28df02a4[3].g_8de8756b.u_77891990/g_76ac48ca.g_28df02a4[3].g_8de8756b.s_bc11f753_reg[15]_i_1/CO[3]
                         net (fo=1, routed)           0.000     7.597    DPU_sys_i/dpu_eu_0/inst/g_e584eb07.u_822a997b/u_8329ce29/u_3aa346a2/u_dcd815c9/u_6c52c68e/g_7b54f91e[1].g_07af5fd4[0].g_9aa100cb[4].u_a326a45b/g_76ac48ca.g_28df02a4[3].g_8de8756b.s_bc11f753_reg[17]_18[0]
    SLICE_X102Y40        CARRY4 (Prop_carry4_CI_O[1])
                                                      0.323     7.920 r  DPU_sys_i/dpu_eu_0/inst/g_e584eb07.u_822a997b/u_8329ce29/u_3aa346a2/u_dcd815c9/u_6c52c68e/g_7b54f91e[1].g_07af5fd4[0].g_9aa100cb[4].u_a326a45b/g_d5115c37[9].u_727df53e/g_7e013b5a[3].u_17965cf0/g_3cbadd10[0].u_3f8488f4/g_76ac48ca.g_28df02a4[3].g_8de8756b.u_77891990/g_76ac48ca.g_28df02a4[3].g_8de8756b.s_bc11f753_reg[17]_i_1/O[1]
                         net (fo=1, routed)           0.000     7.920    DPU_sys_i/dpu_eu_0/inst/g_e584eb07.u_822a997b/u_8329ce29/u_3aa346a2/u_dcd815c9/u_cc4240ab/g_d5115c37[9].u_727df53e/g_7e013b5a[3].u_17965cf0/g_3cbadd10[0].u_3f8488f4/g_76ac48ca.g_28df02a4[3].g_8de8756b.s_bc11f753_reg[17]_1[17]
    SLICE_X102Y40        FDRE                                         r  DPU_sys_i/dpu_eu_0/inst/g_e584eb07.u_822a997b/u_8329ce29/u_3aa346a2/u_dcd815c9/u_cc4240ab/g_d5115c37[9].u_727df53e/g_7e013b5a[3].u_17965cf0/g_3cbadd10[0].u_3f8488f4/g_76ac48ca.g_28df02a4[3].g_8de8756b.s_bc11f753_reg[17]/D
  -------------------------------------------------------------------    -------------------

                         (clock clk_out150Mhz_DPU_sys_clk_wiz_0_0 rise edge)
                                                      6.667     6.667 r  
    BUFGCTRL_X0Y19       BUFG                         0.000     6.667 r  DPU_sys_i/processing_system7_0/inst/buffer_fclk_clk_0.FCLK_CLK_0_BUFG/O
                         net (fo=943, routed)         1.770     8.437    DPU_sys_i/clk_wiz_0/inst/clk_in1
    MMCME2_ADV_X1Y2      MMCME2_ADV (Prop_mmcme2_adv_CLKIN1_CLKOUT0)
                                                     -3.873     4.563 r  DPU_sys_i/clk_wiz_0/inst/mmcm_adv_inst/CLKOUT0
                         net (fo=1, routed)           2.012     6.576    DPU_sys_i/clk_wiz_0/inst/clk_out150Mhz_DPU_sys_clk_wiz_0_0
    BUFGCTRL_X0Y17       BUFG (Prop_bufg_I_O)         0.091     6.667 r  DPU_sys_i/clk_wiz_0/inst/clkout1_buf/O
                         net (fo=40816, routed)       1.623     8.290    DPU_sys_i/dpu_eu_0/inst/g_e584eb07.u_822a997b/u_8329ce29/u_3aa346a2/u_dcd815c9/u_cc4240ab/g_d5115c37[9].u_727df53e/g_7e013b5a[3].u_17965cf0/g_3cbadd10[0].u_3f8488f4/m_axi_dpu_aclk
    SLICE_X102Y40        FDRE                                         r  DPU_sys_i/dpu_eu_0/inst/g_e584eb07.u_822a997b/u_8329ce29/u_3aa346a2/u_dcd815c9/u_cc4240ab/g_d5115c37[9].u_727df53e/g_7e013b5a[3].u_17965cf0/g_3cbadd10[0].u_3f8488f4/g_76ac48ca.g_28df02a4[3].g_8de8756b.s_bc11f753_reg[17]/C
                         clock pessimism             -0.204     8.086    
                         clock uncertainty           -0.193     7.893    
    SLICE_X102Y40        FDRE (Setup_fdre_C_D)        0.109     8.002    DPU_sys_i/dpu_eu_0/inst/g_e584eb07.u_822a997b/u_8329ce29/u_3aa346a2/u_dcd815c9/u_cc4240ab/g_d5115c37[9].u_727df53e/g_7e013b5a[3].u_17965cf0/g_3cbadd10[0].u_3f8488f4/g_76ac48ca.g_28df02a4[3].g_8de8756b.s_bc11f753_reg[17]
  -------------------------------------------------------------------
                         required time                          8.002    
                         arrival time                          -7.920    
  -------------------------------------------------------------------
                         slack                                  0.083    

Slack (MET) :             0.120ns  (required time - arrival time)
  Source:                 DPU_sys_i/dpu_eu_0/inst/g_e584eb07.u_822a997b/u_8329ce29/u_3aa346a2/u_dcd815c9/u_6c52c68e/g_7b54f91e[1].g_07af5fd4[0].g_9aa100cb[1].u_a326a45b/g_6779d86c[0].s_fcf4f443_reg[15]/C
                            (rising edge-triggered cell FDRE clocked by clk_out300Mhz_DPU_sys_clk_wiz_0_0  {rise@0.000ns fall@1.667ns period=3.333ns})
  Destination:            DPU_sys_i/dpu_eu_0/inst/g_e584eb07.u_822a997b/u_8329ce29/u_3aa346a2/u_dcd815c9/u_cc4240ab/g_d5115c37[3].u_727df53e/g_7e013b5a[0].g_2f7783b8.u_3a555dae/g_5c347808.g_78b48482[2].u_srl/D
                            (rising edge-triggered cell SRL16E clocked by clk_out150Mhz_DPU_sys_clk_wiz_0_0  {rise@0.000ns fall@3.333ns period=6.667ns})
  Path Group:             clk_out150Mhz_DPU_sys_clk_wiz_0_0
  Path Type:              Setup (Max at Slow Process Corner)
  Requirement:            6.667ns  (clk_out150Mhz_DPU_sys_clk_wiz_0_0 rise@6.667ns - clk_out300Mhz_DPU_sys_clk_wiz_0_0 rise@0.000ns)
  Data Path Delay:        5.692ns  (logic 1.314ns (23.084%)  route 4.378ns (76.916%))
  Logic Levels:           3  (LUT4=2 LUT5=1)
  Clock Path Skew:        -0.428ns (DCD - SCD + CPR)
    Destination Clock Delay (DCD):    1.474ns = ( 8.140 - 6.667 ) 
    Source Clock Delay      (SCD):    1.698ns = ( 5.031 - 3.333 ) 
    Clock Pessimism Removal (CPR):    -0.204ns
  Clock Uncertainty:      0.193ns  ((TSJ^2 + DJ^2)^1/2) / 2 + PE
    Total System Jitter     (TSJ):    0.071ns
    Discrete Jitter          (DJ):    0.127ns
    Phase Error              (PE):    0.120ns
  Timing Exception:       MultiCycle Path   Setup -start 2

    Location             Delay type                Incr(ns)  Path(ns)    Netlist Resource(s)
  -------------------------------------------------------------------    -------------------
                         (clock clk_out300Mhz_DPU_sys_clk_wiz_0_0 rise edge)
                                                      0.000     0.000 r  
    BUFGCTRL_X0Y19       BUFG                         0.000     0.000 r  DPU_sys_i/processing_system7_0/inst/buffer_fclk_clk_0.FCLK_CLK_0_BUFG/O
                         net (fo=943, routed)         1.980     1.980    DPU_sys_i/clk_wiz_0/inst/clk_in1
    MMCME2_ADV_X1Y2      MMCME2_ADV (Prop_mmcme2_adv_CLKIN1_CLKOUT1)
                                                     -4.287    -2.307 r  DPU_sys_i/clk_wiz_0/inst/mmcm_adv_inst/CLKOUT1
                         net (fo=1, routed)           2.206    -0.101    DPU_sys_i/clk_wiz_0/inst/clk_out300Mhz_DPU_sys_clk_wiz_0_0
    BUFGCTRL_X0Y18       BUFG (Prop_bufg_I_O)         0.101    -0.000 r  DPU_sys_i/clk_wiz_0/inst/clkout2_buf/O
                         net (fo=25585, routed)       1.698     1.698    DPU_sys_i/dpu_eu_0/inst/g_e584eb07.u_822a997b/u_8329ce29/u_3aa346a2/u_dcd815c9/u_6c52c68e/g_7b54f91e[1].g_07af5fd4[0].g_9aa100cb[1].u_a326a45b/dpu_2x_clk
    SLICE_X64Y77         FDRE                                         r  DPU_sys_i/dpu_eu_0/inst/g_e584eb07.u_822a997b/u_8329ce29/u_3aa346a2/u_dcd815c9/u_6c52c68e/g_7b54f91e[1].g_07af5fd4[0].g_9aa100cb[1].u_a326a45b/g_6779d86c[0].s_fcf4f443_reg[15]/C
  -------------------------------------------------------------------    -------------------
    SLICE_X64Y77         FDRE (Prop_fdre_C_Q)         0.456     2.154 r  DPU_sys_i/dpu_eu_0/inst/g_e584eb07.u_822a997b/u_8329ce29/u_3aa346a2/u_dcd815c9/u_6c52c68e/g_7b54f91e[1].g_07af5fd4[0].g_9aa100cb[1].u_a326a45b/g_6779d86c[0].s_fcf4f443_reg[15]/Q
                         net (fo=8, routed)           2.015     4.169    DPU_sys_i/dpu_eu_0/inst/g_e584eb07.u_822a997b/u_8329ce29/u_3aa346a2/u_dcd815c9/u_cc4240ab/s_d01f2b17[73]
    SLICE_X39Y70         LUT5 (Prop_lut5_I1_O)        0.152     4.321 r  DPU_sys_i/dpu_eu_0/inst/g_e584eb07.u_822a997b/u_8329ce29/u_3aa346a2/u_dcd815c9/u_cc4240ab/g0_b0__3__1/O
                         net (fo=3, routed)           1.007     5.328    DPU_sys_i/dpu_eu_0/inst/g_e584eb07.u_822a997b/u_8329ce29/u_3aa346a2/u_dcd815c9/u_cc4240ab/sel_29[0]
    SLICE_X37Y64         LUT4 (Prop_lut4_I2_O)        0.354     5.682 r  DPU_sys_i/dpu_eu_0/inst/g_e584eb07.u_822a997b/u_8329ce29/u_3aa346a2/u_dcd815c9/u_cc4240ab/g0_b1__18__1/O
                         net (fo=2, routed)           0.739     6.421    DPU_sys_i/dpu_eu_0/inst/g_e584eb07.u_822a997b/u_8329ce29/u_3aa346a2/u_dcd815c9/u_cc4240ab/g_d5115c37[3].u_727df53e/g_7e013b5a[0].g_2f7783b8.u_342b4e00/g_54a8b342.u_b032a817/g_5c347808.g_78b48482[2].s_b3fb9c55_reg
    SLICE_X42Y64         LUT4 (Prop_lut4_I0_O)        0.352     6.773 r  DPU_sys_i/dpu_eu_0/inst/g_e584eb07.u_822a997b/u_8329ce29/u_3aa346a2/u_dcd815c9/u_cc4240ab/g_d5115c37[3].u_727df53e/g_7e013b5a[0].g_2f7783b8.u_342b4e00/g_54a8b342.u_b032a817/s_b3025657/O
                         net (fo=1, routed)           0.617     7.390    DPU_sys_i/dpu_eu_0/inst/g_e584eb07.u_822a997b/u_8329ce29/u_3aa346a2/u_dcd815c9/u_cc4240ab/g_d5115c37[3].u_727df53e/g_7e013b5a[0].g_2f7783b8.u_3a555dae/g_7e013b5a[0].g_2f7783b8.s_43e71ef4[0]
    SLICE_X46Y62         SRL16E                                       r  DPU_sys_i/dpu_eu_0/inst/g_e584eb07.u_822a997b/u_8329ce29/u_3aa346a2/u_dcd815c9/u_cc4240ab/g_d5115c37[3].u_727df53e/g_7e013b5a[0].g_2f7783b8.u_3a555dae/g_5c347808.g_78b48482[2].u_srl/D
  -------------------------------------------------------------------    -------------------

                         (clock clk_out150Mhz_DPU_sys_clk_wiz_0_0 rise edge)
                                                      6.667     6.667 r  
    BUFGCTRL_X0Y19       BUFG                         0.000     6.667 r  DPU_sys_i/processing_system7_0/inst/buffer_fclk_clk_0.FCLK_CLK_0_BUFG/O
                         net (fo=943, routed)         1.770     8.437    DPU_sys_i/clk_wiz_0/inst/clk_in1
    MMCME2_ADV_X1Y2      MMCME2_ADV (Prop_mmcme2_adv_CLKIN1_CLKOUT0)
                                                     -3.873     4.563 r  DPU_sys_i/clk_wiz_0/inst/mmcm_adv_inst/CLKOUT0
                         net (fo=1, routed)           2.012     6.576    DPU_sys_i/clk_wiz_0/inst/clk_out150Mhz_DPU_sys_clk_wiz_0_0
    BUFGCTRL_X0Y17       BUFG (Prop_bufg_I_O)         0.091     6.667 r  DPU_sys_i/clk_wiz_0/inst/clkout1_buf/O
                         net (fo=40816, routed)       1.474     8.140    DPU_sys_i/dpu_eu_0/inst/g_e584eb07.u_822a997b/u_8329ce29/u_3aa346a2/u_dcd815c9/u_cc4240ab/g_d5115c37[3].u_727df53e/g_7e013b5a[0].g_2f7783b8.u_3a555dae/m_axi_dpu_aclk
    SLICE_X46Y62         SRL16E                                       r  DPU_sys_i/dpu_eu_0/inst/g_e584eb07.u_822a997b/u_8329ce29/u_3aa346a2/u_dcd815c9/u_cc4240ab/g_d5115c37[3].u_727df53e/g_7e013b5a[0].g_2f7783b8.u_3a555dae/g_5c347808.g_78b48482[2].u_srl/CLK
                         clock pessimism             -0.204     7.937    
                         clock uncertainty           -0.193     7.744    
    SLICE_X46Y62         SRL16E (Setup_srl16e_CLK_D)
                                                     -0.234     7.510    DPU_sys_i/dpu_eu_0/inst/g_e584eb07.u_822a997b/u_8329ce29/u_3aa346a2/u_dcd815c9/u_cc4240ab/g_d5115c37[3].u_727df53e/g_7e013b5a[0].g_2f7783b8.u_3a555dae/g_5c347808.g_78b48482[2].u_srl
  -------------------------------------------------------------------
                         required time                          7.510    
                         arrival time                          -7.390    
  -------------------------------------------------------------------
                         slack                                  0.120    

Slack (MET) :             0.127ns  (required time - arrival time)
  Source:                 DPU_sys_i/dpu_eu_0/inst/g_e584eb07.u_822a997b/u_8329ce29/u_3aa346a2/u_dcd815c9/u_6c52c68e/g_7b54f91e[6].g_07af5fd4[0].g_9aa100cb[4].u_a326a45b/g_6779d86c[1].s_fcf4f443_reg[3]/C
                            (rising edge-triggered cell FDRE clocked by clk_out300Mhz_DPU_sys_clk_wiz_0_0  {rise@0.000ns fall@1.667ns period=3.333ns})
  Destination:            DPU_sys_i/dpu_eu_0/inst/g_e584eb07.u_822a997b/u_8329ce29/u_3aa346a2/u_dcd815c9/u_cc4240ab/g_d5115c37[9].u_727df53e/g_7e013b5a[3].u_17965cf0/g_3cbadd10[0].u_3f8488f4/g_76ac48ca.g_28df02a4[1].g_8de8756b.s_bc11f753_reg[17]/D
                            (rising edge-triggered cell FDRE clocked by clk_out150Mhz_DPU_sys_clk_wiz_0_0  {rise@0.000ns fall@3.333ns period=6.667ns})
  Path Group:             clk_out150Mhz_DPU_sys_clk_wiz_0_0
  Path Type:              Setup (Max at Slow Process Corner)
  Requirement:            6.667ns  (clk_out150Mhz_DPU_sys_clk_wiz_0_0 rise@6.667ns - clk_out300Mhz_DPU_sys_clk_wiz_0_0 rise@0.000ns)
  Data Path Delay:        5.871ns  (logic 1.861ns (31.700%)  route 4.010ns (68.300%))
  Logic Levels:           5  (CARRY4=4 LUT3=1)
  Clock Path Skew:        -0.538ns (DCD - SCD + CPR)
    Destination Clock Delay (DCD):    1.625ns = ( 8.292 - 6.667 ) 
    Source Clock Delay      (SCD):    1.960ns = ( 5.293 - 3.333 ) 
    Clock Pessimism Removal (CPR):    -0.204ns
  Clock Uncertainty:      0.193ns  ((TSJ^2 + DJ^2)^1/2) / 2 + PE
    Total System Jitter     (TSJ):    0.071ns
    Discrete Jitter          (DJ):    0.127ns
    Phase Error              (PE):    0.120ns
  Timing Exception:       MultiCycle Path   Setup -start 2

    Location             Delay type                Incr(ns)  Path(ns)    Netlist Resource(s)
  -------------------------------------------------------------------    -------------------
                         (clock clk_out300Mhz_DPU_sys_clk_wiz_0_0 rise edge)
                                                      0.000     0.000 r  
    BUFGCTRL_X0Y19       BUFG                         0.000     0.000 r  DPU_sys_i/processing_system7_0/inst/buffer_fclk_clk_0.FCLK_CLK_0_BUFG/O
                         net (fo=943, routed)         1.980     1.980    DPU_sys_i/clk_wiz_0/inst/clk_in1
    MMCME2_ADV_X1Y2      MMCME2_ADV (Prop_mmcme2_adv_CLKIN1_CLKOUT1)
                                                     -4.287    -2.307 r  DPU_sys_i/clk_wiz_0/inst/mmcm_adv_inst/CLKOUT1
                         net (fo=1, routed)           2.206    -0.101    DPU_sys_i/clk_wiz_0/inst/clk_out300Mhz_DPU_sys_clk_wiz_0_0
    BUFGCTRL_X0Y18       BUFG (Prop_bufg_I_O)         0.101    -0.000 r  DPU_sys_i/clk_wiz_0/inst/clkout2_buf/O
                         net (fo=25585, routed)       1.960     1.960    DPU_sys_i/dpu_eu_0/inst/g_e584eb07.u_822a997b/u_8329ce29/u_3aa346a2/u_dcd815c9/u_6c52c68e/g_7b54f91e[6].g_07af5fd4[0].g_9aa100cb[4].u_a326a45b/dpu_2x_clk
    SLICE_X100Y122       FDRE                                         r  DPU_sys_i/dpu_eu_0/inst/g_e584eb07.u_822a997b/u_8329ce29/u_3aa346a2/u_dcd815c9/u_6c52c68e/g_7b54f91e[6].g_07af5fd4[0].g_9aa100cb[4].u_a326a45b/g_6779d86c[1].s_fcf4f443_reg[3]/C
  -------------------------------------------------------------------    -------------------
    SLICE_X100Y122       FDRE (Prop_fdre_C_Q)         0.478     2.438 r  DPU_sys_i/dpu_eu_0/inst/g_e584eb07.u_822a997b/u_8329ce29/u_3aa346a2/u_dcd815c9/u_6c52c68e/g_7b54f91e[6].g_07af5fd4[0].g_9aa100cb[4].u_a326a45b/g_6779d86c[1].s_fcf4f443_reg[3]/Q
                         net (fo=3, routed)           3.230     5.668    DPU_sys_i/dpu_eu_0/inst/g_e584eb07.u_822a997b/u_8329ce29/u_3aa346a2/u_dcd815c9/u_6c52c68e/g_7b54f91e[7].g_07af5fd4[0].g_9aa100cb[4].u_a326a45b/g_76ac48ca.g_28df02a4[1].g_8de8756b.s_bc11f753_reg[15][215]
    SLICE_X98Y45         LUT3 (Prop_lut3_I1_O)        0.295     5.963 r  DPU_sys_i/dpu_eu_0/inst/g_e584eb07.u_822a997b/u_8329ce29/u_3aa346a2/u_dcd815c9/u_6c52c68e/g_7b54f91e[7].g_07af5fd4[0].g_9aa100cb[4].u_a326a45b/g_d5115c37[9].u_727df53e/g_7e013b5a[3].u_17965cf0/g_3cbadd10[0].u_3f8488f4/g_76ac48ca.g_28df02a4[1].g_8de8756b.u_77891990/g_76ac48ca.g_28df02a4[1].g_8de8756b.s_bc11f753[7]_i_5/O
                         net (fo=1, routed)           0.779     6.743    DPU_sys_i/dpu_eu_0/inst/g_e584eb07.u_822a997b_n_9014
    SLICE_X97Y46         CARRY4 (Prop_carry4_DI[0]_CO[3])
                                                      0.526     7.269 r  DPU_sys_i/dpu_eu_0/inst/g_d5115c37[9].u_727df53e/g_7e013b5a[3].u_17965cf0/g_3cbadd10[0].u_3f8488f4/g_76ac48ca.g_28df02a4[1].g_8de8756b.u_77891990/g_76ac48ca.g_28df02a4[1].g_8de8756b.s_bc11f753_reg[7]_i_1/CO[3]
                         net (fo=1, routed)           0.000     7.269    DPU_sys_i/dpu_eu_0/inst/g_d5115c37[9].u_727df53e/g_7e013b5a[3].u_17965cf0/g_3cbadd10[0].u_3f8488f4/g_76ac48ca.g_28df02a4[1].g_8de8756b.u_77891990/g_76ac48ca.g_28df02a4[1].g_8de8756b.s_bc11f753_reg[7]_i_1_n_0
    SLICE_X97Y47         CARRY4 (Prop_carry4_CI_CO[3])
                                                      0.114     7.383 r  DPU_sys_i/dpu_eu_0/inst/g_d5115c37[9].u_727df53e/g_7e013b5a[3].u_17965cf0/g_3cbadd10[0].u_3f8488f4/g_76ac48ca.g_28df02a4[1].g_8de8756b.u_77891990/g_76ac48ca.g_28df02a4[1].g_8de8756b.s_bc11f753_reg[11]_i_1/CO[3]
                         net (fo=1, routed)           0.000     7.383    DPU_sys_i/dpu_eu_0/inst/g_d5115c37[9].u_727df53e/g_7e013b5a[3].u_17965cf0/g_3cbadd10[0].u_3f8488f4/g_76ac48ca.g_28df02a4[1].g_8de8756b.u_77891990/g_76ac48ca.g_28df02a4[1].g_8de8756b.s_bc11f753_reg[11]_i_1_n_0
    SLICE_X97Y48         CARRY4 (Prop_carry4_CI_CO[3])
                                                      0.114     7.497 r  DPU_sys_i/dpu_eu_0/inst/g_d5115c37[9].u_727df53e/g_7e013b5a[3].u_17965cf0/g_3cbadd10[0].u_3f8488f4/g_76ac48ca.g_28df02a4[1].g_8de8756b.u_77891990/g_76ac48ca.g_28df02a4[1].g_8de8756b.s_bc11f753_reg[15]_i_1/CO[3]
                         net (fo=1, routed)           0.000     7.497    DPU_sys_i/dpu_eu_0/inst/g_e584eb07.u_822a997b/u_8329ce29/u_3aa346a2/u_dcd815c9/u_6c52c68e/g_7b54f91e[7].g_07af5fd4[0].g_9aa100cb[4].u_a326a45b/g_76ac48ca.g_28df02a4[1].g_8de8756b.s_bc11f753_reg[17]_18[0]
    SLICE_X97Y49         CARRY4 (Prop_carry4_CI_O[1])
                                                      0.334     7.831 r  DPU_sys_i/dpu_eu_0/inst/g_e584eb07.u_822a997b/u_8329ce29/u_3aa346a2/u_dcd815c9/u_6c52c68e/g_7b54f91e[7].g_07af5fd4[0].g_9aa100cb[4].u_a326a45b/g_d5115c37[9].u_727df53e/g_7e013b5a[3].u_17965cf0/g_3cbadd10[0].u_3f8488f4/g_76ac48ca.g_28df02a4[1].g_8de8756b.u_77891990/g_76ac48ca.g_28df02a4[1].g_8de8756b.s_bc11f753_reg[17]_i_1/O[1]
                         net (fo=1, routed)           0.000     7.831    DPU_sys_i/dpu_eu_0/inst/g_e584eb07.u_822a997b/u_8329ce29/u_3aa346a2/u_dcd815c9/u_cc4240ab/g_d5115c37[9].u_727df53e/g_7e013b5a[3].u_17965cf0/g_3cbadd10[0].u_3f8488f4/g_76ac48ca.g_28df02a4[1].g_8de8756b.s_bc11f753_reg[17]_1[17]
    SLICE_X97Y49         FDRE                                         r  DPU_sys_i/dpu_eu_0/inst/g_e584eb07.u_822a997b/u_8329ce29/u_3aa346a2/u_dcd815c9/u_cc4240ab/g_d5115c37[9].u_727df53e/g_7e013b5a[3].u_17965cf0/g_3cbadd10[0].u_3f8488f4/g_76ac48ca.g_28df02a4[1].g_8de8756b.s_bc11f753_reg[17]/D
  -------------------------------------------------------------------    -------------------

                         (clock clk_out150Mhz_DPU_sys_clk_wiz_0_0 rise edge)
                                                      6.667     6.667 r  
    BUFGCTRL_X0Y19       BUFG                         0.000     6.667 r  DPU_sys_i/processing_system7_0/inst/buffer_fclk_clk_0.FCLK_CLK_0_BUFG/O
                         net (fo=943, routed)         1.770     8.437    DPU_sys_i/clk_wiz_0/inst/clk_in1
    MMCME2_ADV_X1Y2      MMCME2_ADV (Prop_mmcme2_adv_CLKIN1_CLKOUT0)
                                                     -3.873     4.563 r  DPU_sys_i/clk_wiz_0/inst/mmcm_adv_inst/CLKOUT0
                         net (fo=1, routed)           2.012     6.576    DPU_sys_i/clk_wiz_0/inst/clk_out150Mhz_DPU_sys_clk_wiz_0_0
    BUFGCTRL_X0Y17       BUFG (Prop_bufg_I_O)         0.091     6.667 r  DPU_sys_i/clk_wiz_0/inst/clkout1_buf/O
                         net (fo=40816, routed)       1.625     8.292    DPU_sys_i/dpu_eu_0/inst/g_e584eb07.u_822a997b/u_8329ce29/u_3aa346a2/u_dcd815c9/u_cc4240ab/g_d5115c37[9].u_727df53e/g_7e013b5a[3].u_17965cf0/g_3cbadd10[0].u_3f8488f4/m_axi_dpu_aclk
    SLICE_X97Y49         FDRE                                         r  DPU_sys_i/dpu_eu_0/inst/g_e584eb07.u_822a997b/u_8329ce29/u_3aa346a2/u_dcd815c9/u_cc4240ab/g_d5115c37[9].u_727df53e/g_7e013b5a[3].u_17965cf0/g_3cbadd10[0].u_3f8488f4/g_76ac48ca.g_28df02a4[1].g_8de8756b.s_bc11f753_reg[17]/C
                         clock pessimism             -0.204     8.088    
                         clock uncertainty           -0.193     7.895    
    SLICE_X97Y49         FDRE (Setup_fdre_C_D)        0.062     7.957    DPU_sys_i/dpu_eu_0/inst/g_e584eb07.u_822a997b/u_8329ce29/u_3aa346a2/u_dcd815c9/u_cc4240ab/g_d5115c37[9].u_727df53e/g_7e013b5a[3].u_17965cf0/g_3cbadd10[0].u_3f8488f4/g_76ac48ca.g_28df02a4[1].g_8de8756b.s_bc11f753_reg[17]
  -------------------------------------------------------------------
                         required time                          7.957    
                         arrival time                          -7.831    
  -------------------------------------------------------------------
                         slack                                  0.127    

Slack (MET) :             0.132ns  (required time - arrival time)
  Source:                 DPU_sys_i/dpu_eu_0/inst/g_e584eb07.u_822a997b/u_8329ce29/u_3aa346a2/u_dcd815c9/u_6c52c68e/g_7b54f91e[7].g_07af5fd4[0].g_9aa100cb[4].u_a326a45b/g_6779d86c[1].s_35d09acc_reg[15]/C
                            (rising edge-triggered cell FDRE clocked by clk_out300Mhz_DPU_sys_clk_wiz_0_0  {rise@0.000ns fall@1.667ns period=3.333ns})
  Destination:            DPU_sys_i/dpu_eu_0/inst/g_e584eb07.u_822a997b/u_8329ce29/u_3aa346a2/u_dcd815c9/u_cc4240ab/g_d5115c37[8].u_727df53e/g_7e013b5a[2].g_2f7783b8.u_3a555dae/g_5c347808.g_78b48482[2].u_srl/D
                            (rising edge-triggered cell SRL16E clocked by clk_out150Mhz_DPU_sys_clk_wiz_0_0  {rise@0.000ns fall@3.333ns period=6.667ns})
  Path Group:             clk_out150Mhz_DPU_sys_clk_wiz_0_0
  Path Type:              Setup (Max at Slow Process Corner)
  Requirement:            6.667ns  (clk_out150Mhz_DPU_sys_clk_wiz_0_0 rise@6.667ns - clk_out300Mhz_DPU_sys_clk_wiz_0_0 rise@0.000ns)
  Data Path Delay:        5.748ns  (logic 1.526ns (26.549%)  route 4.222ns (73.451%))
  Logic Levels:           3  (LUT4=2 LUT5=1)
  Clock Path Skew:        -0.360ns (DCD - SCD + CPR)
    Destination Clock Delay (DCD):    1.619ns = ( 8.286 - 6.667 ) 
    Source Clock Delay      (SCD):    1.776ns = ( 5.109 - 3.333 ) 
    Clock Pessimism Removal (CPR):    -0.204ns
  Clock Uncertainty:      0.193ns  ((TSJ^2 + DJ^2)^1/2) / 2 + PE
    Total System Jitter     (TSJ):    0.071ns
    Discrete Jitter          (DJ):    0.127ns
    Phase Error              (PE):    0.120ns
  Timing Exception:       MultiCycle Path   Setup -start 2

    Location             Delay type                Incr(ns)  Path(ns)    Netlist Resource(s)
  -------------------------------------------------------------------    -------------------
                         (clock clk_out300Mhz_DPU_sys_clk_wiz_0_0 rise edge)
                                                      0.000     0.000 r  
    BUFGCTRL_X0Y19       BUFG                         0.000     0.000 r  DPU_sys_i/processing_system7_0/inst/buffer_fclk_clk_0.FCLK_CLK_0_BUFG/O
                         net (fo=943, routed)         1.980     1.980    DPU_sys_i/clk_wiz_0/inst/clk_in1
    MMCME2_ADV_X1Y2      MMCME2_ADV (Prop_mmcme2_adv_CLKIN1_CLKOUT1)
                                                     -4.287    -2.307 r  DPU_sys_i/clk_wiz_0/inst/mmcm_adv_inst/CLKOUT1
                         net (fo=1, routed)           2.206    -0.101    DPU_sys_i/clk_wiz_0/inst/clk_out300Mhz_DPU_sys_clk_wiz_0_0
    BUFGCTRL_X0Y18       BUFG (Prop_bufg_I_O)         0.101    -0.000 r  DPU_sys_i/clk_wiz_0/inst/clkout2_buf/O
                         net (fo=25585, routed)       1.776     1.776    DPU_sys_i/dpu_eu_0/inst/g_e584eb07.u_822a997b/u_8329ce29/u_3aa346a2/u_dcd815c9/u_6c52c68e/g_7b54f91e[7].g_07af5fd4[0].g_9aa100cb[4].u_a326a45b/dpu_2x_clk
    SLICE_X98Y82         FDRE                                         r  DPU_sys_i/dpu_eu_0/inst/g_e584eb07.u_822a997b/u_8329ce29/u_3aa346a2/u_dcd815c9/u_6c52c68e/g_7b54f91e[7].g_07af5fd4[0].g_9aa100cb[4].u_a326a45b/g_6779d86c[1].s_35d09acc_reg[15]/C
  -------------------------------------------------------------------    -------------------
    SLICE_X98Y82         FDRE (Prop_fdre_C_Q)         0.478     2.254 r  DPU_sys_i/dpu_eu_0/inst/g_e584eb07.u_822a997b/u_8329ce29/u_3aa346a2/u_dcd815c9/u_6c52c68e/g_7b54f91e[7].g_07af5fd4[0].g_9aa100cb[4].u_a326a45b/g_6779d86c[1].s_35d09acc_reg[15]/Q
                         net (fo=6, routed)           2.293     4.547    DPU_sys_i/dpu_eu_0/inst/g_e584eb07.u_822a997b/u_8329ce29/u_3aa346a2/u_dcd815c9/u_cc4240ab/s_d01f2b17[211]
    SLICE_X102Y31        LUT5 (Prop_lut5_I2_O)        0.322     4.869 r  DPU_sys_i/dpu_eu_0/inst/g_e584eb07.u_822a997b/u_8329ce29/u_3aa346a2/u_dcd815c9/u_cc4240ab/g0_b1__6__0/O
                         net (fo=2, routed)           0.763     5.632    DPU_sys_i/dpu_eu_0/inst/g_e584eb07.u_822a997b/u_8329ce29/u_3aa346a2/u_dcd815c9/u_cc4240ab/g0_b1__6__0_n_0
    SLICE_X102Y30        LUT4 (Prop_lut4_I3_O)        0.354     5.986 r  DPU_sys_i/dpu_eu_0/inst/g_e584eb07.u_822a997b/u_8329ce29/u_3aa346a2/u_dcd815c9/u_cc4240ab/g0_b0__18__0/O
                         net (fo=3, routed)           0.690     6.677    DPU_sys_i/dpu_eu_0/inst/g_e584eb07.u_822a997b/u_8329ce29/u_3aa346a2/u_dcd815c9/u_6c52c68e/g_7b54f91e[10].g_07af5fd4[0].g_9aa100cb[4].u_a326a45b/g_5c347808.g_78b48482[1].s_b3fb9c55_reg_0
    SLICE_X104Y31        LUT4 (Prop_lut4_I1_O)        0.372     7.049 r  DPU_sys_i/dpu_eu_0/inst/g_e584eb07.u_822a997b/u_8329ce29/u_3aa346a2/u_dcd815c9/u_6c52c68e/g_7b54f91e[10].g_07af5fd4[0].g_9aa100cb[4].u_a326a45b/g_d5115c37[8].u_727df53e/g_7e013b5a[2].g_2f7783b8.u_342b4e00/g_54a8b342.u_b032a817/g_5c347808.g_78b48482[2].u_srl_i_1/O
                         net (fo=1, routed)           0.475     7.524    DPU_sys_i/dpu_eu_0/inst/g_e584eb07.u_822a997b/u_8329ce29/u_3aa346a2/u_dcd815c9/u_cc4240ab/g_d5115c37[8].u_727df53e/g_7e013b5a[2].g_2f7783b8.u_3a555dae/g_7e013b5a[2].g_2f7783b8.s_43e71ef4_23[1]
    SLICE_X104Y33        SRL16E                                       r  DPU_sys_i/dpu_eu_0/inst/g_e584eb07.u_822a997b/u_8329ce29/u_3aa346a2/u_dcd815c9/u_cc4240ab/g_d5115c37[8].u_727df53e/g_7e013b5a[2].g_2f7783b8.u_3a555dae/g_5c347808.g_78b48482[2].u_srl/D
  -------------------------------------------------------------------    -------------------

                         (clock clk_out150Mhz_DPU_sys_clk_wiz_0_0 rise edge)
                                                      6.667     6.667 r  
    BUFGCTRL_X0Y19       BUFG                         0.000     6.667 r  DPU_sys_i/processing_system7_0/inst/buffer_fclk_clk_0.FCLK_CLK_0_BUFG/O
                         net (fo=943, routed)         1.770     8.437    DPU_sys_i/clk_wiz_0/inst/clk_in1
    MMCME2_ADV_X1Y2      MMCME2_ADV (Prop_mmcme2_adv_CLKIN1_CLKOUT0)
                                                     -3.873     4.563 r  DPU_sys_i/clk_wiz_0/inst/mmcm_adv_inst/CLKOUT0
                         net (fo=1, routed)           2.012     6.576    DPU_sys_i/clk_wiz_0/inst/clk_out150Mhz_DPU_sys_clk_wiz_0_0
    BUFGCTRL_X0Y17       BUFG (Prop_bufg_I_O)         0.091     6.667 r  DPU_sys_i/clk_wiz_0/inst/clkout1_buf/O
                         net (fo=40816, routed)       1.619     8.286    DPU_sys_i/dpu_eu_0/inst/g_e584eb07.u_822a997b/u_8329ce29/u_3aa346a2/u_dcd815c9/u_cc4240ab/g_d5115c37[8].u_727df53e/g_7e013b5a[2].g_2f7783b8.u_3a555dae/m_axi_dpu_aclk
    SLICE_X104Y33        SRL16E                                       r  DPU_sys_i/dpu_eu_0/inst/g_e584eb07.u_822a997b/u_8329ce29/u_3aa346a2/u_dcd815c9/u_cc4240ab/g_d5115c37[8].u_727df53e/g_7e013b5a[2].g_2f7783b8.u_3a555dae/g_5c347808.g_78b48482[2].u_srl/CLK
                         clock pessimism             -0.204     8.082    
                         clock uncertainty           -0.193     7.889    
    SLICE_X104Y33        SRL16E (Setup_srl16e_CLK_D)
                                                     -0.234     7.655    DPU_sys_i/dpu_eu_0/inst/g_e584eb07.u_822a997b/u_8329ce29/u_3aa346a2/u_dcd815c9/u_cc4240ab/g_d5115c37[8].u_727df53e/g_7e013b5a[2].g_2f7783b8.u_3a555dae/g_5c347808.g_78b48482[2].u_srl
  -------------------------------------------------------------------
                         required time                          7.655    
                         arrival time                          -7.524    
  -------------------------------------------------------------------
                         slack                                  0.132    

Slack (MET) :             0.151ns  (required time - arrival time)
  Source:                 DPU_sys_i/dpu_eu_0/inst/g_e584eb07.u_822a997b/u_8329ce29/u_3aa346a2/u_dcd815c9/u_6c52c68e/g_7b54f91e[2].g_07af5fd4[0].g_9aa100cb[0].u_a326a45b/g_6779d86c[1].s_fcf4f443_reg[25]/C
                            (rising edge-triggered cell FDRE clocked by clk_out300Mhz_DPU_sys_clk_wiz_0_0  {rise@0.000ns fall@1.667ns period=3.333ns})
  Destination:            DPU_sys_i/dpu_eu_0/inst/g_e584eb07.u_822a997b/u_8329ce29/u_3aa346a2/u_dcd815c9/u_cc4240ab/g_d5115c37[1].u_727df53e/g_7e013b5a[2].u_17965cf0/g_3cbadd10[0].u_3f8488f4/g_76ac48ca.g_28df02a4[3].g_8de8756b.s_bc11f753_reg[16]/D
                            (rising edge-triggered cell FDRE clocked by clk_out150Mhz_DPU_sys_clk_wiz_0_0  {rise@0.000ns fall@3.333ns period=6.667ns})
  Path Group:             clk_out150Mhz_DPU_sys_clk_wiz_0_0
  Path Type:              Setup (Max at Slow Process Corner)
  Requirement:            6.667ns  (clk_out150Mhz_DPU_sys_clk_wiz_0_0 rise@6.667ns - clk_out300Mhz_DPU_sys_clk_wiz_0_0 rise@0.000ns)
  Data Path Delay:        5.728ns  (logic 1.320ns (23.043%)  route 4.408ns (76.957%))
  Logic Levels:           4  (CARRY4=3 LUT3=1)
  Clock Path Skew:        -0.703ns (DCD - SCD + CPR)
    Destination Clock Delay (DCD):    1.477ns = ( 8.143 - 6.667 ) 
    Source Clock Delay      (SCD):    1.976ns = ( 5.309 - 3.333 ) 
    Clock Pessimism Removal (CPR):    -0.204ns
  Clock Uncertainty:      0.193ns  ((TSJ^2 + DJ^2)^1/2) / 2 + PE
    Total System Jitter     (TSJ):    0.071ns
    Discrete Jitter          (DJ):    0.127ns
    Phase Error              (PE):    0.120ns
  Timing Exception:       MultiCycle Path   Setup -start 2

    Location             Delay type                Incr(ns)  Path(ns)    Netlist Resource(s)
  -------------------------------------------------------------------    -------------------
                         (clock clk_out300Mhz_DPU_sys_clk_wiz_0_0 rise edge)
                                                      0.000     0.000 r  
    BUFGCTRL_X0Y19       BUFG                         0.000     0.000 r  DPU_sys_i/processing_system7_0/inst/buffer_fclk_clk_0.FCLK_CLK_0_BUFG/O
                         net (fo=943, routed)         1.980     1.980    DPU_sys_i/clk_wiz_0/inst/clk_in1
    MMCME2_ADV_X1Y2      MMCME2_ADV (Prop_mmcme2_adv_CLKIN1_CLKOUT1)
                                                     -4.287    -2.307 r  DPU_sys_i/clk_wiz_0/inst/mmcm_adv_inst/CLKOUT1
                         net (fo=1, routed)           2.206    -0.101    DPU_sys_i/clk_wiz_0/inst/clk_out300Mhz_DPU_sys_clk_wiz_0_0
    BUFGCTRL_X0Y18       BUFG (Prop_bufg_I_O)         0.101    -0.000 r  DPU_sys_i/clk_wiz_0/inst/clkout2_buf/O
                         net (fo=25585, routed)       1.976     1.976    DPU_sys_i/dpu_eu_0/inst/g_e584eb07.u_822a997b/u_8329ce29/u_3aa346a2/u_dcd815c9/u_6c52c68e/g_7b54f91e[2].g_07af5fd4[0].g_9aa100cb[0].u_a326a45b/dpu_2x_clk
    SLICE_X97Y106        FDRE                                         r  DPU_sys_i/dpu_eu_0/inst/g_e584eb07.u_822a997b/u_8329ce29/u_3aa346a2/u_dcd815c9/u_6c52c68e/g_7b54f91e[2].g_07af5fd4[0].g_9aa100cb[0].u_a326a45b/g_6779d86c[1].s_fcf4f443_reg[25]/C
  -------------------------------------------------------------------    -------------------
    SLICE_X97Y106        FDRE (Prop_fdre_C_Q)         0.456     2.432 r  DPU_sys_i/dpu_eu_0/inst/g_e584eb07.u_822a997b/u_8329ce29/u_3aa346a2/u_dcd815c9/u_6c52c68e/g_7b54f91e[2].g_07af5fd4[0].g_9aa100cb[0].u_a326a45b/g_6779d86c[1].s_fcf4f443_reg[25]/Q
                         net (fo=3, routed)           3.786     6.218    DPU_sys_i/dpu_eu_0/inst/g_e584eb07.u_822a997b/u_8329ce29/u_3aa346a2/u_dcd815c9/u_6c52c68e/g_7b54f91e[1].g_07af5fd4[0].g_9aa100cb[0].u_a326a45b/g_76ac48ca.g_28df02a4[3].g_8de8756b.s_bc11f753_reg[15][206]
    SLICE_X33Y59         LUT3 (Prop_lut3_I2_O)        0.124     6.342 r  DPU_sys_i/dpu_eu_0/inst/g_e584eb07.u_822a997b/u_8329ce29/u_3aa346a2/u_dcd815c9/u_6c52c68e/g_7b54f91e[1].g_07af5fd4[0].g_9aa100cb[0].u_a326a45b/g_d5115c37[1].u_727df53e/g_7e013b5a[2].u_17965cf0/g_3cbadd10[0].u_3f8488f4/g_76ac48ca.g_28df02a4[3].g_8de8756b.u_77891990/g_76ac48ca.g_28df02a4[3].g_8de8756b.s_bc11f753[11]_i_3/O
                         net (fo=1, routed)           0.622     6.964    DPU_sys_i/dpu_eu_0/inst/g_e584eb07.u_822a997b_n_3588
    SLICE_X34Y59         CARRY4 (Prop_carry4_DI[2]_CO[3])
                                                      0.404     7.368 r  DPU_sys_i/dpu_eu_0/inst/g_d5115c37[1].u_727df53e/g_7e013b5a[2].u_17965cf0/g_3cbadd10[0].u_3f8488f4/g_76ac48ca.g_28df02a4[3].g_8de8756b.u_77891990/g_76ac48ca.g_28df02a4[3].g_8de8756b.s_bc11f753_reg[11]_i_1/CO[3]
                         net (fo=1, routed)           0.000     7.368    DPU_sys_i/dpu_eu_0/inst/g_d5115c37[1].u_727df53e/g_7e013b5a[2].u_17965cf0/g_3cbadd10[0].u_3f8488f4/g_76ac48ca.g_28df02a4[3].g_8de8756b.u_77891990/g_76ac48ca.g_28df02a4[3].g_8de8756b.s_bc11f753_reg[11]_i_1_n_0
    SLICE_X34Y60         CARRY4 (Prop_carry4_CI_CO[3])
                                                      0.117     7.485 r  DPU_sys_i/dpu_eu_0/inst/g_d5115c37[1].u_727df53e/g_7e013b5a[2].u_17965cf0/g_3cbadd10[0].u_3f8488f4/g_76ac48ca.g_28df02a4[3].g_8de8756b.u_77891990/g_76ac48ca.g_28df02a4[3].g_8de8756b.s_bc11f753_reg[15]_i_1/CO[3]
                         net (fo=1, routed)           0.000     7.485    DPU_sys_i/dpu_eu_0/inst/g_e584eb07.u_822a997b/u_8329ce29/u_3aa346a2/u_dcd815c9/u_6c52c68e/g_7b54f91e[1].g_07af5fd4[0].g_9aa100cb[0].u_a326a45b/g_76ac48ca.g_28df02a4[3].g_8de8756b.s_bc11f753_reg[17]_16[0]
    SLICE_X34Y61         CARRY4 (Prop_carry4_CI_O[0])
                                                      0.219     7.704 r  DPU_sys_i/dpu_eu_0/inst/g_e584eb07.u_822a997b/u_8329ce29/u_3aa346a2/u_dcd815c9/u_6c52c68e/g_7b54f91e[1].g_07af5fd4[0].g_9aa100cb[0].u_a326a45b/g_d5115c37[1].u_727df53e/g_7e013b5a[2].u_17965cf0/g_3cbadd10[0].u_3f8488f4/g_76ac48ca.g_28df02a4[3].g_8de8756b.u_77891990/g_76ac48ca.g_28df02a4[3].g_8de8756b.s_bc11f753_reg[17]_i_1/O[0]
                         net (fo=1, routed)           0.000     7.704    DPU_sys_i/dpu_eu_0/inst/g_e584eb07.u_822a997b/u_8329ce29/u_3aa346a2/u_dcd815c9/u_cc4240ab/g_d5115c37[1].u_727df53e/g_7e013b5a[2].u_17965cf0/g_3cbadd10[0].u_3f8488f4/g_76ac48ca.g_28df02a4[3].g_8de8756b.s_bc11f753_reg[17]_1[16]
    SLICE_X34Y61         FDRE                                         r  DPU_sys_i/dpu_eu_0/inst/g_e584eb07.u_822a997b/u_8329ce29/u_3aa346a2/u_dcd815c9/u_cc4240ab/g_d5115c37[1].u_727df53e/g_7e013b5a[2].u_17965cf0/g_3cbadd10[0].u_3f8488f4/g_76ac48ca.g_28df02a4[3].g_8de8756b.s_bc11f753_reg[16]/D
  -------------------------------------------------------------------    -------------------

                         (clock clk_out150Mhz_DPU_sys_clk_wiz_0_0 rise edge)
                                                      6.667     6.667 r  
    BUFGCTRL_X0Y19       BUFG                         0.000     6.667 r  DPU_sys_i/processing_system7_0/inst/buffer_fclk_clk_0.FCLK_CLK_0_BUFG/O
                         net (fo=943, routed)         1.770     8.437    DPU_sys_i/clk_wiz_0/inst/clk_in1
    MMCME2_ADV_X1Y2      MMCME2_ADV (Prop_mmcme2_adv_CLKIN1_CLKOUT0)
                                                     -3.873     4.563 r  DPU_sys_i/clk_wiz_0/inst/mmcm_adv_inst/CLKOUT0
                         net (fo=1, routed)           2.012     6.576    DPU_sys_i/clk_wiz_0/inst/clk_out150Mhz_DPU_sys_clk_wiz_0_0
    BUFGCTRL_X0Y17       BUFG (Prop_bufg_I_O)         0.091     6.667 r  DPU_sys_i/clk_wiz_0/inst/clkout1_buf/O
                         net (fo=40816, routed)       1.477     8.143    DPU_sys_i/dpu_eu_0/inst/g_e584eb07.u_822a997b/u_8329ce29/u_3aa346a2/u_dcd815c9/u_cc4240ab/g_d5115c37[1].u_727df53e/g_7e013b5a[2].u_17965cf0/g_3cbadd10[0].u_3f8488f4/m_axi_dpu_aclk
    SLICE_X34Y61         FDRE                                         r  DPU_sys_i/dpu_eu_0/inst/g_e584eb07.u_822a997b/u_8329ce29/u_3aa346a2/u_dcd815c9/u_cc4240ab/g_d5115c37[1].u_727df53e/g_7e013b5a[2].u_17965cf0/g_3cbadd10[0].u_3f8488f4/g_76ac48ca.g_28df02a4[3].g_8de8756b.s_bc11f753_reg[16]/C
                         clock pessimism             -0.204     7.940    
                         clock uncertainty           -0.193     7.747    
    SLICE_X34Y61         FDRE (Setup_fdre_C_D)        0.109     7.856    DPU_sys_i/dpu_eu_0/inst/g_e584eb07.u_822a997b/u_8329ce29/u_3aa346a2/u_dcd815c9/u_cc4240ab/g_d5115c37[1].u_727df53e/g_7e013b5a[2].u_17965cf0/g_3cbadd10[0].u_3f8488f4/g_76ac48ca.g_28df02a4[3].g_8de8756b.s_bc11f753_reg[16]
  -------------------------------------------------------------------
                         required time                          7.856    
                         arrival time                          -7.704    
  -------------------------------------------------------------------
                         slack                                  0.151    

Slack (MET) :             0.153ns  (required time - arrival time)
  Source:                 DPU_sys_i/dpu_eu_0/inst/g_e584eb07.u_822a997b/u_8329ce29/u_3aa346a2/u_dcd815c9/u_6c52c68e/g_7b54f91e[0].g_07af5fd4[0].g_9aa100cb[3].u_a326a45b/g_6779d86c[0].s_fcf4f443_reg[12]/C
                            (rising edge-triggered cell FDRE clocked by clk_out300Mhz_DPU_sys_clk_wiz_0_0  {rise@0.000ns fall@1.667ns period=3.333ns})
  Destination:            DPU_sys_i/dpu_eu_0/inst/g_e584eb07.u_822a997b/u_8329ce29/u_3aa346a2/u_dcd815c9/u_cc4240ab/g_d5115c37[7].u_727df53e/g_7e013b5a[1].u_17965cf0/g_3cbadd10[0].u_3f8488f4/g_76ac48ca.g_28df02a4[3].g_8de8756b.s_bc11f753_reg[17]/D
                            (rising edge-triggered cell FDRE clocked by clk_out150Mhz_DPU_sys_clk_wiz_0_0  {rise@0.000ns fall@3.333ns period=6.667ns})
  Path Group:             clk_out150Mhz_DPU_sys_clk_wiz_0_0
  Path Type:              Setup (Max at Slow Process Corner)
  Requirement:            6.667ns  (clk_out150Mhz_DPU_sys_clk_wiz_0_0 rise@6.667ns - clk_out300Mhz_DPU_sys_clk_wiz_0_0 rise@0.000ns)
  Data Path Delay:        6.249ns  (logic 1.421ns (22.741%)  route 4.828ns (77.259%))
  Logic Levels:           3  (CARRY4=2 LUT3=1)
  Clock Path Skew:        -0.135ns (DCD - SCD + CPR)
    Destination Clock Delay (DCD):    1.718ns = ( 8.385 - 6.667 ) 
    Source Clock Delay      (SCD):    1.649ns = ( 4.982 - 3.333 ) 
    Clock Pessimism Removal (CPR):    -0.204ns
  Clock Uncertainty:      0.193ns  ((TSJ^2 + DJ^2)^1/2) / 2 + PE
    Total System Jitter     (TSJ):    0.071ns
    Discrete Jitter          (DJ):    0.127ns
    Phase Error              (PE):    0.120ns
  Timing Exception:       MultiCycle Path   Setup -start 2

    Location             Delay type                Incr(ns)  Path(ns)    Netlist Resource(s)
  -------------------------------------------------------------------    -------------------
                         (clock clk_out300Mhz_DPU_sys_clk_wiz_0_0 rise edge)
                                                      0.000     0.000 r  
    BUFGCTRL_X0Y19       BUFG                         0.000     0.000 r  DPU_sys_i/processing_system7_0/inst/buffer_fclk_clk_0.FCLK_CLK_0_BUFG/O
                         net (fo=943, routed)         1.980     1.980    DPU_sys_i/clk_wiz_0/inst/clk_in1
    MMCME2_ADV_X1Y2      MMCME2_ADV (Prop_mmcme2_adv_CLKIN1_CLKOUT1)
                                                     -4.287    -2.307 r  DPU_sys_i/clk_wiz_0/inst/mmcm_adv_inst/CLKOUT1
                         net (fo=1, routed)           2.206    -0.101    DPU_sys_i/clk_wiz_0/inst/clk_out300Mhz_DPU_sys_clk_wiz_0_0
    BUFGCTRL_X0Y18       BUFG (Prop_bufg_I_O)         0.101    -0.000 r  DPU_sys_i/clk_wiz_0/inst/clkout2_buf/O
                         net (fo=25585, routed)       1.649     1.649    DPU_sys_i/dpu_eu_0/inst/g_e584eb07.u_822a997b/u_8329ce29/u_3aa346a2/u_dcd815c9/u_6c52c68e/g_7b54f91e[0].g_07af5fd4[0].g_9aa100cb[3].u_a326a45b/dpu_2x_clk
    SLICE_X41Y59         FDRE                                         r  DPU_sys_i/dpu_eu_0/inst/g_e584eb07.u_822a997b/u_8329ce29/u_3aa346a2/u_dcd815c9/u_6c52c68e/g_7b54f91e[0].g_07af5fd4[0].g_9aa100cb[3].u_a326a45b/g_6779d86c[0].s_fcf4f443_reg[12]/C
  -------------------------------------------------------------------    -------------------
    SLICE_X41Y59         FDRE (Prop_fdre_C_Q)         0.456     2.105 r  DPU_sys_i/dpu_eu_0/inst/g_e584eb07.u_822a997b/u_8329ce29/u_3aa346a2/u_dcd815c9/u_6c52c68e/g_7b54f91e[0].g_07af5fd4[0].g_9aa100cb[3].u_a326a45b/g_6779d86c[0].s_fcf4f443_reg[12]/Q
                         net (fo=3, routed)           4.143     6.248    DPU_sys_i/dpu_eu_0/inst/g_e584eb07.u_822a997b/u_8329ce29/u_3aa346a2/u_dcd815c9/u_6c52c68e/g_7b54f91e[1].g_07af5fd4[0].g_9aa100cb[3].u_a326a45b/g_76ac48ca.g_28df02a4[3].g_8de8756b.s_bc11f753_reg[15][158]
    SLICE_X81Y141        LUT3 (Prop_lut3_I1_O)        0.124     6.372 r  DPU_sys_i/dpu_eu_0/inst/g_e584eb07.u_822a997b/u_8329ce29/u_3aa346a2/u_dcd815c9/u_6c52c68e/g_7b54f91e[1].g_07af5fd4[0].g_9aa100cb[3].u_a326a45b/g_d5115c37[7].u_727df53e/g_7e013b5a[1].u_17965cf0/g_3cbadd10[0].u_3f8488f4/g_76ac48ca.g_28df02a4[3].g_8de8756b.u_77891990/g_76ac48ca.g_28df02a4[3].g_8de8756b.s_bc11f753[15]_i_4/O
                         net (fo=1, routed)           0.685     7.057    DPU_sys_i/dpu_eu_0/inst/g_e584eb07.u_822a997b_n_7415
    SLICE_X80Y140        CARRY4 (Prop_carry4_DI[1]_CO[3])
                                                      0.507     7.564 r  DPU_sys_i/dpu_eu_0/inst/g_d5115c37[7].u_727df53e/g_7e013b5a[1].u_17965cf0/g_3cbadd10[0].u_3f8488f4/g_76ac48ca.g_28df02a4[3].g_8de8756b.u_77891990/g_76ac48ca.g_28df02a4[3].g_8de8756b.s_bc11f753_reg[15]_i_1/CO[3]
                         net (fo=1, routed)           0.000     7.564    DPU_sys_i/dpu_eu_0/inst/g_e584eb07.u_822a997b/u_8329ce29/u_3aa346a2/u_dcd815c9/u_6c52c68e/g_7b54f91e[1].g_07af5fd4[0].g_9aa100cb[3].u_a326a45b/g_76ac48ca.g_28df02a4[3].g_8de8756b.s_bc11f753_reg[17]_12[0]
    SLICE_X80Y141        CARRY4 (Prop_carry4_CI_O[1])
                                                      0.334     7.898 r  DPU_sys_i/dpu_eu_0/inst/g_e584eb07.u_822a997b/u_8329ce29/u_3aa346a2/u_dcd815c9/u_6c52c68e/g_7b54f91e[1].g_07af5fd4[0].g_9aa100cb[3].u_a326a45b/g_d5115c37[7].u_727df53e/g_7e013b5a[1].u_17965cf0/g_3cbadd10[0].u_3f8488f4/g_76ac48ca.g_28df02a4[3].g_8de8756b.u_77891990/g_76ac48ca.g_28df02a4[3].g_8de8756b.s_bc11f753_reg[17]_i_1/O[1]
                         net (fo=1, routed)           0.000     7.898    DPU_sys_i/dpu_eu_0/inst/g_e584eb07.u_822a997b/u_8329ce29/u_3aa346a2/u_dcd815c9/u_cc4240ab/g_d5115c37[7].u_727df53e/g_7e013b5a[1].u_17965cf0/g_3cbadd10[0].u_3f8488f4/g_76ac48ca.g_28df02a4[3].g_8de8756b.s_bc11f753_reg[17]_1[17]
    SLICE_X80Y141        FDRE                                         r  DPU_sys_i/dpu_eu_0/inst/g_e584eb07.u_822a997b/u_8329ce29/u_3aa346a2/u_dcd815c9/u_cc4240ab/g_d5115c37[7].u_727df53e/g_7e013b5a[1].u_17965cf0/g_3cbadd10[0].u_3f8488f4/g_76ac48ca.g_28df02a4[3].g_8de8756b.s_bc11f753_reg[17]/D
  -------------------------------------------------------------------    -------------------

                         (clock clk_out150Mhz_DPU_sys_clk_wiz_0_0 rise edge)
                                                      6.667     6.667 r  
    BUFGCTRL_X0Y19       BUFG                         0.000     6.667 r  DPU_sys_i/processing_system7_0/inst/buffer_fclk_clk_0.FCLK_CLK_0_BUFG/O
                         net (fo=943, routed)         1.770     8.437    DPU_sys_i/clk_wiz_0/inst/clk_in1
    MMCME2_ADV_X1Y2      MMCME2_ADV (Prop_mmcme2_adv_CLKIN1_CLKOUT0)
                                                     -3.873     4.563 r  DPU_sys_i/clk_wiz_0/inst/mmcm_adv_inst/CLKOUT0
                         net (fo=1, routed)           2.012     6.576    DPU_sys_i/clk_wiz_0/inst/clk_out150Mhz_DPU_sys_clk_wiz_0_0
    BUFGCTRL_X0Y17       BUFG (Prop_bufg_I_O)         0.091     6.667 r  DPU_sys_i/clk_wiz_0/inst/clkout1_buf/O
                         net (fo=40816, routed)       1.718     8.385    DPU_sys_i/dpu_eu_0/inst/g_e584eb07.u_822a997b/u_8329ce29/u_3aa346a2/u_dcd815c9/u_cc4240ab/g_d5115c37[7].u_727df53e/g_7e013b5a[1].u_17965cf0/g_3cbadd10[0].u_3f8488f4/m_axi_dpu_aclk
    SLICE_X80Y141        FDRE                                         r  DPU_sys_i/dpu_eu_0/inst/g_e584eb07.u_822a997b/u_8329ce29/u_3aa346a2/u_dcd815c9/u_cc4240ab/g_d5115c37[7].u_727df53e/g_7e013b5a[1].u_17965cf0/g_3cbadd10[0].u_3f8488f4/g_76ac48ca.g_28df02a4[3].g_8de8756b.s_bc11f753_reg[17]/C
                         clock pessimism             -0.204     8.181    
                         clock uncertainty           -0.193     7.988    
    SLICE_X80Y141        FDRE (Setup_fdre_C_D)        0.062     8.050    DPU_sys_i/dpu_eu_0/inst/g_e584eb07.u_822a997b/u_8329ce29/u_3aa346a2/u_dcd815c9/u_cc4240ab/g_d5115c37[7].u_727df53e/g_7e013b5a[1].u_17965cf0/g_3cbadd10[0].u_3f8488f4/g_76ac48ca.g_28df02a4[3].g_8de8756b.s_bc11f753_reg[17]
  -------------------------------------------------------------------
                         required time                          8.050    
                         arrival time                          -7.898    
  -------------------------------------------------------------------
                         slack                                  0.153    





Min Delay Paths
--------------------------------------------------------------------------------------
Slack (MET) :             0.045ns  (arrival time - required time)
  Source:                 DPU_sys_i/dpu_eu_0/inst/g_e584eb07.u_822a997b/u_8329ce29/u_3aa346a2/u_dcd815c9/u_6c52c68e/g_7b54f91e[11].g_07af5fd4[0].g_9aa100cb[1].u_a326a45b/g_6779d86c[0].s_fcf4f443_reg[16]/C
                            (rising edge-triggered cell FDRE clocked by clk_out300Mhz_DPU_sys_clk_wiz_0_0  {rise@0.000ns fall@1.667ns period=3.333ns})
  Destination:            DPU_sys_i/dpu_eu_0/inst/g_e584eb07.u_822a997b/u_8329ce29/u_3aa346a2/u_dcd815c9/u_cc4240ab/g_d5115c37[3].u_727df53e/g_7e013b5a[0].u_17965cf0/g_3cbadd10[0].u_3f8488f4/g_76ac48ca.g_28df02a4[0].g_8de8756b.s_bc11f753_reg[2]/D
                            (rising edge-triggered cell FDRE clocked by clk_out150Mhz_DPU_sys_clk_wiz_0_0  {rise@0.000ns fall@3.333ns period=6.667ns})
  Path Group:             clk_out150Mhz_DPU_sys_clk_wiz_0_0
  Path Type:              Hold (Min at Fast Process Corner)
  Requirement:            0.000ns  (clk_out150Mhz_DPU_sys_clk_wiz_0_0 rise@0.000ns - clk_out300Mhz_DPU_sys_clk_wiz_0_0 rise@0.000ns)
  Data Path Delay:        0.672ns  (logic 0.355ns (52.866%)  route 0.317ns (47.134%))
  Logic Levels:           2  (CARRY4=1 LUT3=1)
  Clock Path Skew:        0.329ns (DCD - SCD - CPR)
    Destination Clock Delay (DCD):    0.864ns
    Source Clock Delay      (SCD):    0.594ns
    Clock Pessimism Removal (CPR):    -0.059ns
  Clock Uncertainty:      0.193ns  ((TSJ^2 + DJ^2)^1/2) / 2 + PE
    Total System Jitter     (TSJ):    0.071ns
    Discrete Jitter          (DJ):    0.127ns
    Phase Error              (PE):    0.120ns
  Timing Exception:       MultiCycle Path   Setup -start 2    Hold  -start 1

    Location             Delay type                Incr(ns)  Path(ns)    Netlist Resource(s)
  -------------------------------------------------------------------    -------------------
                         (clock clk_out300Mhz_DPU_sys_clk_wiz_0_0 rise edge)
                                                      0.000     0.000 r  
    BUFGCTRL_X0Y19       BUFG                         0.000     0.000 r  DPU_sys_i/processing_system7_0/inst/buffer_fclk_clk_0.FCLK_CLK_0_BUFG/O
                         net (fo=943, routed)         0.672     0.672    DPU_sys_i/clk_wiz_0/inst/clk_in1
    MMCME2_ADV_X1Y2      MMCME2_ADV (Prop_mmcme2_adv_CLKIN1_CLKOUT1)
                                                     -1.395    -0.722 r  DPU_sys_i/clk_wiz_0/inst/mmcm_adv_inst/CLKOUT1
                         net (fo=1, routed)           0.696    -0.026    DPU_sys_i/clk_wiz_0/inst/clk_out300Mhz_DPU_sys_clk_wiz_0_0
    BUFGCTRL_X0Y18       BUFG (Prop_bufg_I_O)         0.026    -0.000 r  DPU_sys_i/clk_wiz_0/inst/clkout2_buf/O
                         net (fo=25585, routed)       0.594     0.594    DPU_sys_i/dpu_eu_0/inst/g_e584eb07.u_822a997b/u_8329ce29/u_3aa346a2/u_dcd815c9/u_6c52c68e/g_7b54f91e[11].g_07af5fd4[0].g_9aa100cb[1].u_a326a45b/dpu_2x_clk
    SLICE_X22Y41         FDRE                                         r  DPU_sys_i/dpu_eu_0/inst/g_e584eb07.u_822a997b/u_8329ce29/u_3aa346a2/u_dcd815c9/u_6c52c68e/g_7b54f91e[11].g_07af5fd4[0].g_9aa100cb[1].u_a326a45b/g_6779d86c[0].s_fcf4f443_reg[16]/C
  -------------------------------------------------------------------    -------------------
    SLICE_X22Y41         FDRE (Prop_fdre_C_Q)         0.164     0.758 r  DPU_sys_i/dpu_eu_0/inst/g_e584eb07.u_822a997b/u_8329ce29/u_3aa346a2/u_dcd815c9/u_6c52c68e/g_7b54f91e[11].g_07af5fd4[0].g_9aa100cb[1].u_a326a45b/g_6779d86c[0].s_fcf4f443_reg[16]/Q
                         net (fo=3, routed)           0.153     0.911    DPU_sys_i/dpu_eu_0/inst/g_e584eb07.u_822a997b/u_8329ce29/u_3aa346a2/u_dcd815c9/u_6c52c68e/g_7b54f91e[10].g_07af5fd4[0].g_9aa100cb[1].u_a326a45b/g_76ac48ca.g_28df02a4[0].g_8de8756b.s_bc11f753_reg[15][131]
    SLICE_X21Y42         LUT3 (Prop_lut3_I2_O)        0.045     0.956 r  DPU_sys_i/dpu_eu_0/inst/g_e584eb07.u_822a997b/u_8329ce29/u_3aa346a2/u_dcd815c9/u_6c52c68e/g_7b54f91e[10].g_07af5fd4[0].g_9aa100cb[1].u_a326a45b/g_d5115c37[3].u_727df53e/g_7e013b5a[0].u_17965cf0/g_3cbadd10[0].u_3f8488f4/g_76ac48ca.g_28df02a4[0].g_8de8756b.u_77891990/g_76ac48ca.g_28df02a4[0].g_8de8756b.s_bc11f753[3]_i_4/O
                         net (fo=1, routed)           0.163     1.119    DPU_sys_i/dpu_eu_0/inst/g_e584eb07.u_822a997b_n_4497
    SLICE_X21Y43         CARRY4 (Prop_carry4_DI[1]_O[2])
                                                      0.146     1.265 r  DPU_sys_i/dpu_eu_0/inst/g_d5115c37[3].u_727df53e/g_7e013b5a[0].u_17965cf0/g_3cbadd10[0].u_3f8488f4/g_76ac48ca.g_28df02a4[0].g_8de8756b.u_77891990/g_76ac48ca.g_28df02a4[0].g_8de8756b.s_bc11f753_reg[3]_i_1/O[2]
                         net (fo=1, routed)           0.000     1.265    DPU_sys_i/dpu_eu_0/inst/g_e584eb07.u_822a997b/u_8329ce29/u_3aa346a2/u_dcd815c9/u_cc4240ab/g_d5115c37[3].u_727df53e/g_7e013b5a[0].u_17965cf0/g_3cbadd10[0].u_3f8488f4/g_76ac48ca.g_28df02a4[0].g_8de8756b.s_bc11f753_reg[17]_0[2]
    SLICE_X21Y43         FDRE                                         r  DPU_sys_i/dpu_eu_0/inst/g_e584eb07.u_822a997b/u_8329ce29/u_3aa346a2/u_dcd815c9/u_cc4240ab/g_d5115c37[3].u_727df53e/g_7e013b5a[0].u_17965cf0/g_3cbadd10[0].u_3f8488f4/g_76ac48ca.g_28df02a4[0].g_8de8756b.s_bc11f753_reg[2]/D
  -------------------------------------------------------------------    -------------------

                         (clock clk_out150Mhz_DPU_sys_clk_wiz_0_0 rise edge)
                                                      0.000     0.000 r  
    BUFGCTRL_X0Y19       BUFG                         0.000     0.000 r  DPU_sys_i/processing_system7_0/inst/buffer_fclk_clk_0.FCLK_CLK_0_BUFG/O
                         net (fo=943, routed)         0.945     0.945    DPU_sys_i/clk_wiz_0/inst/clk_in1
    MMCME2_ADV_X1Y2      MMCME2_ADV (Prop_mmcme2_adv_CLKIN1_CLKOUT0)
                                                     -1.726    -0.781 r  DPU_sys_i/clk_wiz_0/inst/mmcm_adv_inst/CLKOUT0
                         net (fo=1, routed)           0.752    -0.029    DPU_sys_i/clk_wiz_0/inst/clk_out150Mhz_DPU_sys_clk_wiz_0_0
    BUFGCTRL_X0Y17       BUFG (Prop_bufg_I_O)         0.029     0.000 r  DPU_sys_i/clk_wiz_0/inst/clkout1_buf/O
                         net (fo=40816, routed)       0.864     0.864    DPU_sys_i/dpu_eu_0/inst/g_e584eb07.u_822a997b/u_8329ce29/u_3aa346a2/u_dcd815c9/u_cc4240ab/g_d5115c37[3].u_727df53e/g_7e013b5a[0].u_17965cf0/g_3cbadd10[0].u_3f8488f4/m_axi_dpu_aclk
    SLICE_X21Y43         FDRE                                         r  DPU_sys_i/dpu_eu_0/inst/g_e584eb07.u_822a997b/u_8329ce29/u_3aa346a2/u_dcd815c9/u_cc4240ab/g_d5115c37[3].u_727df53e/g_7e013b5a[0].u_17965cf0/g_3cbadd10[0].u_3f8488f4/g_76ac48ca.g_28df02a4[0].g_8de8756b.s_bc11f753_reg[2]/C
                         clock pessimism              0.059     0.923    
                         clock uncertainty            0.193     1.115    
    SLICE_X21Y43         FDRE (Hold_fdre_C_D)         0.105     1.220    DPU_sys_i/dpu_eu_0/inst/g_e584eb07.u_822a997b/u_8329ce29/u_3aa346a2/u_dcd815c9/u_cc4240ab/g_d5115c37[3].u_727df53e/g_7e013b5a[0].u_17965cf0/g_3cbadd10[0].u_3f8488f4/g_76ac48ca.g_28df02a4[0].g_8de8756b.s_bc11f753_reg[2]
  -------------------------------------------------------------------
                         required time                         -1.220    
                         arrival time                           1.265    
  -------------------------------------------------------------------
                         slack                                  0.045    

Slack (MET) :             0.051ns  (arrival time - required time)
  Source:                 DPU_sys_i/dpu_eu_0/inst/g_e584eb07.u_822a997b/u_8329ce29/u_3aa346a2/u_dcd815c9/u_6c52c68e/g_7b54f91e[7].g_07af5fd4[0].g_9aa100cb[1].u_a326a45b/g_6779d86c[1].s_fcf4f443_reg[26]/C
                            (rising edge-triggered cell FDRE clocked by clk_out300Mhz_DPU_sys_clk_wiz_0_0  {rise@0.000ns fall@1.667ns period=3.333ns})
  Destination:            DPU_sys_i/dpu_eu_0/inst/g_e584eb07.u_822a997b/u_8329ce29/u_3aa346a2/u_dcd815c9/u_cc4240ab/g_d5115c37[3].u_727df53e/g_7e013b5a[2].u_17965cf0/g_3cbadd10[0].u_3f8488f4/g_76ac48ca.g_28df02a4[1].g_8de8756b.s_bc11f753_reg[12]/D
                            (rising edge-triggered cell FDRE clocked by clk_out150Mhz_DPU_sys_clk_wiz_0_0  {rise@0.000ns fall@3.333ns period=6.667ns})
  Path Group:             clk_out150Mhz_DPU_sys_clk_wiz_0_0
  Path Type:              Hold (Min at Fast Process Corner)
  Requirement:            0.000ns  (clk_out150Mhz_DPU_sys_clk_wiz_0_0 rise@0.000ns - clk_out300Mhz_DPU_sys_clk_wiz_0_0 rise@0.000ns)
  Data Path Delay:        0.679ns  (logic 0.393ns (57.917%)  route 0.286ns (42.083%))
  Logic Levels:           3  (CARRY4=2 LUT3=1)
  Clock Path Skew:        0.330ns (DCD - SCD - CPR)
    Destination Clock Delay (DCD):    0.847ns
    Source Clock Delay      (SCD):    0.576ns
    Clock Pessimism Removal (CPR):    -0.059ns
  Clock Uncertainty:      0.193ns  ((TSJ^2 + DJ^2)^1/2) / 2 + PE
    Total System Jitter     (TSJ):    0.071ns
    Discrete Jitter          (DJ):    0.127ns
    Phase Error              (PE):    0.120ns
  Timing Exception:       MultiCycle Path   Setup -start 2    Hold  -start 1

    Location             Delay type                Incr(ns)  Path(ns)    Netlist Resource(s)
  -------------------------------------------------------------------    -------------------
                         (clock clk_out300Mhz_DPU_sys_clk_wiz_0_0 rise edge)
                                                      0.000     0.000 r  
    BUFGCTRL_X0Y19       BUFG                         0.000     0.000 r  DPU_sys_i/processing_system7_0/inst/buffer_fclk_clk_0.FCLK_CLK_0_BUFG/O
                         net (fo=943, routed)         0.672     0.672    DPU_sys_i/clk_wiz_0/inst/clk_in1
    MMCME2_ADV_X1Y2      MMCME2_ADV (Prop_mmcme2_adv_CLKIN1_CLKOUT1)
                                                     -1.395    -0.722 r  DPU_sys_i/clk_wiz_0/inst/mmcm_adv_inst/CLKOUT1
                         net (fo=1, routed)           0.696    -0.026    DPU_sys_i/clk_wiz_0/inst/clk_out300Mhz_DPU_sys_clk_wiz_0_0
    BUFGCTRL_X0Y18       BUFG (Prop_bufg_I_O)         0.026    -0.000 r  DPU_sys_i/clk_wiz_0/inst/clkout2_buf/O
                         net (fo=25585, routed)       0.576     0.576    DPU_sys_i/dpu_eu_0/inst/g_e584eb07.u_822a997b/u_8329ce29/u_3aa346a2/u_dcd815c9/u_6c52c68e/g_7b54f91e[7].g_07af5fd4[0].g_9aa100cb[1].u_a326a45b/dpu_2x_clk
    SLICE_X65Y87         FDRE                                         r  DPU_sys_i/dpu_eu_0/inst/g_e584eb07.u_822a997b/u_8329ce29/u_3aa346a2/u_dcd815c9/u_6c52c68e/g_7b54f91e[7].g_07af5fd4[0].g_9aa100cb[1].u_a326a45b/g_6779d86c[1].s_fcf4f443_reg[26]/C
  -------------------------------------------------------------------    -------------------
    SLICE_X65Y87         FDRE (Prop_fdre_C_Q)         0.128     0.704 r  DPU_sys_i/dpu_eu_0/inst/g_e584eb07.u_822a997b/u_8329ce29/u_3aa346a2/u_dcd815c9/u_6c52c68e/g_7b54f91e[7].g_07af5fd4[0].g_9aa100cb[1].u_a326a45b/g_6779d86c[1].s_fcf4f443_reg[26]/Q
                         net (fo=3, routed)           0.187     0.891    DPU_sys_i/dpu_eu_0/inst/g_e584eb07.u_822a997b/u_8329ce29/u_3aa346a2/u_dcd815c9/u_6c52c68e/g_7b54f91e[7].g_07af5fd4[0].g_9aa100cb[1].u_a326a45b/s_50a91f5a[103]
    SLICE_X63Y90         LUT3 (Prop_lut3_I0_O)        0.098     0.989 r  DPU_sys_i/dpu_eu_0/inst/g_e584eb07.u_822a997b/u_8329ce29/u_3aa346a2/u_dcd815c9/u_6c52c68e/g_7b54f91e[7].g_07af5fd4[0].g_9aa100cb[1].u_a326a45b/g_d5115c37[3].u_727df53e/g_7e013b5a[2].u_17965cf0/g_3cbadd10[0].u_3f8488f4/g_76ac48ca.g_28df02a4[1].g_8de8756b.u_77891990/g_76ac48ca.g_28df02a4[1].g_8de8756b.s_bc11f753[11]_i_2/O
                         net (fo=1, routed)           0.098     1.087    DPU_sys_i/dpu_eu_0/inst/g_e584eb07.u_822a997b_n_4861
    SLICE_X61Y90         CARRY4 (Prop_carry4_DI[3]_CO[3])
                                                      0.113     1.200 r  DPU_sys_i/dpu_eu_0/inst/g_d5115c37[3].u_727df53e/g_7e013b5a[2].u_17965cf0/g_3cbadd10[0].u_3f8488f4/g_76ac48ca.g_28df02a4[1].g_8de8756b.u_77891990/g_76ac48ca.g_28df02a4[1].g_8de8756b.s_bc11f753_reg[11]_i_1/CO[3]
                         net (fo=1, routed)           0.000     1.200    DPU_sys_i/dpu_eu_0/inst/g_d5115c37[3].u_727df53e/g_7e013b5a[2].u_17965cf0/g_3cbadd10[0].u_3f8488f4/g_76ac48ca.g_28df02a4[1].g_8de8756b.u_77891990/g_76ac48ca.g_28df02a4[1].g_8de8756b.s_bc11f753_reg[11]_i_1_n_0
    SLICE_X61Y91         CARRY4 (Prop_carry4_CI_O[0])
                                                      0.054     1.254 r  DPU_sys_i/dpu_eu_0/inst/g_d5115c37[3].u_727df53e/g_7e013b5a[2].u_17965cf0/g_3cbadd10[0].u_3f8488f4/g_76ac48ca.g_28df02a4[1].g_8de8756b.u_77891990/g_76ac48ca.g_28df02a4[1].g_8de8756b.s_bc11f753_reg[15]_i_1/O[0]
                         net (fo=1, routed)           0.000     1.254    DPU_sys_i/dpu_eu_0/inst/g_e584eb07.u_822a997b/u_8329ce29/u_3aa346a2/u_dcd815c9/u_cc4240ab/g_d5115c37[3].u_727df53e/g_7e013b5a[2].u_17965cf0/g_3cbadd10[0].u_3f8488f4/g_76ac48ca.g_28df02a4[1].g_8de8756b.s_bc11f753_reg[17]_1[12]
    SLICE_X61Y91         FDRE                                         r  DPU_sys_i/dpu_eu_0/inst/g_e584eb07.u_822a997b/u_8329ce29/u_3aa346a2/u_dcd815c9/u_cc4240ab/g_d5115c37[3].u_727df53e/g_7e013b5a[2].u_17965cf0/g_3cbadd10[0].u_3f8488f4/g_76ac48ca.g_28df02a4[1].g_8de8756b.s_bc11f753_reg[12]/D
  -------------------------------------------------------------------    -------------------

                         (clock clk_out150Mhz_DPU_sys_clk_wiz_0_0 rise edge)
                                                      0.000     0.000 r  
    BUFGCTRL_X0Y19       BUFG                         0.000     0.000 r  DPU_sys_i/processing_system7_0/inst/buffer_fclk_clk_0.FCLK_CLK_0_BUFG/O
                         net (fo=943, routed)         0.945     0.945    DPU_sys_i/clk_wiz_0/inst/clk_in1
    MMCME2_ADV_X1Y2      MMCME2_ADV (Prop_mmcme2_adv_CLKIN1_CLKOUT0)
                                                     -1.726    -0.781 r  DPU_sys_i/clk_wiz_0/inst/mmcm_adv_inst/CLKOUT0
                         net (fo=1, routed)           0.752    -0.029    DPU_sys_i/clk_wiz_0/inst/clk_out150Mhz_DPU_sys_clk_wiz_0_0
    BUFGCTRL_X0Y17       BUFG (Prop_bufg_I_O)         0.029     0.000 r  DPU_sys_i/clk_wiz_0/inst/clkout1_buf/O
                         net (fo=40816, routed)       0.847     0.847    DPU_sys_i/dpu_eu_0/inst/g_e584eb07.u_822a997b/u_8329ce29/u_3aa346a2/u_dcd815c9/u_cc4240ab/g_d5115c37[3].u_727df53e/g_7e013b5a[2].u_17965cf0/g_3cbadd10[0].u_3f8488f4/m_axi_dpu_aclk
    SLICE_X61Y91         FDRE                                         r  DPU_sys_i/dpu_eu_0/inst/g_e584eb07.u_822a997b/u_8329ce29/u_3aa346a2/u_dcd815c9/u_cc4240ab/g_d5115c37[3].u_727df53e/g_7e013b5a[2].u_17965cf0/g_3cbadd10[0].u_3f8488f4/g_76ac48ca.g_28df02a4[1].g_8de8756b.s_bc11f753_reg[12]/C
                         clock pessimism              0.059     0.906    
                         clock uncertainty            0.193     1.098    
    SLICE_X61Y91         FDRE (Hold_fdre_C_D)         0.105     1.203    DPU_sys_i/dpu_eu_0/inst/g_e584eb07.u_822a997b/u_8329ce29/u_3aa346a2/u_dcd815c9/u_cc4240ab/g_d5115c37[3].u_727df53e/g_7e013b5a[2].u_17965cf0/g_3cbadd10[0].u_3f8488f4/g_76ac48ca.g_28df02a4[1].g_8de8756b.s_bc11f753_reg[12]
  -------------------------------------------------------------------
                         required time                         -1.203    
                         arrival time                           1.254    
  -------------------------------------------------------------------
                         slack                                  0.051    

Slack (MET) :             0.051ns  (arrival time - required time)
  Source:                 DPU_sys_i/dpu_eu_0/inst/g_e584eb07.u_822a997b/u_8329ce29/u_3aa346a2/u_dcd815c9/u_6c52c68e/g_7b54f91e[10].g_07af5fd4[0].g_9aa100cb[2].u_a326a45b/g_6779d86c[0].s_fcf4f443_reg[22]/C
                            (rising edge-triggered cell FDRE clocked by clk_out300Mhz_DPU_sys_clk_wiz_0_0  {rise@0.000ns fall@1.667ns period=3.333ns})
  Destination:            DPU_sys_i/dpu_eu_0/inst/g_e584eb07.u_822a997b/u_8329ce29/u_3aa346a2/u_dcd815c9/u_cc4240ab/g_d5115c37[5].u_727df53e/g_7e013b5a[0].u_17965cf0/g_3cbadd10[0].u_3f8488f4/g_76ac48ca.g_28df02a4[0].g_8de8756b.s_bc11f753_reg[8]/D
                            (rising edge-triggered cell FDRE clocked by clk_out150Mhz_DPU_sys_clk_wiz_0_0  {rise@0.000ns fall@3.333ns period=6.667ns})
  Path Group:             clk_out150Mhz_DPU_sys_clk_wiz_0_0
  Path Type:              Hold (Min at Fast Process Corner)
  Requirement:            0.000ns  (clk_out150Mhz_DPU_sys_clk_wiz_0_0 rise@0.000ns - clk_out300Mhz_DPU_sys_clk_wiz_0_0 rise@0.000ns)
  Data Path Delay:        0.677ns  (logic 0.353ns (52.120%)  route 0.324ns (47.880%))
  Logic Levels:           3  (CARRY4=2 LUT3=1)
  Clock Path Skew:        0.328ns (DCD - SCD - CPR)
    Destination Clock Delay (DCD):    0.903ns
    Source Clock Delay      (SCD):    0.633ns
    Clock Pessimism Removal (CPR):    -0.059ns
  Clock Uncertainty:      0.193ns  ((TSJ^2 + DJ^2)^1/2) / 2 + PE
    Total System Jitter     (TSJ):    0.071ns
    Discrete Jitter          (DJ):    0.127ns
    Phase Error              (PE):    0.120ns
  Timing Exception:       MultiCycle Path   Setup -start 2    Hold  -start 1

    Location             Delay type                Incr(ns)  Path(ns)    Netlist Resource(s)
  -------------------------------------------------------------------    -------------------
                         (clock clk_out300Mhz_DPU_sys_clk_wiz_0_0 rise edge)
                                                      0.000     0.000 r  
    BUFGCTRL_X0Y19       BUFG                         0.000     0.000 r  DPU_sys_i/processing_system7_0/inst/buffer_fclk_clk_0.FCLK_CLK_0_BUFG/O
                         net (fo=943, routed)         0.672     0.672    DPU_sys_i/clk_wiz_0/inst/clk_in1
    MMCME2_ADV_X1Y2      MMCME2_ADV (Prop_mmcme2_adv_CLKIN1_CLKOUT1)
                                                     -1.395    -0.722 r  DPU_sys_i/clk_wiz_0/inst/mmcm_adv_inst/CLKOUT1
                         net (fo=1, routed)           0.696    -0.026    DPU_sys_i/clk_wiz_0/inst/clk_out300Mhz_DPU_sys_clk_wiz_0_0
    BUFGCTRL_X0Y18       BUFG (Prop_bufg_I_O)         0.026    -0.000 r  DPU_sys_i/clk_wiz_0/inst/clkout2_buf/O
                         net (fo=25585, routed)       0.633     0.633    DPU_sys_i/dpu_eu_0/inst/g_e584eb07.u_822a997b/u_8329ce29/u_3aa346a2/u_dcd815c9/u_6c52c68e/g_7b54f91e[10].g_07af5fd4[0].g_9aa100cb[2].u_a326a45b/dpu_2x_clk
    SLICE_X41Y116        FDRE                                         r  DPU_sys_i/dpu_eu_0/inst/g_e584eb07.u_822a997b/u_8329ce29/u_3aa346a2/u_dcd815c9/u_6c52c68e/g_7b54f91e[10].g_07af5fd4[0].g_9aa100cb[2].u_a326a45b/g_6779d86c[0].s_fcf4f443_reg[22]/C
  -------------------------------------------------------------------    -------------------
    SLICE_X41Y116        FDRE (Prop_fdre_C_Q)         0.141     0.774 r  DPU_sys_i/dpu_eu_0/inst/g_e584eb07.u_822a997b/u_8329ce29/u_3aa346a2/u_dcd815c9/u_6c52c68e/g_7b54f91e[10].g_07af5fd4[0].g_9aa100cb[2].u_a326a45b/g_6779d86c[0].s_fcf4f443_reg[22]/Q
                         net (fo=3, routed)           0.210     0.984    DPU_sys_i/dpu_eu_0/inst/g_e584eb07.u_822a997b/u_8329ce29/u_3aa346a2/u_dcd815c9/u_6c52c68e/g_7b54f91e[10].g_07af5fd4[0].g_9aa100cb[2].u_a326a45b/s_50a91f5a[68]
    SLICE_X40Y115        LUT3 (Prop_lut3_I0_O)        0.045     1.029 r  DPU_sys_i/dpu_eu_0/inst/g_e584eb07.u_822a997b/u_8329ce29/u_3aa346a2/u_dcd815c9/u_6c52c68e/g_7b54f91e[10].g_07af5fd4[0].g_9aa100cb[2].u_a326a45b/g_d5115c37[5].u_727df53e/g_7e013b5a[0].u_17965cf0/g_3cbadd10[0].u_3f8488f4/g_76ac48ca.g_28df02a4[0].g_8de8756b.u_77891990/g_76ac48ca.g_28df02a4[0].g_8de8756b.s_bc11f753[7]_i_2/O
                         net (fo=1, routed)           0.114     1.143    DPU_sys_i/dpu_eu_0/inst/g_e584eb07.u_822a997b_n_5826
    SLICE_X39Y115        CARRY4 (Prop_carry4_DI[3]_CO[3])
                                                      0.113     1.256 r  DPU_sys_i/dpu_eu_0/inst/g_d5115c37[5].u_727df53e/g_7e013b5a[0].u_17965cf0/g_3cbadd10[0].u_3f8488f4/g_76ac48ca.g_28df02a4[0].g_8de8756b.u_77891990/g_76ac48ca.g_28df02a4[0].g_8de8756b.s_bc11f753_reg[7]_i_1/CO[3]
                         net (fo=1, routed)           0.000     1.256    DPU_sys_i/dpu_eu_0/inst/g_d5115c37[5].u_727df53e/g_7e013b5a[0].u_17965cf0/g_3cbadd10[0].u_3f8488f4/g_76ac48ca.g_28df02a4[0].g_8de8756b.u_77891990/g_76ac48ca.g_28df02a4[0].g_8de8756b.s_bc11f753_reg[7]_i_1_n_0
    SLICE_X39Y116        CARRY4 (Prop_carry4_CI_O[0])
                                                      0.054     1.310 r  DPU_sys_i/dpu_eu_0/inst/g_d5115c37[5].u_727df53e/g_7e013b5a[0].u_17965cf0/g_3cbadd10[0].u_3f8488f4/g_76ac48ca.g_28df02a4[0].g_8de8756b.u_77891990/g_76ac48ca.g_28df02a4[0].g_8de8756b.s_bc11f753_reg[11]_i_1/O[0]
                         net (fo=1, routed)           0.000     1.310    DPU_sys_i/dpu_eu_0/inst/g_e584eb07.u_822a997b/u_8329ce29/u_3aa346a2/u_dcd815c9/u_cc4240ab/g_d5115c37[5].u_727df53e/g_7e013b5a[0].u_17965cf0/g_3cbadd10[0].u_3f8488f4/g_76ac48ca.g_28df02a4[0].g_8de8756b.s_bc11f753_reg[17]_0[8]
    SLICE_X39Y116        FDRE                                         r  DPU_sys_i/dpu_eu_0/inst/g_e584eb07.u_822a997b/u_8329ce29/u_3aa346a2/u_dcd815c9/u_cc4240ab/g_d5115c37[5].u_727df53e/g_7e013b5a[0].u_17965cf0/g_3cbadd10[0].u_3f8488f4/g_76ac48ca.g_28df02a4[0].g_8de8756b.s_bc11f753_reg[8]/D
  -------------------------------------------------------------------    -------------------

                         (clock clk_out150Mhz_DPU_sys_clk_wiz_0_0 rise edge)
                                                      0.000     0.000 r  
    BUFGCTRL_X0Y19       BUFG                         0.000     0.000 r  DPU_sys_i/processing_system7_0/inst/buffer_fclk_clk_0.FCLK_CLK_0_BUFG/O
                         net (fo=943, routed)         0.945     0.945    DPU_sys_i/clk_wiz_0/inst/clk_in1
    MMCME2_ADV_X1Y2      MMCME2_ADV (Prop_mmcme2_adv_CLKIN1_CLKOUT0)
                                                     -1.726    -0.781 r  DPU_sys_i/clk_wiz_0/inst/mmcm_adv_inst/CLKOUT0
                         net (fo=1, routed)           0.752    -0.029    DPU_sys_i/clk_wiz_0/inst/clk_out150Mhz_DPU_sys_clk_wiz_0_0
    BUFGCTRL_X0Y17       BUFG (Prop_bufg_I_O)         0.029     0.000 r  DPU_sys_i/clk_wiz_0/inst/clkout1_buf/O
                         net (fo=40816, routed)       0.903     0.903    DPU_sys_i/dpu_eu_0/inst/g_e584eb07.u_822a997b/u_8329ce29/u_3aa346a2/u_dcd815c9/u_cc4240ab/g_d5115c37[5].u_727df53e/g_7e013b5a[0].u_17965cf0/g_3cbadd10[0].u_3f8488f4/m_axi_dpu_aclk
    SLICE_X39Y116        FDRE                                         r  DPU_sys_i/dpu_eu_0/inst/g_e584eb07.u_822a997b/u_8329ce29/u_3aa346a2/u_dcd815c9/u_cc4240ab/g_d5115c37[5].u_727df53e/g_7e013b5a[0].u_17965cf0/g_3cbadd10[0].u_3f8488f4/g_76ac48ca.g_28df02a4[0].g_8de8756b.s_bc11f753_reg[8]/C
                         clock pessimism              0.059     0.962    
                         clock uncertainty            0.193     1.154    
    SLICE_X39Y116        FDRE (Hold_fdre_C_D)         0.105     1.259    DPU_sys_i/dpu_eu_0/inst/g_e584eb07.u_822a997b/u_8329ce29/u_3aa346a2/u_dcd815c9/u_cc4240ab/g_d5115c37[5].u_727df53e/g_7e013b5a[0].u_17965cf0/g_3cbadd10[0].u_3f8488f4/g_76ac48ca.g_28df02a4[0].g_8de8756b.s_bc11f753_reg[8]
  -------------------------------------------------------------------
                         required time                         -1.259    
                         arrival time                           1.310    
  -------------------------------------------------------------------
                         slack                                  0.051    

Slack (MET) :             0.051ns  (arrival time - required time)
  Source:                 DPU_sys_i/dpu_eu_0/inst/g_e584eb07.u_822a997b/u_8329ce29/u_3aa346a2/u_dcd815c9/u_6c52c68e/g_7b54f91e[4].g_07af5fd4[0].g_9aa100cb[0].u_a326a45b/g_6779d86c[0].s_35d09acc_reg[19]/C
                            (rising edge-triggered cell FDRE clocked by clk_out300Mhz_DPU_sys_clk_wiz_0_0  {rise@0.000ns fall@1.667ns period=3.333ns})
  Destination:            DPU_sys_i/dpu_eu_0/inst/g_e584eb07.u_822a997b/u_8329ce29/u_3aa346a2/u_dcd815c9/u_cc4240ab/g_d5115c37[0].u_727df53e/g_7e013b5a[0].u_17965cf0/g_3cbadd10[0].u_3f8488f4/g_76ac48ca.g_28df02a4[2].g_8de8756b.s_bc11f753_reg[3]/D
                            (rising edge-triggered cell FDRE clocked by clk_out150Mhz_DPU_sys_clk_wiz_0_0  {rise@0.000ns fall@3.333ns period=6.667ns})
  Path Group:             clk_out150Mhz_DPU_sys_clk_wiz_0_0
  Path Type:              Hold (Min at Fast Process Corner)
  Requirement:            0.000ns  (clk_out150Mhz_DPU_sys_clk_wiz_0_0 rise@0.000ns - clk_out300Mhz_DPU_sys_clk_wiz_0_0 rise@0.000ns)
  Data Path Delay:        0.679ns  (logic 0.249ns (36.682%)  route 0.430ns (63.318%))
  Logic Levels:           2  (CARRY4=1 LUT4=1)
  Clock Path Skew:        0.330ns (DCD - SCD - CPR)
    Destination Clock Delay (DCD):    0.855ns
    Source Clock Delay      (SCD):    0.584ns
    Clock Pessimism Removal (CPR):    -0.059ns
  Clock Uncertainty:      0.193ns  ((TSJ^2 + DJ^2)^1/2) / 2 + PE
    Total System Jitter     (TSJ):    0.071ns
    Discrete Jitter          (DJ):    0.127ns
    Phase Error              (PE):    0.120ns
  Timing Exception:       MultiCycle Path   Setup -start 2    Hold  -start 1

    Location             Delay type                Incr(ns)  Path(ns)    Netlist Resource(s)
  -------------------------------------------------------------------    -------------------
                         (clock clk_out300Mhz_DPU_sys_clk_wiz_0_0 rise edge)
                                                      0.000     0.000 r  
    BUFGCTRL_X0Y19       BUFG                         0.000     0.000 r  DPU_sys_i/processing_system7_0/inst/buffer_fclk_clk_0.FCLK_CLK_0_BUFG/O
                         net (fo=943, routed)         0.672     0.672    DPU_sys_i/clk_wiz_0/inst/clk_in1
    MMCME2_ADV_X1Y2      MMCME2_ADV (Prop_mmcme2_adv_CLKIN1_CLKOUT1)
                                                     -1.395    -0.722 r  DPU_sys_i/clk_wiz_0/inst/mmcm_adv_inst/CLKOUT1
                         net (fo=1, routed)           0.696    -0.026    DPU_sys_i/clk_wiz_0/inst/clk_out300Mhz_DPU_sys_clk_wiz_0_0
    BUFGCTRL_X0Y18       BUFG (Prop_bufg_I_O)         0.026    -0.000 r  DPU_sys_i/clk_wiz_0/inst/clkout2_buf/O
                         net (fo=25585, routed)       0.584     0.584    DPU_sys_i/dpu_eu_0/inst/g_e584eb07.u_822a997b/u_8329ce29/u_3aa346a2/u_dcd815c9/u_6c52c68e/g_7b54f91e[4].g_07af5fd4[0].g_9aa100cb[0].u_a326a45b/dpu_2x_clk
    SLICE_X24Y18         FDRE                                         r  DPU_sys_i/dpu_eu_0/inst/g_e584eb07.u_822a997b/u_8329ce29/u_3aa346a2/u_dcd815c9/u_6c52c68e/g_7b54f91e[4].g_07af5fd4[0].g_9aa100cb[0].u_a326a45b/g_6779d86c[0].s_35d09acc_reg[19]/C
  -------------------------------------------------------------------    -------------------
    SLICE_X24Y18         FDRE (Prop_fdre_C_Q)         0.141     0.725 r  DPU_sys_i/dpu_eu_0/inst/g_e584eb07.u_822a997b/u_8329ce29/u_3aa346a2/u_dcd815c9/u_6c52c68e/g_7b54f91e[4].g_07af5fd4[0].g_9aa100cb[0].u_a326a45b/g_6779d86c[0].s_35d09acc_reg[19]/Q
                         net (fo=2, routed)           0.430     1.154    DPU_sys_i/dpu_eu_0/inst/g_e584eb07.u_822a997b/u_8329ce29/u_3aa346a2/u_dcd815c9/u_6c52c68e/g_7b54f91e[4].g_07af5fd4[0].g_9aa100cb[0].u_a326a45b/s_50a91f5a[67]
    SLICE_X21Y18         LUT4 (Prop_lut4_I0_O)        0.045     1.199 r  DPU_sys_i/dpu_eu_0/inst/g_e584eb07.u_822a997b/u_8329ce29/u_3aa346a2/u_dcd815c9/u_6c52c68e/g_7b54f91e[4].g_07af5fd4[0].g_9aa100cb[0].u_a326a45b/g_d5115c37[0].u_727df53e/g_7e013b5a[0].u_17965cf0/g_3cbadd10[0].u_3f8488f4/g_76ac48ca.g_28df02a4[2].g_8de8756b.u_77891990/g_76ac48ca.g_28df02a4[2].g_8de8756b.s_bc11f753[3]_i_5/O
                         net (fo=1, routed)           0.000     1.199    DPU_sys_i/dpu_eu_0/inst/g_e584eb07.u_822a997b_n_1224
    SLICE_X21Y18         CARRY4 (Prop_carry4_S[3]_O[3])
                                                      0.063     1.262 r  DPU_sys_i/dpu_eu_0/inst/g_d5115c37[0].u_727df53e/g_7e013b5a[0].u_17965cf0/g_3cbadd10[0].u_3f8488f4/g_76ac48ca.g_28df02a4[2].g_8de8756b.u_77891990/g_76ac48ca.g_28df02a4[2].g_8de8756b.s_bc11f753_reg[3]_i_1/O[3]
                         net (fo=1, routed)           0.000     1.262    DPU_sys_i/dpu_eu_0/inst/g_e584eb07.u_822a997b/u_8329ce29/u_3aa346a2/u_dcd815c9/u_cc4240ab/g_d5115c37[0].u_727df53e/g_7e013b5a[0].u_17965cf0/g_3cbadd10[0].u_3f8488f4/g_76ac48ca.g_28df02a4[2].g_8de8756b.s_bc11f753_reg[17]_1[3]
    SLICE_X21Y18         FDRE                                         r  DPU_sys_i/dpu_eu_0/inst/g_e584eb07.u_822a997b/u_8329ce29/u_3aa346a2/u_dcd815c9/u_cc4240ab/g_d5115c37[0].u_727df53e/g_7e013b5a[0].u_17965cf0/g_3cbadd10[0].u_3f8488f4/g_76ac48ca.g_28df02a4[2].g_8de8756b.s_bc11f753_reg[3]/D
  -------------------------------------------------------------------    -------------------

                         (clock clk_out150Mhz_DPU_sys_clk_wiz_0_0 rise edge)
                                                      0.000     0.000 r  
    BUFGCTRL_X0Y19       BUFG                         0.000     0.000 r  DPU_sys_i/processing_system7_0/inst/buffer_fclk_clk_0.FCLK_CLK_0_BUFG/O
                         net (fo=943, routed)         0.945     0.945    DPU_sys_i/clk_wiz_0/inst/clk_in1
    MMCME2_ADV_X1Y2      MMCME2_ADV (Prop_mmcme2_adv_CLKIN1_CLKOUT0)
                                                     -1.726    -0.781 r  DPU_sys_i/clk_wiz_0/inst/mmcm_adv_inst/CLKOUT0
                         net (fo=1, routed)           0.752    -0.029    DPU_sys_i/clk_wiz_0/inst/clk_out150Mhz_DPU_sys_clk_wiz_0_0
    BUFGCTRL_X0Y17       BUFG (Prop_bufg_I_O)         0.029     0.000 r  DPU_sys_i/clk_wiz_0/inst/clkout1_buf/O
                         net (fo=40816, routed)       0.855     0.855    DPU_sys_i/dpu_eu_0/inst/g_e584eb07.u_822a997b/u_8329ce29/u_3aa346a2/u_dcd815c9/u_cc4240ab/g_d5115c37[0].u_727df53e/g_7e013b5a[0].u_17965cf0/g_3cbadd10[0].u_3f8488f4/m_axi_dpu_aclk
    SLICE_X21Y18         FDRE                                         r  DPU_sys_i/dpu_eu_0/inst/g_e584eb07.u_822a997b/u_8329ce29/u_3aa346a2/u_dcd815c9/u_cc4240ab/g_d5115c37[0].u_727df53e/g_7e013b5a[0].u_17965cf0/g_3cbadd10[0].u_3f8488f4/g_76ac48ca.g_28df02a4[2].g_8de8756b.s_bc11f753_reg[3]/C
                         clock pessimism              0.059     0.914    
                         clock uncertainty            0.193     1.106    
    SLICE_X21Y18         FDRE (Hold_fdre_C_D)         0.105     1.211    DPU_sys_i/dpu_eu_0/inst/g_e584eb07.u_822a997b/u_8329ce29/u_3aa346a2/u_dcd815c9/u_cc4240ab/g_d5115c37[0].u_727df53e/g_7e013b5a[0].u_17965cf0/g_3cbadd10[0].u_3f8488f4/g_76ac48ca.g_28df02a4[2].g_8de8756b.s_bc11f753_reg[3]
  -------------------------------------------------------------------
                         required time                         -1.211    
                         arrival time                           1.262    
  -------------------------------------------------------------------
                         slack                                  0.051    

Slack (MET) :             0.052ns  (arrival time - required time)
  Source:                 DPU_sys_i/dpu_eu_0/inst/g_e584eb07.u_822a997b/u_8329ce29/u_3aa346a2/u_dcd815c9/u_6c52c68e/g_7b54f91e[3].g_07af5fd4[0].g_9aa100cb[4].u_a326a45b/g_6779d86c[0].s_35d09acc_reg[21]/C
                            (rising edge-triggered cell FDRE clocked by clk_out300Mhz_DPU_sys_clk_wiz_0_0  {rise@0.000ns fall@1.667ns period=3.333ns})
  Destination:            DPU_sys_i/dpu_eu_0/inst/g_e584eb07.u_822a997b/u_8329ce29/u_3aa346a2/u_dcd815c9/u_cc4240ab/g_d5115c37[8].u_727df53e/g_7e013b5a[0].u_17965cf0/g_3cbadd10[0].u_3f8488f4/g_76ac48ca.g_28df02a4[2].g_8de8756b.s_bc11f753_reg[5]/D
                            (rising edge-triggered cell FDRE clocked by clk_out150Mhz_DPU_sys_clk_wiz_0_0  {rise@0.000ns fall@3.333ns period=6.667ns})
  Path Group:             clk_out150Mhz_DPU_sys_clk_wiz_0_0
  Path Type:              Hold (Min at Fast Process Corner)
  Requirement:            0.000ns  (clk_out150Mhz_DPU_sys_clk_wiz_0_0 rise@0.000ns - clk_out300Mhz_DPU_sys_clk_wiz_0_0 rise@0.000ns)
  Data Path Delay:        0.677ns  (logic 0.274ns (40.481%)  route 0.403ns (59.519%))
  Logic Levels:           2  (CARRY4=1 LUT4=1)
  Clock Path Skew:        0.327ns (DCD - SCD - CPR)
    Destination Clock Delay (DCD):    0.955ns
    Source Clock Delay      (SCD):    0.686ns
    Clock Pessimism Removal (CPR):    -0.059ns
  Clock Uncertainty:      0.193ns  ((TSJ^2 + DJ^2)^1/2) / 2 + PE
    Total System Jitter     (TSJ):    0.071ns
    Discrete Jitter          (DJ):    0.127ns
    Phase Error              (PE):    0.120ns
  Timing Exception:       MultiCycle Path   Setup -start 2    Hold  -start 1

    Location             Delay type                Incr(ns)  Path(ns)    Netlist Resource(s)
  -------------------------------------------------------------------    -------------------
                         (clock clk_out300Mhz_DPU_sys_clk_wiz_0_0 rise edge)
                                                      0.000     0.000 r  
    BUFGCTRL_X0Y19       BUFG                         0.000     0.000 r  DPU_sys_i/processing_system7_0/inst/buffer_fclk_clk_0.FCLK_CLK_0_BUFG/O
                         net (fo=943, routed)         0.672     0.672    DPU_sys_i/clk_wiz_0/inst/clk_in1
    MMCME2_ADV_X1Y2      MMCME2_ADV (Prop_mmcme2_adv_CLKIN1_CLKOUT1)
                                                     -1.395    -0.722 r  DPU_sys_i/clk_wiz_0/inst/mmcm_adv_inst/CLKOUT1
                         net (fo=1, routed)           0.696    -0.026    DPU_sys_i/clk_wiz_0/inst/clk_out300Mhz_DPU_sys_clk_wiz_0_0
    BUFGCTRL_X0Y18       BUFG (Prop_bufg_I_O)         0.026    -0.000 r  DPU_sys_i/clk_wiz_0/inst/clkout2_buf/O
                         net (fo=25585, routed)       0.686     0.686    DPU_sys_i/dpu_eu_0/inst/g_e584eb07.u_822a997b/u_8329ce29/u_3aa346a2/u_dcd815c9/u_6c52c68e/g_7b54f91e[3].g_07af5fd4[0].g_9aa100cb[4].u_a326a45b/dpu_2x_clk
    SLICE_X104Y135       FDRE                                         r  DPU_sys_i/dpu_eu_0/inst/g_e584eb07.u_822a997b/u_8329ce29/u_3aa346a2/u_dcd815c9/u_6c52c68e/g_7b54f91e[3].g_07af5fd4[0].g_9aa100cb[4].u_a326a45b/g_6779d86c[0].s_35d09acc_reg[21]/C
  -------------------------------------------------------------------    -------------------
    SLICE_X104Y135       FDRE (Prop_fdre_C_Q)         0.164     0.850 r  DPU_sys_i/dpu_eu_0/inst/g_e584eb07.u_822a997b/u_8329ce29/u_3aa346a2/u_dcd815c9/u_6c52c68e/g_7b54f91e[3].g_07af5fd4[0].g_9aa100cb[4].u_a326a45b/g_6779d86c[0].s_35d09acc_reg[21]/Q
                         net (fo=2, routed)           0.403     1.253    DPU_sys_i/dpu_eu_0/inst/g_e584eb07.u_822a997b/u_8329ce29/u_3aa346a2/u_dcd815c9/u_6c52c68e/g_7b54f91e[4].g_07af5fd4[0].g_9aa100cb[4].u_a326a45b/g_76ac48ca.g_28df02a4[2].g_8de8756b.s_bc11f753_reg[15][5]
    SLICE_X105Y130       LUT4 (Prop_lut4_I1_O)        0.045     1.298 r  DPU_sys_i/dpu_eu_0/inst/g_e584eb07.u_822a997b/u_8329ce29/u_3aa346a2/u_dcd815c9/u_6c52c68e/g_7b54f91e[4].g_07af5fd4[0].g_9aa100cb[4].u_a326a45b/g_d5115c37[8].u_727df53e/g_7e013b5a[0].u_17965cf0/g_3cbadd10[0].u_3f8488f4/g_76ac48ca.g_28df02a4[2].g_8de8756b.u_77891990/g_76ac48ca.g_28df02a4[2].g_8de8756b.s_bc11f753[7]_i_8/O
                         net (fo=1, routed)           0.000     1.298    DPU_sys_i/dpu_eu_0/inst/g_e584eb07.u_822a997b_n_7874
    SLICE_X105Y130       CARRY4 (Prop_carry4_S[1]_O[1])
                                                      0.065     1.363 r  DPU_sys_i/dpu_eu_0/inst/g_d5115c37[8].u_727df53e/g_7e013b5a[0].u_17965cf0/g_3cbadd10[0].u_3f8488f4/g_76ac48ca.g_28df02a4[2].g_8de8756b.u_77891990/g_76ac48ca.g_28df02a4[2].g_8de8756b.s_bc11f753_reg[7]_i_1/O[1]
                         net (fo=1, routed)           0.000     1.363    DPU_sys_i/dpu_eu_0/inst/g_e584eb07.u_822a997b/u_8329ce29/u_3aa346a2/u_dcd815c9/u_cc4240ab/g_d5115c37[8].u_727df53e/g_7e013b5a[0].u_17965cf0/g_3cbadd10[0].u_3f8488f4/g_76ac48ca.g_28df02a4[2].g_8de8756b.s_bc11f753_reg[17]_1[5]
    SLICE_X105Y130       FDRE                                         r  DPU_sys_i/dpu_eu_0/inst/g_e584eb07.u_822a997b/u_8329ce29/u_3aa346a2/u_dcd815c9/u_cc4240ab/g_d5115c37[8].u_727df53e/g_7e013b5a[0].u_17965cf0/g_3cbadd10[0].u_3f8488f4/g_76ac48ca.g_28df02a4[2].g_8de8756b.s_bc11f753_reg[5]/D
  -------------------------------------------------------------------    -------------------

                         (clock clk_out150Mhz_DPU_sys_clk_wiz_0_0 rise edge)
                                                      0.000     0.000 r  
    BUFGCTRL_X0Y19       BUFG                         0.000     0.000 r  DPU_sys_i/processing_system7_0/inst/buffer_fclk_clk_0.FCLK_CLK_0_BUFG/O
                         net (fo=943, routed)         0.945     0.945    DPU_sys_i/clk_wiz_0/inst/clk_in1
    MMCME2_ADV_X1Y2      MMCME2_ADV (Prop_mmcme2_adv_CLKIN1_CLKOUT0)
                                                     -1.726    -0.781 r  DPU_sys_i/clk_wiz_0/inst/mmcm_adv_inst/CLKOUT0
                         net (fo=1, routed)           0.752    -0.029    DPU_sys_i/clk_wiz_0/inst/clk_out150Mhz_DPU_sys_clk_wiz_0_0
    BUFGCTRL_X0Y17       BUFG (Prop_bufg_I_O)         0.029     0.000 r  DPU_sys_i/clk_wiz_0/inst/clkout1_buf/O
                         net (fo=40816, routed)       0.955     0.955    DPU_sys_i/dpu_eu_0/inst/g_e584eb07.u_822a997b/u_8329ce29/u_3aa346a2/u_dcd815c9/u_cc4240ab/g_d5115c37[8].u_727df53e/g_7e013b5a[0].u_17965cf0/g_3cbadd10[0].u_3f8488f4/m_axi_dpu_aclk
    SLICE_X105Y130       FDRE                                         r  DPU_sys_i/dpu_eu_0/inst/g_e584eb07.u_822a997b/u_8329ce29/u_3aa346a2/u_dcd815c9/u_cc4240ab/g_d5115c37[8].u_727df53e/g_7e013b5a[0].u_17965cf0/g_3cbadd10[0].u_3f8488f4/g_76ac48ca.g_28df02a4[2].g_8de8756b.s_bc11f753_reg[5]/C
                         clock pessimism              0.059     1.014    
                         clock uncertainty            0.193     1.206    
    SLICE_X105Y130       FDRE (Hold_fdre_C_D)         0.105     1.311    DPU_sys_i/dpu_eu_0/inst/g_e584eb07.u_822a997b/u_8329ce29/u_3aa346a2/u_dcd815c9/u_cc4240ab/g_d5115c37[8].u_727df53e/g_7e013b5a[0].u_17965cf0/g_3cbadd10[0].u_3f8488f4/g_76ac48ca.g_28df02a4[2].g_8de8756b.s_bc11f753_reg[5]
  -------------------------------------------------------------------
                         required time                         -1.311    
                         arrival time                           1.363    
  -------------------------------------------------------------------
                         slack                                  0.052    

Slack (MET) :             0.052ns  (arrival time - required time)
  Source:                 DPU_sys_i/dpu_eu_0/inst/g_e584eb07.u_822a997b/u_8329ce29/u_3aa346a2/u_dcd815c9/u_6c52c68e/g_7b54f91e[5].g_07af5fd4[0].g_9aa100cb[3].u_a326a45b/g_6779d86c[0].s_35d09acc_reg[11]/C
                            (rising edge-triggered cell FDRE clocked by clk_out300Mhz_DPU_sys_clk_wiz_0_0  {rise@0.000ns fall@1.667ns period=3.333ns})
  Destination:            DPU_sys_i/dpu_eu_0/inst/g_e584eb07.u_822a997b/u_8329ce29/u_3aa346a2/u_dcd815c9/u_cc4240ab/g_d5115c37[6].u_727df53e/g_7e013b5a[1].u_17965cf0/g_3cbadd10[0].u_3f8488f4/g_76ac48ca.g_28df02a4[2].g_8de8756b.s_bc11f753_reg[13]/D
                            (rising edge-triggered cell FDRE clocked by clk_out150Mhz_DPU_sys_clk_wiz_0_0  {rise@0.000ns fall@3.333ns period=6.667ns})
  Path Group:             clk_out150Mhz_DPU_sys_clk_wiz_0_0
  Path Type:              Hold (Min at Fast Process Corner)
  Requirement:            0.000ns  (clk_out150Mhz_DPU_sys_clk_wiz_0_0 rise@0.000ns - clk_out300Mhz_DPU_sys_clk_wiz_0_0 rise@0.000ns)
  Data Path Delay:        0.680ns  (logic 0.333ns (48.977%)  route 0.347ns (51.023%))
  Logic Levels:           2  (CARRY4=1 LUT3=1)
  Clock Path Skew:        0.330ns (DCD - SCD - CPR)
    Destination Clock Delay (DCD):    0.936ns
    Source Clock Delay      (SCD):    0.664ns
    Clock Pessimism Removal (CPR):    -0.059ns
  Clock Uncertainty:      0.193ns  ((TSJ^2 + DJ^2)^1/2) / 2 + PE
    Total System Jitter     (TSJ):    0.071ns
    Discrete Jitter          (DJ):    0.127ns
    Phase Error              (PE):    0.120ns
  Timing Exception:       MultiCycle Path   Setup -start 2    Hold  -start 1

    Location             Delay type                Incr(ns)  Path(ns)    Netlist Resource(s)
  -------------------------------------------------------------------    -------------------
                         (clock clk_out300Mhz_DPU_sys_clk_wiz_0_0 rise edge)
                                                      0.000     0.000 r  
    BUFGCTRL_X0Y19       BUFG                         0.000     0.000 r  DPU_sys_i/processing_system7_0/inst/buffer_fclk_clk_0.FCLK_CLK_0_BUFG/O
                         net (fo=943, routed)         0.672     0.672    DPU_sys_i/clk_wiz_0/inst/clk_in1
    MMCME2_ADV_X1Y2      MMCME2_ADV (Prop_mmcme2_adv_CLKIN1_CLKOUT1)
                                                     -1.395    -0.722 r  DPU_sys_i/clk_wiz_0/inst/mmcm_adv_inst/CLKOUT1
                         net (fo=1, routed)           0.696    -0.026    DPU_sys_i/clk_wiz_0/inst/clk_out300Mhz_DPU_sys_clk_wiz_0_0
    BUFGCTRL_X0Y18       BUFG (Prop_bufg_I_O)         0.026    -0.000 r  DPU_sys_i/clk_wiz_0/inst/clkout2_buf/O
                         net (fo=25585, routed)       0.664     0.664    DPU_sys_i/dpu_eu_0/inst/g_e584eb07.u_822a997b/u_8329ce29/u_3aa346a2/u_dcd815c9/u_6c52c68e/g_7b54f91e[5].g_07af5fd4[0].g_9aa100cb[3].u_a326a45b/dpu_2x_clk
    SLICE_X86Y141        FDRE                                         r  DPU_sys_i/dpu_eu_0/inst/g_e584eb07.u_822a997b/u_8329ce29/u_3aa346a2/u_dcd815c9/u_6c52c68e/g_7b54f91e[5].g_07af5fd4[0].g_9aa100cb[3].u_a326a45b/g_6779d86c[0].s_35d09acc_reg[11]/C
  -------------------------------------------------------------------    -------------------
    SLICE_X86Y141        FDRE (Prop_fdre_C_Q)         0.164     0.828 r  DPU_sys_i/dpu_eu_0/inst/g_e584eb07.u_822a997b/u_8329ce29/u_3aa346a2/u_dcd815c9/u_6c52c68e/g_7b54f91e[5].g_07af5fd4[0].g_9aa100cb[3].u_a326a45b/g_6779d86c[0].s_35d09acc_reg[11]/Q
                         net (fo=3, routed)           0.158     0.986    DPU_sys_i/dpu_eu_0/inst/g_e584eb07.u_822a997b/u_8329ce29/u_3aa346a2/u_dcd815c9/u_6c52c68e/g_7b54f91e[4].g_07af5fd4[0].g_9aa100cb[3].u_a326a45b/g_76ac48ca.g_28df02a4[2].g_8de8756b.s_bc11f753_reg[15][55]
    SLICE_X86Y140        LUT3 (Prop_lut3_I2_O)        0.045     1.031 r  DPU_sys_i/dpu_eu_0/inst/g_e584eb07.u_822a997b/u_8329ce29/u_3aa346a2/u_dcd815c9/u_6c52c68e/g_7b54f91e[4].g_07af5fd4[0].g_9aa100cb[3].u_a326a45b/g_d5115c37[6].u_727df53e/g_7e013b5a[1].u_17965cf0/g_3cbadd10[0].u_3f8488f4/g_76ac48ca.g_28df02a4[2].g_8de8756b.u_77891990/g_76ac48ca.g_28df02a4[2].g_8de8756b.s_bc11f753[15]_i_5/O
                         net (fo=1, routed)           0.189     1.220    DPU_sys_i/dpu_eu_0/inst/g_e584eb07.u_822a997b_n_6725
    SLICE_X85Y139        CARRY4 (Prop_carry4_DI[0]_O[1])
                                                      0.124     1.344 r  DPU_sys_i/dpu_eu_0/inst/g_d5115c37[6].u_727df53e/g_7e013b5a[1].u_17965cf0/g_3cbadd10[0].u_3f8488f4/g_76ac48ca.g_28df02a4[2].g_8de8756b.u_77891990/g_76ac48ca.g_28df02a4[2].g_8de8756b.s_bc11f753_reg[15]_i_1/O[1]
                         net (fo=1, routed)           0.000     1.344    DPU_sys_i/dpu_eu_0/inst/g_e584eb07.u_822a997b/u_8329ce29/u_3aa346a2/u_dcd815c9/u_cc4240ab/g_d5115c37[6].u_727df53e/g_7e013b5a[1].u_17965cf0/g_3cbadd10[0].u_3f8488f4/g_76ac48ca.g_28df02a4[2].g_8de8756b.s_bc11f753_reg[17]_1[13]
    SLICE_X85Y139        FDRE                                         r  DPU_sys_i/dpu_eu_0/inst/g_e584eb07.u_822a997b/u_8329ce29/u_3aa346a2/u_dcd815c9/u_cc4240ab/g_d5115c37[6].u_727df53e/g_7e013b5a[1].u_17965cf0/g_3cbadd10[0].u_3f8488f4/g_76ac48ca.g_28df02a4[2].g_8de8756b.s_bc11f753_reg[13]/D
  -------------------------------------------------------------------    -------------------

                         (clock clk_out150Mhz_DPU_sys_clk_wiz_0_0 rise edge)
                                                      0.000     0.000 r  
    BUFGCTRL_X0Y19       BUFG                         0.000     0.000 r  DPU_sys_i/processing_system7_0/inst/buffer_fclk_clk_0.FCLK_CLK_0_BUFG/O
                         net (fo=943, routed)         0.945     0.945    DPU_sys_i/clk_wiz_0/inst/clk_in1
    MMCME2_ADV_X1Y2      MMCME2_ADV (Prop_mmcme2_adv_CLKIN1_CLKOUT0)
                                                     -1.726    -0.781 r  DPU_sys_i/clk_wiz_0/inst/mmcm_adv_inst/CLKOUT0
                         net (fo=1, routed)           0.752    -0.029    DPU_sys_i/clk_wiz_0/inst/clk_out150Mhz_DPU_sys_clk_wiz_0_0
    BUFGCTRL_X0Y17       BUFG (Prop_bufg_I_O)         0.029     0.000 r  DPU_sys_i/clk_wiz_0/inst/clkout1_buf/O
                         net (fo=40816, routed)       0.936     0.936    DPU_sys_i/dpu_eu_0/inst/g_e584eb07.u_822a997b/u_8329ce29/u_3aa346a2/u_dcd815c9/u_cc4240ab/g_d5115c37[6].u_727df53e/g_7e013b5a[1].u_17965cf0/g_3cbadd10[0].u_3f8488f4/m_axi_dpu_aclk
    SLICE_X85Y139        FDRE                                         r  DPU_sys_i/dpu_eu_0/inst/g_e584eb07.u_822a997b/u_8329ce29/u_3aa346a2/u_dcd815c9/u_cc4240ab/g_d5115c37[6].u_727df53e/g_7e013b5a[1].u_17965cf0/g_3cbadd10[0].u_3f8488f4/g_76ac48ca.g_28df02a4[2].g_8de8756b.s_bc11f753_reg[13]/C
                         clock pessimism              0.059     0.995    
                         clock uncertainty            0.193     1.187    
    SLICE_X85Y139        FDRE (Hold_fdre_C_D)         0.105     1.292    DPU_sys_i/dpu_eu_0/inst/g_e584eb07.u_822a997b/u_8329ce29/u_3aa346a2/u_dcd815c9/u_cc4240ab/g_d5115c37[6].u_727df53e/g_7e013b5a[1].u_17965cf0/g_3cbadd10[0].u_3f8488f4/g_76ac48ca.g_28df02a4[2].g_8de8756b.s_bc11f753_reg[13]
  -------------------------------------------------------------------
                         required time                         -1.292    
                         arrival time                           1.344    
  -------------------------------------------------------------------
                         slack                                  0.052    

Slack (MET) :             0.052ns  (arrival time - required time)
  Source:                 DPU_sys_i/dpu_eu_0/inst/g_e584eb07.u_822a997b/u_8329ce29/u_3aa346a2/u_dcd815c9/u_6c52c68e/g_7b54f91e[4].g_07af5fd4[0].g_9aa100cb[0].u_a326a45b/g_6779d86c[0].s_35d09acc_reg[20]/C
                            (rising edge-triggered cell FDRE clocked by clk_out300Mhz_DPU_sys_clk_wiz_0_0  {rise@0.000ns fall@1.667ns period=3.333ns})
  Destination:            DPU_sys_i/dpu_eu_0/inst/g_e584eb07.u_822a997b/u_8329ce29/u_3aa346a2/u_dcd815c9/u_cc4240ab/g_d5115c37[0].u_727df53e/g_7e013b5a[0].u_17965cf0/g_3cbadd10[0].u_3f8488f4/g_76ac48ca.g_28df02a4[2].g_8de8756b.s_bc11f753_reg[4]/D
                            (rising edge-triggered cell FDRE clocked by clk_out150Mhz_DPU_sys_clk_wiz_0_0  {rise@0.000ns fall@3.333ns period=6.667ns})
  Path Group:             clk_out150Mhz_DPU_sys_clk_wiz_0_0
  Path Type:              Hold (Min at Fast Process Corner)
  Requirement:            0.000ns  (clk_out150Mhz_DPU_sys_clk_wiz_0_0 rise@0.000ns - clk_out300Mhz_DPU_sys_clk_wiz_0_0 rise@0.000ns)
  Data Path Delay:        0.678ns  (logic 0.256ns (37.732%)  route 0.422ns (62.268%))
  Logic Levels:           2  (CARRY4=1 LUT4=1)
  Clock Path Skew:        0.329ns (DCD - SCD - CPR)
    Destination Clock Delay (DCD):    0.854ns
    Source Clock Delay      (SCD):    0.584ns
    Clock Pessimism Removal (CPR):    -0.059ns
  Clock Uncertainty:      0.193ns  ((TSJ^2 + DJ^2)^1/2) / 2 + PE
    Total System Jitter     (TSJ):    0.071ns
    Discrete Jitter          (DJ):    0.127ns
    Phase Error              (PE):    0.120ns
  Timing Exception:       MultiCycle Path   Setup -start 2    Hold  -start 1

    Location             Delay type                Incr(ns)  Path(ns)    Netlist Resource(s)
  -------------------------------------------------------------------    -------------------
                         (clock clk_out300Mhz_DPU_sys_clk_wiz_0_0 rise edge)
                                                      0.000     0.000 r  
    BUFGCTRL_X0Y19       BUFG                         0.000     0.000 r  DPU_sys_i/processing_system7_0/inst/buffer_fclk_clk_0.FCLK_CLK_0_BUFG/O
                         net (fo=943, routed)         0.672     0.672    DPU_sys_i/clk_wiz_0/inst/clk_in1
    MMCME2_ADV_X1Y2      MMCME2_ADV (Prop_mmcme2_adv_CLKIN1_CLKOUT1)
                                                     -1.395    -0.722 r  DPU_sys_i/clk_wiz_0/inst/mmcm_adv_inst/CLKOUT1
                         net (fo=1, routed)           0.696    -0.026    DPU_sys_i/clk_wiz_0/inst/clk_out300Mhz_DPU_sys_clk_wiz_0_0
    BUFGCTRL_X0Y18       BUFG (Prop_bufg_I_O)         0.026    -0.000 r  DPU_sys_i/clk_wiz_0/inst/clkout2_buf/O
                         net (fo=25585, routed)       0.584     0.584    DPU_sys_i/dpu_eu_0/inst/g_e584eb07.u_822a997b/u_8329ce29/u_3aa346a2/u_dcd815c9/u_6c52c68e/g_7b54f91e[4].g_07af5fd4[0].g_9aa100cb[0].u_a326a45b/dpu_2x_clk
    SLICE_X24Y18         FDRE                                         r  DPU_sys_i/dpu_eu_0/inst/g_e584eb07.u_822a997b/u_8329ce29/u_3aa346a2/u_dcd815c9/u_6c52c68e/g_7b54f91e[4].g_07af5fd4[0].g_9aa100cb[0].u_a326a45b/g_6779d86c[0].s_35d09acc_reg[20]/C
  -------------------------------------------------------------------    -------------------
    SLICE_X24Y18         FDRE (Prop_fdre_C_Q)         0.141     0.725 r  DPU_sys_i/dpu_eu_0/inst/g_e584eb07.u_822a997b/u_8329ce29/u_3aa346a2/u_dcd815c9/u_6c52c68e/g_7b54f91e[4].g_07af5fd4[0].g_9aa100cb[0].u_a326a45b/g_6779d86c[0].s_35d09acc_reg[20]/Q
                         net (fo=2, routed)           0.422     1.147    DPU_sys_i/dpu_eu_0/inst/g_e584eb07.u_822a997b/u_8329ce29/u_3aa346a2/u_dcd815c9/u_6c52c68e/g_7b54f91e[4].g_07af5fd4[0].g_9aa100cb[0].u_a326a45b/s_50a91f5a[68]
    SLICE_X21Y19         LUT4 (Prop_lut4_I0_O)        0.045     1.192 r  DPU_sys_i/dpu_eu_0/inst/g_e584eb07.u_822a997b/u_8329ce29/u_3aa346a2/u_dcd815c9/u_6c52c68e/g_7b54f91e[4].g_07af5fd4[0].g_9aa100cb[0].u_a326a45b/g_d5115c37[0].u_727df53e/g_7e013b5a[0].u_17965cf0/g_3cbadd10[0].u_3f8488f4/g_76ac48ca.g_28df02a4[2].g_8de8756b.u_77891990/g_76ac48ca.g_28df02a4[2].g_8de8756b.s_bc11f753[7]_i_9/O
                         net (fo=1, routed)           0.000     1.192    DPU_sys_i/dpu_eu_0/inst/g_e584eb07.u_822a997b_n_1235
    SLICE_X21Y19         CARRY4 (Prop_carry4_S[0]_O[0])
                                                      0.070     1.262 r  DPU_sys_i/dpu_eu_0/inst/g_d5115c37[0].u_727df53e/g_7e013b5a[0].u_17965cf0/g_3cbadd10[0].u_3f8488f4/g_76ac48ca.g_28df02a4[2].g_8de8756b.u_77891990/g_76ac48ca.g_28df02a4[2].g_8de8756b.s_bc11f753_reg[7]_i_1/O[0]
                         net (fo=1, routed)           0.000     1.262    DPU_sys_i/dpu_eu_0/inst/g_e584eb07.u_822a997b/u_8329ce29/u_3aa346a2/u_dcd815c9/u_cc4240ab/g_d5115c37[0].u_727df53e/g_7e013b5a[0].u_17965cf0/g_3cbadd10[0].u_3f8488f4/g_76ac48ca.g_28df02a4[2].g_8de8756b.s_bc11f753_reg[17]_1[4]
    SLICE_X21Y19         FDRE                                         r  DPU_sys_i/dpu_eu_0/inst/g_e584eb07.u_822a997b/u_8329ce29/u_3aa346a2/u_dcd815c9/u_cc4240ab/g_d5115c37[0].u_727df53e/g_7e013b5a[0].u_17965cf0/g_3cbadd10[0].u_3f8488f4/g_76ac48ca.g_28df02a4[2].g_8de8756b.s_bc11f753_reg[4]/D
  -------------------------------------------------------------------    -------------------

                         (clock clk_out150Mhz_DPU_sys_clk_wiz_0_0 rise edge)
                                                      0.000     0.000 r  
    BUFGCTRL_X0Y19       BUFG                         0.000     0.000 r  DPU_sys_i/processing_system7_0/inst/buffer_fclk_clk_0.FCLK_CLK_0_BUFG/O
                         net (fo=943, routed)         0.945     0.945    DPU_sys_i/clk_wiz_0/inst/clk_in1
    MMCME2_ADV_X1Y2      MMCME2_ADV (Prop_mmcme2_adv_CLKIN1_CLKOUT0)
                                                     -1.726    -0.781 r  DPU_sys_i/clk_wiz_0/inst/mmcm_adv_inst/CLKOUT0
                         net (fo=1, routed)           0.752    -0.029    DPU_sys_i/clk_wiz_0/inst/clk_out150Mhz_DPU_sys_clk_wiz_0_0
    BUFGCTRL_X0Y17       BUFG (Prop_bufg_I_O)         0.029     0.000 r  DPU_sys_i/clk_wiz_0/inst/clkout1_buf/O
                         net (fo=40816, routed)       0.854     0.854    DPU_sys_i/dpu_eu_0/inst/g_e584eb07.u_822a997b/u_8329ce29/u_3aa346a2/u_dcd815c9/u_cc4240ab/g_d5115c37[0].u_727df53e/g_7e013b5a[0].u_17965cf0/g_3cbadd10[0].u_3f8488f4/m_axi_dpu_aclk
    SLICE_X21Y19         FDRE                                         r  DPU_sys_i/dpu_eu_0/inst/g_e584eb07.u_822a997b/u_8329ce29/u_3aa346a2/u_dcd815c9/u_cc4240ab/g_d5115c37[0].u_727df53e/g_7e013b5a[0].u_17965cf0/g_3cbadd10[0].u_3f8488f4/g_76ac48ca.g_28df02a4[2].g_8de8756b.s_bc11f753_reg[4]/C
                         clock pessimism              0.059     0.913    
                         clock uncertainty            0.193     1.105    
    SLICE_X21Y19         FDRE (Hold_fdre_C_D)         0.105     1.210    DPU_sys_i/dpu_eu_0/inst/g_e584eb07.u_822a997b/u_8329ce29/u_3aa346a2/u_dcd815c9/u_cc4240ab/g_d5115c37[0].u_727df53e/g_7e013b5a[0].u_17965cf0/g_3cbadd10[0].u_3f8488f4/g_76ac48ca.g_28df02a4[2].g_8de8756b.s_bc11f753_reg[4]
  -------------------------------------------------------------------
                         required time                         -1.210    
                         arrival time                           1.262    
  -------------------------------------------------------------------
                         slack                                  0.052    

Slack (MET) :             0.052ns  (arrival time - required time)
  Source:                 DPU_sys_i/dpu_eu_0/inst/g_e584eb07.u_822a997b/u_8329ce29/u_5e95f3e2/u_1134bd62/u_18022e7e/u_febba987/g_38d43538[4].g_f3f20cad[0].s_204ba898_reg[13]/C
                            (rising edge-triggered cell FDRE clocked by clk_out300Mhz_DPU_sys_clk_wiz_0_0  {rise@0.000ns fall@1.667ns period=3.333ns})
  Destination:            DPU_sys_i/dpu_eu_0/inst/g_e584eb07.u_822a997b/u_8329ce29/u_5e95f3e2/u_1134bd62/u_18022e7e/u_febba987/g_38d43538[4].g_f3f20cad[0].s_d6a1e1eb_reg[365]/D
                            (rising edge-triggered cell FDRE clocked by clk_out150Mhz_DPU_sys_clk_wiz_0_0  {rise@0.000ns fall@3.333ns period=6.667ns})
  Path Group:             clk_out150Mhz_DPU_sys_clk_wiz_0_0
  Path Type:              Hold (Min at Fast Process Corner)
  Requirement:            0.000ns  (clk_out150Mhz_DPU_sys_clk_wiz_0_0 rise@0.000ns - clk_out300Mhz_DPU_sys_clk_wiz_0_0 rise@0.000ns)
  Data Path Delay:        0.678ns  (logic 0.252ns (37.191%)  route 0.426ns (62.809%))
  Logic Levels:           1  (CARRY4=1)
  Clock Path Skew:        0.299ns (DCD - SCD - CPR)
    Destination Clock Delay (DCD):    0.864ns
    Source Clock Delay      (SCD):    0.624ns
    Clock Pessimism Removal (CPR):    -0.059ns
  Clock Uncertainty:      0.193ns  ((TSJ^2 + DJ^2)^1/2) / 2 + PE
    Total System Jitter     (TSJ):    0.071ns
    Discrete Jitter          (DJ):    0.127ns
    Phase Error              (PE):    0.120ns
  Timing Exception:       MultiCycle Path   Setup -start 2    Hold  -start 1

    Location             Delay type                Incr(ns)  Path(ns)    Netlist Resource(s)
  -------------------------------------------------------------------    -------------------
                         (clock clk_out300Mhz_DPU_sys_clk_wiz_0_0 rise edge)
                                                      0.000     0.000 r  
    BUFGCTRL_X0Y19       BUFG                         0.000     0.000 r  DPU_sys_i/processing_system7_0/inst/buffer_fclk_clk_0.FCLK_CLK_0_BUFG/O
                         net (fo=943, routed)         0.672     0.672    DPU_sys_i/clk_wiz_0/inst/clk_in1
    MMCME2_ADV_X1Y2      MMCME2_ADV (Prop_mmcme2_adv_CLKIN1_CLKOUT1)
                                                     -1.395    -0.722 r  DPU_sys_i/clk_wiz_0/inst/mmcm_adv_inst/CLKOUT1
                         net (fo=1, routed)           0.696    -0.026    DPU_sys_i/clk_wiz_0/inst/clk_out300Mhz_DPU_sys_clk_wiz_0_0
    BUFGCTRL_X0Y18       BUFG (Prop_bufg_I_O)         0.026    -0.000 r  DPU_sys_i/clk_wiz_0/inst/clkout2_buf/O
                         net (fo=25585, routed)       0.624     0.624    DPU_sys_i/dpu_eu_0/inst/g_e584eb07.u_822a997b/u_8329ce29/u_5e95f3e2/u_1134bd62/u_18022e7e/u_febba987/dpu_2x_clk
    SLICE_X7Y9           FDRE                                         r  DPU_sys_i/dpu_eu_0/inst/g_e584eb07.u_822a997b/u_8329ce29/u_5e95f3e2/u_1134bd62/u_18022e7e/u_febba987/g_38d43538[4].g_f3f20cad[0].s_204ba898_reg[13]/C
  -------------------------------------------------------------------    -------------------
    SLICE_X7Y9           FDRE (Prop_fdre_C_Q)         0.141     0.765 r  DPU_sys_i/dpu_eu_0/inst/g_e584eb07.u_822a997b/u_8329ce29/u_5e95f3e2/u_1134bd62/u_18022e7e/u_febba987/g_38d43538[4].g_f3f20cad[0].s_204ba898_reg[13]/Q
                         net (fo=1, routed)           0.426     1.190    DPU_sys_i/dpu_eu_0/inst/g_e584eb07.u_822a997b/u_8329ce29/u_5e95f3e2/u_1134bd62/u_18022e7e/u_febba987/g_38d43538[4].g_f3f20cad[0].s_204ba898[13]
    SLICE_X10Y9          CARRY4 (Prop_carry4_S[1]_O[1])
                                                      0.111     1.301 r  DPU_sys_i/dpu_eu_0/inst/g_e584eb07.u_822a997b/u_8329ce29/u_5e95f3e2/u_1134bd62/u_18022e7e/u_febba987/g_38d43538[4].g_f3f20cad[0].s_d6a1e1eb_reg[367]_i_1/O[1]
                         net (fo=1, routed)           0.000     1.301    DPU_sys_i/dpu_eu_0/inst/g_e584eb07.u_822a997b/u_8329ce29/u_5e95f3e2/u_1134bd62/u_18022e7e/u_febba987/g_38d43538[4].g_f3f20cad[0].s_d6a1e1eb_reg[367]_i_1_n_6
    SLICE_X10Y9          FDRE                                         r  DPU_sys_i/dpu_eu_0/inst/g_e584eb07.u_822a997b/u_8329ce29/u_5e95f3e2/u_1134bd62/u_18022e7e/u_febba987/g_38d43538[4].g_f3f20cad[0].s_d6a1e1eb_reg[365]/D
  -------------------------------------------------------------------    -------------------

                         (clock clk_out150Mhz_DPU_sys_clk_wiz_0_0 rise edge)
                                                      0.000     0.000 r  
    BUFGCTRL_X0Y19       BUFG                         0.000     0.000 r  DPU_sys_i/processing_system7_0/inst/buffer_fclk_clk_0.FCLK_CLK_0_BUFG/O
                         net (fo=943, routed)         0.945     0.945    DPU_sys_i/clk_wiz_0/inst/clk_in1
    MMCME2_ADV_X1Y2      MMCME2_ADV (Prop_mmcme2_adv_CLKIN1_CLKOUT0)
                                                     -1.726    -0.781 r  DPU_sys_i/clk_wiz_0/inst/mmcm_adv_inst/CLKOUT0
                         net (fo=1, routed)           0.752    -0.029    DPU_sys_i/clk_wiz_0/inst/clk_out150Mhz_DPU_sys_clk_wiz_0_0
    BUFGCTRL_X0Y17       BUFG (Prop_bufg_I_O)         0.029     0.000 r  DPU_sys_i/clk_wiz_0/inst/clkout1_buf/O
                         net (fo=40816, routed)       0.864     0.864    DPU_sys_i/dpu_eu_0/inst/g_e584eb07.u_822a997b/u_8329ce29/u_5e95f3e2/u_1134bd62/u_18022e7e/u_febba987/m_axi_dpu_aclk
    SLICE_X10Y9          FDRE                                         r  DPU_sys_i/dpu_eu_0/inst/g_e584eb07.u_822a997b/u_8329ce29/u_5e95f3e2/u_1134bd62/u_18022e7e/u_febba987/g_38d43538[4].g_f3f20cad[0].s_d6a1e1eb_reg[365]/C
                         clock pessimism              0.059     0.923    
                         clock uncertainty            0.193     1.115    
    SLICE_X10Y9          FDRE (Hold_fdre_C_D)         0.134     1.249    DPU_sys_i/dpu_eu_0/inst/g_e584eb07.u_822a997b/u_8329ce29/u_5e95f3e2/u_1134bd62/u_18022e7e/u_febba987/g_38d43538[4].g_f3f20cad[0].s_d6a1e1eb_reg[365]
  -------------------------------------------------------------------
                         required time                         -1.249    
                         arrival time                           1.301    
  -------------------------------------------------------------------
                         slack                                  0.052    

Slack (MET) :             0.052ns  (arrival time - required time)
  Source:                 DPU_sys_i/dpu_eu_0/inst/g_e584eb07.u_822a997b/u_8329ce29/u_3aa346a2/u_dcd815c9/u_6c52c68e/g_7b54f91e[2].g_07af5fd4[0].g_9aa100cb[3].u_a326a45b/g_6779d86c[0].s_fcf4f443_reg[1]/C
                            (rising edge-triggered cell FDRE clocked by clk_out300Mhz_DPU_sys_clk_wiz_0_0  {rise@0.000ns fall@1.667ns period=3.333ns})
  Destination:            DPU_sys_i/dpu_eu_0/inst/g_e584eb07.u_822a997b/u_8329ce29/u_3aa346a2/u_dcd815c9/u_cc4240ab/g_d5115c37[7].u_727df53e/g_7e013b5a[1].u_17965cf0/g_3cbadd10[0].u_3f8488f4/g_76ac48ca.g_28df02a4[3].g_8de8756b.s_bc11f753_reg[3]/D
                            (rising edge-triggered cell FDRE clocked by clk_out150Mhz_DPU_sys_clk_wiz_0_0  {rise@0.000ns fall@3.333ns period=6.667ns})
  Path Group:             clk_out150Mhz_DPU_sys_clk_wiz_0_0
  Path Type:              Hold (Min at Fast Process Corner)
  Requirement:            0.000ns  (clk_out150Mhz_DPU_sys_clk_wiz_0_0 rise@0.000ns - clk_out300Mhz_DPU_sys_clk_wiz_0_0 rise@0.000ns)
  Data Path Delay:        0.682ns  (logic 0.313ns (45.919%)  route 0.369ns (54.082%))
  Logic Levels:           2  (CARRY4=1 LUT3=1)
  Clock Path Skew:        0.331ns (DCD - SCD - CPR)
    Destination Clock Delay (DCD):    0.934ns
    Source Clock Delay      (SCD):    0.661ns
    Clock Pessimism Removal (CPR):    -0.059ns
  Clock Uncertainty:      0.193ns  ((TSJ^2 + DJ^2)^1/2) / 2 + PE
    Total System Jitter     (TSJ):    0.071ns
    Discrete Jitter          (DJ):    0.127ns
    Phase Error              (PE):    0.120ns
  Timing Exception:       MultiCycle Path   Setup -start 2    Hold  -start 1

    Location             Delay type                Incr(ns)  Path(ns)    Netlist Resource(s)
  -------------------------------------------------------------------    -------------------
                         (clock clk_out300Mhz_DPU_sys_clk_wiz_0_0 rise edge)
                                                      0.000     0.000 r  
    BUFGCTRL_X0Y19       BUFG                         0.000     0.000 r  DPU_sys_i/processing_system7_0/inst/buffer_fclk_clk_0.FCLK_CLK_0_BUFG/O
                         net (fo=943, routed)         0.672     0.672    DPU_sys_i/clk_wiz_0/inst/clk_in1
    MMCME2_ADV_X1Y2      MMCME2_ADV (Prop_mmcme2_adv_CLKIN1_CLKOUT1)
                                                     -1.395    -0.722 r  DPU_sys_i/clk_wiz_0/inst/mmcm_adv_inst/CLKOUT1
                         net (fo=1, routed)           0.696    -0.026    DPU_sys_i/clk_wiz_0/inst/clk_out300Mhz_DPU_sys_clk_wiz_0_0
    BUFGCTRL_X0Y18       BUFG (Prop_bufg_I_O)         0.026    -0.000 r  DPU_sys_i/clk_wiz_0/inst/clkout2_buf/O
                         net (fo=25585, routed)       0.661     0.661    DPU_sys_i/dpu_eu_0/inst/g_e584eb07.u_822a997b/u_8329ce29/u_3aa346a2/u_dcd815c9/u_6c52c68e/g_7b54f91e[2].g_07af5fd4[0].g_9aa100cb[3].u_a326a45b/dpu_2x_clk
    SLICE_X81Y135        FDRE                                         r  DPU_sys_i/dpu_eu_0/inst/g_e584eb07.u_822a997b/u_8329ce29/u_3aa346a2/u_dcd815c9/u_6c52c68e/g_7b54f91e[2].g_07af5fd4[0].g_9aa100cb[3].u_a326a45b/g_6779d86c[0].s_fcf4f443_reg[1]/C
  -------------------------------------------------------------------    -------------------
    SLICE_X81Y135        FDRE (Prop_fdre_C_Q)         0.141     0.802 r  DPU_sys_i/dpu_eu_0/inst/g_e584eb07.u_822a997b/u_8329ce29/u_3aa346a2/u_dcd815c9/u_6c52c68e/g_7b54f91e[2].g_07af5fd4[0].g_9aa100cb[3].u_a326a45b/g_6779d86c[0].s_fcf4f443_reg[1]/Q
                         net (fo=3, routed)           0.149     0.951    DPU_sys_i/dpu_eu_0/inst/g_e584eb07.u_822a997b/u_8329ce29/u_3aa346a2/u_dcd815c9/u_6c52c68e/g_7b54f91e[1].g_07af5fd4[0].g_9aa100cb[3].u_a326a45b/g_76ac48ca.g_28df02a4[3].g_8de8756b.s_bc11f753_reg[15][161]
    SLICE_X80Y135        LUT3 (Prop_lut3_I2_O)        0.045     0.996 r  DPU_sys_i/dpu_eu_0/inst/g_e584eb07.u_822a997b/u_8329ce29/u_3aa346a2/u_dcd815c9/u_6c52c68e/g_7b54f91e[1].g_07af5fd4[0].g_9aa100cb[3].u_a326a45b/g_d5115c37[7].u_727df53e/g_7e013b5a[1].u_17965cf0/g_3cbadd10[0].u_3f8488f4/g_76ac48ca.g_28df02a4[3].g_8de8756b.u_77891990/g_76ac48ca.g_28df02a4[3].g_8de8756b.s_bc11f753[3]_i_3/O
                         net (fo=1, routed)           0.220     1.216    DPU_sys_i/dpu_eu_0/inst/g_e584eb07.u_822a997b_n_7403
    SLICE_X80Y137        CARRY4 (Prop_carry4_DI[2]_O[3])
                                                      0.127     1.343 r  DPU_sys_i/dpu_eu_0/inst/g_d5115c37[7].u_727df53e/g_7e013b5a[1].u_17965cf0/g_3cbadd10[0].u_3f8488f4/g_76ac48ca.g_28df02a4[3].g_8de8756b.u_77891990/g_76ac48ca.g_28df02a4[3].g_8de8756b.s_bc11f753_reg[3]_i_1/O[3]
                         net (fo=1, routed)           0.000     1.343    DPU_sys_i/dpu_eu_0/inst/g_e584eb07.u_822a997b/u_8329ce29/u_3aa346a2/u_dcd815c9/u_cc4240ab/g_d5115c37[7].u_727df53e/g_7e013b5a[1].u_17965cf0/g_3cbadd10[0].u_3f8488f4/g_76ac48ca.g_28df02a4[3].g_8de8756b.s_bc11f753_reg[17]_1[3]
    SLICE_X80Y137        FDRE                                         r  DPU_sys_i/dpu_eu_0/inst/g_e584eb07.u_822a997b/u_8329ce29/u_3aa346a2/u_dcd815c9/u_cc4240ab/g_d5115c37[7].u_727df53e/g_7e013b5a[1].u_17965cf0/g_3cbadd10[0].u_3f8488f4/g_76ac48ca.g_28df02a4[3].g_8de8756b.s_bc11f753_reg[3]/D
  -------------------------------------------------------------------    -------------------

                         (clock clk_out150Mhz_DPU_sys_clk_wiz_0_0 rise edge)
                                                      0.000     0.000 r  
    BUFGCTRL_X0Y19       BUFG                         0.000     0.000 r  DPU_sys_i/processing_system7_0/inst/buffer_fclk_clk_0.FCLK_CLK_0_BUFG/O
                         net (fo=943, routed)         0.945     0.945    DPU_sys_i/clk_wiz_0/inst/clk_in1
    MMCME2_ADV_X1Y2      MMCME2_ADV (Prop_mmcme2_adv_CLKIN1_CLKOUT0)
                                                     -1.726    -0.781 r  DPU_sys_i/clk_wiz_0/inst/mmcm_adv_inst/CLKOUT0
                         net (fo=1, routed)           0.752    -0.029    DPU_sys_i/clk_wiz_0/inst/clk_out150Mhz_DPU_sys_clk_wiz_0_0
    BUFGCTRL_X0Y17       BUFG (Prop_bufg_I_O)         0.029     0.000 r  DPU_sys_i/clk_wiz_0/inst/clkout1_buf/O
                         net (fo=40816, routed)       0.934     0.934    DPU_sys_i/dpu_eu_0/inst/g_e584eb07.u_822a997b/u_8329ce29/u_3aa346a2/u_dcd815c9/u_cc4240ab/g_d5115c37[7].u_727df53e/g_7e013b5a[1].u_17965cf0/g_3cbadd10[0].u_3f8488f4/m_axi_dpu_aclk
    SLICE_X80Y137        FDRE                                         r  DPU_sys_i/dpu_eu_0/inst/g_e584eb07.u_822a997b/u_8329ce29/u_3aa346a2/u_dcd815c9/u_cc4240ab/g_d5115c37[7].u_727df53e/g_7e013b5a[1].u_17965cf0/g_3cbadd10[0].u_3f8488f4/g_76ac48ca.g_28df02a4[3].g_8de8756b.s_bc11f753_reg[3]/C
                         clock pessimism              0.059     0.993    
                         clock uncertainty            0.193     1.185    
    SLICE_X80Y137        FDRE (Hold_fdre_C_D)         0.105     1.290    DPU_sys_i/dpu_eu_0/inst/g_e584eb07.u_822a997b/u_8329ce29/u_3aa346a2/u_dcd815c9/u_cc4240ab/g_d5115c37[7].u_727df53e/g_7e013b5a[1].u_17965cf0/g_3cbadd10[0].u_3f8488f4/g_76ac48ca.g_28df02a4[3].g_8de8756b.s_bc11f753_reg[3]
  -------------------------------------------------------------------
                         required time                         -1.290    
                         arrival time                           1.343    
  -------------------------------------------------------------------
                         slack                                  0.052    

Slack (MET) :             0.053ns  (arrival time - required time)
  Source:                 DPU_sys_i/dpu_eu_0/inst/g_e584eb07.u_822a997b/u_8329ce29/u_3aa346a2/u_dcd815c9/u_6c52c68e/g_7b54f91e[8].g_07af5fd4[0].g_9aa100cb[4].u_a326a45b/g_6779d86c[1].s_35d09acc_reg[7]/C
                            (rising edge-triggered cell FDRE clocked by clk_out300Mhz_DPU_sys_clk_wiz_0_0  {rise@0.000ns fall@1.667ns period=3.333ns})
  Destination:            DPU_sys_i/dpu_eu_0/inst/g_e584eb07.u_822a997b/u_8329ce29/u_3aa346a2/u_dcd815c9/u_cc4240ab/g_d5115c37[8].u_727df53e/g_7e013b5a[3].u_17965cf0/g_3cbadd10[0].u_3f8488f4/g_76ac48ca.g_28df02a4[1].g_8de8756b.s_bc11f753_reg[7]/D
                            (rising edge-triggered cell FDRE clocked by clk_out150Mhz_DPU_sys_clk_wiz_0_0  {rise@0.000ns fall@3.333ns period=6.667ns})
  Path Group:             clk_out150Mhz_DPU_sys_clk_wiz_0_0
  Path Type:              Hold (Min at Fast Process Corner)
  Requirement:            0.000ns  (clk_out150Mhz_DPU_sys_clk_wiz_0_0 rise@0.000ns - clk_out300Mhz_DPU_sys_clk_wiz_0_0 rise@0.000ns)
  Data Path Delay:        0.707ns  (logic 0.310ns (43.830%)  route 0.397ns (56.170%))
  Logic Levels:           2  (CARRY4=1 LUT4=1)
  Clock Path Skew:        0.328ns (DCD - SCD - CPR)
    Destination Clock Delay (DCD):    0.883ns
    Source Clock Delay      (SCD):    0.614ns
    Clock Pessimism Removal (CPR):    -0.059ns
  Clock Uncertainty:      0.193ns  ((TSJ^2 + DJ^2)^1/2) / 2 + PE
    Total System Jitter     (TSJ):    0.071ns
    Discrete Jitter          (DJ):    0.127ns
    Phase Error              (PE):    0.120ns
  Timing Exception:       MultiCycle Path   Setup -start 2    Hold  -start 1

    Location             Delay type                Incr(ns)  Path(ns)    Netlist Resource(s)
  -------------------------------------------------------------------    -------------------
                         (clock clk_out300Mhz_DPU_sys_clk_wiz_0_0 rise edge)
                                                      0.000     0.000 r  
    BUFGCTRL_X0Y19       BUFG                         0.000     0.000 r  DPU_sys_i/processing_system7_0/inst/buffer_fclk_clk_0.FCLK_CLK_0_BUFG/O
                         net (fo=943, routed)         0.672     0.672    DPU_sys_i/clk_wiz_0/inst/clk_in1
    MMCME2_ADV_X1Y2      MMCME2_ADV (Prop_mmcme2_adv_CLKIN1_CLKOUT1)
                                                     -1.395    -0.722 r  DPU_sys_i/clk_wiz_0/inst/mmcm_adv_inst/CLKOUT1
                         net (fo=1, routed)           0.696    -0.026    DPU_sys_i/clk_wiz_0/inst/clk_out300Mhz_DPU_sys_clk_wiz_0_0
    BUFGCTRL_X0Y18       BUFG (Prop_bufg_I_O)         0.026    -0.000 r  DPU_sys_i/clk_wiz_0/inst/clkout2_buf/O
                         net (fo=25585, routed)       0.614     0.614    DPU_sys_i/dpu_eu_0/inst/g_e584eb07.u_822a997b/u_8329ce29/u_3aa346a2/u_dcd815c9/u_6c52c68e/g_7b54f91e[8].g_07af5fd4[0].g_9aa100cb[4].u_a326a45b/dpu_2x_clk
    SLICE_X104Y43        FDRE                                         r  DPU_sys_i/dpu_eu_0/inst/g_e584eb07.u_822a997b/u_8329ce29/u_3aa346a2/u_dcd815c9/u_6c52c68e/g_7b54f91e[8].g_07af5fd4[0].g_9aa100cb[4].u_a326a45b/g_6779d86c[1].s_35d09acc_reg[7]/C
  -------------------------------------------------------------------    -------------------
    SLICE_X104Y43        FDRE (Prop_fdre_C_Q)         0.148     0.762 r  DPU_sys_i/dpu_eu_0/inst/g_e584eb07.u_822a997b/u_8329ce29/u_3aa346a2/u_dcd815c9/u_6c52c68e/g_7b54f91e[8].g_07af5fd4[0].g_9aa100cb[4].u_a326a45b/g_6779d86c[1].s_35d09acc_reg[7]/Q
                         net (fo=2, routed)           0.397     1.159    DPU_sys_i/dpu_eu_0/inst/g_e584eb07.u_822a997b/u_8329ce29/u_3aa346a2/u_dcd815c9/u_6c52c68e/g_7b54f91e[7].g_07af5fd4[0].g_9aa100cb[4].u_a326a45b/g_76ac48ca.g_28df02a4[1].g_8de8756b.s_bc11f753_reg[15][116]
    SLICE_X100Y45        LUT4 (Prop_lut4_I2_O)        0.098     1.257 r  DPU_sys_i/dpu_eu_0/inst/g_e584eb07.u_822a997b/u_8329ce29/u_3aa346a2/u_dcd815c9/u_6c52c68e/g_7b54f91e[7].g_07af5fd4[0].g_9aa100cb[4].u_a326a45b/g_d5115c37[8].u_727df53e/g_7e013b5a[3].u_17965cf0/g_3cbadd10[0].u_3f8488f4/g_76ac48ca.g_28df02a4[1].g_8de8756b.u_77891990/g_76ac48ca.g_28df02a4[1].g_8de8756b.s_bc11f753[7]_i_6/O
                         net (fo=1, routed)           0.000     1.257    DPU_sys_i/dpu_eu_0/inst/g_e584eb07.u_822a997b_n_8347
    SLICE_X100Y45        CARRY4 (Prop_carry4_S[3]_O[3])
                                                      0.064     1.321 r  DPU_sys_i/dpu_eu_0/inst/g_d5115c37[8].u_727df53e/g_7e013b5a[3].u_17965cf0/g_3cbadd10[0].u_3f8488f4/g_76ac48ca.g_28df02a4[1].g_8de8756b.u_77891990/g_76ac48ca.g_28df02a4[1].g_8de8756b.s_bc11f753_reg[7]_i_1/O[3]
                         net (fo=1, routed)           0.000     1.321    DPU_sys_i/dpu_eu_0/inst/g_e584eb07.u_822a997b/u_8329ce29/u_3aa346a2/u_dcd815c9/u_cc4240ab/g_d5115c37[8].u_727df53e/g_7e013b5a[3].u_17965cf0/g_3cbadd10[0].u_3f8488f4/g_76ac48ca.g_28df02a4[1].g_8de8756b.s_bc11f753_reg[17]_1[7]
    SLICE_X100Y45        FDRE                                         r  DPU_sys_i/dpu_eu_0/inst/g_e584eb07.u_822a997b/u_8329ce29/u_3aa346a2/u_dcd815c9/u_cc4240ab/g_d5115c37[8].u_727df53e/g_7e013b5a[3].u_17965cf0/g_3cbadd10[0].u_3f8488f4/g_76ac48ca.g_28df02a4[1].g_8de8756b.s_bc11f753_reg[7]/D
  -------------------------------------------------------------------    -------------------

                         (clock clk_out150Mhz_DPU_sys_clk_wiz_0_0 rise edge)
                                                      0.000     0.000 r  
    BUFGCTRL_X0Y19       BUFG                         0.000     0.000 r  DPU_sys_i/processing_system7_0/inst/buffer_fclk_clk_0.FCLK_CLK_0_BUFG/O
                         net (fo=943, routed)         0.945     0.945    DPU_sys_i/clk_wiz_0/inst/clk_in1
    MMCME2_ADV_X1Y2      MMCME2_ADV (Prop_mmcme2_adv_CLKIN1_CLKOUT0)
                                                     -1.726    -0.781 r  DPU_sys_i/clk_wiz_0/inst/mmcm_adv_inst/CLKOUT0
                         net (fo=1, routed)           0.752    -0.029    DPU_sys_i/clk_wiz_0/inst/clk_out150Mhz_DPU_sys_clk_wiz_0_0
    BUFGCTRL_X0Y17       BUFG (Prop_bufg_I_O)         0.029     0.000 r  DPU_sys_i/clk_wiz_0/inst/clkout1_buf/O
                         net (fo=40816, routed)       0.883     0.883    DPU_sys_i/dpu_eu_0/inst/g_e584eb07.u_822a997b/u_8329ce29/u_3aa346a2/u_dcd815c9/u_cc4240ab/g_d5115c37[8].u_727df53e/g_7e013b5a[3].u_17965cf0/g_3cbadd10[0].u_3f8488f4/m_axi_dpu_aclk
    SLICE_X100Y45        FDRE                                         r  DPU_sys_i/dpu_eu_0/inst/g_e584eb07.u_822a997b/u_8329ce29/u_3aa346a2/u_dcd815c9/u_cc4240ab/g_d5115c37[8].u_727df53e/g_7e013b5a[3].u_17965cf0/g_3cbadd10[0].u_3f8488f4/g_76ac48ca.g_28df02a4[1].g_8de8756b.s_bc11f753_reg[7]/C
                         clock pessimism              0.059     0.942    
                         clock uncertainty            0.193     1.134    
    SLICE_X100Y45        FDRE (Hold_fdre_C_D)         0.134     1.268    DPU_sys_i/dpu_eu_0/inst/g_e584eb07.u_822a997b/u_8329ce29/u_3aa346a2/u_dcd815c9/u_cc4240ab/g_d5115c37[8].u_727df53e/g_7e013b5a[3].u_17965cf0/g_3cbadd10[0].u_3f8488f4/g_76ac48ca.g_28df02a4[1].g_8de8756b.s_bc11f753_reg[7]
  -------------------------------------------------------------------
                         required time                         -1.268    
                         arrival time                           1.321    
  -------------------------------------------------------------------
                         slack                                  0.053    





---------------------------------------------------------------------------------------------------
From Clock:  clk_out150Mhz_DPU_sys_clk_wiz_0_0
  To Clock:  clk_out300Mhz_DPU_sys_clk_wiz_0_0

Setup :           11  Failing Endpoints,  Worst Slack       -0.227ns,  Total Violation       -1.216ns
Hold  :            0  Failing Endpoints,  Worst Slack        0.051ns,  Total Violation        0.000ns
---------------------------------------------------------------------------------------------------


Max Delay Paths
--------------------------------------------------------------------------------------
Slack (VIOLATED) :        -0.227ns  (required time - arrival time)
  Source:                 DPU_sys_i/dpu_eu_0/inst/g_e584eb07.u_822a997b/u_8329ce29/u_030d789c/u_dfd908ed/u_8578cac3/g_cf5ffc2b[5].u_023226ce/s_92cda069_reg_3/CLKBWRCLK
                            (rising edge-triggered cell RAMB36E1 clocked by clk_out150Mhz_DPU_sys_clk_wiz_0_0  {rise@0.000ns fall@3.333ns period=6.667ns})
  Destination:            DPU_sys_i/dpu_eu_0/inst/g_e584eb07.u_822a997b/u_8329ce29/u_3aa346a2/u_dcd815c9/u_6c52c68e/g_df44b103[5].g_59494928[8].s_56b585a2_reg[0]/D
                            (rising edge-triggered cell FDRE clocked by clk_out300Mhz_DPU_sys_clk_wiz_0_0  {rise@0.000ns fall@1.667ns period=3.333ns})
  Path Group:             clk_out300Mhz_DPU_sys_clk_wiz_0_0
  Path Type:              Setup (Max at Slow Process Corner)
  Requirement:            6.667ns  (clk_out300Mhz_DPU_sys_clk_wiz_0_0 rise@6.667ns - clk_out150Mhz_DPU_sys_clk_wiz_0_0 rise@0.000ns)
  Data Path Delay:        6.172ns  (logic 0.882ns (14.291%)  route 5.290ns (85.709%))
  Logic Levels:           0  
  Clock Path Skew:        -0.483ns (DCD - SCD + CPR)
    Destination Clock Delay (DCD):    1.515ns = ( 4.848 - 3.333 ) 
    Source Clock Delay      (SCD):    1.793ns
    Clock Pessimism Removal (CPR):    -0.204ns
  Clock Uncertainty:      0.193ns  ((TSJ^2 + DJ^2)^1/2) / 2 + PE
    Total System Jitter     (TSJ):    0.071ns
    Discrete Jitter          (DJ):    0.127ns
    Phase Error              (PE):    0.120ns
  Timing Exception:       MultiCycle Path   Setup -end   2

    Location             Delay type                Incr(ns)  Path(ns)    Netlist Resource(s)
  -------------------------------------------------------------------    -------------------
                         (clock clk_out150Mhz_DPU_sys_clk_wiz_0_0 rise edge)
                                                      0.000     0.000 r  
    BUFGCTRL_X0Y19       BUFG                         0.000     0.000 r  DPU_sys_i/processing_system7_0/inst/buffer_fclk_clk_0.FCLK_CLK_0_BUFG/O
                         net (fo=943, routed)         1.980     1.980    DPU_sys_i/clk_wiz_0/inst/clk_in1
    MMCME2_ADV_X1Y2      MMCME2_ADV (Prop_mmcme2_adv_CLKIN1_CLKOUT0)
                                                     -4.287    -2.307 r  DPU_sys_i/clk_wiz_0/inst/mmcm_adv_inst/CLKOUT0
                         net (fo=1, routed)           2.206    -0.101    DPU_sys_i/clk_wiz_0/inst/clk_out150Mhz_DPU_sys_clk_wiz_0_0
    BUFGCTRL_X0Y17       BUFG (Prop_bufg_I_O)         0.101    -0.000 r  DPU_sys_i/clk_wiz_0/inst/clkout1_buf/O
                         net (fo=40816, routed)       1.793     1.793    DPU_sys_i/dpu_eu_0/inst/g_e584eb07.u_822a997b/u_8329ce29/u_030d789c/u_dfd908ed/u_8578cac3/g_cf5ffc2b[5].u_023226ce/m_axi_dpu_aclk
    RAMB36_X0Y7          RAMB36E1                                     r  DPU_sys_i/dpu_eu_0/inst/g_e584eb07.u_822a997b/u_8329ce29/u_030d789c/u_dfd908ed/u_8578cac3/g_cf5ffc2b[5].u_023226ce/s_92cda069_reg_3/CLKBWRCLK
  -------------------------------------------------------------------    -------------------
    RAMB36_X0Y7          RAMB36E1 (Prop_ramb36e1_CLKBWRCLK_DOBDO[10])
                                                      0.882     2.675 r  DPU_sys_i/dpu_eu_0/inst/g_e584eb07.u_822a997b/u_8329ce29/u_030d789c/u_dfd908ed/u_8578cac3/g_cf5ffc2b[5].u_023226ce/s_92cda069_reg_3/DOBDO[10]
                         net (fo=1, routed)           5.290     7.965    DPU_sys_i/dpu_eu_0/inst/g_e584eb07.u_822a997b/u_8329ce29/u_3aa346a2/u_dcd815c9/u_6c52c68e/s_f53a7231[544]
    SLICE_X26Y84         FDRE                                         r  DPU_sys_i/dpu_eu_0/inst/g_e584eb07.u_822a997b/u_8329ce29/u_3aa346a2/u_dcd815c9/u_6c52c68e/g_df44b103[5].g_59494928[8].s_56b585a2_reg[0]/D
  -------------------------------------------------------------------    -------------------

                         (clock clk_out300Mhz_DPU_sys_clk_wiz_0_0 rise edge)
                                                      6.667     6.667 r  
    BUFGCTRL_X0Y19       BUFG                         0.000     6.667 r  DPU_sys_i/processing_system7_0/inst/buffer_fclk_clk_0.FCLK_CLK_0_BUFG/O
                         net (fo=943, routed)         1.770     8.437    DPU_sys_i/clk_wiz_0/inst/clk_in1
    MMCME2_ADV_X1Y2      MMCME2_ADV (Prop_mmcme2_adv_CLKIN1_CLKOUT1)
                                                     -3.873     4.563 r  DPU_sys_i/clk_wiz_0/inst/mmcm_adv_inst/CLKOUT1
                         net (fo=1, routed)           2.012     6.576    DPU_sys_i/clk_wiz_0/inst/clk_out300Mhz_DPU_sys_clk_wiz_0_0
    BUFGCTRL_X0Y18       BUFG (Prop_bufg_I_O)         0.091     6.667 r  DPU_sys_i/clk_wiz_0/inst/clkout2_buf/O
                         net (fo=25585, routed)       1.515     8.181    DPU_sys_i/dpu_eu_0/inst/g_e584eb07.u_822a997b/u_8329ce29/u_3aa346a2/u_dcd815c9/u_6c52c68e/dpu_2x_clk
    SLICE_X26Y84         FDRE                                         r  DPU_sys_i/dpu_eu_0/inst/g_e584eb07.u_822a997b/u_8329ce29/u_3aa346a2/u_dcd815c9/u_6c52c68e/g_df44b103[5].g_59494928[8].s_56b585a2_reg[0]/C
                         clock pessimism             -0.204     7.978    
                         clock uncertainty           -0.193     7.785    
    SLICE_X26Y84         FDRE (Setup_fdre_C_D)       -0.047     7.738    DPU_sys_i/dpu_eu_0/inst/g_e584eb07.u_822a997b/u_8329ce29/u_3aa346a2/u_dcd815c9/u_6c52c68e/g_df44b103[5].g_59494928[8].s_56b585a2_reg[0]
  -------------------------------------------------------------------
                         required time                          7.738    
                         arrival time                          -7.965    
  -------------------------------------------------------------------
                         slack                                 -0.227    

Slack (VIOLATED) :        -0.188ns  (required time - arrival time)
  Source:                 DPU_sys_i/dpu_eu_0/inst/g_e584eb07.u_822a997b/u_8329ce29/u_030d789c/u_dfd908ed/u_8578cac3/g_cf5ffc2b[9].u_023226ce/s_92cda069_reg_3/CLKBWRCLK
                            (rising edge-triggered cell RAMB36E1 clocked by clk_out150Mhz_DPU_sys_clk_wiz_0_0  {rise@0.000ns fall@3.333ns period=6.667ns})
  Destination:            DPU_sys_i/dpu_eu_0/inst/g_e584eb07.u_822a997b/u_8329ce29/u_3aa346a2/u_dcd815c9/u_6c52c68e/g_df44b103[9].g_59494928[7].s_56b585a2_reg[3]/D
                            (rising edge-triggered cell FDRE clocked by clk_out300Mhz_DPU_sys_clk_wiz_0_0  {rise@0.000ns fall@1.667ns period=3.333ns})
  Path Group:             clk_out300Mhz_DPU_sys_clk_wiz_0_0
  Path Type:              Setup (Max at Slow Process Corner)
  Requirement:            6.667ns  (clk_out300Mhz_DPU_sys_clk_wiz_0_0 rise@6.667ns - clk_out150Mhz_DPU_sys_clk_wiz_0_0 rise@0.000ns)
  Data Path Delay:        6.208ns  (logic 0.882ns (14.208%)  route 5.326ns (85.792%))
  Logic Levels:           0  
  Clock Path Skew:        -0.362ns (DCD - SCD + CPR)
    Destination Clock Delay (DCD):    1.637ns = ( 4.970 - 3.333 ) 
    Source Clock Delay      (SCD):    1.795ns
    Clock Pessimism Removal (CPR):    -0.204ns
  Clock Uncertainty:      0.193ns  ((TSJ^2 + DJ^2)^1/2) / 2 + PE
    Total System Jitter     (TSJ):    0.071ns
    Discrete Jitter          (DJ):    0.127ns
    Phase Error              (PE):    0.120ns
  Timing Exception:       MultiCycle Path   Setup -end   2

    Location             Delay type                Incr(ns)  Path(ns)    Netlist Resource(s)
  -------------------------------------------------------------------    -------------------
                         (clock clk_out150Mhz_DPU_sys_clk_wiz_0_0 rise edge)
                                                      0.000     0.000 r  
    BUFGCTRL_X0Y19       BUFG                         0.000     0.000 r  DPU_sys_i/processing_system7_0/inst/buffer_fclk_clk_0.FCLK_CLK_0_BUFG/O
                         net (fo=943, routed)         1.980     1.980    DPU_sys_i/clk_wiz_0/inst/clk_in1
    MMCME2_ADV_X1Y2      MMCME2_ADV (Prop_mmcme2_adv_CLKIN1_CLKOUT0)
                                                     -4.287    -2.307 r  DPU_sys_i/clk_wiz_0/inst/mmcm_adv_inst/CLKOUT0
                         net (fo=1, routed)           2.206    -0.101    DPU_sys_i/clk_wiz_0/inst/clk_out150Mhz_DPU_sys_clk_wiz_0_0
    BUFGCTRL_X0Y17       BUFG (Prop_bufg_I_O)         0.101    -0.000 r  DPU_sys_i/clk_wiz_0/inst/clkout1_buf/O
                         net (fo=40816, routed)       1.795     1.795    DPU_sys_i/dpu_eu_0/inst/g_e584eb07.u_822a997b/u_8329ce29/u_030d789c/u_dfd908ed/u_8578cac3/g_cf5ffc2b[9].u_023226ce/m_axi_dpu_aclk
    RAMB36_X1Y9          RAMB36E1                                     r  DPU_sys_i/dpu_eu_0/inst/g_e584eb07.u_822a997b/u_8329ce29/u_030d789c/u_dfd908ed/u_8578cac3/g_cf5ffc2b[9].u_023226ce/s_92cda069_reg_3/CLKBWRCLK
  -------------------------------------------------------------------    -------------------
    RAMB36_X1Y9          RAMB36E1 (Prop_ramb36e1_CLKBWRCLK_DOBDO[5])
                                                      0.882     2.677 r  DPU_sys_i/dpu_eu_0/inst/g_e584eb07.u_822a997b/u_8329ce29/u_030d789c/u_dfd908ed/u_8578cac3/g_cf5ffc2b[9].u_023226ce/s_92cda069_reg_3/DOBDO[5]
                         net (fo=1, routed)           5.326     8.003    DPU_sys_i/dpu_eu_0/inst/g_e584eb07.u_822a997b/u_8329ce29/u_3aa346a2/u_dcd815c9/u_6c52c68e/s_f53a7231[923]
    SLICE_X49Y122        FDRE                                         r  DPU_sys_i/dpu_eu_0/inst/g_e584eb07.u_822a997b/u_8329ce29/u_3aa346a2/u_dcd815c9/u_6c52c68e/g_df44b103[9].g_59494928[7].s_56b585a2_reg[3]/D
  -------------------------------------------------------------------    -------------------

                         (clock clk_out300Mhz_DPU_sys_clk_wiz_0_0 rise edge)
                                                      6.667     6.667 r  
    BUFGCTRL_X0Y19       BUFG                         0.000     6.667 r  DPU_sys_i/processing_system7_0/inst/buffer_fclk_clk_0.FCLK_CLK_0_BUFG/O
                         net (fo=943, routed)         1.770     8.437    DPU_sys_i/clk_wiz_0/inst/clk_in1
    MMCME2_ADV_X1Y2      MMCME2_ADV (Prop_mmcme2_adv_CLKIN1_CLKOUT1)
                                                     -3.873     4.563 r  DPU_sys_i/clk_wiz_0/inst/mmcm_adv_inst/CLKOUT1
                         net (fo=1, routed)           2.012     6.576    DPU_sys_i/clk_wiz_0/inst/clk_out300Mhz_DPU_sys_clk_wiz_0_0
    BUFGCTRL_X0Y18       BUFG (Prop_bufg_I_O)         0.091     6.667 r  DPU_sys_i/clk_wiz_0/inst/clkout2_buf/O
                         net (fo=25585, routed)       1.637     8.304    DPU_sys_i/dpu_eu_0/inst/g_e584eb07.u_822a997b/u_8329ce29/u_3aa346a2/u_dcd815c9/u_6c52c68e/dpu_2x_clk
    SLICE_X49Y122        FDRE                                         r  DPU_sys_i/dpu_eu_0/inst/g_e584eb07.u_822a997b/u_8329ce29/u_3aa346a2/u_dcd815c9/u_6c52c68e/g_df44b103[9].g_59494928[7].s_56b585a2_reg[3]/C
                         clock pessimism             -0.204     8.100    
                         clock uncertainty           -0.193     7.907    
    SLICE_X49Y122        FDRE (Setup_fdre_C_D)       -0.092     7.815    DPU_sys_i/dpu_eu_0/inst/g_e584eb07.u_822a997b/u_8329ce29/u_3aa346a2/u_dcd815c9/u_6c52c68e/g_df44b103[9].g_59494928[7].s_56b585a2_reg[3]
  -------------------------------------------------------------------
                         required time                          7.815    
                         arrival time                          -8.003    
  -------------------------------------------------------------------
                         slack                                 -0.188    

Slack (VIOLATED) :        -0.166ns  (required time - arrival time)
  Source:                 DPU_sys_i/dpu_eu_0/inst/g_e584eb07.u_822a997b/u_8329ce29/u_030d789c/u_dfd908ed/u_8578cac3/g_cf5ffc2b[6].u_023226ce/s_92cda069_reg_5/CLKBWRCLK
                            (rising edge-triggered cell RAMB18E1 clocked by clk_out150Mhz_DPU_sys_clk_wiz_0_0  {rise@0.000ns fall@3.333ns period=6.667ns})
  Destination:            DPU_sys_i/dpu_eu_0/inst/g_e584eb07.u_822a997b/u_8329ce29/u_3aa346a2/u_dcd815c9/u_6c52c68e/g_df44b103[6].g_59494928[11].s_56b585a2_reg[5]/D
                            (rising edge-triggered cell FDRE clocked by clk_out300Mhz_DPU_sys_clk_wiz_0_0  {rise@0.000ns fall@1.667ns period=3.333ns})
  Path Group:             clk_out300Mhz_DPU_sys_clk_wiz_0_0
  Path Type:              Setup (Max at Slow Process Corner)
  Requirement:            6.667ns  (clk_out300Mhz_DPU_sys_clk_wiz_0_0 rise@6.667ns - clk_out150Mhz_DPU_sys_clk_wiz_0_0 rise@0.000ns)
  Data Path Delay:        6.253ns  (logic 0.882ns (14.105%)  route 5.371ns (85.895%))
  Logic Levels:           0  
  Clock Path Skew:        -0.306ns (DCD - SCD + CPR)
    Destination Clock Delay (DCD):    1.696ns = ( 5.029 - 3.333 ) 
    Source Clock Delay      (SCD):    1.798ns
    Clock Pessimism Removal (CPR):    -0.204ns
  Clock Uncertainty:      0.193ns  ((TSJ^2 + DJ^2)^1/2) / 2 + PE
    Total System Jitter     (TSJ):    0.071ns
    Discrete Jitter          (DJ):    0.127ns
    Phase Error              (PE):    0.120ns
  Timing Exception:       MultiCycle Path   Setup -end   2

    Location             Delay type                Incr(ns)  Path(ns)    Netlist Resource(s)
  -------------------------------------------------------------------    -------------------
                         (clock clk_out150Mhz_DPU_sys_clk_wiz_0_0 rise edge)
                                                      0.000     0.000 r  
    BUFGCTRL_X0Y19       BUFG                         0.000     0.000 r  DPU_sys_i/processing_system7_0/inst/buffer_fclk_clk_0.FCLK_CLK_0_BUFG/O
                         net (fo=943, routed)         1.980     1.980    DPU_sys_i/clk_wiz_0/inst/clk_in1
    MMCME2_ADV_X1Y2      MMCME2_ADV (Prop_mmcme2_adv_CLKIN1_CLKOUT0)
                                                     -4.287    -2.307 r  DPU_sys_i/clk_wiz_0/inst/mmcm_adv_inst/CLKOUT0
                         net (fo=1, routed)           2.206    -0.101    DPU_sys_i/clk_wiz_0/inst/clk_out150Mhz_DPU_sys_clk_wiz_0_0
    BUFGCTRL_X0Y17       BUFG (Prop_bufg_I_O)         0.101    -0.000 r  DPU_sys_i/clk_wiz_0/inst/clkout1_buf/O
                         net (fo=40816, routed)       1.798     1.798    DPU_sys_i/dpu_eu_0/inst/g_e584eb07.u_822a997b/u_8329ce29/u_030d789c/u_dfd908ed/u_8578cac3/g_cf5ffc2b[6].u_023226ce/m_axi_dpu_aclk
    RAMB18_X0Y18         RAMB18E1                                     r  DPU_sys_i/dpu_eu_0/inst/g_e584eb07.u_822a997b/u_8329ce29/u_030d789c/u_dfd908ed/u_8578cac3/g_cf5ffc2b[6].u_023226ce/s_92cda069_reg_5/CLKBWRCLK
  -------------------------------------------------------------------    -------------------
    RAMB18_X0Y18         RAMB18E1 (Prop_ramb18e1_CLKBWRCLK_DOBDO[3])
                                                      0.882     2.680 r  DPU_sys_i/dpu_eu_0/inst/g_e584eb07.u_822a997b/u_8329ce29/u_030d789c/u_dfd908ed/u_8578cac3/g_cf5ffc2b[6].u_023226ce/s_92cda069_reg_5/DOBDO[3]
                         net (fo=1, routed)           5.371     8.052    DPU_sys_i/dpu_eu_0/inst/g_e584eb07.u_822a997b/u_8329ce29/u_3aa346a2/u_dcd815c9/u_6c52c68e/s_f53a7231[669]
    SLICE_X28Y138        FDRE                                         r  DPU_sys_i/dpu_eu_0/inst/g_e584eb07.u_822a997b/u_8329ce29/u_3aa346a2/u_dcd815c9/u_6c52c68e/g_df44b103[6].g_59494928[11].s_56b585a2_reg[5]/D
  -------------------------------------------------------------------    -------------------

                         (clock clk_out300Mhz_DPU_sys_clk_wiz_0_0 rise edge)
                                                      6.667     6.667 r  
    BUFGCTRL_X0Y19       BUFG                         0.000     6.667 r  DPU_sys_i/processing_system7_0/inst/buffer_fclk_clk_0.FCLK_CLK_0_BUFG/O
                         net (fo=943, routed)         1.770     8.437    DPU_sys_i/clk_wiz_0/inst/clk_in1
    MMCME2_ADV_X1Y2      MMCME2_ADV (Prop_mmcme2_adv_CLKIN1_CLKOUT1)
                                                     -3.873     4.563 r  DPU_sys_i/clk_wiz_0/inst/mmcm_adv_inst/CLKOUT1
                         net (fo=1, routed)           2.012     6.576    DPU_sys_i/clk_wiz_0/inst/clk_out300Mhz_DPU_sys_clk_wiz_0_0
    BUFGCTRL_X0Y18       BUFG (Prop_bufg_I_O)         0.091     6.667 r  DPU_sys_i/clk_wiz_0/inst/clkout2_buf/O
                         net (fo=25585, routed)       1.696     8.363    DPU_sys_i/dpu_eu_0/inst/g_e584eb07.u_822a997b/u_8329ce29/u_3aa346a2/u_dcd815c9/u_6c52c68e/dpu_2x_clk
    SLICE_X28Y138        FDRE                                         r  DPU_sys_i/dpu_eu_0/inst/g_e584eb07.u_822a997b/u_8329ce29/u_3aa346a2/u_dcd815c9/u_6c52c68e/g_df44b103[6].g_59494928[11].s_56b585a2_reg[5]/C
                         clock pessimism             -0.204     8.159    
                         clock uncertainty           -0.193     7.966    
    SLICE_X28Y138        FDRE (Setup_fdre_C_D)       -0.081     7.885    DPU_sys_i/dpu_eu_0/inst/g_e584eb07.u_822a997b/u_8329ce29/u_3aa346a2/u_dcd815c9/u_6c52c68e/g_df44b103[6].g_59494928[11].s_56b585a2_reg[5]
  -------------------------------------------------------------------
                         required time                          7.885    
                         arrival time                          -8.052    
  -------------------------------------------------------------------
                         slack                                 -0.166    

Slack (VIOLATED) :        -0.157ns  (required time - arrival time)
  Source:                 DPU_sys_i/dpu_eu_0/inst/g_e584eb07.u_822a997b/u_8329ce29/u_030d789c/u_dfd908ed/u_8578cac3/g_cf5ffc2b[2].u_023226ce/s_92cda069_reg_3/CLKBWRCLK
                            (rising edge-triggered cell RAMB36E1 clocked by clk_out150Mhz_DPU_sys_clk_wiz_0_0  {rise@0.000ns fall@3.333ns period=6.667ns})
  Destination:            DPU_sys_i/dpu_eu_0/inst/g_e584eb07.u_822a997b/u_8329ce29/u_3aa346a2/u_dcd815c9/u_6c52c68e/g_df44b103[2].g_59494928[8].s_56b585a2_reg[4]/D
                            (rising edge-triggered cell FDRE clocked by clk_out300Mhz_DPU_sys_clk_wiz_0_0  {rise@0.000ns fall@1.667ns period=3.333ns})
  Path Group:             clk_out300Mhz_DPU_sys_clk_wiz_0_0
  Path Type:              Setup (Max at Slow Process Corner)
  Requirement:            6.667ns  (clk_out300Mhz_DPU_sys_clk_wiz_0_0 rise@6.667ns - clk_out150Mhz_DPU_sys_clk_wiz_0_0 rise@0.000ns)
  Data Path Delay:        6.079ns  (logic 0.882ns (14.510%)  route 5.197ns (85.490%))
  Logic Levels:           0  
  Clock Path Skew:        -0.492ns (DCD - SCD + CPR)
    Destination Clock Delay (DCD):    1.510ns = ( 4.843 - 3.333 ) 
    Source Clock Delay      (SCD):    1.797ns
    Clock Pessimism Removal (CPR):    -0.204ns
  Clock Uncertainty:      0.193ns  ((TSJ^2 + DJ^2)^1/2) / 2 + PE
    Total System Jitter     (TSJ):    0.071ns
    Discrete Jitter          (DJ):    0.127ns
    Phase Error              (PE):    0.120ns
  Timing Exception:       MultiCycle Path   Setup -end   2

    Location             Delay type                Incr(ns)  Path(ns)    Netlist Resource(s)
  -------------------------------------------------------------------    -------------------
                         (clock clk_out150Mhz_DPU_sys_clk_wiz_0_0 rise edge)
                                                      0.000     0.000 r  
    BUFGCTRL_X0Y19       BUFG                         0.000     0.000 r  DPU_sys_i/processing_system7_0/inst/buffer_fclk_clk_0.FCLK_CLK_0_BUFG/O
                         net (fo=943, routed)         1.980     1.980    DPU_sys_i/clk_wiz_0/inst/clk_in1
    MMCME2_ADV_X1Y2      MMCME2_ADV (Prop_mmcme2_adv_CLKIN1_CLKOUT0)
                                                     -4.287    -2.307 r  DPU_sys_i/clk_wiz_0/inst/mmcm_adv_inst/CLKOUT0
                         net (fo=1, routed)           2.206    -0.101    DPU_sys_i/clk_wiz_0/inst/clk_out150Mhz_DPU_sys_clk_wiz_0_0
    BUFGCTRL_X0Y17       BUFG (Prop_bufg_I_O)         0.101    -0.000 r  DPU_sys_i/clk_wiz_0/inst/clkout1_buf/O
                         net (fo=40816, routed)       1.797     1.797    DPU_sys_i/dpu_eu_0/inst/g_e584eb07.u_822a997b/u_8329ce29/u_030d789c/u_dfd908ed/u_8578cac3/g_cf5ffc2b[2].u_023226ce/m_axi_dpu_aclk
    RAMB36_X0Y8          RAMB36E1                                     r  DPU_sys_i/dpu_eu_0/inst/g_e584eb07.u_822a997b/u_8329ce29/u_030d789c/u_dfd908ed/u_8578cac3/g_cf5ffc2b[2].u_023226ce/s_92cda069_reg_3/CLKBWRCLK
  -------------------------------------------------------------------    -------------------
    RAMB36_X0Y8          RAMB36E1 (Prop_ramb36e1_CLKBWRCLK_DOBDO[14])
                                                      0.882     2.679 r  DPU_sys_i/dpu_eu_0/inst/g_e584eb07.u_822a997b/u_8329ce29/u_030d789c/u_dfd908ed/u_8578cac3/g_cf5ffc2b[2].u_023226ce/s_92cda069_reg_3/DOBDO[14]
                         net (fo=1, routed)           5.197     7.876    DPU_sys_i/dpu_eu_0/inst/g_e584eb07.u_822a997b/u_8329ce29/u_3aa346a2/u_dcd815c9/u_6c52c68e/s_f53a7231[260]
    SLICE_X27Y79         FDRE                                         r  DPU_sys_i/dpu_eu_0/inst/g_e584eb07.u_822a997b/u_8329ce29/u_3aa346a2/u_dcd815c9/u_6c52c68e/g_df44b103[2].g_59494928[8].s_56b585a2_reg[4]/D
  -------------------------------------------------------------------    -------------------

                         (clock clk_out300Mhz_DPU_sys_clk_wiz_0_0 rise edge)
                                                      6.667     6.667 r  
    BUFGCTRL_X0Y19       BUFG                         0.000     6.667 r  DPU_sys_i/processing_system7_0/inst/buffer_fclk_clk_0.FCLK_CLK_0_BUFG/O
                         net (fo=943, routed)         1.770     8.437    DPU_sys_i/clk_wiz_0/inst/clk_in1
    MMCME2_ADV_X1Y2      MMCME2_ADV (Prop_mmcme2_adv_CLKIN1_CLKOUT1)
                                                     -3.873     4.563 r  DPU_sys_i/clk_wiz_0/inst/mmcm_adv_inst/CLKOUT1
                         net (fo=1, routed)           2.012     6.576    DPU_sys_i/clk_wiz_0/inst/clk_out300Mhz_DPU_sys_clk_wiz_0_0
    BUFGCTRL_X0Y18       BUFG (Prop_bufg_I_O)         0.091     6.667 r  DPU_sys_i/clk_wiz_0/inst/clkout2_buf/O
                         net (fo=25585, routed)       1.510     8.176    DPU_sys_i/dpu_eu_0/inst/g_e584eb07.u_822a997b/u_8329ce29/u_3aa346a2/u_dcd815c9/u_6c52c68e/dpu_2x_clk
    SLICE_X27Y79         FDRE                                         r  DPU_sys_i/dpu_eu_0/inst/g_e584eb07.u_822a997b/u_8329ce29/u_3aa346a2/u_dcd815c9/u_6c52c68e/g_df44b103[2].g_59494928[8].s_56b585a2_reg[4]/C
                         clock pessimism             -0.204     7.973    
                         clock uncertainty           -0.193     7.780    
    SLICE_X27Y79         FDRE (Setup_fdre_C_D)       -0.061     7.719    DPU_sys_i/dpu_eu_0/inst/g_e584eb07.u_822a997b/u_8329ce29/u_3aa346a2/u_dcd815c9/u_6c52c68e/g_df44b103[2].g_59494928[8].s_56b585a2_reg[4]
  -------------------------------------------------------------------
                         required time                          7.719    
                         arrival time                          -7.876    
  -------------------------------------------------------------------
                         slack                                 -0.157    

Slack (VIOLATED) :        -0.112ns  (required time - arrival time)
  Source:                 DPU_sys_i/dpu_eu_0/inst/g_e584eb07.u_822a997b/u_8329ce29/u_030d789c/u_dfd908ed/u_8578cac3/g_cf5ffc2b[5].u_023226ce/s_92cda069_reg_3/CLKBWRCLK
                            (rising edge-triggered cell RAMB36E1 clocked by clk_out150Mhz_DPU_sys_clk_wiz_0_0  {rise@0.000ns fall@3.333ns period=6.667ns})
  Destination:            DPU_sys_i/dpu_eu_0/inst/g_e584eb07.u_822a997b/u_8329ce29/u_3aa346a2/u_dcd815c9/u_6c52c68e/g_df44b103[5].g_59494928[8].s_56b585a2_reg[1]/D
                            (rising edge-triggered cell FDRE clocked by clk_out300Mhz_DPU_sys_clk_wiz_0_0  {rise@0.000ns fall@1.667ns period=3.333ns})
  Path Group:             clk_out300Mhz_DPU_sys_clk_wiz_0_0
  Path Type:              Setup (Max at Slow Process Corner)
  Requirement:            6.667ns  (clk_out300Mhz_DPU_sys_clk_wiz_0_0 rise@6.667ns - clk_out150Mhz_DPU_sys_clk_wiz_0_0 rise@0.000ns)
  Data Path Delay:        6.060ns  (logic 0.882ns (14.553%)  route 5.178ns (85.447%))
  Logic Levels:           0  
  Clock Path Skew:        -0.483ns (DCD - SCD + CPR)
    Destination Clock Delay (DCD):    1.515ns = ( 4.848 - 3.333 ) 
    Source Clock Delay      (SCD):    1.793ns
    Clock Pessimism Removal (CPR):    -0.204ns
  Clock Uncertainty:      0.193ns  ((TSJ^2 + DJ^2)^1/2) / 2 + PE
    Total System Jitter     (TSJ):    0.071ns
    Discrete Jitter          (DJ):    0.127ns
    Phase Error              (PE):    0.120ns
  Timing Exception:       MultiCycle Path   Setup -end   2

    Location             Delay type                Incr(ns)  Path(ns)    Netlist Resource(s)
  -------------------------------------------------------------------    -------------------
                         (clock clk_out150Mhz_DPU_sys_clk_wiz_0_0 rise edge)
                                                      0.000     0.000 r  
    BUFGCTRL_X0Y19       BUFG                         0.000     0.000 r  DPU_sys_i/processing_system7_0/inst/buffer_fclk_clk_0.FCLK_CLK_0_BUFG/O
                         net (fo=943, routed)         1.980     1.980    DPU_sys_i/clk_wiz_0/inst/clk_in1
    MMCME2_ADV_X1Y2      MMCME2_ADV (Prop_mmcme2_adv_CLKIN1_CLKOUT0)
                                                     -4.287    -2.307 r  DPU_sys_i/clk_wiz_0/inst/mmcm_adv_inst/CLKOUT0
                         net (fo=1, routed)           2.206    -0.101    DPU_sys_i/clk_wiz_0/inst/clk_out150Mhz_DPU_sys_clk_wiz_0_0
    BUFGCTRL_X0Y17       BUFG (Prop_bufg_I_O)         0.101    -0.000 r  DPU_sys_i/clk_wiz_0/inst/clkout1_buf/O
                         net (fo=40816, routed)       1.793     1.793    DPU_sys_i/dpu_eu_0/inst/g_e584eb07.u_822a997b/u_8329ce29/u_030d789c/u_dfd908ed/u_8578cac3/g_cf5ffc2b[5].u_023226ce/m_axi_dpu_aclk
    RAMB36_X0Y7          RAMB36E1                                     r  DPU_sys_i/dpu_eu_0/inst/g_e584eb07.u_822a997b/u_8329ce29/u_030d789c/u_dfd908ed/u_8578cac3/g_cf5ffc2b[5].u_023226ce/s_92cda069_reg_3/CLKBWRCLK
  -------------------------------------------------------------------    -------------------
    RAMB36_X0Y7          RAMB36E1 (Prop_ramb36e1_CLKBWRCLK_DOBDO[11])
                                                      0.882     2.675 r  DPU_sys_i/dpu_eu_0/inst/g_e584eb07.u_822a997b/u_8329ce29/u_030d789c/u_dfd908ed/u_8578cac3/g_cf5ffc2b[5].u_023226ce/s_92cda069_reg_3/DOBDO[11]
                         net (fo=1, routed)           5.178     7.854    DPU_sys_i/dpu_eu_0/inst/g_e584eb07.u_822a997b/u_8329ce29/u_3aa346a2/u_dcd815c9/u_6c52c68e/s_f53a7231[545]
    SLICE_X26Y84         FDRE                                         r  DPU_sys_i/dpu_eu_0/inst/g_e584eb07.u_822a997b/u_8329ce29/u_3aa346a2/u_dcd815c9/u_6c52c68e/g_df44b103[5].g_59494928[8].s_56b585a2_reg[1]/D
  -------------------------------------------------------------------    -------------------

                         (clock clk_out300Mhz_DPU_sys_clk_wiz_0_0 rise edge)
                                                      6.667     6.667 r  
    BUFGCTRL_X0Y19       BUFG                         0.000     6.667 r  DPU_sys_i/processing_system7_0/inst/buffer_fclk_clk_0.FCLK_CLK_0_BUFG/O
                         net (fo=943, routed)         1.770     8.437    DPU_sys_i/clk_wiz_0/inst/clk_in1
    MMCME2_ADV_X1Y2      MMCME2_ADV (Prop_mmcme2_adv_CLKIN1_CLKOUT1)
                                                     -3.873     4.563 r  DPU_sys_i/clk_wiz_0/inst/mmcm_adv_inst/CLKOUT1
                         net (fo=1, routed)           2.012     6.576    DPU_sys_i/clk_wiz_0/inst/clk_out300Mhz_DPU_sys_clk_wiz_0_0
    BUFGCTRL_X0Y18       BUFG (Prop_bufg_I_O)         0.091     6.667 r  DPU_sys_i/clk_wiz_0/inst/clkout2_buf/O
                         net (fo=25585, routed)       1.515     8.181    DPU_sys_i/dpu_eu_0/inst/g_e584eb07.u_822a997b/u_8329ce29/u_3aa346a2/u_dcd815c9/u_6c52c68e/dpu_2x_clk
    SLICE_X26Y84         FDRE                                         r  DPU_sys_i/dpu_eu_0/inst/g_e584eb07.u_822a997b/u_8329ce29/u_3aa346a2/u_dcd815c9/u_6c52c68e/g_df44b103[5].g_59494928[8].s_56b585a2_reg[1]/C
                         clock pessimism             -0.204     7.978    
                         clock uncertainty           -0.193     7.785    
    SLICE_X26Y84         FDRE (Setup_fdre_C_D)       -0.043     7.742    DPU_sys_i/dpu_eu_0/inst/g_e584eb07.u_822a997b/u_8329ce29/u_3aa346a2/u_dcd815c9/u_6c52c68e/g_df44b103[5].g_59494928[8].s_56b585a2_reg[1]
  -------------------------------------------------------------------
                         required time                          7.742    
                         arrival time                          -7.854    
  -------------------------------------------------------------------
                         slack                                 -0.112    

Slack (VIOLATED) :        -0.108ns  (required time - arrival time)
  Source:                 DPU_sys_i/dpu_eu_0/inst/g_e584eb07.u_822a997b/u_8329ce29/u_030d789c/u_dfd908ed/u_8578cac3/g_cf5ffc2b[3].u_023226ce/s_92cda069_reg_0/CLKBWRCLK
                            (rising edge-triggered cell RAMB36E1 clocked by clk_out150Mhz_DPU_sys_clk_wiz_0_0  {rise@0.000ns fall@3.333ns period=6.667ns})
  Destination:            DPU_sys_i/dpu_eu_0/inst/g_e584eb07.u_822a997b/u_8329ce29/u_3aa346a2/u_dcd815c9/u_6c52c68e/g_df44b103[3].g_59494928[0].s_56b585a2_reg[7]/D
                            (rising edge-triggered cell FDRE clocked by clk_out300Mhz_DPU_sys_clk_wiz_0_0  {rise@0.000ns fall@1.667ns period=3.333ns})
  Path Group:             clk_out300Mhz_DPU_sys_clk_wiz_0_0
  Path Type:              Setup (Max at Slow Process Corner)
  Requirement:            6.667ns  (clk_out300Mhz_DPU_sys_clk_wiz_0_0 rise@6.667ns - clk_out150Mhz_DPU_sys_clk_wiz_0_0 rise@0.000ns)
  Data Path Delay:        6.182ns  (logic 0.882ns (14.268%)  route 5.300ns (85.732%))
  Logic Levels:           0  
  Clock Path Skew:        -0.360ns (DCD - SCD + CPR)
    Destination Clock Delay (DCD):    1.638ns = ( 4.971 - 3.333 ) 
    Source Clock Delay      (SCD):    1.794ns
    Clock Pessimism Removal (CPR):    -0.204ns
  Clock Uncertainty:      0.193ns  ((TSJ^2 + DJ^2)^1/2) / 2 + PE
    Total System Jitter     (TSJ):    0.071ns
    Discrete Jitter          (DJ):    0.127ns
    Phase Error              (PE):    0.120ns
  Timing Exception:       MultiCycle Path   Setup -end   2

    Location             Delay type                Incr(ns)  Path(ns)    Netlist Resource(s)
  -------------------------------------------------------------------    -------------------
                         (clock clk_out150Mhz_DPU_sys_clk_wiz_0_0 rise edge)
                                                      0.000     0.000 r  
    BUFGCTRL_X0Y19       BUFG                         0.000     0.000 r  DPU_sys_i/processing_system7_0/inst/buffer_fclk_clk_0.FCLK_CLK_0_BUFG/O
                         net (fo=943, routed)         1.980     1.980    DPU_sys_i/clk_wiz_0/inst/clk_in1
    MMCME2_ADV_X1Y2      MMCME2_ADV (Prop_mmcme2_adv_CLKIN1_CLKOUT0)
                                                     -4.287    -2.307 r  DPU_sys_i/clk_wiz_0/inst/mmcm_adv_inst/CLKOUT0
                         net (fo=1, routed)           2.206    -0.101    DPU_sys_i/clk_wiz_0/inst/clk_out150Mhz_DPU_sys_clk_wiz_0_0
    BUFGCTRL_X0Y17       BUFG (Prop_bufg_I_O)         0.101    -0.000 r  DPU_sys_i/clk_wiz_0/inst/clkout1_buf/O
                         net (fo=40816, routed)       1.794     1.794    DPU_sys_i/dpu_eu_0/inst/g_e584eb07.u_822a997b/u_8329ce29/u_030d789c/u_dfd908ed/u_8578cac3/g_cf5ffc2b[3].u_023226ce/m_axi_dpu_aclk
    RAMB36_X1Y8          RAMB36E1                                     r  DPU_sys_i/dpu_eu_0/inst/g_e584eb07.u_822a997b/u_8329ce29/u_030d789c/u_dfd908ed/u_8578cac3/g_cf5ffc2b[3].u_023226ce/s_92cda069_reg_0/CLKBWRCLK
  -------------------------------------------------------------------    -------------------
    RAMB36_X1Y8          RAMB36E1 (Prop_ramb36e1_CLKBWRCLK_DOBDO[7])
                                                      0.882     2.676 r  DPU_sys_i/dpu_eu_0/inst/g_e584eb07.u_822a997b/u_8329ce29/u_030d789c/u_dfd908ed/u_8578cac3/g_cf5ffc2b[3].u_023226ce/s_92cda069_reg_0/DOBDO[7]
                         net (fo=1, routed)           5.300     7.976    DPU_sys_i/dpu_eu_0/inst/g_e584eb07.u_822a997b/u_8329ce29/u_3aa346a2/u_dcd815c9/u_6c52c68e/s_f53a7231[295]
    SLICE_X41Y123        FDRE                                         r  DPU_sys_i/dpu_eu_0/inst/g_e584eb07.u_822a997b/u_8329ce29/u_3aa346a2/u_dcd815c9/u_6c52c68e/g_df44b103[3].g_59494928[0].s_56b585a2_reg[7]/D
  -------------------------------------------------------------------    -------------------

                         (clock clk_out300Mhz_DPU_sys_clk_wiz_0_0 rise edge)
                                                      6.667     6.667 r  
    BUFGCTRL_X0Y19       BUFG                         0.000     6.667 r  DPU_sys_i/processing_system7_0/inst/buffer_fclk_clk_0.FCLK_CLK_0_BUFG/O
                         net (fo=943, routed)         1.770     8.437    DPU_sys_i/clk_wiz_0/inst/clk_in1
    MMCME2_ADV_X1Y2      MMCME2_ADV (Prop_mmcme2_adv_CLKIN1_CLKOUT1)
                                                     -3.873     4.563 r  DPU_sys_i/clk_wiz_0/inst/mmcm_adv_inst/CLKOUT1
                         net (fo=1, routed)           2.012     6.576    DPU_sys_i/clk_wiz_0/inst/clk_out300Mhz_DPU_sys_clk_wiz_0_0
    BUFGCTRL_X0Y18       BUFG (Prop_bufg_I_O)         0.091     6.667 r  DPU_sys_i/clk_wiz_0/inst/clkout2_buf/O
                         net (fo=25585, routed)       1.638     8.305    DPU_sys_i/dpu_eu_0/inst/g_e584eb07.u_822a997b/u_8329ce29/u_3aa346a2/u_dcd815c9/u_6c52c68e/dpu_2x_clk
    SLICE_X41Y123        FDRE                                         r  DPU_sys_i/dpu_eu_0/inst/g_e584eb07.u_822a997b/u_8329ce29/u_3aa346a2/u_dcd815c9/u_6c52c68e/g_df44b103[3].g_59494928[0].s_56b585a2_reg[7]/C
                         clock pessimism             -0.204     8.101    
                         clock uncertainty           -0.193     7.908    
    SLICE_X41Y123        FDRE (Setup_fdre_C_D)       -0.040     7.868    DPU_sys_i/dpu_eu_0/inst/g_e584eb07.u_822a997b/u_8329ce29/u_3aa346a2/u_dcd815c9/u_6c52c68e/g_df44b103[3].g_59494928[0].s_56b585a2_reg[7]
  -------------------------------------------------------------------
                         required time                          7.868    
                         arrival time                          -7.976    
  -------------------------------------------------------------------
                         slack                                 -0.108    

Slack (VIOLATED) :        -0.093ns  (required time - arrival time)
  Source:                 DPU_sys_i/dpu_eu_0/inst/g_e584eb07.u_822a997b/u_8329ce29/u_030d789c/u_dfd908ed/u_8578cac3/g_cf5ffc2b[3].u_023226ce/s_92cda069_reg_0/CLKBWRCLK
                            (rising edge-triggered cell RAMB36E1 clocked by clk_out150Mhz_DPU_sys_clk_wiz_0_0  {rise@0.000ns fall@3.333ns period=6.667ns})
  Destination:            DPU_sys_i/dpu_eu_0/inst/g_e584eb07.u_822a997b/u_8329ce29/u_3aa346a2/u_dcd815c9/u_6c52c68e/g_df44b103[3].g_59494928[0].s_56b585a2_reg[5]/D
                            (rising edge-triggered cell FDRE clocked by clk_out300Mhz_DPU_sys_clk_wiz_0_0  {rise@0.000ns fall@1.667ns period=3.333ns})
  Path Group:             clk_out300Mhz_DPU_sys_clk_wiz_0_0
  Path Type:              Setup (Max at Slow Process Corner)
  Requirement:            6.667ns  (clk_out300Mhz_DPU_sys_clk_wiz_0_0 rise@6.667ns - clk_out150Mhz_DPU_sys_clk_wiz_0_0 rise@0.000ns)
  Data Path Delay:        6.145ns  (logic 0.882ns (14.353%)  route 5.263ns (85.647%))
  Logic Levels:           0  
  Clock Path Skew:        -0.360ns (DCD - SCD + CPR)
    Destination Clock Delay (DCD):    1.638ns = ( 4.971 - 3.333 ) 
    Source Clock Delay      (SCD):    1.794ns
    Clock Pessimism Removal (CPR):    -0.204ns
  Clock Uncertainty:      0.193ns  ((TSJ^2 + DJ^2)^1/2) / 2 + PE
    Total System Jitter     (TSJ):    0.071ns
    Discrete Jitter          (DJ):    0.127ns
    Phase Error              (PE):    0.120ns
  Timing Exception:       MultiCycle Path   Setup -end   2

    Location             Delay type                Incr(ns)  Path(ns)    Netlist Resource(s)
  -------------------------------------------------------------------    -------------------
                         (clock clk_out150Mhz_DPU_sys_clk_wiz_0_0 rise edge)
                                                      0.000     0.000 r  
    BUFGCTRL_X0Y19       BUFG                         0.000     0.000 r  DPU_sys_i/processing_system7_0/inst/buffer_fclk_clk_0.FCLK_CLK_0_BUFG/O
                         net (fo=943, routed)         1.980     1.980    DPU_sys_i/clk_wiz_0/inst/clk_in1
    MMCME2_ADV_X1Y2      MMCME2_ADV (Prop_mmcme2_adv_CLKIN1_CLKOUT0)
                                                     -4.287    -2.307 r  DPU_sys_i/clk_wiz_0/inst/mmcm_adv_inst/CLKOUT0
                         net (fo=1, routed)           2.206    -0.101    DPU_sys_i/clk_wiz_0/inst/clk_out150Mhz_DPU_sys_clk_wiz_0_0
    BUFGCTRL_X0Y17       BUFG (Prop_bufg_I_O)         0.101    -0.000 r  DPU_sys_i/clk_wiz_0/inst/clkout1_buf/O
                         net (fo=40816, routed)       1.794     1.794    DPU_sys_i/dpu_eu_0/inst/g_e584eb07.u_822a997b/u_8329ce29/u_030d789c/u_dfd908ed/u_8578cac3/g_cf5ffc2b[3].u_023226ce/m_axi_dpu_aclk
    RAMB36_X1Y8          RAMB36E1                                     r  DPU_sys_i/dpu_eu_0/inst/g_e584eb07.u_822a997b/u_8329ce29/u_030d789c/u_dfd908ed/u_8578cac3/g_cf5ffc2b[3].u_023226ce/s_92cda069_reg_0/CLKBWRCLK
  -------------------------------------------------------------------    -------------------
    RAMB36_X1Y8          RAMB36E1 (Prop_ramb36e1_CLKBWRCLK_DOBDO[5])
                                                      0.882     2.676 r  DPU_sys_i/dpu_eu_0/inst/g_e584eb07.u_822a997b/u_8329ce29/u_030d789c/u_dfd908ed/u_8578cac3/g_cf5ffc2b[3].u_023226ce/s_92cda069_reg_0/DOBDO[5]
                         net (fo=1, routed)           5.263     7.939    DPU_sys_i/dpu_eu_0/inst/g_e584eb07.u_822a997b/u_8329ce29/u_3aa346a2/u_dcd815c9/u_6c52c68e/s_f53a7231[293]
    SLICE_X41Y123        FDRE                                         r  DPU_sys_i/dpu_eu_0/inst/g_e584eb07.u_822a997b/u_8329ce29/u_3aa346a2/u_dcd815c9/u_6c52c68e/g_df44b103[3].g_59494928[0].s_56b585a2_reg[5]/D
  -------------------------------------------------------------------    -------------------

                         (clock clk_out300Mhz_DPU_sys_clk_wiz_0_0 rise edge)
                                                      6.667     6.667 r  
    BUFGCTRL_X0Y19       BUFG                         0.000     6.667 r  DPU_sys_i/processing_system7_0/inst/buffer_fclk_clk_0.FCLK_CLK_0_BUFG/O
                         net (fo=943, routed)         1.770     8.437    DPU_sys_i/clk_wiz_0/inst/clk_in1
    MMCME2_ADV_X1Y2      MMCME2_ADV (Prop_mmcme2_adv_CLKIN1_CLKOUT1)
                                                     -3.873     4.563 r  DPU_sys_i/clk_wiz_0/inst/mmcm_adv_inst/CLKOUT1
                         net (fo=1, routed)           2.012     6.576    DPU_sys_i/clk_wiz_0/inst/clk_out300Mhz_DPU_sys_clk_wiz_0_0
    BUFGCTRL_X0Y18       BUFG (Prop_bufg_I_O)         0.091     6.667 r  DPU_sys_i/clk_wiz_0/inst/clkout2_buf/O
                         net (fo=25585, routed)       1.638     8.305    DPU_sys_i/dpu_eu_0/inst/g_e584eb07.u_822a997b/u_8329ce29/u_3aa346a2/u_dcd815c9/u_6c52c68e/dpu_2x_clk
    SLICE_X41Y123        FDRE                                         r  DPU_sys_i/dpu_eu_0/inst/g_e584eb07.u_822a997b/u_8329ce29/u_3aa346a2/u_dcd815c9/u_6c52c68e/g_df44b103[3].g_59494928[0].s_56b585a2_reg[5]/C
                         clock pessimism             -0.204     8.101    
                         clock uncertainty           -0.193     7.908    
    SLICE_X41Y123        FDRE (Setup_fdre_C_D)       -0.062     7.846    DPU_sys_i/dpu_eu_0/inst/g_e584eb07.u_822a997b/u_8329ce29/u_3aa346a2/u_dcd815c9/u_6c52c68e/g_df44b103[3].g_59494928[0].s_56b585a2_reg[5]
  -------------------------------------------------------------------
                         required time                          7.846    
                         arrival time                          -7.939    
  -------------------------------------------------------------------
                         slack                                 -0.093    

Slack (VIOLATED) :        -0.073ns  (required time - arrival time)
  Source:                 DPU_sys_i/dpu_eu_0/inst/g_e584eb07.u_822a997b/u_8329ce29/u_030d789c/u_dfd908ed/u_8578cac3/g_cf5ffc2b[3].u_023226ce/s_92cda069_reg_0/CLKBWRCLK
                            (rising edge-triggered cell RAMB36E1 clocked by clk_out150Mhz_DPU_sys_clk_wiz_0_0  {rise@0.000ns fall@3.333ns period=6.667ns})
  Destination:            DPU_sys_i/dpu_eu_0/inst/g_e584eb07.u_822a997b/u_8329ce29/u_3aa346a2/u_dcd815c9/u_6c52c68e/g_df44b103[3].g_59494928[2].s_56b585a2_reg[1]/D
                            (rising edge-triggered cell FDRE clocked by clk_out300Mhz_DPU_sys_clk_wiz_0_0  {rise@0.000ns fall@1.667ns period=3.333ns})
  Path Group:             clk_out300Mhz_DPU_sys_clk_wiz_0_0
  Path Type:              Setup (Max at Slow Process Corner)
  Requirement:            6.667ns  (clk_out300Mhz_DPU_sys_clk_wiz_0_0 rise@6.667ns - clk_out150Mhz_DPU_sys_clk_wiz_0_0 rise@0.000ns)
  Data Path Delay:        5.969ns  (logic 0.882ns (14.776%)  route 5.087ns (85.224%))
  Logic Levels:           0  
  Clock Path Skew:        -0.520ns (DCD - SCD + CPR)
    Destination Clock Delay (DCD):    1.479ns = ( 4.812 - 3.333 ) 
    Source Clock Delay      (SCD):    1.794ns
    Clock Pessimism Removal (CPR):    -0.204ns
  Clock Uncertainty:      0.193ns  ((TSJ^2 + DJ^2)^1/2) / 2 + PE
    Total System Jitter     (TSJ):    0.071ns
    Discrete Jitter          (DJ):    0.127ns
    Phase Error              (PE):    0.120ns
  Timing Exception:       MultiCycle Path   Setup -end   2

    Location             Delay type                Incr(ns)  Path(ns)    Netlist Resource(s)
  -------------------------------------------------------------------    -------------------
                         (clock clk_out150Mhz_DPU_sys_clk_wiz_0_0 rise edge)
                                                      0.000     0.000 r  
    BUFGCTRL_X0Y19       BUFG                         0.000     0.000 r  DPU_sys_i/processing_system7_0/inst/buffer_fclk_clk_0.FCLK_CLK_0_BUFG/O
                         net (fo=943, routed)         1.980     1.980    DPU_sys_i/clk_wiz_0/inst/clk_in1
    MMCME2_ADV_X1Y2      MMCME2_ADV (Prop_mmcme2_adv_CLKIN1_CLKOUT0)
                                                     -4.287    -2.307 r  DPU_sys_i/clk_wiz_0/inst/mmcm_adv_inst/CLKOUT0
                         net (fo=1, routed)           2.206    -0.101    DPU_sys_i/clk_wiz_0/inst/clk_out150Mhz_DPU_sys_clk_wiz_0_0
    BUFGCTRL_X0Y17       BUFG (Prop_bufg_I_O)         0.101    -0.000 r  DPU_sys_i/clk_wiz_0/inst/clkout1_buf/O
                         net (fo=40816, routed)       1.794     1.794    DPU_sys_i/dpu_eu_0/inst/g_e584eb07.u_822a997b/u_8329ce29/u_030d789c/u_dfd908ed/u_8578cac3/g_cf5ffc2b[3].u_023226ce/m_axi_dpu_aclk
    RAMB36_X1Y8          RAMB36E1                                     r  DPU_sys_i/dpu_eu_0/inst/g_e584eb07.u_822a997b/u_8329ce29/u_030d789c/u_dfd908ed/u_8578cac3/g_cf5ffc2b[3].u_023226ce/s_92cda069_reg_0/CLKBWRCLK
  -------------------------------------------------------------------    -------------------
    RAMB36_X1Y8          RAMB36E1 (Prop_ramb36e1_CLKBWRCLK_DOPBDOP[1])
                                                      0.882     2.676 r  DPU_sys_i/dpu_eu_0/inst/g_e584eb07.u_822a997b/u_8329ce29/u_030d789c/u_dfd908ed/u_8578cac3/g_cf5ffc2b[3].u_023226ce/s_92cda069_reg_0/DOPBDOP[1]
                         net (fo=1, routed)           5.087     7.764    DPU_sys_i/dpu_eu_0/inst/g_e584eb07.u_822a997b/u_8329ce29/u_3aa346a2/u_dcd815c9/u_6c52c68e/s_f53a7231[305]
    SLICE_X35Y91         FDRE                                         r  DPU_sys_i/dpu_eu_0/inst/g_e584eb07.u_822a997b/u_8329ce29/u_3aa346a2/u_dcd815c9/u_6c52c68e/g_df44b103[3].g_59494928[2].s_56b585a2_reg[1]/D
  -------------------------------------------------------------------    -------------------

                         (clock clk_out300Mhz_DPU_sys_clk_wiz_0_0 rise edge)
                                                      6.667     6.667 r  
    BUFGCTRL_X0Y19       BUFG                         0.000     6.667 r  DPU_sys_i/processing_system7_0/inst/buffer_fclk_clk_0.FCLK_CLK_0_BUFG/O
                         net (fo=943, routed)         1.770     8.437    DPU_sys_i/clk_wiz_0/inst/clk_in1
    MMCME2_ADV_X1Y2      MMCME2_ADV (Prop_mmcme2_adv_CLKIN1_CLKOUT1)
                                                     -3.873     4.563 r  DPU_sys_i/clk_wiz_0/inst/mmcm_adv_inst/CLKOUT1
                         net (fo=1, routed)           2.012     6.576    DPU_sys_i/clk_wiz_0/inst/clk_out300Mhz_DPU_sys_clk_wiz_0_0
    BUFGCTRL_X0Y18       BUFG (Prop_bufg_I_O)         0.091     6.667 r  DPU_sys_i/clk_wiz_0/inst/clkout2_buf/O
                         net (fo=25585, routed)       1.479     8.145    DPU_sys_i/dpu_eu_0/inst/g_e584eb07.u_822a997b/u_8329ce29/u_3aa346a2/u_dcd815c9/u_6c52c68e/dpu_2x_clk
    SLICE_X35Y91         FDRE                                         r  DPU_sys_i/dpu_eu_0/inst/g_e584eb07.u_822a997b/u_8329ce29/u_3aa346a2/u_dcd815c9/u_6c52c68e/g_df44b103[3].g_59494928[2].s_56b585a2_reg[1]/C
                         clock pessimism             -0.204     7.942    
                         clock uncertainty           -0.193     7.749    
    SLICE_X35Y91         FDRE (Setup_fdre_C_D)       -0.058     7.691    DPU_sys_i/dpu_eu_0/inst/g_e584eb07.u_822a997b/u_8329ce29/u_3aa346a2/u_dcd815c9/u_6c52c68e/g_df44b103[3].g_59494928[2].s_56b585a2_reg[1]
  -------------------------------------------------------------------
                         required time                          7.691    
                         arrival time                          -7.764    
  -------------------------------------------------------------------
                         slack                                 -0.073    

Slack (VIOLATED) :        -0.060ns  (required time - arrival time)
  Source:                 DPU_sys_i/dpu_eu_0/inst/g_e584eb07.u_822a997b/u_8329ce29/u_030d789c/u_dfd908ed/u_8578cac3/g_cf5ffc2b[9].u_023226ce/s_92cda069_reg_3/CLKBWRCLK
                            (rising edge-triggered cell RAMB36E1 clocked by clk_out150Mhz_DPU_sys_clk_wiz_0_0  {rise@0.000ns fall@3.333ns period=6.667ns})
  Destination:            DPU_sys_i/dpu_eu_0/inst/g_e584eb07.u_822a997b/u_8329ce29/u_3aa346a2/u_dcd815c9/u_6c52c68e/g_df44b103[9].g_59494928[8].s_56b585a2_reg[1]/D
                            (rising edge-triggered cell FDRE clocked by clk_out300Mhz_DPU_sys_clk_wiz_0_0  {rise@0.000ns fall@1.667ns period=3.333ns})
  Path Group:             clk_out300Mhz_DPU_sys_clk_wiz_0_0
  Path Type:              Setup (Max at Slow Process Corner)
  Requirement:            6.667ns  (clk_out300Mhz_DPU_sys_clk_wiz_0_0 rise@6.667ns - clk_out150Mhz_DPU_sys_clk_wiz_0_0 rise@0.000ns)
  Data Path Delay:        6.169ns  (logic 0.882ns (14.297%)  route 5.287ns (85.703%))
  Logic Levels:           0  
  Clock Path Skew:        -0.284ns (DCD - SCD + CPR)
    Destination Clock Delay (DCD):    1.715ns = ( 5.048 - 3.333 ) 
    Source Clock Delay      (SCD):    1.795ns
    Clock Pessimism Removal (CPR):    -0.204ns
  Clock Uncertainty:      0.193ns  ((TSJ^2 + DJ^2)^1/2) / 2 + PE
    Total System Jitter     (TSJ):    0.071ns
    Discrete Jitter          (DJ):    0.127ns
    Phase Error              (PE):    0.120ns
  Timing Exception:       MultiCycle Path   Setup -end   2

    Location             Delay type                Incr(ns)  Path(ns)    Netlist Resource(s)
  -------------------------------------------------------------------    -------------------
                         (clock clk_out150Mhz_DPU_sys_clk_wiz_0_0 rise edge)
                                                      0.000     0.000 r  
    BUFGCTRL_X0Y19       BUFG                         0.000     0.000 r  DPU_sys_i/processing_system7_0/inst/buffer_fclk_clk_0.FCLK_CLK_0_BUFG/O
                         net (fo=943, routed)         1.980     1.980    DPU_sys_i/clk_wiz_0/inst/clk_in1
    MMCME2_ADV_X1Y2      MMCME2_ADV (Prop_mmcme2_adv_CLKIN1_CLKOUT0)
                                                     -4.287    -2.307 r  DPU_sys_i/clk_wiz_0/inst/mmcm_adv_inst/CLKOUT0
                         net (fo=1, routed)           2.206    -0.101    DPU_sys_i/clk_wiz_0/inst/clk_out150Mhz_DPU_sys_clk_wiz_0_0
    BUFGCTRL_X0Y17       BUFG (Prop_bufg_I_O)         0.101    -0.000 r  DPU_sys_i/clk_wiz_0/inst/clkout1_buf/O
                         net (fo=40816, routed)       1.795     1.795    DPU_sys_i/dpu_eu_0/inst/g_e584eb07.u_822a997b/u_8329ce29/u_030d789c/u_dfd908ed/u_8578cac3/g_cf5ffc2b[9].u_023226ce/m_axi_dpu_aclk
    RAMB36_X1Y9          RAMB36E1                                     r  DPU_sys_i/dpu_eu_0/inst/g_e584eb07.u_822a997b/u_8329ce29/u_030d789c/u_dfd908ed/u_8578cac3/g_cf5ffc2b[9].u_023226ce/s_92cda069_reg_3/CLKBWRCLK
  -------------------------------------------------------------------    -------------------
    RAMB36_X1Y9          RAMB36E1 (Prop_ramb36e1_CLKBWRCLK_DOBDO[11])
                                                      0.882     2.677 r  DPU_sys_i/dpu_eu_0/inst/g_e584eb07.u_822a997b/u_8329ce29/u_030d789c/u_dfd908ed/u_8578cac3/g_cf5ffc2b[9].u_023226ce/s_92cda069_reg_3/DOBDO[11]
                         net (fo=1, routed)           5.287     7.964    DPU_sys_i/dpu_eu_0/inst/g_e584eb07.u_822a997b/u_8329ce29/u_3aa346a2/u_dcd815c9/u_6c52c68e/s_f53a7231[929]
    SLICE_X84Y113        FDRE                                         r  DPU_sys_i/dpu_eu_0/inst/g_e584eb07.u_822a997b/u_8329ce29/u_3aa346a2/u_dcd815c9/u_6c52c68e/g_df44b103[9].g_59494928[8].s_56b585a2_reg[1]/D
  -------------------------------------------------------------------    -------------------

                         (clock clk_out300Mhz_DPU_sys_clk_wiz_0_0 rise edge)
                                                      6.667     6.667 r  
    BUFGCTRL_X0Y19       BUFG                         0.000     6.667 r  DPU_sys_i/processing_system7_0/inst/buffer_fclk_clk_0.FCLK_CLK_0_BUFG/O
                         net (fo=943, routed)         1.770     8.437    DPU_sys_i/clk_wiz_0/inst/clk_in1
    MMCME2_ADV_X1Y2      MMCME2_ADV (Prop_mmcme2_adv_CLKIN1_CLKOUT1)
                                                     -3.873     4.563 r  DPU_sys_i/clk_wiz_0/inst/mmcm_adv_inst/CLKOUT1
                         net (fo=1, routed)           2.012     6.576    DPU_sys_i/clk_wiz_0/inst/clk_out300Mhz_DPU_sys_clk_wiz_0_0
    BUFGCTRL_X0Y18       BUFG (Prop_bufg_I_O)         0.091     6.667 r  DPU_sys_i/clk_wiz_0/inst/clkout2_buf/O
                         net (fo=25585, routed)       1.715     8.382    DPU_sys_i/dpu_eu_0/inst/g_e584eb07.u_822a997b/u_8329ce29/u_3aa346a2/u_dcd815c9/u_6c52c68e/dpu_2x_clk
    SLICE_X84Y113        FDRE                                         r  DPU_sys_i/dpu_eu_0/inst/g_e584eb07.u_822a997b/u_8329ce29/u_3aa346a2/u_dcd815c9/u_6c52c68e/g_df44b103[9].g_59494928[8].s_56b585a2_reg[1]/C
                         clock pessimism             -0.204     8.178    
                         clock uncertainty           -0.193     7.985    
    SLICE_X84Y113        FDRE (Setup_fdre_C_D)       -0.081     7.904    DPU_sys_i/dpu_eu_0/inst/g_e584eb07.u_822a997b/u_8329ce29/u_3aa346a2/u_dcd815c9/u_6c52c68e/g_df44b103[9].g_59494928[8].s_56b585a2_reg[1]
  -------------------------------------------------------------------
                         required time                          7.904    
                         arrival time                          -7.964    
  -------------------------------------------------------------------
                         slack                                 -0.060    

Slack (VIOLATED) :        -0.030ns  (required time - arrival time)
  Source:                 DPU_sys_i/dpu_eu_0/inst/g_e584eb07.u_822a997b/u_8329ce29/u_030d789c/u_dfd908ed/u_8578cac3/g_cf5ffc2b[9].u_023226ce/s_92cda069_reg_3/CLKBWRCLK
                            (rising edge-triggered cell RAMB36E1 clocked by clk_out150Mhz_DPU_sys_clk_wiz_0_0  {rise@0.000ns fall@3.333ns period=6.667ns})
  Destination:            DPU_sys_i/dpu_eu_0/inst/g_e584eb07.u_822a997b/u_8329ce29/u_3aa346a2/u_dcd815c9/u_6c52c68e/g_df44b103[9].g_59494928[7].s_56b585a2_reg[2]/D
                            (rising edge-triggered cell FDRE clocked by clk_out300Mhz_DPU_sys_clk_wiz_0_0  {rise@0.000ns fall@1.667ns period=3.333ns})
  Path Group:             clk_out300Mhz_DPU_sys_clk_wiz_0_0
  Path Type:              Setup (Max at Slow Process Corner)
  Requirement:            6.667ns  (clk_out300Mhz_DPU_sys_clk_wiz_0_0 rise@6.667ns - clk_out150Mhz_DPU_sys_clk_wiz_0_0 rise@0.000ns)
  Data Path Delay:        6.048ns  (logic 0.882ns (14.582%)  route 5.166ns (85.418%))
  Logic Levels:           0  
  Clock Path Skew:        -0.362ns (DCD - SCD + CPR)
    Destination Clock Delay (DCD):    1.637ns = ( 4.970 - 3.333 ) 
    Source Clock Delay      (SCD):    1.795ns
    Clock Pessimism Removal (CPR):    -0.204ns
  Clock Uncertainty:      0.193ns  ((TSJ^2 + DJ^2)^1/2) / 2 + PE
    Total System Jitter     (TSJ):    0.071ns
    Discrete Jitter          (DJ):    0.127ns
    Phase Error              (PE):    0.120ns
  Timing Exception:       MultiCycle Path   Setup -end   2

    Location             Delay type                Incr(ns)  Path(ns)    Netlist Resource(s)
  -------------------------------------------------------------------    -------------------
                         (clock clk_out150Mhz_DPU_sys_clk_wiz_0_0 rise edge)
                                                      0.000     0.000 r  
    BUFGCTRL_X0Y19       BUFG                         0.000     0.000 r  DPU_sys_i/processing_system7_0/inst/buffer_fclk_clk_0.FCLK_CLK_0_BUFG/O
                         net (fo=943, routed)         1.980     1.980    DPU_sys_i/clk_wiz_0/inst/clk_in1
    MMCME2_ADV_X1Y2      MMCME2_ADV (Prop_mmcme2_adv_CLKIN1_CLKOUT0)
                                                     -4.287    -2.307 r  DPU_sys_i/clk_wiz_0/inst/mmcm_adv_inst/CLKOUT0
                         net (fo=1, routed)           2.206    -0.101    DPU_sys_i/clk_wiz_0/inst/clk_out150Mhz_DPU_sys_clk_wiz_0_0
    BUFGCTRL_X0Y17       BUFG (Prop_bufg_I_O)         0.101    -0.000 r  DPU_sys_i/clk_wiz_0/inst/clkout1_buf/O
                         net (fo=40816, routed)       1.795     1.795    DPU_sys_i/dpu_eu_0/inst/g_e584eb07.u_822a997b/u_8329ce29/u_030d789c/u_dfd908ed/u_8578cac3/g_cf5ffc2b[9].u_023226ce/m_axi_dpu_aclk
    RAMB36_X1Y9          RAMB36E1                                     r  DPU_sys_i/dpu_eu_0/inst/g_e584eb07.u_822a997b/u_8329ce29/u_030d789c/u_dfd908ed/u_8578cac3/g_cf5ffc2b[9].u_023226ce/s_92cda069_reg_3/CLKBWRCLK
  -------------------------------------------------------------------    -------------------
    RAMB36_X1Y9          RAMB36E1 (Prop_ramb36e1_CLKBWRCLK_DOBDO[4])
                                                      0.882     2.677 r  DPU_sys_i/dpu_eu_0/inst/g_e584eb07.u_822a997b/u_8329ce29/u_030d789c/u_dfd908ed/u_8578cac3/g_cf5ffc2b[9].u_023226ce/s_92cda069_reg_3/DOBDO[4]
                         net (fo=1, routed)           5.166     7.844    DPU_sys_i/dpu_eu_0/inst/g_e584eb07.u_822a997b/u_8329ce29/u_3aa346a2/u_dcd815c9/u_6c52c68e/s_f53a7231[922]
    SLICE_X49Y122        FDRE                                         r  DPU_sys_i/dpu_eu_0/inst/g_e584eb07.u_822a997b/u_8329ce29/u_3aa346a2/u_dcd815c9/u_6c52c68e/g_df44b103[9].g_59494928[7].s_56b585a2_reg[2]/D
  -------------------------------------------------------------------    -------------------

                         (clock clk_out300Mhz_DPU_sys_clk_wiz_0_0 rise edge)
                                                      6.667     6.667 r  
    BUFGCTRL_X0Y19       BUFG                         0.000     6.667 r  DPU_sys_i/processing_system7_0/inst/buffer_fclk_clk_0.FCLK_CLK_0_BUFG/O
                         net (fo=943, routed)         1.770     8.437    DPU_sys_i/clk_wiz_0/inst/clk_in1
    MMCME2_ADV_X1Y2      MMCME2_ADV (Prop_mmcme2_adv_CLKIN1_CLKOUT1)
                                                     -3.873     4.563 r  DPU_sys_i/clk_wiz_0/inst/mmcm_adv_inst/CLKOUT1
                         net (fo=1, routed)           2.012     6.576    DPU_sys_i/clk_wiz_0/inst/clk_out300Mhz_DPU_sys_clk_wiz_0_0
    BUFGCTRL_X0Y18       BUFG (Prop_bufg_I_O)         0.091     6.667 r  DPU_sys_i/clk_wiz_0/inst/clkout2_buf/O
                         net (fo=25585, routed)       1.637     8.304    DPU_sys_i/dpu_eu_0/inst/g_e584eb07.u_822a997b/u_8329ce29/u_3aa346a2/u_dcd815c9/u_6c52c68e/dpu_2x_clk
    SLICE_X49Y122        FDRE                                         r  DPU_sys_i/dpu_eu_0/inst/g_e584eb07.u_822a997b/u_8329ce29/u_3aa346a2/u_dcd815c9/u_6c52c68e/g_df44b103[9].g_59494928[7].s_56b585a2_reg[2]/C
                         clock pessimism             -0.204     8.100    
                         clock uncertainty           -0.193     7.907    
    SLICE_X49Y122        FDRE (Setup_fdre_C_D)       -0.093     7.814    DPU_sys_i/dpu_eu_0/inst/g_e584eb07.u_822a997b/u_8329ce29/u_3aa346a2/u_dcd815c9/u_6c52c68e/g_df44b103[9].g_59494928[7].s_56b585a2_reg[2]
  -------------------------------------------------------------------
                         required time                          7.814    
                         arrival time                          -7.844    
  -------------------------------------------------------------------
                         slack                                 -0.030    





Min Delay Paths
--------------------------------------------------------------------------------------
Slack (MET) :             0.051ns  (arrival time - required time)
  Source:                 DPU_sys_i/dpu_eu_0/inst/g_e584eb07.u_822a997b/u_8329ce29/u_3aa346a2/u_4fc06dda/u_5e5a7180/u_799cf01a/g_708d66fc[10].g_5364641e[0].g_e3e91857[3].s_dc1818ef_reg[0]/C
                            (rising edge-triggered cell FDRE clocked by clk_out150Mhz_DPU_sys_clk_wiz_0_0  {rise@0.000ns fall@3.333ns period=6.667ns})
  Destination:            DPU_sys_i/dpu_eu_0/inst/g_e584eb07.u_822a997b/u_8329ce29/u_3aa346a2/u_dcd815c9/u_6c52c68e/g_4168fb56[3].g_534ceca6[10].s_6ecfa666_reg[0]/D
                            (rising edge-triggered cell FDRE clocked by clk_out300Mhz_DPU_sys_clk_wiz_0_0  {rise@0.000ns fall@1.667ns period=3.333ns})
  Path Group:             clk_out300Mhz_DPU_sys_clk_wiz_0_0
  Path Type:              Hold (Min at Fast Process Corner)
  Requirement:            0.000ns  (clk_out300Mhz_DPU_sys_clk_wiz_0_0 rise@0.000ns - clk_out150Mhz_DPU_sys_clk_wiz_0_0 rise@0.000ns)
  Data Path Delay:        0.628ns  (logic 0.164ns (26.133%)  route 0.464ns (73.867%))
  Logic Levels:           0  
  Clock Path Skew:        0.321ns (DCD - SCD - CPR)
    Destination Clock Delay (DCD):    0.838ns
    Source Clock Delay      (SCD):    0.576ns
    Clock Pessimism Removal (CPR):    -0.059ns
  Clock Uncertainty:      0.193ns  ((TSJ^2 + DJ^2)^1/2) / 2 + PE
    Total System Jitter     (TSJ):    0.071ns
    Discrete Jitter          (DJ):    0.127ns
    Phase Error              (PE):    0.120ns
  Timing Exception:       MultiCycle Path   Setup -end   2    Hold  -end   1

    Location             Delay type                Incr(ns)  Path(ns)    Netlist Resource(s)
  -------------------------------------------------------------------    -------------------
                         (clock clk_out150Mhz_DPU_sys_clk_wiz_0_0 rise edge)
                                                      0.000     0.000 r  
    BUFGCTRL_X0Y19       BUFG                         0.000     0.000 r  DPU_sys_i/processing_system7_0/inst/buffer_fclk_clk_0.FCLK_CLK_0_BUFG/O
                         net (fo=943, routed)         0.672     0.672    DPU_sys_i/clk_wiz_0/inst/clk_in1
    MMCME2_ADV_X1Y2      MMCME2_ADV (Prop_mmcme2_adv_CLKIN1_CLKOUT0)
                                                     -1.395    -0.722 r  DPU_sys_i/clk_wiz_0/inst/mmcm_adv_inst/CLKOUT0
                         net (fo=1, routed)           0.696    -0.026    DPU_sys_i/clk_wiz_0/inst/clk_out150Mhz_DPU_sys_clk_wiz_0_0
    BUFGCTRL_X0Y17       BUFG (Prop_bufg_I_O)         0.026    -0.000 r  DPU_sys_i/clk_wiz_0/inst/clkout1_buf/O
                         net (fo=40816, routed)       0.576     0.576    DPU_sys_i/dpu_eu_0/inst/g_e584eb07.u_822a997b/u_8329ce29/u_3aa346a2/u_4fc06dda/u_5e5a7180/u_799cf01a/m_axi_dpu_aclk
    SLICE_X54Y56         FDRE                                         r  DPU_sys_i/dpu_eu_0/inst/g_e584eb07.u_822a997b/u_8329ce29/u_3aa346a2/u_4fc06dda/u_5e5a7180/u_799cf01a/g_708d66fc[10].g_5364641e[0].g_e3e91857[3].s_dc1818ef_reg[0]/C
  -------------------------------------------------------------------    -------------------
    SLICE_X54Y56         FDRE (Prop_fdre_C_Q)         0.164     0.740 r  DPU_sys_i/dpu_eu_0/inst/g_e584eb07.u_822a997b/u_8329ce29/u_3aa346a2/u_4fc06dda/u_5e5a7180/u_799cf01a/g_708d66fc[10].g_5364641e[0].g_e3e91857[3].s_dc1818ef_reg[0]/Q
                         net (fo=1, routed)           0.464     1.203    DPU_sys_i/dpu_eu_0/inst/g_e584eb07.u_822a997b/u_8329ce29/u_3aa346a2/u_dcd815c9/u_6c52c68e/s_3958cdf8[368]
    SLICE_X60Y69         FDRE                                         r  DPU_sys_i/dpu_eu_0/inst/g_e584eb07.u_822a997b/u_8329ce29/u_3aa346a2/u_dcd815c9/u_6c52c68e/g_4168fb56[3].g_534ceca6[10].s_6ecfa666_reg[0]/D
  -------------------------------------------------------------------    -------------------

                         (clock clk_out300Mhz_DPU_sys_clk_wiz_0_0 rise edge)
                                                      0.000     0.000 r  
    BUFGCTRL_X0Y19       BUFG                         0.000     0.000 r  DPU_sys_i/processing_system7_0/inst/buffer_fclk_clk_0.FCLK_CLK_0_BUFG/O
                         net (fo=943, routed)         0.945     0.945    DPU_sys_i/clk_wiz_0/inst/clk_in1
    MMCME2_ADV_X1Y2      MMCME2_ADV (Prop_mmcme2_adv_CLKIN1_CLKOUT1)
                                                     -1.726    -0.781 r  DPU_sys_i/clk_wiz_0/inst/mmcm_adv_inst/CLKOUT1
                         net (fo=1, routed)           0.752    -0.029    DPU_sys_i/clk_wiz_0/inst/clk_out300Mhz_DPU_sys_clk_wiz_0_0
    BUFGCTRL_X0Y18       BUFG (Prop_bufg_I_O)         0.029     0.000 r  DPU_sys_i/clk_wiz_0/inst/clkout2_buf/O
                         net (fo=25585, routed)       0.838     0.838    DPU_sys_i/dpu_eu_0/inst/g_e584eb07.u_822a997b/u_8329ce29/u_3aa346a2/u_dcd815c9/u_6c52c68e/dpu_2x_clk
    SLICE_X60Y69         FDRE                                         r  DPU_sys_i/dpu_eu_0/inst/g_e584eb07.u_822a997b/u_8329ce29/u_3aa346a2/u_dcd815c9/u_6c52c68e/g_4168fb56[3].g_534ceca6[10].s_6ecfa666_reg[0]/C
                         clock pessimism              0.059     0.897    
                         clock uncertainty            0.193     1.089    
    SLICE_X60Y69         FDRE (Hold_fdre_C_D)         0.063     1.152    DPU_sys_i/dpu_eu_0/inst/g_e584eb07.u_822a997b/u_8329ce29/u_3aa346a2/u_dcd815c9/u_6c52c68e/g_4168fb56[3].g_534ceca6[10].s_6ecfa666_reg[0]
  -------------------------------------------------------------------
                         required time                         -1.152    
                         arrival time                           1.203    
  -------------------------------------------------------------------
                         slack                                  0.051    

Slack (MET) :             0.051ns  (arrival time - required time)
  Source:                 DPU_sys_i/dpu_eu_0/inst/g_e584eb07.u_822a997b/u_8329ce29/u_3aa346a2/u_4fc06dda/u_5e5a7180/u_799cf01a/g_708d66fc[9].g_5364641e[0].g_e3e91857[1].s_dc1818ef_reg[0]/C
                            (rising edge-triggered cell FDRE clocked by clk_out150Mhz_DPU_sys_clk_wiz_0_0  {rise@0.000ns fall@3.333ns period=6.667ns})
  Destination:            DPU_sys_i/dpu_eu_0/inst/g_e584eb07.u_822a997b/u_8329ce29/u_3aa346a2/u_dcd815c9/u_6c52c68e/g_4168fb56[1].g_534ceca6[9].s_6ecfa666_reg[0]/D
                            (rising edge-triggered cell FDRE clocked by clk_out300Mhz_DPU_sys_clk_wiz_0_0  {rise@0.000ns fall@1.667ns period=3.333ns})
  Path Group:             clk_out300Mhz_DPU_sys_clk_wiz_0_0
  Path Type:              Hold (Min at Fast Process Corner)
  Requirement:            0.000ns  (clk_out300Mhz_DPU_sys_clk_wiz_0_0 rise@0.000ns - clk_out150Mhz_DPU_sys_clk_wiz_0_0 rise@0.000ns)
  Data Path Delay:        0.631ns  (logic 0.141ns (22.354%)  route 0.490ns (77.646%))
  Logic Levels:           0  
  Clock Path Skew:        0.324ns (DCD - SCD - CPR)
    Destination Clock Delay (DCD):    0.843ns
    Source Clock Delay      (SCD):    0.578ns
    Clock Pessimism Removal (CPR):    -0.059ns
  Clock Uncertainty:      0.193ns  ((TSJ^2 + DJ^2)^1/2) / 2 + PE
    Total System Jitter     (TSJ):    0.071ns
    Discrete Jitter          (DJ):    0.127ns
    Phase Error              (PE):    0.120ns
  Timing Exception:       MultiCycle Path   Setup -end   2    Hold  -end   1

    Location             Delay type                Incr(ns)  Path(ns)    Netlist Resource(s)
  -------------------------------------------------------------------    -------------------
                         (clock clk_out150Mhz_DPU_sys_clk_wiz_0_0 rise edge)
                                                      0.000     0.000 r  
    BUFGCTRL_X0Y19       BUFG                         0.000     0.000 r  DPU_sys_i/processing_system7_0/inst/buffer_fclk_clk_0.FCLK_CLK_0_BUFG/O
                         net (fo=943, routed)         0.672     0.672    DPU_sys_i/clk_wiz_0/inst/clk_in1
    MMCME2_ADV_X1Y2      MMCME2_ADV (Prop_mmcme2_adv_CLKIN1_CLKOUT0)
                                                     -1.395    -0.722 r  DPU_sys_i/clk_wiz_0/inst/mmcm_adv_inst/CLKOUT0
                         net (fo=1, routed)           0.696    -0.026    DPU_sys_i/clk_wiz_0/inst/clk_out150Mhz_DPU_sys_clk_wiz_0_0
    BUFGCTRL_X0Y17       BUFG (Prop_bufg_I_O)         0.026    -0.000 r  DPU_sys_i/clk_wiz_0/inst/clkout1_buf/O
                         net (fo=40816, routed)       0.578     0.578    DPU_sys_i/dpu_eu_0/inst/g_e584eb07.u_822a997b/u_8329ce29/u_3aa346a2/u_4fc06dda/u_5e5a7180/u_799cf01a/m_axi_dpu_aclk
    SLICE_X59Y50         FDRE                                         r  DPU_sys_i/dpu_eu_0/inst/g_e584eb07.u_822a997b/u_8329ce29/u_3aa346a2/u_4fc06dda/u_5e5a7180/u_799cf01a/g_708d66fc[9].g_5364641e[0].g_e3e91857[1].s_dc1818ef_reg[0]/C
  -------------------------------------------------------------------    -------------------
    SLICE_X59Y50         FDRE (Prop_fdre_C_Q)         0.141     0.719 r  DPU_sys_i/dpu_eu_0/inst/g_e584eb07.u_822a997b/u_8329ce29/u_3aa346a2/u_4fc06dda/u_5e5a7180/u_799cf01a/g_708d66fc[9].g_5364641e[0].g_e3e91857[1].s_dc1818ef_reg[0]/Q
                         net (fo=1, routed)           0.490     1.208    DPU_sys_i/dpu_eu_0/inst/g_e584eb07.u_822a997b/u_8329ce29/u_3aa346a2/u_dcd815c9/u_6c52c68e/s_3958cdf8[168]
    SLICE_X65Y63         FDRE                                         r  DPU_sys_i/dpu_eu_0/inst/g_e584eb07.u_822a997b/u_8329ce29/u_3aa346a2/u_dcd815c9/u_6c52c68e/g_4168fb56[1].g_534ceca6[9].s_6ecfa666_reg[0]/D
  -------------------------------------------------------------------    -------------------

                         (clock clk_out300Mhz_DPU_sys_clk_wiz_0_0 rise edge)
                                                      0.000     0.000 r  
    BUFGCTRL_X0Y19       BUFG                         0.000     0.000 r  DPU_sys_i/processing_system7_0/inst/buffer_fclk_clk_0.FCLK_CLK_0_BUFG/O
                         net (fo=943, routed)         0.945     0.945    DPU_sys_i/clk_wiz_0/inst/clk_in1
    MMCME2_ADV_X1Y2      MMCME2_ADV (Prop_mmcme2_adv_CLKIN1_CLKOUT1)
                                                     -1.726    -0.781 r  DPU_sys_i/clk_wiz_0/inst/mmcm_adv_inst/CLKOUT1
                         net (fo=1, routed)           0.752    -0.029    DPU_sys_i/clk_wiz_0/inst/clk_out300Mhz_DPU_sys_clk_wiz_0_0
    BUFGCTRL_X0Y18       BUFG (Prop_bufg_I_O)         0.029     0.000 r  DPU_sys_i/clk_wiz_0/inst/clkout2_buf/O
                         net (fo=25585, routed)       0.843     0.843    DPU_sys_i/dpu_eu_0/inst/g_e584eb07.u_822a997b/u_8329ce29/u_3aa346a2/u_dcd815c9/u_6c52c68e/dpu_2x_clk
    SLICE_X65Y63         FDRE                                         r  DPU_sys_i/dpu_eu_0/inst/g_e584eb07.u_822a997b/u_8329ce29/u_3aa346a2/u_dcd815c9/u_6c52c68e/g_4168fb56[1].g_534ceca6[9].s_6ecfa666_reg[0]/C
                         clock pessimism              0.059     0.902    
                         clock uncertainty            0.193     1.094    
    SLICE_X65Y63         FDRE (Hold_fdre_C_D)         0.063     1.157    DPU_sys_i/dpu_eu_0/inst/g_e584eb07.u_822a997b/u_8329ce29/u_3aa346a2/u_dcd815c9/u_6c52c68e/g_4168fb56[1].g_534ceca6[9].s_6ecfa666_reg[0]
  -------------------------------------------------------------------
                         required time                         -1.157    
                         arrival time                           1.208    
  -------------------------------------------------------------------
                         slack                                  0.051    

Slack (MET) :             0.052ns  (arrival time - required time)
  Source:                 DPU_sys_i/dpu_eu_0/inst/g_e584eb07.u_822a997b/u_8329ce29/u_030d789c/u_dfd908ed/u_8578cac3/g_cf5ffc2b[9].u_023226ce/s_92cda069_reg_2/CLKBWRCLK
                            (rising edge-triggered cell RAMB36E1 clocked by clk_out150Mhz_DPU_sys_clk_wiz_0_0  {rise@0.000ns fall@3.333ns period=6.667ns})
  Destination:            DPU_sys_i/dpu_eu_0/inst/g_e584eb07.u_822a997b/u_8329ce29/u_3aa346a2/u_dcd815c9/u_6c52c68e/g_df44b103[9].g_59494928[5].s_56b585a2_reg[2]/D
                            (rising edge-triggered cell FDRE clocked by clk_out300Mhz_DPU_sys_clk_wiz_0_0  {rise@0.000ns fall@1.667ns period=3.333ns})
  Path Group:             clk_out300Mhz_DPU_sys_clk_wiz_0_0
  Path Type:              Hold (Min at Fast Process Corner)
  Requirement:            0.000ns  (clk_out300Mhz_DPU_sys_clk_wiz_0_0 rise@0.000ns - clk_out150Mhz_DPU_sys_clk_wiz_0_0 rise@0.000ns)
  Data Path Delay:        0.594ns  (logic 0.204ns (34.329%)  route 0.390ns (65.671%))
  Logic Levels:           0  
  Clock Path Skew:        0.302ns (DCD - SCD - CPR)
    Destination Clock Delay (DCD):    0.936ns
    Source Clock Delay      (SCD):    0.692ns
    Clock Pessimism Removal (CPR):    -0.059ns
  Clock Uncertainty:      0.193ns  ((TSJ^2 + DJ^2)^1/2) / 2 + PE
    Total System Jitter     (TSJ):    0.071ns
    Discrete Jitter          (DJ):    0.127ns
    Phase Error              (PE):    0.120ns
  Timing Exception:       MultiCycle Path   Setup -end   2    Hold  -end   1

    Location             Delay type                Incr(ns)  Path(ns)    Netlist Resource(s)
  -------------------------------------------------------------------    -------------------
                         (clock clk_out150Mhz_DPU_sys_clk_wiz_0_0 rise edge)
                                                      0.000     0.000 r  
    BUFGCTRL_X0Y19       BUFG                         0.000     0.000 r  DPU_sys_i/processing_system7_0/inst/buffer_fclk_clk_0.FCLK_CLK_0_BUFG/O
                         net (fo=943, routed)         0.672     0.672    DPU_sys_i/clk_wiz_0/inst/clk_in1
    MMCME2_ADV_X1Y2      MMCME2_ADV (Prop_mmcme2_adv_CLKIN1_CLKOUT0)
                                                     -1.395    -0.722 r  DPU_sys_i/clk_wiz_0/inst/mmcm_adv_inst/CLKOUT0
                         net (fo=1, routed)           0.696    -0.026    DPU_sys_i/clk_wiz_0/inst/clk_out150Mhz_DPU_sys_clk_wiz_0_0
    BUFGCTRL_X0Y17       BUFG (Prop_bufg_I_O)         0.026    -0.000 r  DPU_sys_i/clk_wiz_0/inst/clkout1_buf/O
                         net (fo=40816, routed)       0.692     0.692    DPU_sys_i/dpu_eu_0/inst/g_e584eb07.u_822a997b/u_8329ce29/u_030d789c/u_dfd908ed/u_8578cac3/g_cf5ffc2b[9].u_023226ce/m_axi_dpu_aclk
    RAMB36_X3Y22         RAMB36E1                                     r  DPU_sys_i/dpu_eu_0/inst/g_e584eb07.u_822a997b/u_8329ce29/u_030d789c/u_dfd908ed/u_8578cac3/g_cf5ffc2b[9].u_023226ce/s_92cda069_reg_2/CLKBWRCLK
  -------------------------------------------------------------------    -------------------
    RAMB36_X3Y22         RAMB36E1 (Prop_ramb36e1_CLKBWRCLK_DOBDO[6])
                                                      0.204     0.896 r  DPU_sys_i/dpu_eu_0/inst/g_e584eb07.u_822a997b/u_8329ce29/u_030d789c/u_dfd908ed/u_8578cac3/g_cf5ffc2b[9].u_023226ce/s_92cda069_reg_2/DOBDO[6]
                         net (fo=1, routed)           0.390     1.287    DPU_sys_i/dpu_eu_0/inst/g_e584eb07.u_822a997b/u_8329ce29/u_3aa346a2/u_dcd815c9/u_6c52c68e/s_f53a7231[906]
    SLICE_X81Y111        FDRE                                         r  DPU_sys_i/dpu_eu_0/inst/g_e584eb07.u_822a997b/u_8329ce29/u_3aa346a2/u_dcd815c9/u_6c52c68e/g_df44b103[9].g_59494928[5].s_56b585a2_reg[2]/D
  -------------------------------------------------------------------    -------------------

                         (clock clk_out300Mhz_DPU_sys_clk_wiz_0_0 rise edge)
                                                      0.000     0.000 r  
    BUFGCTRL_X0Y19       BUFG                         0.000     0.000 r  DPU_sys_i/processing_system7_0/inst/buffer_fclk_clk_0.FCLK_CLK_0_BUFG/O
                         net (fo=943, routed)         0.945     0.945    DPU_sys_i/clk_wiz_0/inst/clk_in1
    MMCME2_ADV_X1Y2      MMCME2_ADV (Prop_mmcme2_adv_CLKIN1_CLKOUT1)
                                                     -1.726    -0.781 r  DPU_sys_i/clk_wiz_0/inst/mmcm_adv_inst/CLKOUT1
                         net (fo=1, routed)           0.752    -0.029    DPU_sys_i/clk_wiz_0/inst/clk_out300Mhz_DPU_sys_clk_wiz_0_0
    BUFGCTRL_X0Y18       BUFG (Prop_bufg_I_O)         0.029     0.000 r  DPU_sys_i/clk_wiz_0/inst/clkout2_buf/O
                         net (fo=25585, routed)       0.936     0.936    DPU_sys_i/dpu_eu_0/inst/g_e584eb07.u_822a997b/u_8329ce29/u_3aa346a2/u_dcd815c9/u_6c52c68e/dpu_2x_clk
    SLICE_X81Y111        FDRE                                         r  DPU_sys_i/dpu_eu_0/inst/g_e584eb07.u_822a997b/u_8329ce29/u_3aa346a2/u_dcd815c9/u_6c52c68e/g_df44b103[9].g_59494928[5].s_56b585a2_reg[2]/C
                         clock pessimism              0.059     0.995    
                         clock uncertainty            0.193     1.187    
    SLICE_X81Y111        FDRE (Hold_fdre_C_D)         0.047     1.234    DPU_sys_i/dpu_eu_0/inst/g_e584eb07.u_822a997b/u_8329ce29/u_3aa346a2/u_dcd815c9/u_6c52c68e/g_df44b103[9].g_59494928[5].s_56b585a2_reg[2]
  -------------------------------------------------------------------
                         required time                         -1.234    
                         arrival time                           1.287    
  -------------------------------------------------------------------
                         slack                                  0.052    

Slack (MET) :             0.055ns  (arrival time - required time)
  Source:                 DPU_sys_i/dpu_eu_0/inst/g_e584eb07.u_822a997b/u_8329ce29/u_3aa346a2/u_4fc06dda/u_5e5a7180/u_799cf01a/g_708d66fc[9].g_5364641e[0].g_e3e91857[3].s_dc1818ef_reg[7]/C
                            (rising edge-triggered cell FDRE clocked by clk_out150Mhz_DPU_sys_clk_wiz_0_0  {rise@0.000ns fall@3.333ns period=6.667ns})
  Destination:            DPU_sys_i/dpu_eu_0/inst/g_e584eb07.u_822a997b/u_8329ce29/u_3aa346a2/u_dcd815c9/u_6c52c68e/g_4168fb56[3].g_534ceca6[9].s_6ecfa666_reg[7]/D
                            (rising edge-triggered cell FDRE clocked by clk_out300Mhz_DPU_sys_clk_wiz_0_0  {rise@0.000ns fall@1.667ns period=3.333ns})
  Path Group:             clk_out300Mhz_DPU_sys_clk_wiz_0_0
  Path Type:              Hold (Min at Fast Process Corner)
  Requirement:            0.000ns  (clk_out300Mhz_DPU_sys_clk_wiz_0_0 rise@0.000ns - clk_out150Mhz_DPU_sys_clk_wiz_0_0 rise@0.000ns)
  Data Path Delay:        0.584ns  (logic 0.128ns (21.927%)  route 0.456ns (78.073%))
  Logic Levels:           0  
  Clock Path Skew:        0.329ns (DCD - SCD - CPR)
    Destination Clock Delay (DCD):    0.848ns
    Source Clock Delay      (SCD):    0.578ns
    Clock Pessimism Removal (CPR):    -0.059ns
  Clock Uncertainty:      0.193ns  ((TSJ^2 + DJ^2)^1/2) / 2 + PE
    Total System Jitter     (TSJ):    0.071ns
    Discrete Jitter          (DJ):    0.127ns
    Phase Error              (PE):    0.120ns
  Timing Exception:       MultiCycle Path   Setup -end   2    Hold  -end   1

    Location             Delay type                Incr(ns)  Path(ns)    Netlist Resource(s)
  -------------------------------------------------------------------    -------------------
                         (clock clk_out150Mhz_DPU_sys_clk_wiz_0_0 rise edge)
                                                      0.000     0.000 r  
    BUFGCTRL_X0Y19       BUFG                         0.000     0.000 r  DPU_sys_i/processing_system7_0/inst/buffer_fclk_clk_0.FCLK_CLK_0_BUFG/O
                         net (fo=943, routed)         0.672     0.672    DPU_sys_i/clk_wiz_0/inst/clk_in1
    MMCME2_ADV_X1Y2      MMCME2_ADV (Prop_mmcme2_adv_CLKIN1_CLKOUT0)
                                                     -1.395    -0.722 r  DPU_sys_i/clk_wiz_0/inst/mmcm_adv_inst/CLKOUT0
                         net (fo=1, routed)           0.696    -0.026    DPU_sys_i/clk_wiz_0/inst/clk_out150Mhz_DPU_sys_clk_wiz_0_0
    BUFGCTRL_X0Y17       BUFG (Prop_bufg_I_O)         0.026    -0.000 r  DPU_sys_i/clk_wiz_0/inst/clkout1_buf/O
                         net (fo=40816, routed)       0.578     0.578    DPU_sys_i/dpu_eu_0/inst/g_e584eb07.u_822a997b/u_8329ce29/u_3aa346a2/u_4fc06dda/u_5e5a7180/u_799cf01a/m_axi_dpu_aclk
    SLICE_X56Y51         FDRE                                         r  DPU_sys_i/dpu_eu_0/inst/g_e584eb07.u_822a997b/u_8329ce29/u_3aa346a2/u_4fc06dda/u_5e5a7180/u_799cf01a/g_708d66fc[9].g_5364641e[0].g_e3e91857[3].s_dc1818ef_reg[7]/C
  -------------------------------------------------------------------    -------------------
    SLICE_X56Y51         FDRE (Prop_fdre_C_Q)         0.128     0.706 r  DPU_sys_i/dpu_eu_0/inst/g_e584eb07.u_822a997b/u_8329ce29/u_3aa346a2/u_4fc06dda/u_5e5a7180/u_799cf01a/g_708d66fc[9].g_5364641e[0].g_e3e91857[3].s_dc1818ef_reg[7]/Q
                         net (fo=1, routed)           0.456     1.161    DPU_sys_i/dpu_eu_0/inst/g_e584eb07.u_822a997b/u_8329ce29/u_3aa346a2/u_dcd815c9/u_6c52c68e/s_3958cdf8[367]
    SLICE_X61Y53         FDRE                                         r  DPU_sys_i/dpu_eu_0/inst/g_e584eb07.u_822a997b/u_8329ce29/u_3aa346a2/u_dcd815c9/u_6c52c68e/g_4168fb56[3].g_534ceca6[9].s_6ecfa666_reg[7]/D
  -------------------------------------------------------------------    -------------------

                         (clock clk_out300Mhz_DPU_sys_clk_wiz_0_0 rise edge)
                                                      0.000     0.000 r  
    BUFGCTRL_X0Y19       BUFG                         0.000     0.000 r  DPU_sys_i/processing_system7_0/inst/buffer_fclk_clk_0.FCLK_CLK_0_BUFG/O
                         net (fo=943, routed)         0.945     0.945    DPU_sys_i/clk_wiz_0/inst/clk_in1
    MMCME2_ADV_X1Y2      MMCME2_ADV (Prop_mmcme2_adv_CLKIN1_CLKOUT1)
                                                     -1.726    -0.781 r  DPU_sys_i/clk_wiz_0/inst/mmcm_adv_inst/CLKOUT1
                         net (fo=1, routed)           0.752    -0.029    DPU_sys_i/clk_wiz_0/inst/clk_out300Mhz_DPU_sys_clk_wiz_0_0
    BUFGCTRL_X0Y18       BUFG (Prop_bufg_I_O)         0.029     0.000 r  DPU_sys_i/clk_wiz_0/inst/clkout2_buf/O
                         net (fo=25585, routed)       0.848     0.848    DPU_sys_i/dpu_eu_0/inst/g_e584eb07.u_822a997b/u_8329ce29/u_3aa346a2/u_dcd815c9/u_6c52c68e/dpu_2x_clk
    SLICE_X61Y53         FDRE                                         r  DPU_sys_i/dpu_eu_0/inst/g_e584eb07.u_822a997b/u_8329ce29/u_3aa346a2/u_dcd815c9/u_6c52c68e/g_4168fb56[3].g_534ceca6[9].s_6ecfa666_reg[7]/C
                         clock pessimism              0.059     0.907    
                         clock uncertainty            0.193     1.099    
    SLICE_X61Y53         FDRE (Hold_fdre_C_D)         0.007     1.106    DPU_sys_i/dpu_eu_0/inst/g_e584eb07.u_822a997b/u_8329ce29/u_3aa346a2/u_dcd815c9/u_6c52c68e/g_4168fb56[3].g_534ceca6[9].s_6ecfa666_reg[7]
  -------------------------------------------------------------------
                         required time                         -1.106    
                         arrival time                           1.161    
  -------------------------------------------------------------------
                         slack                                  0.055    

Slack (MET) :             0.058ns  (arrival time - required time)
  Source:                 DPU_sys_i/dpu_eu_0/inst/g_e584eb07.u_822a997b/u_8329ce29/u_030d789c/u_dfd908ed/u_8578cac3/g_cf5ffc2b[11].u_023226ce/s_92cda069_reg_5/CLKBWRCLK
                            (rising edge-triggered cell RAMB18E1 clocked by clk_out150Mhz_DPU_sys_clk_wiz_0_0  {rise@0.000ns fall@3.333ns period=6.667ns})
  Destination:            DPU_sys_i/dpu_eu_0/inst/g_e584eb07.u_822a997b/u_8329ce29/u_3aa346a2/u_dcd815c9/u_6c52c68e/g_df44b103[11].g_59494928[11].s_56b585a2_reg[4]/D
                            (rising edge-triggered cell FDRE clocked by clk_out300Mhz_DPU_sys_clk_wiz_0_0  {rise@0.000ns fall@1.667ns period=3.333ns})
  Path Group:             clk_out300Mhz_DPU_sys_clk_wiz_0_0
  Path Type:              Hold (Min at Fast Process Corner)
  Requirement:            0.000ns  (clk_out300Mhz_DPU_sys_clk_wiz_0_0 rise@0.000ns - clk_out150Mhz_DPU_sys_clk_wiz_0_0 rise@0.000ns)
  Data Path Delay:        0.609ns  (logic 0.204ns (33.474%)  route 0.405ns (66.526%))
  Logic Levels:           0  
  Clock Path Skew:        0.292ns (DCD - SCD - CPR)
    Destination Clock Delay (DCD):    0.824ns
    Source Clock Delay      (SCD):    0.590ns
    Clock Pessimism Removal (CPR):    -0.059ns
  Clock Uncertainty:      0.193ns  ((TSJ^2 + DJ^2)^1/2) / 2 + PE
    Total System Jitter     (TSJ):    0.071ns
    Discrete Jitter          (DJ):    0.127ns
    Phase Error              (PE):    0.120ns
  Timing Exception:       MultiCycle Path   Setup -end   2    Hold  -end   1

    Location             Delay type                Incr(ns)  Path(ns)    Netlist Resource(s)
  -------------------------------------------------------------------    -------------------
                         (clock clk_out150Mhz_DPU_sys_clk_wiz_0_0 rise edge)
                                                      0.000     0.000 r  
    BUFGCTRL_X0Y19       BUFG                         0.000     0.000 r  DPU_sys_i/processing_system7_0/inst/buffer_fclk_clk_0.FCLK_CLK_0_BUFG/O
                         net (fo=943, routed)         0.672     0.672    DPU_sys_i/clk_wiz_0/inst/clk_in1
    MMCME2_ADV_X1Y2      MMCME2_ADV (Prop_mmcme2_adv_CLKIN1_CLKOUT0)
                                                     -1.395    -0.722 r  DPU_sys_i/clk_wiz_0/inst/mmcm_adv_inst/CLKOUT0
                         net (fo=1, routed)           0.696    -0.026    DPU_sys_i/clk_wiz_0/inst/clk_out150Mhz_DPU_sys_clk_wiz_0_0
    BUFGCTRL_X0Y17       BUFG (Prop_bufg_I_O)         0.026    -0.000 r  DPU_sys_i/clk_wiz_0/inst/clkout1_buf/O
                         net (fo=40816, routed)       0.590     0.590    DPU_sys_i/dpu_eu_0/inst/g_e584eb07.u_822a997b/u_8329ce29/u_030d789c/u_dfd908ed/u_8578cac3/g_cf5ffc2b[11].u_023226ce/m_axi_dpu_aclk
    RAMB18_X2Y35         RAMB18E1                                     r  DPU_sys_i/dpu_eu_0/inst/g_e584eb07.u_822a997b/u_8329ce29/u_030d789c/u_dfd908ed/u_8578cac3/g_cf5ffc2b[11].u_023226ce/s_92cda069_reg_5/CLKBWRCLK
  -------------------------------------------------------------------    -------------------
    RAMB18_X2Y35         RAMB18E1 (Prop_ramb18e1_CLKBWRCLK_DOBDO[2])
                                                      0.204     0.794 r  DPU_sys_i/dpu_eu_0/inst/g_e584eb07.u_822a997b/u_8329ce29/u_030d789c/u_dfd908ed/u_8578cac3/g_cf5ffc2b[11].u_023226ce/s_92cda069_reg_5/DOBDO[2]
                         net (fo=1, routed)           0.405     1.199    DPU_sys_i/dpu_eu_0/inst/g_e584eb07.u_822a997b/u_8329ce29/u_3aa346a2/u_dcd815c9/u_6c52c68e/s_f53a7231[1148]
    SLICE_X47Y93         FDRE                                         r  DPU_sys_i/dpu_eu_0/inst/g_e584eb07.u_822a997b/u_8329ce29/u_3aa346a2/u_dcd815c9/u_6c52c68e/g_df44b103[11].g_59494928[11].s_56b585a2_reg[4]/D
  -------------------------------------------------------------------    -------------------

                         (clock clk_out300Mhz_DPU_sys_clk_wiz_0_0 rise edge)
                                                      0.000     0.000 r  
    BUFGCTRL_X0Y19       BUFG                         0.000     0.000 r  DPU_sys_i/processing_system7_0/inst/buffer_fclk_clk_0.FCLK_CLK_0_BUFG/O
                         net (fo=943, routed)         0.945     0.945    DPU_sys_i/clk_wiz_0/inst/clk_in1
    MMCME2_ADV_X1Y2      MMCME2_ADV (Prop_mmcme2_adv_CLKIN1_CLKOUT1)
                                                     -1.726    -0.781 r  DPU_sys_i/clk_wiz_0/inst/mmcm_adv_inst/CLKOUT1
                         net (fo=1, routed)           0.752    -0.029    DPU_sys_i/clk_wiz_0/inst/clk_out300Mhz_DPU_sys_clk_wiz_0_0
    BUFGCTRL_X0Y18       BUFG (Prop_bufg_I_O)         0.029     0.000 r  DPU_sys_i/clk_wiz_0/inst/clkout2_buf/O
                         net (fo=25585, routed)       0.824     0.824    DPU_sys_i/dpu_eu_0/inst/g_e584eb07.u_822a997b/u_8329ce29/u_3aa346a2/u_dcd815c9/u_6c52c68e/dpu_2x_clk
    SLICE_X47Y93         FDRE                                         r  DPU_sys_i/dpu_eu_0/inst/g_e584eb07.u_822a997b/u_8329ce29/u_3aa346a2/u_dcd815c9/u_6c52c68e/g_df44b103[11].g_59494928[11].s_56b585a2_reg[4]/C
                         clock pessimism              0.059     0.883    
                         clock uncertainty            0.193     1.075    
    SLICE_X47Y93         FDRE (Hold_fdre_C_D)         0.066     1.141    DPU_sys_i/dpu_eu_0/inst/g_e584eb07.u_822a997b/u_8329ce29/u_3aa346a2/u_dcd815c9/u_6c52c68e/g_df44b103[11].g_59494928[11].s_56b585a2_reg[4]
  -------------------------------------------------------------------
                         required time                         -1.141    
                         arrival time                           1.199    
  -------------------------------------------------------------------
                         slack                                  0.058    

Slack (MET) :             0.058ns  (arrival time - required time)
  Source:                 DPU_sys_i/dpu_eu_0/inst/g_e584eb07.u_822a997b/u_8329ce29/u_030d789c/u_dfd908ed/u_8578cac3/g_cf5ffc2b[9].u_023226ce/s_92cda069_reg_2/CLKBWRCLK
                            (rising edge-triggered cell RAMB36E1 clocked by clk_out150Mhz_DPU_sys_clk_wiz_0_0  {rise@0.000ns fall@3.333ns period=6.667ns})
  Destination:            DPU_sys_i/dpu_eu_0/inst/g_e584eb07.u_822a997b/u_8329ce29/u_3aa346a2/u_dcd815c9/u_6c52c68e/g_df44b103[9].g_59494928[5].s_56b585a2_reg[4]/D
                            (rising edge-triggered cell FDRE clocked by clk_out300Mhz_DPU_sys_clk_wiz_0_0  {rise@0.000ns fall@1.667ns period=3.333ns})
  Path Group:             clk_out300Mhz_DPU_sys_clk_wiz_0_0
  Path Type:              Hold (Min at Fast Process Corner)
  Requirement:            0.000ns  (clk_out300Mhz_DPU_sys_clk_wiz_0_0 rise@0.000ns - clk_out150Mhz_DPU_sys_clk_wiz_0_0 rise@0.000ns)
  Data Path Delay:        0.628ns  (logic 0.204ns (32.475%)  route 0.424ns (67.525%))
  Logic Levels:           0  
  Clock Path Skew:        0.302ns (DCD - SCD - CPR)
    Destination Clock Delay (DCD):    0.936ns
    Source Clock Delay      (SCD):    0.692ns
    Clock Pessimism Removal (CPR):    -0.059ns
  Clock Uncertainty:      0.193ns  ((TSJ^2 + DJ^2)^1/2) / 2 + PE
    Total System Jitter     (TSJ):    0.071ns
    Discrete Jitter          (DJ):    0.127ns
    Phase Error              (PE):    0.120ns
  Timing Exception:       MultiCycle Path   Setup -end   2    Hold  -end   1

    Location             Delay type                Incr(ns)  Path(ns)    Netlist Resource(s)
  -------------------------------------------------------------------    -------------------
                         (clock clk_out150Mhz_DPU_sys_clk_wiz_0_0 rise edge)
                                                      0.000     0.000 r  
    BUFGCTRL_X0Y19       BUFG                         0.000     0.000 r  DPU_sys_i/processing_system7_0/inst/buffer_fclk_clk_0.FCLK_CLK_0_BUFG/O
                         net (fo=943, routed)         0.672     0.672    DPU_sys_i/clk_wiz_0/inst/clk_in1
    MMCME2_ADV_X1Y2      MMCME2_ADV (Prop_mmcme2_adv_CLKIN1_CLKOUT0)
                                                     -1.395    -0.722 r  DPU_sys_i/clk_wiz_0/inst/mmcm_adv_inst/CLKOUT0
                         net (fo=1, routed)           0.696    -0.026    DPU_sys_i/clk_wiz_0/inst/clk_out150Mhz_DPU_sys_clk_wiz_0_0
    BUFGCTRL_X0Y17       BUFG (Prop_bufg_I_O)         0.026    -0.000 r  DPU_sys_i/clk_wiz_0/inst/clkout1_buf/O
                         net (fo=40816, routed)       0.692     0.692    DPU_sys_i/dpu_eu_0/inst/g_e584eb07.u_822a997b/u_8329ce29/u_030d789c/u_dfd908ed/u_8578cac3/g_cf5ffc2b[9].u_023226ce/m_axi_dpu_aclk
    RAMB36_X3Y22         RAMB36E1                                     r  DPU_sys_i/dpu_eu_0/inst/g_e584eb07.u_822a997b/u_8329ce29/u_030d789c/u_dfd908ed/u_8578cac3/g_cf5ffc2b[9].u_023226ce/s_92cda069_reg_2/CLKBWRCLK
  -------------------------------------------------------------------    -------------------
    RAMB36_X3Y22         RAMB36E1 (Prop_ramb36e1_CLKBWRCLK_DOBDO[8])
                                                      0.204     0.896 r  DPU_sys_i/dpu_eu_0/inst/g_e584eb07.u_822a997b/u_8329ce29/u_030d789c/u_dfd908ed/u_8578cac3/g_cf5ffc2b[9].u_023226ce/s_92cda069_reg_2/DOBDO[8]
                         net (fo=1, routed)           0.424     1.321    DPU_sys_i/dpu_eu_0/inst/g_e584eb07.u_822a997b/u_8329ce29/u_3aa346a2/u_dcd815c9/u_6c52c68e/s_f53a7231[908]
    SLICE_X81Y111        FDRE                                         r  DPU_sys_i/dpu_eu_0/inst/g_e584eb07.u_822a997b/u_8329ce29/u_3aa346a2/u_dcd815c9/u_6c52c68e/g_df44b103[9].g_59494928[5].s_56b585a2_reg[4]/D
  -------------------------------------------------------------------    -------------------

                         (clock clk_out300Mhz_DPU_sys_clk_wiz_0_0 rise edge)
                                                      0.000     0.000 r  
    BUFGCTRL_X0Y19       BUFG                         0.000     0.000 r  DPU_sys_i/processing_system7_0/inst/buffer_fclk_clk_0.FCLK_CLK_0_BUFG/O
                         net (fo=943, routed)         0.945     0.945    DPU_sys_i/clk_wiz_0/inst/clk_in1
    MMCME2_ADV_X1Y2      MMCME2_ADV (Prop_mmcme2_adv_CLKIN1_CLKOUT1)
                                                     -1.726    -0.781 r  DPU_sys_i/clk_wiz_0/inst/mmcm_adv_inst/CLKOUT1
                         net (fo=1, routed)           0.752    -0.029    DPU_sys_i/clk_wiz_0/inst/clk_out300Mhz_DPU_sys_clk_wiz_0_0
    BUFGCTRL_X0Y18       BUFG (Prop_bufg_I_O)         0.029     0.000 r  DPU_sys_i/clk_wiz_0/inst/clkout2_buf/O
                         net (fo=25585, routed)       0.936     0.936    DPU_sys_i/dpu_eu_0/inst/g_e584eb07.u_822a997b/u_8329ce29/u_3aa346a2/u_dcd815c9/u_6c52c68e/dpu_2x_clk
    SLICE_X81Y111        FDRE                                         r  DPU_sys_i/dpu_eu_0/inst/g_e584eb07.u_822a997b/u_8329ce29/u_3aa346a2/u_dcd815c9/u_6c52c68e/g_df44b103[9].g_59494928[5].s_56b585a2_reg[4]/C
                         clock pessimism              0.059     0.995    
                         clock uncertainty            0.193     1.187    
    SLICE_X81Y111        FDRE (Hold_fdre_C_D)         0.075     1.262    DPU_sys_i/dpu_eu_0/inst/g_e584eb07.u_822a997b/u_8329ce29/u_3aa346a2/u_dcd815c9/u_6c52c68e/g_df44b103[9].g_59494928[5].s_56b585a2_reg[4]
  -------------------------------------------------------------------
                         required time                         -1.262    
                         arrival time                           1.321    
  -------------------------------------------------------------------
                         slack                                  0.058    

Slack (MET) :             0.059ns  (arrival time - required time)
  Source:                 DPU_sys_i/dpu_eu_0/inst/g_e584eb07.u_822a997b/u_8329ce29/u_030d789c/u_dfd908ed/u_8578cac3/g_cf5ffc2b[9].u_023226ce/s_92cda069_reg_1/CLKBWRCLK
                            (rising edge-triggered cell RAMB36E1 clocked by clk_out150Mhz_DPU_sys_clk_wiz_0_0  {rise@0.000ns fall@3.333ns period=6.667ns})
  Destination:            DPU_sys_i/dpu_eu_0/inst/g_e584eb07.u_822a997b/u_8329ce29/u_3aa346a2/u_dcd815c9/u_6c52c68e/g_df44b103[9].g_59494928[3].s_56b585a2_reg[3]/D
                            (rising edge-triggered cell FDRE clocked by clk_out300Mhz_DPU_sys_clk_wiz_0_0  {rise@0.000ns fall@1.667ns period=3.333ns})
  Path Group:             clk_out300Mhz_DPU_sys_clk_wiz_0_0
  Path Type:              Hold (Min at Fast Process Corner)
  Requirement:            0.000ns  (clk_out300Mhz_DPU_sys_clk_wiz_0_0 rise@0.000ns - clk_out150Mhz_DPU_sys_clk_wiz_0_0 rise@0.000ns)
  Data Path Delay:        0.595ns  (logic 0.204ns (34.297%)  route 0.391ns (65.703%))
  Logic Levels:           0  
  Clock Path Skew:        0.296ns (DCD - SCD - CPR)
    Destination Clock Delay (DCD):    0.923ns
    Source Clock Delay      (SCD):    0.685ns
    Clock Pessimism Removal (CPR):    -0.059ns
  Clock Uncertainty:      0.193ns  ((TSJ^2 + DJ^2)^1/2) / 2 + PE
    Total System Jitter     (TSJ):    0.071ns
    Discrete Jitter          (DJ):    0.127ns
    Phase Error              (PE):    0.120ns
  Timing Exception:       MultiCycle Path   Setup -end   2    Hold  -end   1

    Location             Delay type                Incr(ns)  Path(ns)    Netlist Resource(s)
  -------------------------------------------------------------------    -------------------
                         (clock clk_out150Mhz_DPU_sys_clk_wiz_0_0 rise edge)
                                                      0.000     0.000 r  
    BUFGCTRL_X0Y19       BUFG                         0.000     0.000 r  DPU_sys_i/processing_system7_0/inst/buffer_fclk_clk_0.FCLK_CLK_0_BUFG/O
                         net (fo=943, routed)         0.672     0.672    DPU_sys_i/clk_wiz_0/inst/clk_in1
    MMCME2_ADV_X1Y2      MMCME2_ADV (Prop_mmcme2_adv_CLKIN1_CLKOUT0)
                                                     -1.395    -0.722 r  DPU_sys_i/clk_wiz_0/inst/mmcm_adv_inst/CLKOUT0
                         net (fo=1, routed)           0.696    -0.026    DPU_sys_i/clk_wiz_0/inst/clk_out150Mhz_DPU_sys_clk_wiz_0_0
    BUFGCTRL_X0Y17       BUFG (Prop_bufg_I_O)         0.026    -0.000 r  DPU_sys_i/clk_wiz_0/inst/clkout1_buf/O
                         net (fo=40816, routed)       0.685     0.685    DPU_sys_i/dpu_eu_0/inst/g_e584eb07.u_822a997b/u_8329ce29/u_030d789c/u_dfd908ed/u_8578cac3/g_cf5ffc2b[9].u_023226ce/m_axi_dpu_aclk
    RAMB36_X3Y24         RAMB36E1                                     r  DPU_sys_i/dpu_eu_0/inst/g_e584eb07.u_822a997b/u_8329ce29/u_030d789c/u_dfd908ed/u_8578cac3/g_cf5ffc2b[9].u_023226ce/s_92cda069_reg_1/CLKBWRCLK
  -------------------------------------------------------------------    -------------------
    RAMB36_X3Y24         RAMB36E1 (Prop_ramb36e1_CLKBWRCLK_DOBDO[9])
                                                      0.204     0.889 r  DPU_sys_i/dpu_eu_0/inst/g_e584eb07.u_822a997b/u_8329ce29/u_030d789c/u_dfd908ed/u_8578cac3/g_cf5ffc2b[9].u_023226ce/s_92cda069_reg_1/DOBDO[9]
                         net (fo=1, routed)           0.391     1.280    DPU_sys_i/dpu_eu_0/inst/g_e584eb07.u_822a997b/u_8329ce29/u_3aa346a2/u_dcd815c9/u_6c52c68e/s_f53a7231[891]
    SLICE_X80Y123        FDRE                                         r  DPU_sys_i/dpu_eu_0/inst/g_e584eb07.u_822a997b/u_8329ce29/u_3aa346a2/u_dcd815c9/u_6c52c68e/g_df44b103[9].g_59494928[3].s_56b585a2_reg[3]/D
  -------------------------------------------------------------------    -------------------

                         (clock clk_out300Mhz_DPU_sys_clk_wiz_0_0 rise edge)
                                                      0.000     0.000 r  
    BUFGCTRL_X0Y19       BUFG                         0.000     0.000 r  DPU_sys_i/processing_system7_0/inst/buffer_fclk_clk_0.FCLK_CLK_0_BUFG/O
                         net (fo=943, routed)         0.945     0.945    DPU_sys_i/clk_wiz_0/inst/clk_in1
    MMCME2_ADV_X1Y2      MMCME2_ADV (Prop_mmcme2_adv_CLKIN1_CLKOUT1)
                                                     -1.726    -0.781 r  DPU_sys_i/clk_wiz_0/inst/mmcm_adv_inst/CLKOUT1
                         net (fo=1, routed)           0.752    -0.029    DPU_sys_i/clk_wiz_0/inst/clk_out300Mhz_DPU_sys_clk_wiz_0_0
    BUFGCTRL_X0Y18       BUFG (Prop_bufg_I_O)         0.029     0.000 r  DPU_sys_i/clk_wiz_0/inst/clkout2_buf/O
                         net (fo=25585, routed)       0.923     0.923    DPU_sys_i/dpu_eu_0/inst/g_e584eb07.u_822a997b/u_8329ce29/u_3aa346a2/u_dcd815c9/u_6c52c68e/dpu_2x_clk
    SLICE_X80Y123        FDRE                                         r  DPU_sys_i/dpu_eu_0/inst/g_e584eb07.u_822a997b/u_8329ce29/u_3aa346a2/u_dcd815c9/u_6c52c68e/g_df44b103[9].g_59494928[3].s_56b585a2_reg[3]/C
                         clock pessimism              0.059     0.982    
                         clock uncertainty            0.193     1.174    
    SLICE_X80Y123        FDRE (Hold_fdre_C_D)         0.047     1.221    DPU_sys_i/dpu_eu_0/inst/g_e584eb07.u_822a997b/u_8329ce29/u_3aa346a2/u_dcd815c9/u_6c52c68e/g_df44b103[9].g_59494928[3].s_56b585a2_reg[3]
  -------------------------------------------------------------------
                         required time                         -1.221    
                         arrival time                           1.280    
  -------------------------------------------------------------------
                         slack                                  0.059    

Slack (MET) :             0.059ns  (arrival time - required time)
  Source:                 DPU_sys_i/dpu_eu_0/inst/g_e584eb07.u_822a997b/u_8329ce29/u_030d789c/u_dfd908ed/u_8578cac3/g_cf5ffc2b[9].u_023226ce/s_92cda069_reg_0/CLKBWRCLK
                            (rising edge-triggered cell RAMB36E1 clocked by clk_out150Mhz_DPU_sys_clk_wiz_0_0  {rise@0.000ns fall@3.333ns period=6.667ns})
  Destination:            DPU_sys_i/dpu_eu_0/inst/g_e584eb07.u_822a997b/u_8329ce29/u_3aa346a2/u_dcd815c9/u_6c52c68e/g_df44b103[9].g_59494928[0].s_56b585a2_reg[7]/D
                            (rising edge-triggered cell FDRE clocked by clk_out300Mhz_DPU_sys_clk_wiz_0_0  {rise@0.000ns fall@1.667ns period=3.333ns})
  Path Group:             clk_out300Mhz_DPU_sys_clk_wiz_0_0
  Path Type:              Hold (Min at Fast Process Corner)
  Requirement:            0.000ns  (clk_out300Mhz_DPU_sys_clk_wiz_0_0 rise@0.000ns - clk_out150Mhz_DPU_sys_clk_wiz_0_0 rise@0.000ns)
  Data Path Delay:        0.614ns  (logic 0.204ns (33.226%)  route 0.410ns (66.774%))
  Logic Levels:           0  
  Clock Path Skew:        0.286ns (DCD - SCD - CPR)
    Destination Clock Delay (DCD):    0.904ns
    Source Clock Delay      (SCD):    0.676ns
    Clock Pessimism Removal (CPR):    -0.059ns
  Clock Uncertainty:      0.193ns  ((TSJ^2 + DJ^2)^1/2) / 2 + PE
    Total System Jitter     (TSJ):    0.071ns
    Discrete Jitter          (DJ):    0.127ns
    Phase Error              (PE):    0.120ns
  Timing Exception:       MultiCycle Path   Setup -end   2    Hold  -end   1

    Location             Delay type                Incr(ns)  Path(ns)    Netlist Resource(s)
  -------------------------------------------------------------------    -------------------
                         (clock clk_out150Mhz_DPU_sys_clk_wiz_0_0 rise edge)
                                                      0.000     0.000 r  
    BUFGCTRL_X0Y19       BUFG                         0.000     0.000 r  DPU_sys_i/processing_system7_0/inst/buffer_fclk_clk_0.FCLK_CLK_0_BUFG/O
                         net (fo=943, routed)         0.672     0.672    DPU_sys_i/clk_wiz_0/inst/clk_in1
    MMCME2_ADV_X1Y2      MMCME2_ADV (Prop_mmcme2_adv_CLKIN1_CLKOUT0)
                                                     -1.395    -0.722 r  DPU_sys_i/clk_wiz_0/inst/mmcm_adv_inst/CLKOUT0
                         net (fo=1, routed)           0.696    -0.026    DPU_sys_i/clk_wiz_0/inst/clk_out150Mhz_DPU_sys_clk_wiz_0_0
    BUFGCTRL_X0Y17       BUFG (Prop_bufg_I_O)         0.026    -0.000 r  DPU_sys_i/clk_wiz_0/inst/clkout1_buf/O
                         net (fo=40816, routed)       0.676     0.676    DPU_sys_i/dpu_eu_0/inst/g_e584eb07.u_822a997b/u_8329ce29/u_030d789c/u_dfd908ed/u_8578cac3/g_cf5ffc2b[9].u_023226ce/m_axi_dpu_aclk
    RAMB36_X2Y21         RAMB36E1                                     r  DPU_sys_i/dpu_eu_0/inst/g_e584eb07.u_822a997b/u_8329ce29/u_030d789c/u_dfd908ed/u_8578cac3/g_cf5ffc2b[9].u_023226ce/s_92cda069_reg_0/CLKBWRCLK
  -------------------------------------------------------------------    -------------------
    RAMB36_X2Y21         RAMB36E1 (Prop_ramb36e1_CLKBWRCLK_DOBDO[7])
                                                      0.204     0.880 r  DPU_sys_i/dpu_eu_0/inst/g_e584eb07.u_822a997b/u_8329ce29/u_030d789c/u_dfd908ed/u_8578cac3/g_cf5ffc2b[9].u_023226ce/s_92cda069_reg_0/DOBDO[7]
                         net (fo=1, routed)           0.410     1.290    DPU_sys_i/dpu_eu_0/inst/g_e584eb07.u_822a997b/u_8329ce29/u_3aa346a2/u_dcd815c9/u_6c52c68e/s_f53a7231[871]
    SLICE_X43Y115        FDRE                                         r  DPU_sys_i/dpu_eu_0/inst/g_e584eb07.u_822a997b/u_8329ce29/u_3aa346a2/u_dcd815c9/u_6c52c68e/g_df44b103[9].g_59494928[0].s_56b585a2_reg[7]/D
  -------------------------------------------------------------------    -------------------

                         (clock clk_out300Mhz_DPU_sys_clk_wiz_0_0 rise edge)
                                                      0.000     0.000 r  
    BUFGCTRL_X0Y19       BUFG                         0.000     0.000 r  DPU_sys_i/processing_system7_0/inst/buffer_fclk_clk_0.FCLK_CLK_0_BUFG/O
                         net (fo=943, routed)         0.945     0.945    DPU_sys_i/clk_wiz_0/inst/clk_in1
    MMCME2_ADV_X1Y2      MMCME2_ADV (Prop_mmcme2_adv_CLKIN1_CLKOUT1)
                                                     -1.726    -0.781 r  DPU_sys_i/clk_wiz_0/inst/mmcm_adv_inst/CLKOUT1
                         net (fo=1, routed)           0.752    -0.029    DPU_sys_i/clk_wiz_0/inst/clk_out300Mhz_DPU_sys_clk_wiz_0_0
    BUFGCTRL_X0Y18       BUFG (Prop_bufg_I_O)         0.029     0.000 r  DPU_sys_i/clk_wiz_0/inst/clkout2_buf/O
                         net (fo=25585, routed)       0.904     0.904    DPU_sys_i/dpu_eu_0/inst/g_e584eb07.u_822a997b/u_8329ce29/u_3aa346a2/u_dcd815c9/u_6c52c68e/dpu_2x_clk
    SLICE_X43Y115        FDRE                                         r  DPU_sys_i/dpu_eu_0/inst/g_e584eb07.u_822a997b/u_8329ce29/u_3aa346a2/u_dcd815c9/u_6c52c68e/g_df44b103[9].g_59494928[0].s_56b585a2_reg[7]/C
                         clock pessimism              0.059     0.963    
                         clock uncertainty            0.193     1.155    
    SLICE_X43Y115        FDRE (Hold_fdre_C_D)         0.076     1.231    DPU_sys_i/dpu_eu_0/inst/g_e584eb07.u_822a997b/u_8329ce29/u_3aa346a2/u_dcd815c9/u_6c52c68e/g_df44b103[9].g_59494928[0].s_56b585a2_reg[7]
  -------------------------------------------------------------------
                         required time                         -1.231    
                         arrival time                           1.290    
  -------------------------------------------------------------------
                         slack                                  0.059    

Slack (MET) :             0.061ns  (arrival time - required time)
  Source:                 DPU_sys_i/dpu_eu_0/inst/g_e584eb07.u_822a997b/u_8329ce29/u_030d789c/u_dfd908ed/u_8578cac3/g_cf5ffc2b[11].u_023226ce/s_92cda069_reg_5/CLKBWRCLK
                            (rising edge-triggered cell RAMB18E1 clocked by clk_out150Mhz_DPU_sys_clk_wiz_0_0  {rise@0.000ns fall@3.333ns period=6.667ns})
  Destination:            DPU_sys_i/dpu_eu_0/inst/g_e584eb07.u_822a997b/u_8329ce29/u_3aa346a2/u_dcd815c9/u_6c52c68e/g_df44b103[11].g_59494928[11].s_56b585a2_reg[7]/D
                            (rising edge-triggered cell FDRE clocked by clk_out300Mhz_DPU_sys_clk_wiz_0_0  {rise@0.000ns fall@1.667ns period=3.333ns})
  Path Group:             clk_out300Mhz_DPU_sys_clk_wiz_0_0
  Path Type:              Hold (Min at Fast Process Corner)
  Requirement:            0.000ns  (clk_out300Mhz_DPU_sys_clk_wiz_0_0 rise@0.000ns - clk_out150Mhz_DPU_sys_clk_wiz_0_0 rise@0.000ns)
  Data Path Delay:        0.616ns  (logic 0.204ns (33.093%)  route 0.412ns (66.907%))
  Logic Levels:           0  
  Clock Path Skew:        0.292ns (DCD - SCD - CPR)
    Destination Clock Delay (DCD):    0.824ns
    Source Clock Delay      (SCD):    0.590ns
    Clock Pessimism Removal (CPR):    -0.059ns
  Clock Uncertainty:      0.193ns  ((TSJ^2 + DJ^2)^1/2) / 2 + PE
    Total System Jitter     (TSJ):    0.071ns
    Discrete Jitter          (DJ):    0.127ns
    Phase Error              (PE):    0.120ns
  Timing Exception:       MultiCycle Path   Setup -end   2    Hold  -end   1

    Location             Delay type                Incr(ns)  Path(ns)    Netlist Resource(s)
  -------------------------------------------------------------------    -------------------
                         (clock clk_out150Mhz_DPU_sys_clk_wiz_0_0 rise edge)
                                                      0.000     0.000 r  
    BUFGCTRL_X0Y19       BUFG                         0.000     0.000 r  DPU_sys_i/processing_system7_0/inst/buffer_fclk_clk_0.FCLK_CLK_0_BUFG/O
                         net (fo=943, routed)         0.672     0.672    DPU_sys_i/clk_wiz_0/inst/clk_in1
    MMCME2_ADV_X1Y2      MMCME2_ADV (Prop_mmcme2_adv_CLKIN1_CLKOUT0)
                                                     -1.395    -0.722 r  DPU_sys_i/clk_wiz_0/inst/mmcm_adv_inst/CLKOUT0
                         net (fo=1, routed)           0.696    -0.026    DPU_sys_i/clk_wiz_0/inst/clk_out150Mhz_DPU_sys_clk_wiz_0_0
    BUFGCTRL_X0Y17       BUFG (Prop_bufg_I_O)         0.026    -0.000 r  DPU_sys_i/clk_wiz_0/inst/clkout1_buf/O
                         net (fo=40816, routed)       0.590     0.590    DPU_sys_i/dpu_eu_0/inst/g_e584eb07.u_822a997b/u_8329ce29/u_030d789c/u_dfd908ed/u_8578cac3/g_cf5ffc2b[11].u_023226ce/m_axi_dpu_aclk
    RAMB18_X2Y35         RAMB18E1                                     r  DPU_sys_i/dpu_eu_0/inst/g_e584eb07.u_822a997b/u_8329ce29/u_030d789c/u_dfd908ed/u_8578cac3/g_cf5ffc2b[11].u_023226ce/s_92cda069_reg_5/CLKBWRCLK
  -------------------------------------------------------------------    -------------------
    RAMB18_X2Y35         RAMB18E1 (Prop_ramb18e1_CLKBWRCLK_DOBDO[5])
                                                      0.204     0.794 r  DPU_sys_i/dpu_eu_0/inst/g_e584eb07.u_822a997b/u_8329ce29/u_030d789c/u_dfd908ed/u_8578cac3/g_cf5ffc2b[11].u_023226ce/s_92cda069_reg_5/DOBDO[5]
                         net (fo=1, routed)           0.412     1.206    DPU_sys_i/dpu_eu_0/inst/g_e584eb07.u_822a997b/u_8329ce29/u_3aa346a2/u_dcd815c9/u_6c52c68e/s_f53a7231[1151]
    SLICE_X47Y93         FDRE                                         r  DPU_sys_i/dpu_eu_0/inst/g_e584eb07.u_822a997b/u_8329ce29/u_3aa346a2/u_dcd815c9/u_6c52c68e/g_df44b103[11].g_59494928[11].s_56b585a2_reg[7]/D
  -------------------------------------------------------------------    -------------------

                         (clock clk_out300Mhz_DPU_sys_clk_wiz_0_0 rise edge)
                                                      0.000     0.000 r  
    BUFGCTRL_X0Y19       BUFG                         0.000     0.000 r  DPU_sys_i/processing_system7_0/inst/buffer_fclk_clk_0.FCLK_CLK_0_BUFG/O
                         net (fo=943, routed)         0.945     0.945    DPU_sys_i/clk_wiz_0/inst/clk_in1
    MMCME2_ADV_X1Y2      MMCME2_ADV (Prop_mmcme2_adv_CLKIN1_CLKOUT1)
                                                     -1.726    -0.781 r  DPU_sys_i/clk_wiz_0/inst/mmcm_adv_inst/CLKOUT1
                         net (fo=1, routed)           0.752    -0.029    DPU_sys_i/clk_wiz_0/inst/clk_out300Mhz_DPU_sys_clk_wiz_0_0
    BUFGCTRL_X0Y18       BUFG (Prop_bufg_I_O)         0.029     0.000 r  DPU_sys_i/clk_wiz_0/inst/clkout2_buf/O
                         net (fo=25585, routed)       0.824     0.824    DPU_sys_i/dpu_eu_0/inst/g_e584eb07.u_822a997b/u_8329ce29/u_3aa346a2/u_dcd815c9/u_6c52c68e/dpu_2x_clk
    SLICE_X47Y93         FDRE                                         r  DPU_sys_i/dpu_eu_0/inst/g_e584eb07.u_822a997b/u_8329ce29/u_3aa346a2/u_dcd815c9/u_6c52c68e/g_df44b103[11].g_59494928[11].s_56b585a2_reg[7]/C
                         clock pessimism              0.059     0.883    
                         clock uncertainty            0.193     1.075    
    SLICE_X47Y93         FDRE (Hold_fdre_C_D)         0.070     1.145    DPU_sys_i/dpu_eu_0/inst/g_e584eb07.u_822a997b/u_8329ce29/u_3aa346a2/u_dcd815c9/u_6c52c68e/g_df44b103[11].g_59494928[11].s_56b585a2_reg[7]
  -------------------------------------------------------------------
                         required time                         -1.145    
                         arrival time                           1.206    
  -------------------------------------------------------------------
                         slack                                  0.061    

Slack (MET) :             0.062ns  (arrival time - required time)
  Source:                 DPU_sys_i/dpu_eu_0/inst/g_e584eb07.u_822a997b/u_8329ce29/u_3aa346a2/u_4fc06dda/u_5e5a7180/u_799cf01a/g_708d66fc[5].g_5364641e[0].g_e3e91857[2].s_dc1818ef_reg[4]/C
                            (rising edge-triggered cell FDRE clocked by clk_out150Mhz_DPU_sys_clk_wiz_0_0  {rise@0.000ns fall@3.333ns period=6.667ns})
  Destination:            DPU_sys_i/dpu_eu_0/inst/g_e584eb07.u_822a997b/u_8329ce29/u_3aa346a2/u_dcd815c9/u_6c52c68e/g_4168fb56[2].g_534ceca6[5].s_6ecfa666_reg[4]/D
                            (rising edge-triggered cell FDRE clocked by clk_out300Mhz_DPU_sys_clk_wiz_0_0  {rise@0.000ns fall@1.667ns period=3.333ns})
  Path Group:             clk_out300Mhz_DPU_sys_clk_wiz_0_0
  Path Type:              Hold (Min at Fast Process Corner)
  Requirement:            0.000ns  (clk_out300Mhz_DPU_sys_clk_wiz_0_0 rise@0.000ns - clk_out150Mhz_DPU_sys_clk_wiz_0_0 rise@0.000ns)
  Data Path Delay:        0.647ns  (logic 0.164ns (25.335%)  route 0.483ns (74.665%))
  Logic Levels:           0  
  Clock Path Skew:        0.321ns (DCD - SCD - CPR)
    Destination Clock Delay (DCD):    0.814ns
    Source Clock Delay      (SCD):    0.552ns
    Clock Pessimism Removal (CPR):    -0.059ns
  Clock Uncertainty:      0.193ns  ((TSJ^2 + DJ^2)^1/2) / 2 + PE
    Total System Jitter     (TSJ):    0.071ns
    Discrete Jitter          (DJ):    0.127ns
    Phase Error              (PE):    0.120ns
  Timing Exception:       MultiCycle Path   Setup -end   2    Hold  -end   1

    Location             Delay type                Incr(ns)  Path(ns)    Netlist Resource(s)
  -------------------------------------------------------------------    -------------------
                         (clock clk_out150Mhz_DPU_sys_clk_wiz_0_0 rise edge)
                                                      0.000     0.000 r  
    BUFGCTRL_X0Y19       BUFG                         0.000     0.000 r  DPU_sys_i/processing_system7_0/inst/buffer_fclk_clk_0.FCLK_CLK_0_BUFG/O
                         net (fo=943, routed)         0.672     0.672    DPU_sys_i/clk_wiz_0/inst/clk_in1
    MMCME2_ADV_X1Y2      MMCME2_ADV (Prop_mmcme2_adv_CLKIN1_CLKOUT0)
                                                     -1.395    -0.722 r  DPU_sys_i/clk_wiz_0/inst/mmcm_adv_inst/CLKOUT0
                         net (fo=1, routed)           0.696    -0.026    DPU_sys_i/clk_wiz_0/inst/clk_out150Mhz_DPU_sys_clk_wiz_0_0
    BUFGCTRL_X0Y17       BUFG (Prop_bufg_I_O)         0.026    -0.000 r  DPU_sys_i/clk_wiz_0/inst/clkout1_buf/O
                         net (fo=40816, routed)       0.552     0.552    DPU_sys_i/dpu_eu_0/inst/g_e584eb07.u_822a997b/u_8329ce29/u_3aa346a2/u_4fc06dda/u_5e5a7180/u_799cf01a/m_axi_dpu_aclk
    SLICE_X38Y21         FDRE                                         r  DPU_sys_i/dpu_eu_0/inst/g_e584eb07.u_822a997b/u_8329ce29/u_3aa346a2/u_4fc06dda/u_5e5a7180/u_799cf01a/g_708d66fc[5].g_5364641e[0].g_e3e91857[2].s_dc1818ef_reg[4]/C
  -------------------------------------------------------------------    -------------------
    SLICE_X38Y21         FDRE (Prop_fdre_C_Q)         0.164     0.716 r  DPU_sys_i/dpu_eu_0/inst/g_e584eb07.u_822a997b/u_8329ce29/u_3aa346a2/u_4fc06dda/u_5e5a7180/u_799cf01a/g_708d66fc[5].g_5364641e[0].g_e3e91857[2].s_dc1818ef_reg[4]/Q
                         net (fo=1, routed)           0.483     1.199    DPU_sys_i/dpu_eu_0/inst/g_e584eb07.u_822a997b/u_8329ce29/u_3aa346a2/u_dcd815c9/u_6c52c68e/s_3958cdf8[236]
    SLICE_X37Y23         FDRE                                         r  DPU_sys_i/dpu_eu_0/inst/g_e584eb07.u_822a997b/u_8329ce29/u_3aa346a2/u_dcd815c9/u_6c52c68e/g_4168fb56[2].g_534ceca6[5].s_6ecfa666_reg[4]/D
  -------------------------------------------------------------------    -------------------

                         (clock clk_out300Mhz_DPU_sys_clk_wiz_0_0 rise edge)
                                                      0.000     0.000 r  
    BUFGCTRL_X0Y19       BUFG                         0.000     0.000 r  DPU_sys_i/processing_system7_0/inst/buffer_fclk_clk_0.FCLK_CLK_0_BUFG/O
                         net (fo=943, routed)         0.945     0.945    DPU_sys_i/clk_wiz_0/inst/clk_in1
    MMCME2_ADV_X1Y2      MMCME2_ADV (Prop_mmcme2_adv_CLKIN1_CLKOUT1)
                                                     -1.726    -0.781 r  DPU_sys_i/clk_wiz_0/inst/mmcm_adv_inst/CLKOUT1
                         net (fo=1, routed)           0.752    -0.029    DPU_sys_i/clk_wiz_0/inst/clk_out300Mhz_DPU_sys_clk_wiz_0_0
    BUFGCTRL_X0Y18       BUFG (Prop_bufg_I_O)         0.029     0.000 r  DPU_sys_i/clk_wiz_0/inst/clkout2_buf/O
                         net (fo=25585, routed)       0.814     0.814    DPU_sys_i/dpu_eu_0/inst/g_e584eb07.u_822a997b/u_8329ce29/u_3aa346a2/u_dcd815c9/u_6c52c68e/dpu_2x_clk
    SLICE_X37Y23         FDRE                                         r  DPU_sys_i/dpu_eu_0/inst/g_e584eb07.u_822a997b/u_8329ce29/u_3aa346a2/u_dcd815c9/u_6c52c68e/g_4168fb56[2].g_534ceca6[5].s_6ecfa666_reg[4]/C
                         clock pessimism              0.059     0.873    
                         clock uncertainty            0.193     1.065    
    SLICE_X37Y23         FDRE (Hold_fdre_C_D)         0.072     1.137    DPU_sys_i/dpu_eu_0/inst/g_e584eb07.u_822a997b/u_8329ce29/u_3aa346a2/u_dcd815c9/u_6c52c68e/g_4168fb56[2].g_534ceca6[5].s_6ecfa666_reg[4]
  -------------------------------------------------------------------
                         required time                         -1.137    
                         arrival time                           1.199    
  -------------------------------------------------------------------
                         slack                                  0.062    





